<?xml version = "1."?>
<VTKFile type = "UnstructuredGrid" version = "0.1" byte_order = "LittleEndian">
 <UnstructuredGrid>  <Piece NumberOfPoints = "10388" NumberOfCells = "3328" >
	<Points>
		<DataArray type = "Float32" NumberOfComponents = "3" format = "ascii">
9.95 17.4475 4.11754  9.95 15.6183 4.11754  9.95 15.6183 4.11754  9.95 17.4475 4.11754  11.2434 16.1541 4.11754  10.8646 16.1541 3.20297  9.95 15.6183 4.11754  10.8646 16.1541 5.03211  11.2434 16.1541 4.11754  10.8646 16.1541 3.20297  11.7791 17.4475 4.11754  11.2434 17.4475 2.82414  10.8646 16.1541 5.03211  11.2434 17.4475 5.41094  11.7791 17.4475 4.11754  11.2434 17.4475 2.82414  11.2434 18.7409 4.11754  10.8646 18.7409 3.20297  11.2434 17.4475 5.41094  10.8646 18.7409 5.03211  11.2434 18.7409 4.11754  10.8646 18.7409 3.20297  9.95 19.2766 4.11754  9.95 19.2766 4.11754  10.8646 18.7409 5.03211  9.95 19.2766 4.11754  9.95 15.6183 4.11754  9.95 15.6183 4.11754  9.95 16.1541 2.82414  9.03543 16.1541 3.20297  9.95 15.6183 4.11754  10.8646 16.1541 3.20297 
9.95 16.1541 2.82414  9.03543 16.1541 3.20297  9.95 17.4475 2.28839  8.6566 17.4475 2.82414  10.8646 16.1541 3.20297  11.2434 17.4475 2.82414  9.95 17.4475 2.28839  8.6566 17.4475 2.82414  9.95 18.7409 2.82414  9.03543 18.7409 3.20297  11.2434 17.4475 2.82414  10.8646 18.7409 3.20297  9.95 18.7409 2.82414  9.03543 18.7409 3.20297  9.95 19.2766 4.11754  9.95 19.2766 4.11754  10.8646 18.7409 3.20297  9.95 19.2766 4.11754  9.95 15.6183 4.11754  9.95 15.6183 4.11754  8.6566 16.1541 4.11754  9.03543 16.1541 5.03211  9.95 15.6183 4.11754  9.03543 16.1541 3.20297  8.6566 16.1541 4.11754  9.03543 16.1541 5.03211  8.12086 17.4475 4.11754  8.6566 17.4475 5.41094  9.03543 16.1541 3.20297  8.6566 17.4475 2.82414  8.12086 17.4475 4.11754  8.6566 17.4475 5.41094 
8.6566 18.7409 4.11754  9.03543 18.7409 5.03211  9.95 17.4475 4.11754  8.6566 17.4475 2.82414  9.95 17.4475 4.11754  9.03543 18.7409 3.20297  8.6566 18.7409 4.11754  9.03543 18.7409 5.03211  9.95 19.2766 4.11754  9.95 19.2766 4.11754  9.03543 18.7409 3.20297  9.95 19.2766 4.11754  9.95 15.6183 4.11754  9.95 15.6183 4.11754  9.95 16.1541 5.41094  10.8646 16.1541 5.03211  9.95 15.6183 4.11754  9.03543 16.1541 5.03211  9.95 16.1541 5.41094  10.8646 16.1541 5.03211  9.95 17.4475 5.94668  11.2434 17.4475 5.41094  9.03543 16.1541 5.03211  8.6566 17.4475 5.41094  9.95 17.4475 5.94668  11.2434 17.4475 5.41094  9.95 18.7409 5.41094  10.8646 18.7409 5.03211  8.6566 17.4475 5.41094  9.03543 18.7409 5.03211  9.95 18.7409 5.41094  10.8646 18.7409 5.03211 
9.95 19.2766 4.11754  9.95 19.2766 4.11754  9.03543 18.7409 5.03211  9.95 19.2766 4.11754  9.95 13.15 8.37661  9.95 11.5348 8.37661  9.95 11.5348 8.37661  9.95 13.15 8.37661  11.0921 12.0079 8.37661  10.7576 12.0079 7.56902  9.95 11.5348 8.37661  10.7576 12.0079 9.18421  11.0921 12.0079 8.37661  10.7576 12.0079 7.56902  11.5652 13.15 8.37661  11.0921 13.15 7.2345  10.7576 12.0079 9.18421  11.0921 13.15 9.51872  11.5652 13.15 8.37661  11.0921 13.15 7.2345  11.0921 14.2921 8.37661  10.7576 14.2921 7.56902  11.0921 13.15 9.51872  10.7576 14.2921 9.18421  11.0921 14.2921 8.37661  10.7576 14.2921 7.56902  9.95 14.7652 8.37661  9.95 14.7652 8.37661  10.7576 14.2921 9.18421  9.95 14.7652 8.37661  9.95 11.5348 8.37661  9.95 11.5348 8.37661 
9.95 12.0079 7.2345  9.1424 12.0079 7.56902  9.95 11.5348 8.37661  10.7576 12.0079 7.56902  9.95 12.0079 7.2345  9.1424 12.0079 7.56902  9.95 13.15 6.76142  8.80789 13.15 7.2345  10.7576 12.0079 7.56902  11.0921 13.15 7.2345  9.95 13.15 6.76142  8.80789 13.15 7.2345  9.95 14.2921 7.2345  9.1424 14.2921 7.56902  11.0921 13.15 7.2345  10.7576 14.2921 7.56902  9.95 14.2921 7.2345  9.1424 14.2921 7.56902  9.95 14.7652 8.37661  9.95 14.7652 8.37661  10.7576 14.2921 7.56902  9.95 14.7652 8.37661  9.95 11.5348 8.37661  9.95 11.5348 8.37661  8.80789 12.0079 8.37661  9.1424 12.0079 9.18421  9.95 11.5348 8.37661  9.1424 12.0079 7.56902  8.80789 12.0079 8.37661  9.1424 12.0079 9.18421  8.33481 13.15 8.37661  8.80789 13.15 9.51872 
9.1424 12.0079 7.56902  8.80789 13.15 7.2345  8.33481 13.15 8.37661  8.80789 13.15 9.51872  8.80789 14.2921 8.37661  9.1424 14.2921 9.18421  9.95 13.15 8.37661  8.80789 13.15 7.2345  9.95 13.15 8.37661  9.1424 14.2921 7.56902  8.80789 14.2921 8.37661  9.1424 14.2921 9.18421  9.95 14.7652 8.37661  9.95 14.7652 8.37661  9.1424 14.2921 7.56902  9.95 14.7652 8.37661  9.95 11.5348 8.37661  9.95 11.5348 8.37661  9.95 12.0079 9.51872  10.7576 12.0079 9.18421  9.95 11.5348 8.37661  9.1424 12.0079 9.18421  9.95 12.0079 9.51872  10.7576 12.0079 9.18421  9.95 13.15 9.9918  11.0921 13.15 9.51872  9.1424 12.0079 9.18421  8.80789 13.15 9.51872  9.95 13.15 9.9918  11.0921 13.15 9.51872  9.95 14.2921 9.51872  10.7576 14.2921 9.18421 
8.80789 13.15 9.51872  9.1424 14.2921 9.18421  9.95 14.2921 9.51872  10.7576 14.2921 9.18421  9.95 14.7652 8.37661  9.95 14.7652 8.37661  9.1424 14.2921 9.18421  9.95 14.7652 8.37661  2.97398 22.8394 13.1537  2.97398 21.241 13.1537  2.97398 21.241 13.1537  2.97398 22.8394 13.1537  4.10426 21.7091 13.1537  3.77321 21.7091 12.3545  2.97398 21.241 13.1537  3.77321 21.7091 13.9529  4.10426 21.7091 13.1537  3.77321 21.7091 12.3545  4.57244 22.8394 13.1537  4.10426 22.8394 12.0234  3.77321 21.7091 13.9529  4.10426 22.8394 14.284  4.57244 22.8394 13.1537  4.10426 22.8394 12.0234  4.10426 23.9697 13.1537  3.77321 23.9697 12.3545  4.10426 22.8394 14.284  3.77321 23.9697 13.9529  4.10426 23.9697 13.1537  3.77321 23.9697 12.3545  2.97398 24.4379 13.1537  2.97398 24.4379 13.1537 
3.77321 23.9697 13.9529  2.97398 24.4379 13.1537  2.97398 21.241 13.1537  2.97398 21.241 13.1537  2.97398 21.7091 12.0234  2.17475 21.7091 12.3545  2.97398 21.241 13.1537  3.77321 21.7091 12.3545  2.97398 21.7091 12.0234  2.17475 21.7091 12.3545  2.97398 22.8394 11.5553  1.8437 22.8394 12.0234  3.77321 21.7091 12.3545  4.10426 22.8394 12.0234  2.97398 22.8394 11.5553  1.8437 22.8394 12.0234  2.97398 23.9697 12.0234  2.17475 23.9697 12.3545  4.10426 22.8394 12.0234  3.77321 23.9697 12.3545  2.97398 23.9697 12.0234  2.17475 23.9697 12.3545  2.97398 24.4379 13.1537  2.97398 24.4379 13.1537  3.77321 23.9697 12.3545  2.97398 24.4379 13.1537  2.97398 21.241 13.1537  2.97398 21.241 13.1537  1.8437 21.7091 13.1537  2.17475 21.7091 13.9529  2.97398 21.241 13.1537  2.17475 21.7091 12.3545 
1.8437 21.7091 13.1537  2.17475 21.7091 13.9529  1.37552 22.8394 13.1537  1.8437 22.8394 14.284  2.17475 21.7091 12.3545  1.8437 22.8394 12.0234  1.37552 22.8394 13.1537  1.8437 22.8394 14.284  1.8437 23.9697 13.1537  2.17475 23.9697 13.9529  2.97398 22.8394 13.1537  1.8437 22.8394 12.0234  2.97398 22.8394 13.1537  2.17475 23.9697 12.3545  1.8437 23.9697 13.1537  2.17475 23.9697 13.9529  2.97398 24.4379 13.1537  2.97398 24.4379 13.1537  2.17475 23.9697 12.3545  2.97398 24.4379 13.1537  2.97398 21.241 13.1537  2.97398 21.241 13.1537  2.97398 21.7091 14.284  3.77321 21.7091 13.9529  2.97398 21.241 13.1537  2.17475 21.7091 13.9529  2.97398 21.7091 14.284  3.77321 21.7091 13.9529  2.97398 22.8394 14.7522  4.10426 22.8394 14.284  2.17475 21.7091 13.9529  1.8437 22.8394 14.284 
2.97398 22.8394 14.7522  4.10426 22.8394 14.284  2.97398 23.9697 14.284  3.77321 23.9697 13.9529  1.8437 22.8394 14.284  2.17475 23.9697 13.9529  2.97398 23.9697 14.284  3.77321 23.9697 13.9529  2.97398 24.4379 13.1537  2.97398 24.4379 13.1537  2.17475 23.9697 13.9529  2.97398 24.4379 13.1537  1.56768 4.74098 23.2298  1.56768 3.17186 23.2298  1.56768 3.17186 23.2298  1.56768 4.74098 23.2298  2.67722 3.63145 23.2298  2.35225 3.63145 22.4453  1.56768 3.17186 23.2298  2.35225 3.63145 24.0144  2.67722 3.63145 23.2298  2.35225 3.63145 22.4453  3.13681 4.74098 23.2298  2.67722 4.74098 22.1203  2.35225 3.63145 24.0144  2.67722 4.74098 24.3394  3.13681 4.74098 23.2298  2.67722 4.74098 22.1203  2.67722 5.85052 23.2298  2.35225 5.85052 22.4453  2.67722 4.74098 24.3394  2.35225 5.85052 24.0144 
2.67722 5.85052 23.2298  2.35225 5.85052 22.4453  1.56768 6.31011 23.2298  1.56768 6.31011 23.2298  2.35225 5.85052 24.0144  1.56768 6.31011 23.2298  1.56768 3.17186 23.2298  1.56768 3.17186 23.2298  1.56768 3.63145 22.1203  0.783123 3.63145 22.4453  1.56768 3.17186 23.2298  2.35225 3.63145 22.4453  1.56768 3.63145 22.1203  0.783123 3.63145 22.4453  1.56768 4.74098 21.6607  0.458147 4.74098 22.1203  2.35225 3.63145 22.4453  2.67722 4.74098 22.1203  1.56768 4.74098 21.6607  0.458147 4.74098 22.1203  1.56768 5.85052 22.1203  0.783123 5.85052 22.4453  2.67722 4.74098 22.1203  2.35225 5.85052 22.4453  1.56768 5.85052 22.1203  0.783123 5.85052 22.4453  1.56768 6.31011 23.2298  1.56768 6.31011 23.2298  2.35225 5.85052 22.4453  1.56768 6.31011 23.2298  1.56768 3.17186 23.2298  1.56768 3.17186 23.2298 
0.458147 3.63145 23.2298  0.783123 3.63145 24.0144  1.56768 3.17186 23.2298  0.783123 3.63145 22.4453  0.458147 3.63145 23.2298  0.783123 3.63145 24.0144  -0.00143856 4.74098 23.2298  0.458147 4.74098 24.3394  0.783123 3.63145 22.4453  0.458147 4.74098 22.1203  -0.00143856 4.74098 23.2298  0.458147 4.74098 24.3394  0.458147 5.85052 23.2298  0.783123 5.85052 24.0144  1.56768 4.74098 23.2298  0.458147 4.74098 22.1203  1.56768 4.74098 23.2298  0.783123 5.85052 22.4453  0.458147 5.85052 23.2298  0.783123 5.85052 24.0144  1.56768 6.31011 23.2298  1.56768 6.31011 23.2298  0.783123 5.85052 22.4453  1.56768 6.31011 23.2298  1.56768 3.17186 23.2298  1.56768 3.17186 23.2298  1.56768 3.63145 24.3394  2.35225 3.63145 24.0144  1.56768 3.17186 23.2298  0.783123 3.63145 24.0144  1.56768 3.63145 24.3394  2.35225 3.63145 24.0144 
1.56768 4.74098 24.799  2.67722 4.74098 24.3394  0.783123 3.63145 24.0144  0.458147 4.74098 24.3394  1.56768 4.74098 24.799  2.67722 4.74098 24.3394  1.56768 5.85052 24.3394  2.35225 5.85052 24.0144  0.458147 4.74098 24.3394  0.783123 5.85052 24.0144  1.56768 5.85052 24.3394  2.35225 5.85052 24.0144  1.56768 6.31011 23.2298  1.56768 6.31011 23.2298  0.783123 5.85052 24.0144  1.56768 6.31011 23.2298  9.32956 4.06072 6.78511  9.32956 2.49503 6.78511  9.32956 2.49503 6.78511  9.32956 4.06072 6.78511  10.4367 2.95361 6.78511  10.1124 2.95361 6.00226  9.32956 2.49503 6.78511  10.1124 2.95361 7.56795  10.4367 2.95361 6.78511  10.1124 2.95361 6.00226  10.8952 4.06072 6.78511  10.4367 4.06072 5.678  10.1124 2.95361 7.56795  10.4367 4.06072 7.89222  10.8952 4.06072 6.78511  10.4367 4.06072 5.678 
10.4367 5.16783 6.78511  10.1124 5.16783 6.00227  10.4367 4.06072 7.89222  10.1124 5.16783 7.56795  10.4367 5.16783 6.78511  10.1124 5.16783 6.00227  9.32956 5.62641 6.78511  9.32956 5.62641 6.78511  10.1124 5.16783 7.56795  9.32956 5.62641 6.78511  9.32956 2.49503 6.78511  9.32956 2.49503 6.78511  9.32956 2.95361 5.678  8.54671 2.95361 6.00227  9.32956 2.49503 6.78511  10.1124 2.95361 6.00226  9.32956 2.95361 5.678  8.54671 2.95361 6.00227  9.32956 4.06072 5.21942  8.22245 4.06072 5.678  10.1124 2.95361 6.00226  10.4367 4.06072 5.678  9.32956 4.06072 5.21942  8.22245 4.06072 5.678  9.32956 5.16783 5.678  8.54671 5.16783 6.00227  10.4367 4.06072 5.678  10.1124 5.16783 6.00226  9.32956 5.16783 5.678  8.54671 5.16783 6.00227  9.32956 5.62641 6.78511  9.32956 5.62641 6.78511 
10.1124 5.16783 6.00226  9.32956 5.62641 6.78511  9.32956 2.49503 6.78511  9.32956 2.49503 6.78511  8.22245 2.95361 6.78511  8.54671 2.95361 7.56795  9.32956 2.49503 6.78511  8.54671 2.95361 6.00227  8.22245 2.95361 6.78511  8.54671 2.95361 7.56795  7.76387 4.06072 6.78511  8.22245 4.06072 7.89222  8.54671 2.95361 6.00227  8.22245 4.06072 5.678  7.76387 4.06072 6.78511  8.22245 4.06072 7.89222  8.22245 5.16783 6.78511  8.54671 5.16783 7.56795  9.32956 4.06072 6.78511  8.22245 4.06072 5.678  9.32956 4.06072 6.78511  8.54671 5.16783 6.00227  8.22245 5.16783 6.78511  8.54671 5.16783 7.56795  9.32956 5.62641 6.78511  9.32956 5.62641 6.78511  8.54671 5.16783 6.00227  9.32956 5.62641 6.78511  9.32956 2.49503 6.78511  9.32956 2.49503 6.78511  9.32956 2.95361 7.89222  10.1124 2.95361 7.56795 
9.32956 2.49503 6.78511  8.54671 2.95361 7.56795  9.32956 2.95361 7.89222  10.1124 2.95361 7.56795  9.32956 4.06072 8.3508  10.4367 4.06072 7.89222  8.54671 2.95361 7.56795  8.22245 4.06072 7.89222  9.32956 4.06072 8.3508  10.4367 4.06072 7.89222  9.32956 5.16783 7.89222  10.1124 5.16783 7.56795  8.22245 4.06072 7.89222  8.54671 5.16783 7.56795  9.32956 5.16783 7.89222  10.1124 5.16783 7.56795  9.32956 5.62641 6.78511  9.32956 5.62641 6.78511  8.54671 5.16783 7.56795  9.32956 5.62641 6.78511  2.3498 8.48269 8.08081  2.3498 6.92627 8.08081  2.3498 6.92627 8.08081  2.3498 8.48269 8.08081  3.45035 7.38213 8.08081  3.12801 7.38213 7.3026  2.3498 6.92627 8.08081  3.12801 7.38213 8.85902  3.45035 7.38213 8.08081  3.12801 7.38213 7.3026  3.90622 8.48269 8.08081  3.45035 8.48269 6.98025 
3.12801 7.38213 8.85902  3.45035 8.48269 9.18136  3.90622 8.48269 8.08081  3.45035 8.48269 6.98025  3.45035 9.58324 8.08081  3.12801 9.58324 7.3026  3.45035 8.48269 9.18136  3.12801 9.58324 8.85901  3.45035 9.58324 8.08081  3.12801 9.58324 7.3026  2.3498 10.0391 8.08081  2.3498 10.0391 8.08081  3.12801 9.58324 8.85901  2.3498 10.0391 8.08081  2.3498 6.92627 8.08081  2.3498 6.92627 8.08081  2.3498 7.38213 6.98025  1.57159 7.38213 7.3026  2.3498 6.92627 8.08081  3.12801 7.38213 7.3026  2.3498 7.38213 6.98025  1.57159 7.38213 7.3026  2.3498 8.48269 6.52439  1.24924 8.48269 6.98025  3.12801 7.38213 7.3026  3.45035 8.48269 6.98025  2.3498 8.48269 6.52439  1.24924 8.48269 6.98025  2.3498 9.58324 6.98025  1.57159 9.58324 7.3026  3.45035 8.48269 6.98025  3.12801 9.58324 7.3026 
2.3498 9.58324 6.98025  1.57159 9.58324 7.3026  2.3498 10.0391 8.08081  2.3498 10.0391 8.08081  3.12801 9.58324 7.3026  2.3498 10.0391 8.08081  2.3498 6.92627 8.08081  2.3498 6.92627 8.08081  1.24924 7.38213 8.08081  1.57159 7.38213 8.85902  2.3498 6.92627 8.08081  1.57159 7.38213 7.3026  1.24924 7.38213 8.08081  1.57159 7.38213 8.85902  0.793381 8.48269 8.08081  1.24924 8.48269 9.18136  1.57159 7.38213 7.3026  1.24924 8.48269 6.98025  0.793381 8.48269 8.08081  1.24924 8.48269 9.18136  1.24924 9.58324 8.08081  1.57159 9.58324 8.85902  2.3498 8.48269 8.08081  1.24924 8.48269 6.98025  2.3498 8.48269 8.08081  1.57159 9.58324 7.3026  1.24924 9.58324 8.08081  1.57159 9.58324 8.85902  2.3498 10.0391 8.08081  2.3498 10.0391 8.08081  1.57159 9.58324 7.3026  2.3498 10.0391 8.08081 
2.3498 6.92627 8.08081  2.3498 6.92627 8.08081  2.3498 7.38213 9.18136  3.12801 7.38213 8.85901  2.3498 6.92627 8.08081  1.57159 7.38213 8.85902  2.3498 7.38213 9.18136  3.12801 7.38213 8.85901  2.3498 8.48269 9.63722  3.45035 8.48269 9.18136  1.57159 7.38213 8.85902  1.24925 8.48269 9.18136  2.3498 8.48269 9.63722  3.45035 8.48269 9.18136  2.3498 9.58324 9.18136  3.12801 9.58324 8.85901  1.24925 8.48269 9.18136  1.57159 9.58324 8.85902  2.3498 9.58324 9.18136  3.12801 9.58324 8.85901  2.3498 10.0391 8.08081  2.3498 10.0391 8.08081  1.57159 9.58324 8.85902  2.3498 10.0391 8.08081  0.05 15.0389 1.94538  0.0500001 13.5346 1.94538  0.05 13.5346 1.94538  0.05 15.0389 1.94538  1.11368 13.9752 1.94538  0.802132 13.9752 1.19325  0.05 13.5346 1.94538  0.802132 13.9752 2.69751 
1.11368 13.9752 1.94538  0.802132 13.9752 1.19325  1.55426 15.0389 1.94538  1.11368 15.0389 0.881704  0.802132 13.9752 2.69751  1.11368 15.0389 3.00905  1.55426 15.0389 1.94538  1.11368 15.0389 0.881704  1.11368 16.1026 1.94538  0.802132 16.1026 1.19325  1.11368 15.0389 3.00905  0.802132 16.1026 2.69751  1.11368 16.1026 1.94538  0.802132 16.1026 1.19325  0.0499999 16.5431 1.94538  0.05 16.5431 1.94538  0.802132 16.1026 2.69751  0.05 16.5431 1.94538  0.05 13.5346 1.94538  0.05 13.5346 1.94538  0.0499999 13.9752 0.881704  -0.702132 13.9752 1.19325  0.05 13.5346 1.94538  0.802132 13.9752 1.19325  0.0499999 13.9752 0.881704  -0.702132 13.9752 1.19325  0.0499999 15.0389 0.441116  -1.01368 15.0389 0.881704  0.802132 13.9752 1.19325  1.11368 15.0389 0.881704  0.0499999 15.0389 0.441116  -1.01368 15.0389 0.881704 
0.0499999 16.1026 0.881704  -0.702132 16.1026 1.19325  1.11368 15.0389 0.881704  0.802132 16.1026 1.19325  0.0499999 16.1026 0.881704  -0.702132 16.1026 1.19325  0.05 16.5431 1.94538  0.05 16.5431 1.94538  0.802132 16.1026 1.19325  0.05 16.5431 1.94538  0.0499999 13.5346 1.94538  0.05 13.5346 1.94538  -1.01368 13.9752 1.94538  -0.702132 13.9752 2.69751  0.05 13.5346 1.94538  -0.702132 13.9752 1.19325  -1.01368 13.9752 1.94538  -0.702132 13.9752 2.69751  -1.45426 15.0389 1.94538  -1.01368 15.0389 3.00905  -0.702132 13.9752 1.19325  -1.01368 15.0389 0.881704  -1.45426 15.0389 1.94538  -1.01368 15.0389 3.00905  -1.01368 16.1026 1.94538  -0.702132 16.1026 2.69751  0.05 15.0389 1.94538  -1.01368 15.0389 0.881704  0.05 15.0389 1.94538  -0.702132 16.1026 1.19325  -1.01368 16.1026 1.94538  -0.702132 16.1026 2.69751 
0.0500001 16.5431 1.94538  0.05 16.5431 1.94538  -0.702132 16.1026 1.19325  0.05 16.5431 1.94538  0.05 13.5346 1.94538  0.05 13.5346 1.94538  0.0500002 13.9752 3.00905  0.802132 13.9752 2.69751  0.05 13.5346 1.94538  -0.702132 13.9752 2.69751  0.0500002 13.9752 3.00905  0.802132 13.9752 2.69751  0.0500003 15.0389 3.44964  1.11368 15.0389 3.00905  -0.702132 13.9752 2.69751  -1.01368 15.0389 3.00905  0.0500003 15.0389 3.44964  1.11368 15.0389 3.00905  0.0500002 16.1026 3.00905  0.802132 16.1026 2.69751  -1.01368 15.0389 3.00905  -0.702132 16.1026 2.69751  0.0500002 16.1026 3.00905  0.802132 16.1026 2.69751  0.05 16.5431 1.94538  0.05 16.5431 1.94538  -0.702132 16.1026 2.69751  0.05 16.5431 1.94538  1.905 1.35576 18.1411  1.905 -0.176134 18.1411  1.905 -0.176134 18.1411  1.905 1.35576 18.1411 
2.98822 0.272549 18.1411  2.67095 0.272549 17.3751  1.905 -0.176134 18.1411  2.67095 0.272549 18.907  2.98822 0.272549 18.1411  2.67095 0.272549 17.3751  3.4369 1.35576 18.1411  2.98822 1.35576 17.0579  2.67095 0.272549 18.907  2.98822 1.35576 19.2243  3.4369 1.35576 18.1411  2.98822 1.35576 17.0579  2.98822 2.43898 18.1411  2.67095 2.43898 17.3751  2.98822 1.35576 19.2243  2.67095 2.43898 18.907  2.98822 2.43898 18.1411  2.67095 2.43898 17.3751  1.905 2.88766 18.1411  1.905 2.88766 18.1411  2.67095 2.43898 18.907  1.905 2.88766 18.1411  1.905 -0.176134 18.1411  1.905 -0.176134 18.1411  1.905 0.272549 17.0579  1.13906 0.272549 17.3751  1.905 -0.176134 18.1411  2.67095 0.272549 17.3751  1.905 0.272549 17.0579  1.13906 0.272549 17.3751  1.905 1.35576 16.6092  0.82179 1.35576 17.0579 
2.67095 0.272549 17.3751  2.98822 1.35576 17.0579  1.905 1.35576 16.6092  0.82179 1.35576 17.0579  1.905 2.43898 17.0579  1.13906 2.43898 17.3751  2.98822 1.35576 17.0579  2.67095 2.43898 17.3751  1.905 2.43898 17.0579  1.13906 2.43898 17.3751  1.905 2.88766 18.1411  1.905 2.88766 18.1411  2.67095 2.43898 17.3751  1.905 2.88766 18.1411  1.905 -0.176134 18.1411  1.905 -0.176134 18.1411  0.82179 0.272549 18.1411  1.13906 0.272549 18.907  1.905 -0.176134 18.1411  1.13906 0.272549 17.3751  0.82179 0.272549 18.1411  1.13906 0.272549 18.907  0.373108 1.35576 18.1411  0.82179 1.35576 19.2243  1.13906 0.272549 17.3751  0.82179 1.35576 17.0579  0.373108 1.35576 18.1411  0.82179 1.35576 19.2243  0.82179 2.43898 18.1411  1.13906 2.43898 18.907  1.905 1.35576 18.1411  0.82179 1.35576 17.0579 
1.905 1.35576 18.1411  1.13906 2.43898 17.3751  0.82179 2.43898 18.1411  1.13906 2.43898 18.907  1.905 2.88766 18.1411  1.905 2.88766 18.1411  1.13906 2.43898 17.3751  1.905 2.88766 18.1411  1.905 -0.176134 18.1411  1.905 -0.176134 18.1411  1.905 0.272549 19.2243  2.67095 0.272549 18.907  1.905 -0.176134 18.1411  1.13906 0.272549 18.907  1.905 0.272549 19.2243  2.67095 0.272549 18.907  1.905 1.35576 19.673  2.98822 1.35576 19.2243  1.13906 0.272549 18.907  0.82179 1.35576 19.2243  1.905 1.35576 19.673  2.98822 1.35576 19.2243  1.905 2.43898 19.2243  2.67095 2.43898 18.907  0.82179 1.35576 19.2243  1.13906 2.43898 18.907  1.905 2.43898 19.2243  2.67095 2.43898 18.907  1.905 2.88766 18.1411  1.905 2.88766 18.1411  1.13906 2.43898 18.907  1.905 2.88766 18.1411 
5.55756 25.4166 4.95032  5.55756 23.8961 4.95032  5.55756 23.8961 4.95032  5.55756 25.4166 4.95032  6.63273 24.3414 4.95032  6.31782 24.3414 4.19006  5.55756 23.8961 4.95032  6.31782 24.3414 5.71058  6.63273 24.3414 4.95032  6.31782 24.3414 4.19006  7.07808 25.4166 4.95032  6.63273 25.4166 3.87515  6.31782 24.3414 5.71058  6.63273 25.4166 6.02549  7.07808 25.4166 4.95032  6.63273 25.4166 3.87515  6.63273 26.4918 4.95032  6.31782 26.4918 4.19006  6.63273 25.4166 6.02549  6.31782 26.4918 5.71058  6.63273 26.4918 4.95032  6.31782 26.4918 4.19006  5.55756 26.9371 4.95032  5.55756 26.9371 4.95032  6.31782 26.4918 5.71058  5.55756 26.9371 4.95032  5.55756 23.8961 4.95032  5.55756 23.8961 4.95032  5.55756 24.3414 3.87515  4.7973 24.3414 4.19006  5.55756 23.8961 4.95032  6.31782 24.3414 4.19006 
5.55756 24.3414 3.87515  4.7973 24.3414 4.19006  5.55756 25.4166 3.4298  4.48239 25.4166 3.87515  6.31782 24.3414 4.19006  6.63273 25.4166 3.87515  5.55756 25.4166 3.4298  4.48239 25.4166 3.87515  5.55756 26.4918 3.87515  4.7973 26.4918 4.19006  6.63273 25.4166 3.87515  6.31782 26.4918 4.19006  5.55756 26.4918 3.87515  4.7973 26.4918 4.19006  5.55756 26.9371 4.95032  5.55756 26.9371 4.95032  6.31782 26.4918 4.19006  5.55756 26.9371 4.95032  5.55756 23.8961 4.95032  5.55756 23.8961 4.95032  4.48239 24.3414 4.95032  4.7973 24.3414 5.71058  5.55756 23.8961 4.95032  4.7973 24.3414 4.19006  4.48239 24.3414 4.95032  4.7973 24.3414 5.71058  4.03704 25.4166 4.95032  4.48239 25.4166 6.02549  4.7973 24.3414 4.19006  4.48239 25.4166 3.87515  4.03704 25.4166 4.95032  4.48239 25.4166 6.02549 
4.48239 26.4918 4.95032  4.7973 26.4918 5.71058  5.55756 25.4166 4.95032  4.48239 25.4166 3.87515  5.55756 25.4166 4.95032  4.7973 26.4918 4.19006  4.48239 26.4918 4.95032  4.7973 26.4918 5.71058  5.55756 26.9371 4.95032  5.55756 26.9371 4.95032  4.7973 26.4918 4.19006  5.55756 26.9371 4.95032  5.55756 23.8961 4.95032  5.55756 23.8961 4.95032  5.55756 24.3414 6.02549  6.31782 24.3414 5.71058  5.55756 23.8961 4.95032  4.7973 24.3414 5.71058  5.55756 24.3414 6.02549  6.31782 24.3414 5.71058  5.55756 25.4166 6.47084  6.63273 25.4166 6.02549  4.7973 24.3414 5.71058  4.48239 25.4166 6.02549  5.55756 25.4166 6.47084  6.63273 25.4166 6.02549  5.55756 26.4918 6.02549  6.31782 26.4918 5.71058  4.48239 25.4166 6.02549  4.7973 26.4918 5.71058  5.55756 26.4918 6.02549  6.31782 26.4918 5.71058 
5.55756 26.9371 4.95032  5.55756 26.9371 4.95032  4.7973 26.4918 5.71058  5.55756 26.9371 4.95032  1.16337 5.84558 11.016  1.16337 4.34136 11.016  1.16337 4.34136 11.0159  1.16337 5.84558 11.016  2.22701 4.78193 11.0159  1.91548 4.78193 10.2638  1.16337 4.34136 11.016  1.91548 4.78193 11.7681  2.22701 4.78193 11.0159  1.91548 4.78193 10.2638  2.66759 5.84558 11.0159  2.22701 5.84558 9.9523  1.91548 4.78193 11.7681  2.22701 5.84558 12.0796  2.66759 5.84558 11.0159  2.22701 5.84558 9.9523  2.22701 6.90923 11.0159  1.91548 6.90923 10.2638  2.22701 5.84558 12.0796  1.91548 6.90923 11.7681  2.22701 6.90923 11.0159  1.91548 6.90923 10.2638  1.16337 7.3498 11.016  1.16337 7.3498 11.016  1.91548 6.90923 11.7681  1.16337 7.3498 11.0159  1.16337 4.34136 11.0159  1.16337 4.34136 11.0159 
1.16337 4.78193 9.9523  0.411254 4.78193 10.2638  1.16337 4.34136 11.0159  1.91548 4.78193 10.2638  1.16337 4.78193 9.9523  0.411254 4.78193 10.2638  1.16337 5.84558 9.51173  0.0997195 5.84558 9.9523  1.91548 4.78193 10.2638  2.22701 5.84558 9.9523  1.16337 5.84558 9.51173  0.0997195 5.84558 9.9523  1.16337 6.90923 9.9523  0.411255 6.90923 10.2638  2.22701 5.84558 9.9523  1.91548 6.90923 10.2638  1.16337 6.90923 9.9523  0.411255 6.90923 10.2638  1.16337 7.3498 11.016  1.16337 7.3498 11.016  1.91548 6.90923 10.2638  1.16337 7.3498 11.016  1.16337 4.34136 11.016  1.16337 4.34136 11.016  0.0997195 4.78193 11.016  0.411255 4.78193 11.7681  1.16337 4.34136 11.0159  0.411254 4.78193 10.2638  0.0997195 4.78193 11.016  0.411255 4.78193 11.7681  -0.340857 5.84558 11.016  0.0997197 5.84558 12.0796 
0.411254 4.78193 10.2638  0.0997194 5.84558 9.9523  -0.340857 5.84558 11.016  0.0997197 5.84558 12.0796  0.0997196 6.90923 11.016  0.411255 6.90923 11.7681  1.16337 5.84558 11.016  0.0997194 5.84558 9.9523  1.16337 5.84558 11.016  0.411254 6.90923 10.2638  0.0997196 6.90923 11.016  0.411255 6.90923 11.7681  1.16337 7.3498 11.016  1.16337 7.3498 11.0159  0.411254 6.90923 10.2638  1.16337 7.3498 11.016  1.16337 4.34136 11.016  1.16337 4.34136 11.016  1.16337 4.78193 12.0796  1.91548 4.78193 11.7681  1.16337 4.34136 11.016  0.411255 4.78193 11.7681  1.16337 4.78193 12.0796  1.91548 4.78193 11.7681  1.16337 5.84558 12.5202  2.22701 5.84558 12.0796  0.411255 4.78193 11.7681  0.0997197 5.84558 12.0796  1.16337 5.84558 12.5202  2.22701 5.84558 12.0796  1.16337 6.90923 12.0796  1.91548 6.90923 11.7681 
0.0997197 5.84558 12.0796  0.411255 6.90923 11.7681  1.16337 6.90923 12.0796  1.91548 6.90923 11.7681  1.16337 7.3498 11.0159  1.16337 7.3498 11.0159  0.411255 6.90923 11.7681  1.16337 7.3498 11.0159  9.95 27.8628 21.9338  9.95 26.4074 21.9338  9.95 26.4074 21.9338  9.95 27.8628 21.9338  10.9791 26.8337 21.9338  10.6777 26.8337 21.2061  9.95 26.4074 21.9338  10.6777 26.8337 22.6615  10.9791 26.8337 21.9338  10.6777 26.8337 21.2061  11.4054 27.8628 21.9338  10.9791 27.8628 20.9047  10.6777 26.8337 22.6615  10.9791 27.8628 22.9629  11.4054 27.8628 21.9338  10.9791 27.8628 20.9047  10.9791 28.8919 21.9338  10.6777 28.8919 21.2061  10.9791 27.8628 22.9629  10.6777 28.8919 22.6615  10.9791 28.8919 21.9338  10.6777 28.8919 21.2061  9.95 29.3181 21.9338  9.95 29.3181 21.9338 
10.6777 28.8919 22.6615  9.95 29.3181 21.9338  9.95 26.4074 21.9338  9.95 26.4074 21.9338  9.95 26.8337 20.9047  9.22232 26.8337 21.2061  9.95 26.4074 21.9338  10.6777 26.8337 21.2061  9.95 26.8337 20.9047  9.22232 26.8337 21.2061  9.95 27.8628 20.4785  8.9209 27.8628 20.9047  10.6777 26.8337 21.2061  10.9791 27.8628 20.9047  9.95 27.8628 20.4785  8.9209 27.8628 20.9047  9.95 28.8919 20.9047  9.22232 28.8919 21.2061  10.9791 27.8628 20.9047  10.6777 28.8919 21.2061  9.95 28.8919 20.9047  9.22232 28.8919 21.2061  9.95 29.3181 21.9338  9.95 29.3181 21.9338  10.6777 28.8919 21.2061  9.95 29.3181 21.9338  9.95 26.4074 21.9338  9.95 26.4074 21.9338  8.9209 26.8337 21.9338  9.22232 26.8337 22.6615  9.95 26.4074 21.9338  9.22232 26.8337 21.2061 
8.9209 26.8337 21.9338  9.22232 26.8337 22.6615  8.49463 27.8628 21.9338  8.9209 27.8628 22.9629  9.22232 26.8337 21.2061  8.9209 27.8628 20.9047  8.49463 27.8628 21.9338  8.9209 27.8628 22.9629  8.9209 28.8919 21.9338  9.22232 28.8919 22.6615  9.95 27.8628 21.9338  8.9209 27.8628 20.9047  9.95 27.8628 21.9338  9.22232 28.8919 21.2061  8.9209 28.8919 21.9338  9.22232 28.8919 22.6615  9.95 29.3181 21.9338  9.95 29.3181 21.9338  9.22232 28.8919 21.2061  9.95 29.3181 21.9338  9.95 26.4074 21.9338  9.95 26.4074 21.9338  9.95 26.8337 22.9629  10.6777 26.8337 22.6615  9.95 26.4074 21.9338  9.22232 26.8337 22.6615  9.95 26.8337 22.9629  10.6777 26.8337 22.6615  9.95 27.8628 23.3892  10.9791 27.8628 22.9629  9.22232 26.8337 22.6615  8.9209 27.8628 22.9629 
9.95 27.8628 23.3892  10.9791 27.8628 22.9629  9.95 28.8919 22.9629  10.6777 28.8919 22.6615  8.9209 27.8628 22.9629  9.22232 28.8919 22.6615  9.95 28.8919 22.9629  10.6777 28.8919 22.6615  9.95 29.3181 21.9338  9.95 29.3181 21.9338  9.22232 28.8919 22.6615  9.95 29.3181 21.9338  5.17909 4.55839 24.3544  5.17909 3.09422 24.3544  5.17909 3.09422 24.3544  5.17909 4.55839 24.3544  6.21442 3.52307 24.3544  5.91118 3.52307 23.6223  5.17909 3.09422 24.3544  5.91118 3.52307 25.0864  6.21442 3.52307 24.3544  5.91118 3.52307 23.6223  6.64326 4.55839 24.3544  6.21442 4.55839 23.319  5.91118 3.52307 25.0864  6.21442 4.55839 25.3897  6.64326 4.55839 24.3544  6.21442 4.55839 23.319  6.21442 5.59371 24.3544  5.91118 5.59371 23.6223  6.21442 4.55839 25.3897  5.91118 5.59371 25.0864 
6.21442 5.59371 24.3544  5.91118 5.59371 23.6223  5.17909 6.02256 24.3544  5.17909 6.02256 24.3544  5.91118 5.59371 25.0864  5.17909 6.02256 24.3544  5.17909 3.09422 24.3544  5.17909 3.09422 24.3544  5.17909 3.52307 23.319  4.44701 3.52307 23.6223  5.17909 3.09422 24.3544  5.91118 3.52307 23.6223  5.17909 3.52307 23.319  4.44701 3.52307 23.6223  5.17909 4.55839 22.8902  4.14377 4.55839 23.319  5.91118 3.52307 23.6223  6.21442 4.55839 23.319  5.17909 4.55839 22.8902  4.14377 4.55839 23.319  5.17909 5.59371 23.319  4.44701 5.59371 23.6223  6.21442 4.55839 23.319  5.91118 5.59371 23.6223  5.17909 5.59371 23.319  4.44701 5.59371 23.6223  5.17909 6.02256 24.3544  5.17909 6.02256 24.3544  5.91118 5.59371 23.6223  5.17909 6.02256 24.3544  5.17909 3.09422 24.3544  5.17909 3.09422 24.3544 
4.14377 3.52307 24.3544  4.44701 3.52307 25.0864  5.17909 3.09422 24.3544  4.44701 3.52307 23.6223  4.14377 3.52307 24.3544  4.44701 3.52307 25.0864  3.71492 4.55839 24.3544  4.14377 4.55839 25.3897  4.44701 3.52307 23.6223  4.14377 4.55839 23.319  3.71492 4.55839 24.3544  4.14377 4.55839 25.3897  4.14377 5.59371 24.3544  4.44701 5.59371 25.0864  5.17909 4.55839 24.3544  4.14377 4.55839 23.319  5.17909 4.55839 24.3544  4.44701 5.59371 23.6223  4.14377 5.59371 24.3544  4.44701 5.59371 25.0864  5.17909 6.02256 24.3544  5.17909 6.02256 24.3544  4.44701 5.59371 23.6223  5.17909 6.02256 24.3544  5.17909 3.09422 24.3544  5.17909 3.09422 24.3544  5.17909 3.52307 25.3897  5.91118 3.52307 25.0864  5.17909 3.09422 24.3544  4.44701 3.52307 25.0864  5.17909 3.52307 25.3897  5.91118 3.52307 25.0864 
5.17909 4.55839 25.8185  6.21442 4.55839 25.3897  4.44701 3.52307 25.0864  4.14377 4.55839 25.3897  5.17909 4.55839 25.8185  6.21442 4.55839 25.3897  5.17909 5.59371 25.3897  5.91118 5.59371 25.0864  4.14377 4.55839 25.3897  4.44701 5.59371 25.0864  5.17909 5.59371 25.3897  5.91118 5.59371 25.0864  5.17909 6.02256 24.3544  5.17909 6.02256 24.3544  4.44701 5.59371 25.0864  5.17909 6.02256 24.3544  6.13711 26.5608 22.6549  6.13711 25.15 22.6549  6.13711 25.15 22.6549  6.13711 26.5608 22.6549  7.13472 25.5632 22.6549  6.84253 25.5632 21.9495  6.13711 25.15 22.6549  6.84253 25.5632 23.3603  7.13472 25.5632 22.6549  6.84253 25.5632 21.9495  7.54795 26.5608 22.6549  7.13472 26.5608 21.6573  6.84253 25.5632 23.3603  7.13472 26.5608 23.6525  7.54795 26.5608 22.6549  7.13472 26.5608 21.6573 
7.13472 27.5584 22.6549  6.84253 27.5584 21.9495  7.13472 26.5608 23.6525  6.84253 27.5584 23.3603  7.13472 27.5584 22.6549  6.84253 27.5584 21.9495  6.13711 27.9717 22.6549  6.13711 27.9717 22.6549  6.84253 27.5584 23.3603  6.13711 27.9717 22.6549  6.13711 25.15 22.6549  6.13711 25.15 22.6549  6.13711 25.5632 21.6573  5.43168 25.5632 21.9495  6.13711 25.15 22.6549  6.84253 25.5632 21.9495  6.13711 25.5632 21.6573  5.43168 25.5632 21.9495  6.13711 26.5608 21.2441  5.13949 26.5608 21.6573  6.84253 25.5632 21.9495  7.13472 26.5608 21.6573  6.13711 26.5608 21.2441  5.13949 26.5608 21.6573  6.13711 27.5584 21.6573  5.43168 27.5584 21.9495  7.13472 26.5608 21.6573  6.84253 27.5584 21.9495  6.13711 27.5584 21.6573  5.43168 27.5584 21.9495  6.13711 27.9717 22.6549  6.13711 27.9717 22.6549 
6.84253 27.5584 21.9495  6.13711 27.9717 22.6549  6.13711 25.15 22.6549  6.13711 25.15 22.6549  5.13949 25.5632 22.6549  5.43168 25.5632 23.3603  6.13711 25.15 22.6549  5.43168 25.5632 21.9495  5.13949 25.5632 22.6549  5.43168 25.5632 23.3603  4.72626 26.5608 22.6549  5.13949 26.5608 23.6525  5.43168 25.5632 21.9495  5.13949 26.5608 21.6573  4.72626 26.5608 22.6549  5.13949 26.5608 23.6525  5.13949 27.5584 22.6549  5.43168 27.5584 23.3603  6.13711 26.5608 22.6549  5.13949 26.5608 21.6573  6.13711 26.5608 22.6549  5.43168 27.5584 21.9495  5.13949 27.5584 22.6549  5.43168 27.5584 23.3603  6.13711 27.9717 22.6549  6.13711 27.9717 22.6549  5.43168 27.5584 21.9495  6.13711 27.9717 22.6549  6.13711 25.15 22.6549  6.13711 25.15 22.6549  6.13711 25.5632 23.6525  6.84253 25.5632 23.3603 
6.13711 25.15 22.6549  5.43168 25.5632 23.3603  6.13711 25.5632 23.6525  6.84253 25.5632 23.3603  6.13711 26.5608 24.0658  7.13472 26.5608 23.6525  5.43168 25.5632 23.3603  5.13949 26.5608 23.6525  6.13711 26.5608 24.0658  7.13472 26.5608 23.6525  6.13711 27.5584 23.6525  6.84253 27.5584 23.3603  5.13949 26.5608 23.6525  5.43168 27.5584 23.3603  6.13711 27.5584 23.6525  6.84253 27.5584 23.3603  6.13711 27.9717 22.6549  6.13711 27.9717 22.6549  5.43168 27.5584 23.3603  6.13711 27.9717 22.6549  9.699 4.3529 17.2398  9.699 2.91698 17.2398  9.699 2.91698 17.2398  9.699 4.3529 17.2398  10.7143 3.33755 17.2398  10.417 3.33755 16.5218  9.699 2.91698 17.2398  10.417 3.33755 17.9577  10.7143 3.33755 17.2398  10.417 3.33755 16.5218  11.1349 4.3529 17.2398  10.7143 4.3529 16.2244 
10.417 3.33755 17.9577  10.7143 4.3529 18.2551  11.1349 4.3529 17.2398  10.7143 4.3529 16.2244  10.7143 5.36824 17.2398  10.417 5.36824 16.5218  10.7143 4.3529 18.2551  10.417 5.36824 17.9577  10.7143 5.36824 17.2398  10.417 5.36824 16.5218  9.699 5.78881 17.2398  9.699 5.78881 17.2398  10.417 5.36824 17.9577  9.699 5.78881 17.2398  9.699 2.91698 17.2398  9.699 2.91698 17.2398  9.699 3.33755 16.2244  8.98104 3.33755 16.5218  9.699 2.91698 17.2398  10.417 3.33755 16.5218  9.699 3.33755 16.2244  8.98104 3.33755 16.5218  9.699 4.3529 15.8038  8.68366 4.3529 16.2244  10.417 3.33755 16.5218  10.7143 4.3529 16.2244  9.699 4.3529 15.8038  8.68366 4.3529 16.2244  9.699 5.36824 16.2244  8.98104 5.36824 16.5218  10.7143 4.3529 16.2244  10.417 5.36824 16.5218 
9.699 5.36824 16.2244  8.98104 5.36824 16.5218  9.699 5.78881 17.2398  9.699 5.78881 17.2398  10.417 5.36824 16.5218  9.699 5.78881 17.2398  9.699 2.91698 17.2398  9.699 2.91698 17.2398  8.68366 3.33755 17.2398  8.98104 3.33755 17.9577  9.699 2.91698 17.2398  8.98104 3.33755 16.5218  8.68366 3.33755 17.2398  8.98104 3.33755 17.9577  8.26309 4.3529 17.2398  8.68366 4.3529 18.2551  8.98104 3.33755 16.5218  8.68366 4.3529 16.2244  8.26309 4.3529 17.2398  8.68366 4.3529 18.2551  8.68366 5.36824 17.2398  8.98104 5.36824 17.9577  9.699 4.3529 17.2398  8.68366 4.3529 16.2244  9.699 4.3529 17.2398  8.98104 5.36824 16.5218  8.68366 5.36824 17.2398  8.98104 5.36824 17.9577  9.699 5.78881 17.2398  9.699 5.78881 17.2398  8.98104 5.36824 16.5218  9.699 5.78881 17.2398 
9.699 2.91698 17.2398  9.699 2.91698 17.2398  9.699 3.33755 18.2551  10.417 3.33755 17.9577  9.699 2.91698 17.2398  8.98104 3.33755 17.9577  9.699 3.33755 18.2551  10.417 3.33755 17.9577  9.699 4.3529 18.6757  10.7143 4.3529 18.2551  8.98104 3.33755 17.9577  8.68366 4.3529 18.2551  9.699 4.3529 18.6757  10.7143 4.3529 18.2551  9.699 5.36824 18.2551  10.417 5.36824 17.9577  8.68366 4.3529 18.2551  8.98104 5.36824 17.9577  9.699 5.36824 18.2551  10.417 5.36824 17.9577  9.699 5.78881 17.2398  9.699 5.78881 17.2398  8.98104 5.36824 17.9577  9.699 5.78881 17.2398  9.95 13.4099 16.1706  9.95 11.9811 16.1706  9.95 11.9811 16.1706  9.95 13.4099 16.1706  10.9603 12.3996 16.1706  10.6644 12.3996 15.4562  9.95 11.9811 16.1706  10.6644 12.3996 16.885 
10.9603 12.3996 16.1706  10.6644 12.3996 15.4562  11.3788 13.4099 16.1706  10.9603 13.4099 15.1603  10.6644 12.3996 16.885  10.9603 13.4099 17.181  11.3788 13.4099 16.1706  10.9603 13.4099 15.1603  10.9603 14.4203 16.1706  10.6644 14.4203 15.4562  10.9603 13.4099 17.181  10.6644 14.4203 16.885  10.9603 14.4203 16.1706  10.6644 14.4203 15.4562  9.95 14.8387 16.1706  9.95 14.8387 16.1706  10.6644 14.4203 16.885  9.95 14.8387 16.1706  9.95 11.9811 16.1706  9.95 11.9811 16.1706  9.95 12.3996 15.1603  9.23559 12.3996 15.4562  9.95 11.9811 16.1706  10.6644 12.3996 15.4562  9.95 12.3996 15.1603  9.23559 12.3996 15.4562  9.95 13.4099 14.7418  8.93967 13.4099 15.1603  10.6644 12.3996 15.4562  10.9603 13.4099 15.1603  9.95 13.4099 14.7418  8.93967 13.4099 15.1603 
9.95 14.4203 15.1603  9.23559 14.4203 15.4562  10.9603 13.4099 15.1603  10.6644 14.4203 15.4562  9.95 14.4203 15.1603  9.23559 14.4203 15.4562  9.95 14.8387 16.1706  9.95 14.8387 16.1706  10.6644 14.4203 15.4562  9.95 14.8387 16.1706  9.95 11.9811 16.1706  9.95 11.9811 16.1706  8.93967 12.3996 16.1706  9.23559 12.3996 16.885  9.95 11.9811 16.1706  9.23559 12.3996 15.4562  8.93967 12.3996 16.1706  9.23559 12.3996 16.885  8.52117 13.4099 16.1706  8.93967 13.4099 17.181  9.23559 12.3996 15.4562  8.93967 13.4099 15.1603  8.52117 13.4099 16.1706  8.93967 13.4099 17.181  8.93967 14.4203 16.1706  9.23559 14.4203 16.885  9.95 13.4099 16.1706  8.93967 13.4099 15.1603  9.95 13.4099 16.1706  9.23559 14.4203 15.4562  8.93967 14.4203 16.1706  9.23559 14.4203 16.885 
9.95 14.8387 16.1706  9.95 14.8387 16.1706  9.23559 14.4203 15.4562  9.95 14.8387 16.1706  9.95 11.9811 16.1706  9.95 11.9811 16.1706  9.95 12.3996 17.181  10.6644 12.3996 16.885  9.95 11.9811 16.1706  9.23559 12.3996 16.885  9.95 12.3996 17.181  10.6644 12.3996 16.885  9.95 13.4099 17.5995  10.9603 13.4099 17.181  9.23559 12.3996 16.885  8.93967 13.4099 17.181  9.95 13.4099 17.5995  10.9603 13.4099 17.181  9.95 14.4203 17.181  10.6644 14.4203 16.885  8.93967 13.4099 17.181  9.23559 14.4203 16.885  9.95 14.4203 17.181  10.6644 14.4203 16.885  9.95 14.8387 16.1706  9.95 14.8387 16.1706  9.23559 14.4203 16.885  9.95 14.8387 16.1706  4.97188 25.1124 1.25794  4.97188 23.6867 1.25794  4.97188 23.6867 1.25794  4.97188 25.1124 1.25794 
5.98003 24.1043 1.25794  5.68475 24.1043 0.54507  4.97188 23.6867 1.25794  5.68475 24.1043 1.97082  5.98003 24.1043 1.25794  5.68475 24.1043 0.54507  6.39762 25.1124 1.25794  5.98003 25.1124 0.249788  5.68475 24.1043 1.97082  5.98003 25.1124 2.2661  6.39762 25.1124 1.25794  5.98003 25.1124 0.249788  5.98003 26.1206 1.25794  5.68475 26.1206 0.54507  5.98003 25.1124 2.2661  5.68475 26.1206 1.97082  5.98003 26.1206 1.25794  5.68475 26.1206 0.54507  4.97188 26.5382 1.25794  4.97188 26.5382 1.25794  5.68475 26.1206 1.97082  4.97188 26.5382 1.25794  4.97188 23.6867 1.25794  4.97188 23.6867 1.25794  4.97188 24.1043 0.249788  4.25901 24.1043 0.54507  4.97188 23.6867 1.25794  5.68475 24.1043 0.54507  4.97188 24.1043 0.249788  4.25901 24.1043 0.54507  4.97188 25.1124 -0.167803  3.96372 25.1124 0.249789 
5.68475 24.1043 0.54507  5.98003 25.1124 0.249788  4.97188 25.1124 -0.167803  3.96372 25.1124 0.249789  4.97188 26.1206 0.249788  4.25901 26.1206 0.54507  5.98003 25.1124 0.249788  5.68475 26.1206 0.54507  4.97188 26.1206 0.249788  4.25901 26.1206 0.54507  4.97188 26.5382 1.25794  4.97188 26.5382 1.25794  5.68475 26.1206 0.54507  4.97188 26.5382 1.25794  4.97188 23.6867 1.25794  4.97188 23.6867 1.25794  3.96372 24.1043 1.25794  4.25901 24.1043 1.97082  4.97188 23.6867 1.25794  4.25901 24.1043 0.54507  3.96372 24.1043 1.25794  4.25901 24.1043 1.97082  3.54613 25.1124 1.25794  3.96372 25.1124 2.2661  4.25901 24.1043 0.54507  3.96372 25.1124 0.249789  3.54613 25.1124 1.25794  3.96372 25.1124 2.2661  3.96372 26.1206 1.25794  4.25901 26.1206 1.97082  4.97188 25.1124 1.25794  3.96372 25.1124 0.249789 
4.97188 25.1124 1.25794  4.25901 26.1206 0.54507  3.96372 26.1206 1.25794  4.25901 26.1206 1.97082  4.97188 26.5382 1.25794  4.97188 26.5382 1.25794  4.25901 26.1206 0.54507  4.97188 26.5382 1.25794  4.97188 23.6867 1.25794  4.97188 23.6867 1.25794  4.97188 24.1043 2.2661  5.68475 24.1043 1.97082  4.97188 23.6867 1.25794  4.25901 24.1043 1.97082  4.97188 24.1043 2.2661  5.68475 24.1043 1.97082  4.97188 25.1124 2.68369  5.98003 25.1124 2.2661  4.25901 24.1043 1.97082  3.96372 25.1124 2.2661  4.97188 25.1124 2.68369  5.98003 25.1124 2.2661  4.97188 26.1206 2.2661  5.68475 26.1206 1.97082  3.96372 25.1124 2.2661  4.25901 26.1206 1.97082  4.97188 26.1206 2.2661  5.68475 26.1206 1.97082  4.97188 26.5382 1.25794  4.97188 26.5382 1.25794  4.25901 26.1206 1.97082  4.97188 26.5382 1.25794 
9.95 25.0236 24.0847  9.95 23.6089 24.0847  9.95 23.6089 24.0847  9.95 25.0236 24.0847  10.9504 24.0232 24.0847  10.6574 24.0232 23.3774  9.95 23.6089 24.0847  10.6574 24.0232 24.7921  10.9504 24.0232 24.0847  10.6574 24.0232 23.3774  11.3647 25.0236 24.0847  10.9504 25.0236 23.0844  10.6574 24.0232 24.7921  10.9504 25.0236 25.0851  11.3647 25.0236 24.0847  10.9504 25.0236 23.0844  10.9504 26.0239 24.0847  10.6574 26.0239 23.3774  10.9504 25.0236 25.0851  10.6574 26.0239 24.7921  10.9504 26.0239 24.0847  10.6574 26.0239 23.3774  9.95 26.4383 24.0847  9.95 26.4383 24.0847  10.6574 26.0239 24.7921  9.95 26.4383 24.0847  9.95 23.6089 24.0847  9.95 23.6089 24.0847  9.95 24.0232 23.0844  9.24264 24.0232 23.3774  9.95 23.6089 24.0847  10.6574 24.0232 23.3774 
9.95 24.0232 23.0844  9.24264 24.0232 23.3774  9.95 25.0236 22.67  8.94964 25.0236 23.0844  10.6574 24.0232 23.3774  10.9504 25.0236 23.0844  9.95 25.0236 22.67  8.94964 25.0236 23.0844  9.95 26.0239 23.0844  9.24264 26.0239 23.3774  10.9504 25.0236 23.0844  10.6574 26.0239 23.3774  9.95 26.0239 23.0844  9.24264 26.0239 23.3774  9.95 26.4383 24.0847  9.95 26.4383 24.0847  10.6574 26.0239 23.3774  9.95 26.4383 24.0847  9.95 23.6089 24.0847  9.95 23.6089 24.0847  8.94964 24.0232 24.0847  9.24264 24.0232 24.7921  9.95 23.6089 24.0847  9.24264 24.0232 23.3774  8.94964 24.0232 24.0847  9.24264 24.0232 24.7921  8.53527 25.0236 24.0847  8.94964 25.0236 25.0851  9.24264 24.0232 23.3774  8.94964 25.0236 23.0844  8.53527 25.0236 24.0847  8.94964 25.0236 25.0851 
8.94964 26.0239 24.0847  9.24264 26.0239 24.7921  9.95 25.0236 24.0847  8.94964 25.0236 23.0844  9.95 25.0236 24.0847  9.24264 26.0239 23.3774  8.94964 26.0239 24.0847  9.24264 26.0239 24.7921  9.95 26.4383 24.0847  9.95 26.4383 24.0847  9.24264 26.0239 23.3774  9.95 26.4383 24.0847  9.95 23.6089 24.0847  9.95 23.6089 24.0847  9.95 24.0232 25.0851  10.6574 24.0232 24.7921  9.95 23.6089 24.0847  9.24264 24.0232 24.7921  9.95 24.0232 25.0851  10.6574 24.0232 24.7921  9.95 25.0236 25.4994  10.9504 25.0236 25.0851  9.24264 24.0232 24.7921  8.94964 25.0236 25.0851  9.95 25.0236 25.4994  10.9504 25.0236 25.0851  9.95 26.0239 25.0851  10.6574 26.0239 24.7921  8.94964 25.0236 25.0851  9.24264 26.0239 24.7921  9.95 26.0239 25.0851  10.6574 26.0239 24.7921 
9.95 26.4383 24.0847  9.95 26.4383 24.0847  9.24264 26.0239 24.7921  9.95 26.4383 24.0847  1.22095 14.3408 26.525  1.22095 12.9548 26.525  1.22095 12.9548 26.525  1.22095 14.3408 26.525  2.20098 13.3608 26.525  1.91393 13.3608 25.832  1.22095 12.9548 26.525  1.91393 13.3608 27.2179  2.20098 13.3608 26.525  1.91393 13.3608 25.832  2.60692 14.3408 26.525  2.20098 14.3408 25.5449  1.91393 13.3608 27.2179  2.20098 14.3408 27.505  2.60692 14.3408 26.525  2.20098 14.3408 25.5449  2.20098 15.3208 26.525  1.91393 15.3208 25.832  2.20098 14.3408 27.505  1.91393 15.3208 27.2179  2.20098 15.3208 26.525  1.91393 15.3208 25.832  1.22095 15.7268 26.525  1.22095 15.7268 26.525  1.91393 15.3208 27.2179  1.22095 15.7268 26.525  1.22095 12.9548 26.525  1.22095 12.9548 26.525 
1.22095 13.3608 25.5449  0.52796 13.3608 25.832  1.22095 12.9548 26.525  1.91393 13.3608 25.832  1.22095 13.3608 25.5449  0.52796 13.3608 25.832  1.22095 14.3408 25.139  0.240915 14.3408 25.5449  1.91393 13.3608 25.832  2.20098 14.3408 25.5449  1.22095 14.3408 25.139  0.240915 14.3408 25.5449  1.22095 15.3208 25.5449  0.52796 15.3208 25.832  2.20098 14.3408 25.5449  1.91393 15.3208 25.832  1.22095 15.3208 25.5449  0.52796 15.3208 25.832  1.22095 15.7268 26.525  1.22095 15.7268 26.525  1.91393 15.3208 25.832  1.22095 15.7268 26.525  1.22095 12.9548 26.525  1.22095 12.9548 26.525  0.240915 13.3608 26.525  0.52796 13.3608 27.2179  1.22095 12.9548 26.525  0.52796 13.3608 25.832  0.240915 13.3608 26.525  0.52796 13.3608 27.2179  -0.165027 14.3408 26.525  0.240916 14.3408 27.505 
0.52796 13.3608 25.832  0.240915 14.3408 25.5449  -0.165027 14.3408 26.525  0.240916 14.3408 27.505  0.240916 15.3208 26.525  0.52796 15.3208 27.2179  1.22095 14.3408 26.525  0.240915 14.3408 25.5449  1.22095 14.3408 26.525  0.52796 15.3208 25.832  0.240916 15.3208 26.525  0.52796 15.3208 27.2179  1.22095 15.7268 26.525  1.22095 15.7268 26.525  0.52796 15.3208 25.832  1.22095 15.7268 26.525  1.22095 12.9548 26.525  1.22095 12.9548 26.525  1.22095 13.3608 27.505  1.91393 13.3608 27.2179  1.22095 12.9548 26.525  0.52796 13.3608 27.2179  1.22095 13.3608 27.505  1.91393 13.3608 27.2179  1.22095 14.3408 27.9109  2.20098 14.3408 27.505  0.52796 13.3608 27.2179  0.240916 14.3408 27.505  1.22095 14.3408 27.9109  2.20098 14.3408 27.505  1.22095 15.3208 27.505  1.91393 15.3208 27.2179 
0.240916 14.3408 27.505  0.52796 15.3208 27.2179  1.22095 15.3208 27.505  1.91393 15.3208 27.2179  1.22095 15.7268 26.525  1.22095 15.7268 26.525  0.52796 15.3208 27.2179  1.22095 15.7268 26.525  0.05 18.3428 8.97756  0.0500001 16.9683 8.97756  0.05 16.9683 8.97756  0.05 18.3428 8.97756  1.02194 17.3709 8.97756  0.737266 17.3709 8.29029  0.05 16.9683 8.97756  0.737266 17.3709 9.66483  1.02194 17.3709 8.97756  0.737266 17.3709 8.29029  1.42453 18.3428 8.97756  1.02194 18.3428 8.00562  0.737266 17.3709 9.66483  1.02194 18.3428 9.9495  1.42453 18.3428 8.97756  1.02194 18.3428 8.00562  1.02194 19.3148 8.97756  0.737266 19.3148 8.29029  1.02194 18.3428 9.9495  0.737266 19.3148 9.66483  1.02194 19.3148 8.97756  0.737266 19.3148 8.29029  0.0499999 19.7174 8.97756  0.05 19.7174 8.97756 
0.737266 19.3148 9.66483  0.05 19.7174 8.97756  0.05 16.9683 8.97756  0.05 16.9683 8.97756  0.0499999 17.3709 8.00562  -0.637267 17.3709 8.29029  0.05 16.9683 8.97756  0.737266 17.3709 8.29029  0.0499999 17.3709 8.00562  -0.637267 17.3709 8.29029  0.0499999 18.3428 7.60303  -0.921942 18.3428 8.00562  0.737266 17.3709 8.29029  1.02194 18.3428 8.00562  0.0499999 18.3428 7.60303  -0.921942 18.3428 8.00562  0.0499999 19.3148 8.00562  -0.637266 19.3148 8.29029  1.02194 18.3428 8.00562  0.737266 19.3148 8.29029  0.0499999 19.3148 8.00562  -0.637266 19.3148 8.29029  0.05 19.7174 8.97756  0.05 19.7174 8.97756  0.737266 19.3148 8.29029  0.05 19.7174 8.97756  0.0499999 16.9683 8.97756  0.05 16.9683 8.97756  -0.921942 17.3709 8.97756  -0.637266 17.3709 9.66483  0.05 16.9683 8.97756  -0.637267 17.3709 8.29029 
-0.921942 17.3709 8.97756  -0.637266 17.3709 9.66483  -1.32453 18.3428 8.97756  -0.921941 18.3428 9.9495  -0.637267 17.3709 8.29029  -0.921942 18.3428 8.00562  -1.32453 18.3428 8.97756  -0.921941 18.3428 9.9495  -0.921941 19.3148 8.97756  -0.637266 19.3148 9.66483  0.05 18.3428 8.97756  -0.921942 18.3428 8.00562  0.05 18.3428 8.97756  -0.637266 19.3148 8.29029  -0.921941 19.3148 8.97756  -0.637266 19.3148 9.66483  0.0500001 19.7174 8.97756  0.05 19.7174 8.97756  -0.637266 19.3148 8.29029  0.05 19.7174 8.97756  0.05 16.9683 8.97756  0.05 16.9683 8.97756  0.0500002 17.3709 9.9495  0.737267 17.3709 9.66483  0.05 16.9683 8.97756  -0.637266 17.3709 9.66483  0.0500002 17.3709 9.9495  0.737267 17.3709 9.66483  0.0500002 18.3428 10.3521  1.02194 18.3428 9.9495  -0.637266 17.3709 9.66483  -0.921941 18.3428 9.9495 
0.0500002 18.3428 10.3521  1.02194 18.3428 9.9495  0.0500002 19.3148 9.9495  0.737266 19.3148 9.66483  -0.921941 18.3428 9.9495  -0.637266 19.3148 9.66483  0.0500002 19.3148 9.9495  0.737266 19.3148 9.66483  0.05 19.7174 8.97756  0.05 19.7174 8.97756  -0.637266 19.3148 9.66483  0.05 19.7174 8.97756  5.199 17.2613 2.26412  5.199 15.8704 2.26412  5.199 15.8704 2.26412  5.199 17.2613 2.26412  6.18256 16.2778 2.26412  5.89448 16.2778 1.56864  5.199 15.8704 2.26412  5.89448 16.2778 2.9596  6.18256 16.2778 2.26412  5.89448 16.2778 1.56864  6.58996 17.2613 2.26412  6.18256 17.2613 1.28056  5.89448 16.2778 2.9596  6.18256 17.2613 3.24768  6.58996 17.2613 2.26412  6.18256 17.2613 1.28056  6.18256 18.2449 2.26412  5.89448 18.2449 1.56864  6.18256 17.2613 3.24768  5.89448 18.2449 2.9596 
6.18256 18.2449 2.26412  5.89448 18.2449 1.56864  5.199 18.6523 2.26412  5.199 18.6523 2.26412  5.89448 18.2449 2.9596  5.199 18.6523 2.26412  5.199 15.8704 2.26412  5.199 15.8704 2.26412  5.199 16.2778 1.28056  4.50352 16.2778 1.56864  5.199 15.8704 2.26412  5.89448 16.2778 1.56864  5.199 16.2778 1.28056  4.50352 16.2778 1.56864  5.199 17.2613 0.87316  4.21544 17.2613 1.28056  5.89448 16.2778 1.56864  6.18256 17.2613 1.28056  5.199 17.2613 0.87316  4.21544 17.2613 1.28056  5.199 18.2449 1.28056  4.50352 18.2449 1.56864  6.18256 17.2613 1.28056  5.89448 18.2449 1.56864  5.199 18.2449 1.28056  4.50352 18.2449 1.56864  5.199 18.6523 2.26412  5.199 18.6523 2.26412  5.89448 18.2449 1.56864  5.199 18.6523 2.26412  5.199 15.8704 2.26412  5.199 15.8704 2.26412 
4.21544 16.2778 2.26412  4.50352 16.2778 2.9596  5.199 15.8704 2.26412  4.50352 16.2778 1.56864  4.21544 16.2778 2.26412  4.50352 16.2778 2.9596  3.80804 17.2613 2.26412  4.21544 17.2613 3.24768  4.50352 16.2778 1.56864  4.21544 17.2613 1.28056  3.80804 17.2613 2.26412  4.21544 17.2613 3.24768  4.21544 18.2449 2.26412  4.50352 18.2449 2.9596  5.199 17.2613 2.26412  4.21544 17.2613 1.28056  5.199 17.2613 2.26412  4.50352 18.2449 1.56864  4.21544 18.2449 2.26412  4.50352 18.2449 2.9596  5.199 18.6523 2.26412  5.199 18.6523 2.26412  4.50352 18.2449 1.56864  5.199 18.6523 2.26412  5.199 15.8704 2.26412  5.199 15.8704 2.26412  5.199 16.2778 3.24768  5.89448 16.2778 2.9596  5.199 15.8704 2.26412  4.50352 16.2778 2.9596  5.199 16.2778 3.24768  5.89448 16.2778 2.9596 
5.199 17.2613 3.65509  6.18256 17.2613 3.24768  4.50352 16.2778 2.9596  4.21544 17.2613 3.24768  5.199 17.2613 3.65509  6.18256 17.2613 3.24768  5.199 18.2449 3.24768  5.89448 18.2449 2.9596  4.21544 17.2613 3.24768  4.50352 18.2449 2.9596  5.199 18.2449 3.24768  5.89448 18.2449 2.9596  5.199 18.6523 2.26412  5.199 18.6523 2.26412  4.50352 18.2449 2.9596  5.199 18.6523 2.26412  0.05 19.757 22.301  0.0500001 18.3431 22.301  0.05 18.3431 22.301  0.05 19.757 22.301  1.04977 18.7572 22.301  0.756947 18.7572 21.5941  0.05 18.3431 22.301  0.756947 18.7572 23.0079  1.04977 18.7572 22.301  0.756947 18.7572 21.5941  1.46389 19.757 22.301  1.04977 19.757 21.3012  0.756947 18.7572 23.0079  1.04977 19.757 23.3008  1.46389 19.757 22.301  1.04977 19.757 21.3012 
1.04977 20.7568 22.301  0.756947 20.7568 21.5941  1.04977 19.757 23.3008  0.756947 20.7568 23.0079  1.04977 20.7568 22.301  0.756947 20.7568 21.5941  0.0499999 21.1709 22.301  0.05 21.1709 22.301  0.756947 20.7568 23.0079  0.05 21.1709 22.301  0.05 18.3431 22.301  0.05 18.3431 22.301  0.0499999 18.7572 21.3012  -0.656947 18.7572 21.5941  0.05 18.3431 22.301  0.756947 18.7572 21.5941  0.0499999 18.7572 21.3012  -0.656947 18.7572 21.5941  0.0499999 19.757 20.8871  -0.949774 19.757 21.3012  0.756947 18.7572 21.5941  1.04977 19.757 21.3012  0.0499999 19.757 20.8871  -0.949774 19.757 21.3012  0.0499999 20.7568 21.3012  -0.656947 20.7568 21.5941  1.04977 19.757 21.3012  0.756947 20.7568 21.5941  0.0499999 20.7568 21.3012  -0.656947 20.7568 21.5941  0.05 21.1709 22.301  0.05 21.1709 22.301 
0.756947 20.7568 21.5941  0.05 21.1709 22.301  0.0499999 18.3431 22.301  0.05 18.3431 22.301  -0.949774 18.7572 22.301  -0.656947 18.7572 23.0079  0.05 18.3431 22.301  -0.656947 18.7572 21.5941  -0.949774 18.7572 22.301  -0.656947 18.7572 23.0079  -1.36389 19.757 22.301  -0.949774 19.757 23.3008  -0.656947 18.7572 21.5941  -0.949774 19.757 21.3012  -1.36389 19.757 22.301  -0.949774 19.757 23.3008  -0.949774 20.7568 22.301  -0.656947 20.7568 23.0079  0.05 19.757 22.301  -0.949774 19.757 21.3012  0.05 19.757 22.301  -0.656947 20.7568 21.5941  -0.949774 20.7568 22.301  -0.656947 20.7568 23.0079  0.0500001 21.1709 22.301  0.05 21.1709 22.301  -0.656947 20.7568 21.5941  0.05 21.1709 22.301  0.05 18.3431 22.301  0.05 18.3431 22.301  0.0500002 18.7572 23.3008  0.756947 18.7572 23.0079 
0.05 18.3431 22.301  -0.656947 18.7572 23.0079  0.0500002 18.7572 23.3008  0.756947 18.7572 23.0079  0.0500002 19.757 23.7149  1.04977 19.757 23.3008  -0.656947 18.7572 23.0079  -0.949774 19.757 23.3008  0.0500002 19.757 23.7149  1.04977 19.757 23.3008  0.0500002 20.7568 23.3008  0.756947 20.7568 23.0079  -0.949774 19.757 23.3008  -0.656947 20.7568 23.0079  0.0500002 20.7568 23.3008  0.756947 20.7568 23.0079  0.05 21.1709 22.301  0.05 21.1709 22.301  -0.656947 20.7568 23.0079  0.05 21.1709 22.301  5.26358 26.4348 28.7635  5.26358 25.0956 28.7635  5.26358 25.0956 28.7635  5.26358 26.4348 28.7635  6.21054 25.4879 28.7635  5.93318 25.4879 28.0939  5.26358 25.0956 28.7635  5.93318 25.4879 29.4331  6.21054 25.4879 28.7635  5.93318 25.4879 28.0939  6.60278 26.4348 28.7635  6.21054 26.4348 27.8166 
5.93318 25.4879 29.4331  6.21054 26.4348 29.7105  6.60278 26.4348 28.7635  6.21054 26.4348 27.8166  6.21054 27.3818 28.7635  5.93318 27.3818 28.0939  6.21054 26.4348 29.7105  5.93318 27.3818 29.4331  6.21054 27.3818 28.7635  5.93318 27.3818 28.0939  5.26358 27.774 28.7635  5.26358 27.774 28.7635  5.93318 27.3818 29.4331  5.26358 27.774 28.7635  5.26358 25.0956 28.7635  5.26358 25.0956 28.7635  5.26358 25.4879 27.8166  4.59398 25.4879 28.0939  5.26358 25.0956 28.7635  5.93318 25.4879 28.0939  5.26358 25.4879 27.8166  4.59398 25.4879 28.0939  5.26358 26.4348 27.4243  4.31662 26.4348 27.8166  5.93318 25.4879 28.0939  6.21054 26.4348 27.8166  5.26358 26.4348 27.4243  4.31662 26.4348 27.8166  5.26358 27.3818 27.8166  4.59398 27.3818 28.0939  6.21054 26.4348 27.8166  5.93318 27.3818 28.0939 
5.26358 27.3818 27.8166  4.59398 27.3818 28.0939  5.26358 27.774 28.7635  5.26358 27.774 28.7635  5.93318 27.3818 28.0939  5.26358 27.774 28.7635  5.26358 25.0956 28.7635  5.26358 25.0956 28.7635  4.31662 25.4879 28.7635  4.59398 25.4879 29.4331  5.26358 25.0956 28.7635  4.59398 25.4879 28.0939  4.31662 25.4879 28.7635  4.59398 25.4879 29.4331  3.92438 26.4348 28.7635  4.31662 26.4348 29.7105  4.59398 25.4879 28.0939  4.31662 26.4348 27.8166  3.92438 26.4348 28.7635  4.31662 26.4348 29.7105  4.31662 27.3818 28.7635  4.59398 27.3818 29.4331  5.26358 26.4348 28.7635  4.31662 26.4348 27.8166  5.26358 26.4348 28.7635  4.59398 27.3818 28.0939  4.31662 27.3818 28.7635  4.59398 27.3818 29.4331  5.26358 27.774 28.7635  5.26358 27.774 28.7635  4.59398 27.3818 28.0939  5.26358 27.774 28.7635 
5.26358 25.0956 28.7635  5.26358 25.0956 28.7635  5.26358 25.4879 29.7105  5.93318 25.4879 29.4331  5.26358 25.0956 28.7635  4.59398 25.4879 29.4331  5.26358 25.4879 29.7105  5.93318 25.4879 29.4331  5.26358 26.4348 30.1027  6.21054 26.4348 29.7105  4.59398 25.4879 29.4331  4.31662 26.4348 29.7105  5.26358 26.4348 30.1027  6.21054 26.4348 29.7105  5.26358 27.3818 29.7105  5.93318 27.3818 29.4331  4.31662 26.4348 29.7105  4.59398 27.3818 29.4331  5.26358 27.3818 29.7105  5.93318 27.3818 29.4331  5.26358 27.774 28.7635  5.26358 27.774 28.7635  4.59398 27.3818 29.4331  5.26358 27.774 28.7635  5.55982 16.636 19.1338  5.55982 15.3161 19.1338  5.55982 15.3161 19.1338  5.55982 16.636 19.1338  6.49316 15.7027 19.1338  6.21979 15.7027 18.4738  5.55982 15.3161 19.1338  6.21979 15.7027 19.7938 
6.49316 15.7027 19.1338  6.21979 15.7027 18.4738  6.87976 16.636 19.1338  6.49316 16.636 18.2004  6.21979 15.7027 19.7938  6.49316 16.636 20.0671  6.87976 16.636 19.1338  6.49316 16.636 18.2004  6.49316 17.5694 19.1338  6.21979 17.5694 18.4738  6.49316 16.636 20.0671  6.21979 17.5694 19.7938  6.49316 17.5694 19.1338  6.21979 17.5694 18.4738  5.55982 17.956 19.1338  5.55982 17.956 19.1338  6.21979 17.5694 19.7938  5.55982 17.956 19.1338  5.55982 15.3161 19.1338  5.55982 15.3161 19.1338  5.55982 15.7027 18.2004  4.89984 15.7027 18.4738  5.55982 15.3161 19.1338  6.21979 15.7027 18.4738  5.55982 15.7027 18.2004  4.89984 15.7027 18.4738  5.55982 16.636 17.8138  4.62647 16.636 18.2004  6.21979 15.7027 18.4738  6.49316 16.636 18.2004  5.55982 16.636 17.8138  4.62647 16.636 18.2004 
5.55982 17.5694 18.2004  4.89984 17.5694 18.4738  6.49316 16.636 18.2004  6.21979 17.5694 18.4738  5.55982 17.5694 18.2004  4.89984 17.5694 18.4738  5.55982 17.956 19.1338  5.55982 17.956 19.1338  6.21979 17.5694 18.4738  5.55982 17.956 19.1338  5.55982 15.3161 19.1338  5.55982 15.3161 19.1338  4.62647 15.7027 19.1338  4.89984 15.7027 19.7938  5.55982 15.3161 19.1338  4.89984 15.7027 18.4738  4.62647 15.7027 19.1338  4.89984 15.7027 19.7938  4.23987 16.636 19.1338  4.62647 16.636 20.0671  4.89984 15.7027 18.4738  4.62647 16.636 18.2004  4.23987 16.636 19.1338  4.62647 16.636 20.0671  4.62647 17.5694 19.1338  4.89984 17.5694 19.7938  5.55982 16.636 19.1338  4.62647 16.636 18.2004  5.55982 16.636 19.1338  4.89984 17.5694 18.4738  4.62647 17.5694 19.1338  4.89984 17.5694 19.7938 
5.55982 17.956 19.1338  5.55982 17.956 19.1338  4.89984 17.5694 18.4738  5.55982 17.956 19.1338  5.55982 15.3161 19.1338  5.55982 15.3161 19.1338  5.55982 15.7027 20.0671  6.21979 15.7027 19.7938  5.55982 15.3161 19.1338  4.89984 15.7027 19.7938  5.55982 15.7027 20.0671  6.21979 15.7027 19.7938  5.55982 16.636 20.4537  6.49316 16.636 20.0671  4.89984 15.7027 19.7938  4.62647 16.636 20.0671  5.55982 16.636 20.4537  6.49316 16.636 20.0671  5.55982 17.5694 20.0671  6.21979 17.5694 19.7938  4.62647 16.636 20.0671  4.89984 17.5694 19.7938  5.55982 17.5694 20.0671  6.21979 17.5694 19.7938  5.55982 17.956 19.1338  5.55982 17.956 19.1338  4.89984 17.5694 19.7938  5.55982 17.956 19.1338  6.099 18.599 28.7201  6.099 17.1285 28.7201  6.099 17.1285 28.7201  6.099 18.599 28.7201 
7.13877 17.5592 28.7201  6.83423 17.5592 27.9848  6.099 17.1285 28.7201  6.83423 17.5592 29.4553  7.13877 17.5592 28.7201  6.83423 17.5592 27.9848  7.56946 18.599 28.7201  7.13877 18.599 27.6803  6.83423 17.5592 29.4553  7.13877 18.599 29.7599  7.56946 18.599 28.7201  7.13877 18.599 27.6803  7.13877 19.6388 28.7201  6.83423 19.6388 27.9848  7.13877 18.599 29.7599  6.83423 19.6388 29.4553  7.13877 19.6388 28.7201  6.83423 19.6388 27.9848  6.099 20.0695 28.7201  6.099 20.0695 28.7201  6.83423 19.6388 29.4553  6.099 20.0695 28.7201  6.099 17.1285 28.7201  6.099 17.1285 28.7201  6.099 17.5592 27.6803  5.36377 17.5592 27.9848  6.099 17.1285 28.7201  6.83423 17.5592 27.9848  6.099 17.5592 27.6803  5.36377 17.5592 27.9848  6.099 18.599 27.2496  5.05923 18.599 27.6803 
6.83423 17.5592 27.9848  7.13877 18.599 27.6803  6.099 18.599 27.2496  5.05923 18.599 27.6803  6.099 19.6388 27.6803  5.36377 19.6388 27.9848  7.13877 18.599 27.6803  6.83423 19.6388 27.9848  6.099 19.6388 27.6803  5.36377 19.6388 27.9848  6.099 20.0695 28.7201  6.099 20.0695 28.7201  6.83423 19.6388 27.9848  6.099 20.0695 28.7201  6.099 17.1285 28.7201  6.099 17.1285 28.7201  5.05923 17.5592 28.7201  5.36377 17.5592 29.4553  6.099 17.1285 28.7201  5.36377 17.5592 27.9848  5.05923 17.5592 28.7201  5.36377 17.5592 29.4553  4.62854 18.599 28.7201  5.05923 18.599 29.7599  5.36377 17.5592 27.9848  5.05923 18.599 27.6803  4.62854 18.599 28.7201  5.05923 18.599 29.7599  5.05923 19.6388 28.7201  5.36377 19.6388 29.4553  6.099 18.599 28.7201  5.05923 18.599 27.6803 
6.099 18.599 28.7201  5.36377 19.6388 27.9848  5.05923 19.6388 28.7201  5.36377 19.6388 29.4553  6.099 20.0695 28.7201  6.099 20.0695 28.7201  5.36377 19.6388 27.9848  6.099 20.0695 28.7201  6.099 17.1285 28.7201  6.099 17.1285 28.7201  6.099 17.5592 29.7599  6.83423 17.5592 29.4553  6.099 17.1285 28.7201  5.36377 17.5592 29.4553  6.099 17.5592 29.7599  6.83423 17.5592 29.4553  6.099 18.599 30.1905  7.13877 18.599 29.7599  5.36377 17.5592 29.4553  5.05923 18.599 29.7599  6.099 18.599 30.1905  7.13877 18.599 29.7599  6.099 19.6388 29.7599  6.83423 19.6388 29.4553  5.05923 18.599 29.7599  5.36377 19.6388 29.4553  6.099 19.6388 29.7599  6.83423 19.6388 29.4553  6.099 20.0695 28.7201  6.099 20.0695 28.7201  5.36377 19.6388 29.4553  6.099 20.0695 28.7201 
5.88757 11.9767 23.0715  5.88757 10.6608 23.0715  5.88757 10.6608 23.0715  5.88757 11.9767 23.0715  6.81805 11.0462 23.0715  6.54552 11.0462 22.4135  5.88757 10.6608 23.0715  6.54552 11.0462 23.7294  6.81805 11.0462 23.0715  6.54552 11.0462 22.4135  7.20347 11.9767 23.0715  6.81805 11.9767 22.141  6.54552 11.0462 23.7294  6.81805 11.9767 24.002  7.20347 11.9767 23.0715  6.81805 11.9767 22.141  6.81805 12.9072 23.0715  6.54552 12.9072 22.4135  6.81805 11.9767 24.002  6.54552 12.9072 23.7294  6.81805 12.9072 23.0715  6.54552 12.9072 22.4135  5.88757 13.2926 23.0715  5.88757 13.2926 23.0715  6.54552 12.9072 23.7294  5.88757 13.2926 23.0715  5.88757 10.6608 23.0715  5.88757 10.6608 23.0715  5.88757 11.0462 22.141  5.22962 11.0462 22.4135  5.88757 10.6608 23.0715  6.54552 11.0462 22.4135 
5.88757 11.0462 22.141  5.22962 11.0462 22.4135  5.88757 11.9767 21.7556  4.95708 11.9767 22.141  6.54552 11.0462 22.4135  6.81805 11.9767 22.141  5.88757 11.9767 21.7556  4.95708 11.9767 22.141  5.88757 12.9072 22.141  5.22962 12.9072 22.4135  6.81805 11.9767 22.141  6.54552 12.9072 22.4135  5.88757 12.9072 22.141  5.22962 12.9072 22.4135  5.88757 13.2926 23.0715  5.88757 13.2926 23.0715  6.54552 12.9072 22.4135  5.88757 13.2926 23.0715  5.88757 10.6608 23.0715  5.88757 10.6608 23.0715  4.95708 11.0462 23.0715  5.22962 11.0462 23.7294  5.88757 10.6608 23.0715  5.22962 11.0462 22.4135  4.95708 11.0462 23.0715  5.22962 11.0462 23.7294  4.57167 11.9767 23.0715  4.95708 11.9767 24.002  5.22962 11.0462 22.4135  4.95708 11.9767 22.141  4.57167 11.9767 23.0715  4.95708 11.9767 24.002 
4.95708 12.9072 23.0715  5.22962 12.9072 23.7294  5.88757 11.9767 23.0715  4.95708 11.9767 22.141  5.88757 11.9767 23.0715  5.22962 12.9072 22.4135  4.95708 12.9072 23.0715  5.22962 12.9072 23.7294  5.88757 13.2926 23.0715  5.88757 13.2926 23.0715  5.22962 12.9072 22.4135  5.88757 13.2926 23.0715  5.88757 10.6608 23.0715  5.88757 10.6608 23.0715  5.88757 11.0462 24.002  6.54552 11.0462 23.7294  5.88757 10.6608 23.0715  5.22962 11.0462 23.7294  5.88757 11.0462 24.002  6.54552 11.0462 23.7294  5.88757 11.9767 24.3874  6.81805 11.9767 24.002  5.22962 11.0462 23.7294  4.95708 11.9767 24.002  5.88757 11.9767 24.3874  6.81805 11.9767 24.002  5.88757 12.9072 24.002  6.54552 12.9072 23.7294  4.95708 11.9767 24.002  5.22962 12.9072 23.7294  5.88757 12.9072 24.002  6.54552 12.9072 23.7294 
5.88757 13.2926 23.0715  5.88757 13.2926 23.0715  5.22962 12.9072 23.7294  5.88757 13.2926 23.0715  1.68979 7.57161 18.1815  1.68979 6.26306 18.1815  1.68979 6.26306 18.1815  1.68979 7.57161 18.1815  2.61507 6.64633 18.1815  2.34406 6.64633 17.5272  1.68979 6.26306 18.1815  2.34406 6.64633 18.8357  2.61507 6.64633 18.1815  2.34406 6.64633 17.5272  2.99834 7.57161 18.1815  2.61507 7.57161 17.2562  2.34406 6.64633 18.8357  2.61507 7.57161 19.1067  2.99834 7.57161 18.1815  2.61507 7.57161 17.2562  2.61507 8.4969 18.1815  2.34406 8.4969 17.5272  2.61507 7.57161 19.1067  2.34406 8.4969 18.8357  2.61507 8.4969 18.1815  2.34406 8.4969 17.5272  1.68979 8.88016 18.1815  1.68979 8.88016 18.1815  2.34406 8.4969 18.8357  1.68979 8.88016 18.1815  1.68979 6.26306 18.1815  1.68979 6.26306 18.1815 
1.68979 6.64633 17.2562  1.03551 6.64633 17.5272  1.68979 6.26306 18.1815  2.34406 6.64633 17.5272  1.68979 6.64633 17.2562  1.03551 6.64633 17.5272  1.68979 7.57161 16.8729  0.764503 7.57161 17.2562  2.34406 6.64633 17.5272  2.61507 7.57161 17.2562  1.68979 7.57161 16.8729  0.764503 7.57161 17.2562  1.68979 8.4969 17.2562  1.03551 8.4969 17.5272  2.61507 7.57161 17.2562  2.34406 8.4969 17.5272  1.68979 8.4969 17.2562  1.03551 8.4969 17.5272  1.68979 8.88016 18.1815  1.68979 8.88016 18.1815  2.34406 8.4969 17.5272  1.68979 8.88016 18.1815  1.68979 6.26306 18.1815  1.68979 6.26306 18.1815  0.764503 6.64633 18.1815  1.03551 6.64633 18.8357  1.68979 6.26306 18.1815  1.03551 6.64633 17.5272  0.764503 6.64633 18.1815  1.03551 6.64633 18.8357  0.381237 7.57161 18.1815  0.764503 7.57161 19.1067 
1.03551 6.64633 17.5272  0.764503 7.57161 17.2562  0.381237 7.57161 18.1815  0.764503 7.57161 19.1067  0.764503 8.4969 18.1815  1.03551 8.4969 18.8357  1.68979 7.57161 18.1815  0.764503 7.57161 17.2562  1.68979 7.57161 18.1815  1.03551 8.4969 17.5272  0.764503 8.4969 18.1815  1.03551 8.4969 18.8357  1.68979 8.88016 18.1815  1.68979 8.88016 18.1815  1.03551 8.4969 17.5272  1.68979 8.88016 18.1815  1.68979 6.26306 18.1815  1.68979 6.26306 18.1815  1.68979 6.64633 19.1067  2.34406 6.64633 18.8357  1.68979 6.26306 18.1815  1.03551 6.64633 18.8357  1.68979 6.64633 19.1067  2.34406 6.64633 18.8357  1.68979 7.57161 19.49  2.61507 7.57161 19.1067  1.03551 6.64633 18.8357  0.764503 7.57161 19.1067  1.68979 7.57161 19.49  2.61507 7.57161 19.1067  1.68979 8.4969 19.1067  2.34406 8.4969 18.8357 
0.764503 7.57161 19.1067  1.03551 8.4969 18.8357  1.68979 8.4969 19.1067  2.34406 8.4969 18.8357  1.68979 8.88016 18.1815  1.68979 8.88016 18.1815  1.03551 8.4969 18.8357  1.68979 8.88016 18.1815  8.225 11.471 28.8789  8.225 10.2122 28.8789  8.225 10.2122 28.8789  8.225 11.471 28.8789  9.11508 10.5809 28.8789  8.85438 10.5809 28.2495  8.225 10.2122 28.8789  8.85438 10.5809 29.5083  9.11508 10.5809 28.8789  8.85438 10.5809 28.2495  9.48377 11.471 28.8789  9.11508 11.471 27.9888  8.85438 10.5809 29.5083  9.11508 11.471 29.769  9.48377 11.471 28.8789  9.11508 11.471 27.9888  9.11508 12.3611 28.8789  8.85438 12.3611 28.2495  9.11508 11.471 29.769  8.85438 12.3611 29.5083  9.11508 12.3611 28.8789  8.85438 12.3611 28.2495  8.225 12.7298 28.8789  8.225 12.7298 28.8789 
8.85438 12.3611 29.5083  8.225 12.7298 28.8789  8.225 10.2122 28.8789  8.225 10.2122 28.8789  8.225 10.5809 27.9888  7.59561 10.5809 28.2495  8.225 10.2122 28.8789  8.85438 10.5809 28.2495  8.225 10.5809 27.9888  7.59561 10.5809 28.2495  8.225 11.471 27.6201  7.33491 11.471 27.9888  8.85438 10.5809 28.2495  9.11508 11.471 27.9888  8.225 11.471 27.6201  7.33491 11.471 27.9888  8.225 12.3611 27.9888  7.59561 12.3611 28.2495  9.11508 11.471 27.9888  8.85438 12.3611 28.2495  8.225 12.3611 27.9888  7.59561 12.3611 28.2495  8.225 12.7298 28.8789  8.225 12.7298 28.8789  8.85438 12.3611 28.2495  8.225 12.7298 28.8789  8.225 10.2122 28.8789  8.225 10.2122 28.8789  7.33491 10.5809 28.8789  7.59561 10.5809 29.5083  8.225 10.2122 28.8789  7.59561 10.5809 28.2495 
7.33491 10.5809 28.8789  7.59561 10.5809 29.5083  6.96623 11.471 28.8789  7.33491 11.471 29.769  7.59561 10.5809 28.2495  7.33491 11.471 27.9888  6.96623 11.471 28.8789  7.33491 11.471 29.769  7.33491 12.3611 28.8789  7.59561 12.3611 29.5083  8.225 11.471 28.8789  7.33491 11.471 27.9888  8.225 11.471 28.8789  7.59561 12.3611 28.2495  7.33491 12.3611 28.8789  7.59561 12.3611 29.5083  8.225 12.7298 28.8789  8.225 12.7298 28.8789  7.59561 12.3611 28.2495  8.225 12.7298 28.8789  8.225 10.2122 28.8789  8.225 10.2122 28.8789  8.225 10.5809 29.769  8.85438 10.5809 29.5083  8.225 10.2122 28.8789  7.59561 10.5809 29.5083  8.225 10.5809 29.769  8.85438 10.5809 29.5083  8.225 11.471 30.1377  9.11508 11.471 29.769  7.59561 10.5809 29.5083  7.33491 11.471 29.769 
8.225 11.471 30.1377  9.11508 11.471 29.769  8.225 12.3611 29.769  8.85438 12.3611 29.5083  7.33491 11.471 29.769  7.59561 12.3611 29.5083  8.225 12.3611 29.769  8.85438 12.3611 29.5083  8.225 12.7298 28.8789  8.225 12.7298 28.8789  7.59561 12.3611 29.5083  8.225 12.7298 28.8789  0.147703 18.1257 18.9532  0.147703 16.8958 18.9532  0.147703 16.8958 18.9532  0.147703 18.1257 18.9532  1.01738 17.256 18.9532  0.762654 17.256 18.3383  0.147703 16.8958 18.9532  0.762654 17.256 19.5682  1.01738 17.256 18.9532  0.762654 17.256 18.3383  1.37761 18.1257 18.9532  1.01738 18.1257 18.0836  0.762654 17.256 19.5682  1.01738 18.1257 19.8229  1.37761 18.1257 18.9532  1.01738 18.1257 18.0836  1.01738 18.9954 18.9532  0.762654 18.9954 18.3383  1.01738 18.1257 19.8229  0.762654 18.9954 19.5682 
1.01738 18.9954 18.9532  0.762654 18.9954 18.3383  0.147702 19.3556 18.9532  0.147703 19.3556 18.9532  0.762654 18.9954 19.5682  0.147703 19.3556 18.9532  0.147703 16.8958 18.9532  0.147703 16.8958 18.9532  0.147702 17.256 18.0836  -0.467249 17.256 18.3383  0.147703 16.8958 18.9532  0.762654 17.256 18.3383  0.147702 17.256 18.0836  -0.467249 17.256 18.3383  0.147702 18.1257 17.7233  -0.72197 18.1257 18.0836  0.762654 17.256 18.3383  1.01738 18.1257 18.0836  0.147702 18.1257 17.7233  -0.72197 18.1257 18.0836  0.147702 18.9954 18.0836  -0.467249 18.9954 18.3383  1.01738 18.1257 18.0836  0.762654 18.9954 18.3383  0.147702 18.9954 18.0836  -0.467249 18.9954 18.3383  0.147703 19.3556 18.9532  0.147703 19.3556 18.9532  0.762654 18.9954 18.3383  0.147703 19.3556 18.9532  0.147702 16.8958 18.9532  0.147703 16.8958 18.9532 
-0.72197 17.256 18.9532  -0.467249 17.256 19.5682  0.147703 16.8958 18.9532  -0.467249 17.256 18.3383  -0.72197 17.256 18.9532  -0.467249 17.256 19.5682  -1.0822 18.1257 18.9532  -0.72197 18.1257 19.8229  -0.467249 17.256 18.3383  -0.72197 18.1257 18.0836  -1.0822 18.1257 18.9532  -0.72197 18.1257 19.8229  -0.72197 18.9954 18.9532  -0.467249 18.9954 19.5682  0.147703 18.1257 18.9532  -0.72197 18.1257 18.0836  0.147703 18.1257 18.9532  -0.467249 18.9954 18.3383  -0.72197 18.9954 18.9532  -0.467249 18.9954 19.5682  0.147703 19.3556 18.9532  0.147703 19.3556 18.9532  -0.467249 18.9954 18.3383  0.147703 19.3556 18.9532  0.147703 16.8958 18.9532  0.147703 16.8958 18.9532  0.147703 17.256 19.8229  0.762654 17.256 19.5682  0.147703 16.8958 18.9532  -0.467249 17.256 19.5682  0.147703 17.256 19.8229  0.762654 17.256 19.5682 
0.147703 18.1257 20.1831  1.01738 18.1257 19.8229  -0.467249 17.256 19.5682  -0.72197 18.1257 19.8229  0.147703 18.1257 20.1831  1.01738 18.1257 19.8229  0.147703 18.9954 19.8229  0.762654 18.9954 19.5682  -0.72197 18.1257 19.8229  -0.467249 18.9954 19.5682  0.147703 18.9954 19.8229  0.762654 18.9954 19.5682  0.147703 19.3556 18.9532  0.147703 19.3556 18.9532  -0.467249 18.9954 19.5682  0.147703 19.3556 18.9532  5.62582 6.5589 12.1606  5.62582 5.32696 12.1606  5.62582 5.32696 12.1606  5.62582 6.5589 12.1606  6.49694 5.68779 12.1606  6.24179 5.68779 11.5446  5.62582 5.32696 12.1606  6.24179 5.68779 12.7766  6.49694 5.68779 12.1606  6.24179 5.68779 11.5446  6.85777 6.5589 12.1606  6.49694 6.5589 11.2895  6.24179 5.68779 12.7766  6.49694 6.5589 13.0317  6.85777 6.5589 12.1606  6.49694 6.5589 11.2895 
6.49694 7.43002 12.1606  6.24179 7.43002 11.5446  6.49694 6.5589 13.0317  6.24179 7.43002 12.7766  6.49694 7.43002 12.1606  6.24179 7.43002 11.5446  5.62582 7.79085 12.1606  5.62582 7.79085 12.1606  6.24179 7.43002 12.7766  5.62582 7.79085 12.1606  5.62582 5.32696 12.1606  5.62582 5.32696 12.1606  5.62582 5.68779 11.2895  5.00985 5.68779 11.5446  5.62582 5.32696 12.1606  6.24179 5.68779 11.5446  5.62582 5.68779 11.2895  5.00985 5.68779 11.5446  5.62582 6.5589 10.9286  4.7547 6.5589 11.2895  6.24179 5.68779 11.5446  6.49694 6.5589 11.2895  5.62582 6.5589 10.9286  4.7547 6.5589 11.2895  5.62582 7.43002 11.2895  5.00985 7.43002 11.5446  6.49694 6.5589 11.2895  6.24179 7.43002 11.5446  5.62582 7.43002 11.2895  5.00985 7.43002 11.5446  5.62582 7.79085 12.1606  5.62582 7.79085 12.1606 
6.24179 7.43002 11.5446  5.62582 7.79085 12.1606  5.62582 5.32696 12.1606  5.62582 5.32696 12.1606  4.7547 5.68779 12.1606  5.00985 5.68779 12.7766  5.62582 5.32696 12.1606  5.00985 5.68779 11.5446  4.7547 5.68779 12.1606  5.00985 5.68779 12.7766  4.39387 6.5589 12.1606  4.7547 6.5589 13.0317  5.00985 5.68779 11.5446  4.7547 6.5589 11.2895  4.39387 6.5589 12.1606  4.7547 6.5589 13.0317  4.7547 7.43002 12.1606  5.00985 7.43002 12.7766  5.62582 6.5589 12.1606  4.7547 6.5589 11.2895  5.62582 6.5589 12.1606  5.00985 7.43002 11.5446  4.7547 7.43002 12.1606  5.00985 7.43002 12.7766  5.62582 7.79085 12.1606  5.62582 7.79085 12.1606  5.00985 7.43002 11.5446  5.62582 7.79085 12.1606  5.62582 5.32696 12.1606  5.62582 5.32696 12.1606  5.62582 5.68779 13.0317  6.24179 5.68779 12.7766 
5.62582 5.32696 12.1606  5.00985 5.68779 12.7766  5.62582 5.68779 13.0317  6.24179 5.68779 12.7766  5.62582 6.5589 13.3925  6.49694 6.5589 13.0317  5.00985 5.68779 12.7766  4.7547 6.5589 13.0317  5.62582 6.5589 13.3925  6.49694 6.5589 13.0317  5.62582 7.43002 13.0317  6.24179 7.43002 12.7766  4.7547 6.5589 13.0317  5.00985 7.43002 12.7766  5.62582 7.43002 13.0317  6.24179 7.43002 12.7766  5.62582 7.79085 12.1606  5.62582 7.79085 12.1606  5.00985 7.43002 12.7766  5.62582 7.79085 12.1606  4.299 21.927 6.42201  4.299 20.6836 6.42201  4.299 20.6836 6.42201  4.299 21.927 6.42201  5.17817 21.0478 6.42201  4.92067 21.0478 5.80034  4.299 20.6836 6.42201  4.92067 21.0478 7.04368  5.17817 21.0478 6.42201  4.92067 21.0478 5.80034  5.54233 21.927 6.42201  5.17817 21.927 5.54284 
4.92067 21.0478 7.04368  5.17817 21.927 7.30118  5.54233 21.927 6.42201  5.17817 21.927 5.54284  5.17817 22.8061 6.42201  4.92067 22.8061 5.80034  5.17817 21.927 7.30118  4.92067 22.8061 7.04368  5.17817 22.8061 6.42201  4.92067 22.8061 5.80034  4.299 23.1703 6.42201  4.299 23.1703 6.42201  4.92067 22.8061 7.04368  4.299 23.1703 6.42201  4.299 20.6836 6.42201  4.299 20.6836 6.42201  4.299 21.0478 5.54284  3.67733 21.0478 5.80034  4.299 20.6836 6.42201  4.92067 21.0478 5.80034  4.299 21.0478 5.54284  3.67733 21.0478 5.80034  4.299 21.927 5.17868  3.41983 21.927 5.54284  4.92067 21.0478 5.80034  5.17817 21.927 5.54284  4.299 21.927 5.17868  3.41983 21.927 5.54284  4.299 22.8061 5.54284  3.67733 22.8061 5.80034  5.17817 21.927 5.54284  4.92067 22.8061 5.80034 
4.299 22.8061 5.54284  3.67733 22.8061 5.80034  4.299 23.1703 6.42201  4.299 23.1703 6.42201  4.92067 22.8061 5.80034  4.299 23.1703 6.42201  4.299 20.6836 6.42201  4.299 20.6836 6.42201  3.41983 21.0478 6.42201  3.67733 21.0478 7.04368  4.299 20.6836 6.42201  3.67733 21.0478 5.80034  3.41983 21.0478 6.42201  3.67733 21.0478 7.04368  3.05567 21.927 6.42201  3.41983 21.927 7.30118  3.67733 21.0478 5.80034  3.41983 21.927 5.54284  3.05567 21.927 6.42201  3.41983 21.927 7.30118  3.41983 22.8061 6.42201  3.67733 22.8061 7.04368  4.299 21.927 6.42201  3.41983 21.927 5.54284  4.299 21.927 6.42201  3.67733 22.8061 5.80034  3.41983 22.8061 6.42201  3.67733 22.8061 7.04368  4.299 23.1703 6.42201  4.299 23.1703 6.42201  3.67733 22.8061 5.80034  4.299 23.1703 6.42201 
4.299 20.6836 6.42201  4.299 20.6836 6.42201  4.299 21.0478 7.30118  4.92067 21.0478 7.04368  4.299 20.6836 6.42201  3.67733 21.0478 7.04368  4.299 21.0478 7.30118  4.92067 21.0478 7.04368  4.299 21.927 7.66534  5.17817 21.927 7.30118  3.67733 21.0478 7.04368  3.41983 21.927 7.30118  4.299 21.927 7.66534  5.17817 21.927 7.30118  4.299 22.8061 7.30118  4.92067 22.8061 7.04368  3.41983 21.927 7.30118  3.67733 22.8061 7.04368  4.299 22.8061 7.30118  4.92067 22.8061 7.04368  4.299 23.1703 6.42201  4.299 23.1703 6.42201  3.67733 22.8061 7.04368  4.299 23.1703 6.42201  9.95 22.1859 23.6133  9.95 20.9559 23.6133  9.95 20.9559 23.6133  9.95 22.1859 23.6133  10.8198 21.3161 23.6133  10.565 21.3161 22.9983  9.95 20.9559 23.6133  10.565 21.3161 24.2284 
10.8198 21.3161 23.6133  10.565 21.3161 22.9983  11.18 22.1859 23.6133  10.8198 22.1859 22.7436  10.565 21.3161 24.2284  10.8198 22.1859 24.4831  11.18 22.1859 23.6133  10.8198 22.1859 22.7436  10.8198 23.0557 23.6133  10.565 23.0557 22.9983  10.8198 22.1859 24.4831  10.565 23.0557 24.2284  10.8198 23.0557 23.6133  10.565 23.0557 22.9983  9.95 23.416 23.6133  9.95 23.416 23.6133  10.565 23.0557 24.2284  9.95 23.416 23.6133  9.95 20.9559 23.6133  9.95 20.9559 23.6133  9.95 21.3161 22.7436  9.33498 21.3161 22.9983  9.95 20.9559 23.6133  10.565 21.3161 22.9983  9.95 21.3161 22.7436  9.33498 21.3161 22.9983  9.95 22.1859 22.3833  9.08023 22.1859 22.7436  10.565 21.3161 22.9983  10.8198 22.1859 22.7436  9.95 22.1859 22.3833  9.08023 22.1859 22.7436 
9.95 23.0557 22.7436  9.33498 23.0557 22.9983  10.8198 22.1859 22.7436  10.565 23.0557 22.9983  9.95 23.0557 22.7436  9.33498 23.0557 22.9983  9.95 23.416 23.6133  9.95 23.416 23.6133  10.565 23.0557 22.9983  9.95 23.416 23.6133  9.95 20.9559 23.6133  9.95 20.9559 23.6133  9.08023 21.3161 23.6133  9.33498 21.3161 24.2284  9.95 20.9559 23.6133  9.33498 21.3161 22.9983  9.08023 21.3161 23.6133  9.33498 21.3161 24.2284  8.71995 22.1859 23.6133  9.08023 22.1859 24.4831  9.33498 21.3161 22.9983  9.08023 22.1859 22.7436  8.71995 22.1859 23.6133  9.08023 22.1859 24.4831  9.08023 23.0557 23.6133  9.33498 23.0557 24.2284  9.95 22.1859 23.6133  9.08023 22.1859 22.7436  9.95 22.1859 23.6133  9.33498 23.0557 22.9983  9.08023 23.0557 23.6133  9.33498 23.0557 24.2284 
9.95 23.416 23.6133  9.95 23.416 23.6133  9.33498 23.0557 22.9983  9.95 23.416 23.6133  9.95 20.9559 23.6133  9.95 20.9559 23.6133  9.95 21.3161 24.4831  10.565 21.3161 24.2284  9.95 20.9559 23.6133  9.33498 21.3161 24.2284  9.95 21.3161 24.4831  10.565 21.3161 24.2284  9.95 22.1859 24.8434  10.8198 22.1859 24.4831  9.33498 21.3161 24.2284  9.08023 22.1859 24.4831  9.95 22.1859 24.8434  10.8198 22.1859 24.4831  9.95 23.0557 24.4831  10.565 23.0557 24.2284  9.08023 22.1859 24.4831  9.33498 23.0557 24.2284  9.95 23.0557 24.4831  10.565 23.0557 24.2284  9.95 23.416 23.6133  9.95 23.416 23.6133  9.33498 23.0557 24.2284  9.95 23.416 23.6133  0.05 5.66522 15.4367  0.0500001 4.46469 15.4367  0.05 4.46469 15.4367  0.05 5.66522 15.4367 
0.898898 4.81632 15.4367  0.650261 4.81632 14.8364  0.05 4.46469 15.4367  0.650261 4.81632 16.0369  0.898898 4.81632 15.4367  0.650261 4.81632 14.8364  1.25052 5.66522 15.4367  0.898898 5.66522 14.5878  0.650261 4.81632 16.0369  0.898898 5.66522 16.2856  1.25052 5.66522 15.4367  0.898898 5.66522 14.5878  0.898898 6.51411 15.4367  0.650261 6.51411 14.8364  0.898898 5.66522 16.2856  0.650261 6.51411 16.0369  0.898898 6.51411 15.4367  0.650261 6.51411 14.8364  0.0499999 6.86574 15.4367  0.05 6.86574 15.4367  0.650261 6.51411 16.0369  0.05 6.86574 15.4367  0.05 4.46469 15.4367  0.05 4.46469 15.4367  0.0499999 4.81632 14.5878  -0.550261 4.81632 14.8364  0.05 4.46469 15.4367  0.650261 4.81632 14.8364  0.0499999 4.81632 14.5878  -0.550261 4.81632 14.8364  0.0499999 5.66522 14.2361  -0.798898 5.66522 14.5878 
0.650261 4.81632 14.8364  0.898897 5.66522 14.5878  0.0499999 5.66522 14.2361  -0.798898 5.66522 14.5878  0.0499999 6.51411 14.5878  -0.550261 6.51411 14.8364  0.898897 5.66522 14.5878  0.650261 6.51411 14.8364  0.0499999 6.51411 14.5878  -0.550261 6.51411 14.8364  0.05 6.86574 15.4367  0.05 6.86574 15.4367  0.650261 6.51411 14.8364  0.05 6.86574 15.4367  0.0499999 4.46469 15.4367  0.05 4.46469 15.4367  -0.798898 4.81632 15.4367  -0.550261 4.81632 16.0369  0.05 4.46469 15.4367  -0.550261 4.81632 14.8364  -0.798898 4.81632 15.4367  -0.550261 4.81632 16.0369  -1.15052 5.66522 15.4367  -0.798897 5.66522 16.2856  -0.550261 4.81632 14.8364  -0.798898 5.66522 14.5878  -1.15052 5.66522 15.4367  -0.798897 5.66522 16.2856  -0.798898 6.51411 15.4367  -0.550261 6.51411 16.0369  0.05 5.66522 15.4367  -0.798898 5.66522 14.5878 
0.05 5.66522 15.4367  -0.550261 6.51411 14.8364  -0.798898 6.51411 15.4367  -0.550261 6.51411 16.0369  0.0500001 6.86574 15.4367  0.05 6.86574 15.4367  -0.550261 6.51411 14.8364  0.05 6.86574 15.4367  0.05 4.46469 15.4367  0.05 4.46469 15.4367  0.0500001 4.81632 16.2856  0.650261 4.81632 16.0369  0.05 4.46469 15.4367  -0.550261 4.81632 16.0369  0.0500001 4.81632 16.2856  0.650261 4.81632 16.0369  0.0500002 5.66522 16.6372  0.898898 5.66522 16.2856  -0.550261 4.81632 16.0369  -0.798897 5.66522 16.2856  0.0500002 5.66522 16.6372  0.898898 5.66522 16.2856  0.0500001 6.51411 16.2856  0.650261 6.51411 16.0369  -0.798897 5.66522 16.2856  -0.550261 6.51411 16.0369  0.0500001 6.51411 16.2856  0.650261 6.51411 16.0369  0.05 6.86574 15.4367  0.05 6.86574 15.4367  -0.550261 6.51411 16.0369  0.05 6.86574 15.4367 
7.93612 5.98643 1.06306  7.93612 4.77413 1.06306  7.93612 4.77413 1.06306  7.93612 5.98643 1.06306  8.79335 5.1292 1.06306  8.54227 5.1292 0.456909  7.93612 4.77413 1.06306  8.54227 5.1292 1.66922  8.79335 5.1292 1.06306  8.54227 5.1292 0.456909  9.14843 5.98643 1.06306  8.79335 5.98643 0.205832  8.54227 5.1292 1.66922  8.79335 5.98643 1.92029  9.14843 5.98643 1.06306  8.79335 5.98643 0.205832  8.79335 6.84366 1.06306  8.54227 6.84366 0.45691  8.79335 5.98643 1.92029  8.54227 6.84366 1.66922  8.79335 6.84366 1.06306  8.54227 6.84366 0.45691  7.93612 7.19874 1.06306  7.93612 7.19874 1.06306  8.54227 6.84366 1.66922  7.93612 7.19874 1.06306  7.93612 4.77413 1.06306  7.93612 4.77413 1.06306  7.93612 5.1292 0.205832  7.32996 5.1292 0.45691  7.93612 4.77413 1.06306  8.54227 5.1292 0.456909 
7.93612 5.1292 0.205832  7.32996 5.1292 0.45691  7.93612 5.98643 -0.149244  7.07889 5.98643 0.205832  8.54227 5.1292 0.456909  8.79335 5.98643 0.205832  7.93612 5.98643 -0.149244  7.07889 5.98643 0.205832  7.93612 6.84366 0.205832  7.32996 6.84366 0.45691  8.79335 5.98643 0.205832  8.54227 6.84366 0.45691  7.93612 6.84366 0.205832  7.32996 6.84366 0.45691  7.93612 7.19874 1.06306  7.93612 7.19874 1.06306  8.54227 6.84366 0.45691  7.93612 7.19874 1.06306  7.93612 4.77413 1.06306  7.93612 4.77413 1.06306  7.07889 5.1292 1.06306  7.32996 5.1292 1.66922  7.93612 4.77413 1.06306  7.32996 5.1292 0.45691  7.07889 5.1292 1.06306  7.32996 5.1292 1.66922  6.72381 5.98643 1.06306  7.07889 5.98643 1.92029  7.32996 5.1292 0.45691  7.07889 5.98643 0.205832  6.72381 5.98643 1.06306  7.07889 5.98643 1.92029 
7.07889 6.84366 1.06306  7.32996 6.84366 1.66922  7.93612 5.98643 1.06306  7.07889 5.98643 0.205832  7.93612 5.98643 1.06306  7.32996 6.84366 0.45691  7.07889 6.84366 1.06306  7.32996 6.84366 1.66922  7.93612 7.19874 1.06306  7.93612 7.19874 1.06306  7.32996 6.84366 0.45691  7.93612 7.19874 1.06306  7.93612 4.77413 1.06306  7.93612 4.77413 1.06306  7.93612 5.1292 1.92029  8.54227 5.1292 1.66922  7.93612 4.77413 1.06306  7.32996 5.1292 1.66922  7.93612 5.1292 1.92029  8.54227 5.1292 1.66922  7.93612 5.98643 2.27537  8.79335 5.98643 1.92029  7.32996 5.1292 1.66922  7.07889 5.98643 1.92029  7.93612 5.98643 2.27537  8.79335 5.98643 1.92029  7.93612 6.84366 1.92029  8.54227 6.84366 1.66922  7.07889 5.98643 1.92029  7.32996 6.84366 1.66922  7.93612 6.84366 1.92029  8.54227 6.84366 1.66922 
7.93612 7.19874 1.06306  7.93612 7.19874 1.06306  7.32996 6.84366 1.66922  7.93612 7.19874 1.06306  0.651656 28.942 16.0519  0.651656 27.7679 16.0519  0.651656 27.7679 16.0519  0.651656 28.942 16.0519  1.48185 28.1118 16.0519  1.23869 28.1118 15.4649  0.651656 27.7679 16.0519  1.23869 28.1118 16.6389  1.48185 28.1118 16.0519  1.23869 28.1118 15.4649  1.82573 28.942 16.0519  1.48185 28.942 15.2217  1.23869 28.1118 16.6389  1.48185 28.942 16.8821  1.82573 28.942 16.0519  1.48185 28.942 15.2217  1.48185 29.7722 16.0519  1.23869 29.7722 15.4649  1.48185 28.942 16.8821  1.23869 29.7722 16.6389  1.48185 29.7722 16.0519  1.23869 29.7722 15.4649  0.651656 30.1161 16.0519  0.651656 30.1161 16.0519  1.23869 29.7722 16.6389  0.651656 30.1161 16.0519  0.651656 27.7679 16.0519  0.651656 27.7679 16.0519 
0.651656 28.1118 15.2217  0.0646198 28.1118 15.4649  0.651656 27.7679 16.0519  1.23869 28.1118 15.4649  0.651656 28.1118 15.2217  0.0646198 28.1118 15.4649  0.651656 28.942 14.8778  -0.178539 28.942 15.2217  1.23869 28.1118 15.4649  1.48185 28.942 15.2217  0.651656 28.942 14.8778  -0.178539 28.942 15.2217  0.651656 29.7722 15.2217  0.0646198 29.7722 15.4649  1.48185 28.942 15.2217  1.23869 29.7722 15.4649  0.651656 29.7722 15.2217  0.0646198 29.7722 15.4649  0.651656 30.1161 16.0519  0.651656 30.1161 16.0519  1.23869 29.7722 15.4649  0.651656 30.1161 16.0519  0.651656 27.7679 16.0519  0.651656 27.7679 16.0519  -0.178539 28.1118 16.0519  0.0646199 28.1118 16.6389  0.651656 27.7679 16.0519  0.0646197 28.1118 15.4649  -0.178539 28.1118 16.0519  0.0646199 28.1118 16.6389  -0.522416 28.942 16.0519  -0.178538 28.942 16.8821 
0.0646197 28.1118 15.4649  -0.178539 28.942 15.2217  -0.522416 28.942 16.0519  -0.178538 28.942 16.8821  -0.178538 29.7722 16.0519  0.06462 29.7722 16.6389  0.651656 28.942 16.0519  -0.178539 28.942 15.2217  0.651656 28.942 16.0519  0.0646198 29.7722 15.4649  -0.178538 29.7722 16.0519  0.06462 29.7722 16.6389  0.651656 30.1161 16.0519  0.651656 30.1161 16.0519  0.0646198 29.7722 15.4649  0.651656 30.1161 16.0519  0.651656 27.7679 16.0519  0.651656 27.7679 16.0519  0.651656 28.1118 16.8821  1.23869 28.1118 16.6389  0.651656 27.7679 16.0519  0.0646199 28.1118 16.6389  0.651656 28.1118 16.8821  1.23869 28.1118 16.6389  0.651656 28.942 17.226  1.48185 28.942 16.8821  0.0646199 28.1118 16.6389  -0.178538 28.942 16.8821  0.651656 28.942 17.226  1.48185 28.942 16.8821  0.651656 29.7722 16.8821  1.23869 29.7722 16.6389 
-0.178538 28.942 16.8821  0.06462 29.7722 16.6389  0.651656 29.7722 16.8821  1.23869 29.7722 16.6389  0.651656 30.1161 16.0519  0.651656 30.1161 16.0519  0.06462 29.7722 16.6389  0.651656 30.1161 16.0519  1.35038 28.8842 4.83587  1.35038 27.6922 4.83587  1.35038 27.6922 4.83586  1.35038 28.8842 4.83587  2.19322 28.0414 4.83586  1.94636 28.0414 4.23988  1.35038 27.6922 4.83587  1.94636 28.0414 5.43185  2.19322 28.0414 4.83586  1.94636 28.0414 4.23988  2.54234 28.8842 4.83586  2.19322 28.8842 3.99302  1.94636 28.0414 5.43185  2.19322 28.8842 5.67871  2.54234 28.8842 4.83586  2.19322 28.8842 3.99302  2.19322 29.727 4.83586  1.94636 29.727 4.23988  2.19322 28.8842 5.67871  1.94636 29.727 5.43185  2.19322 29.727 4.83586  1.94636 29.727 4.23988  1.35038 30.0762 4.83587  1.35038 30.0762 4.83587 
1.94636 29.727 5.43185  1.35038 30.0762 4.83586  1.35038 27.6922 4.83586  1.35038 27.6922 4.83586  1.35038 28.0414 3.99302  0.754396 28.0414 4.23988  1.35038 27.6922 4.83586  1.94636 28.0414 4.23988  1.35038 28.0414 3.99302  0.754396 28.0414 4.23988  1.35038 28.8842 3.6439  0.507532 28.8842 3.99302  1.94636 28.0414 4.23988  2.19322 28.8842 3.99302  1.35038 28.8842 3.6439  0.507532 28.8842 3.99302  1.35038 29.727 3.99302  0.754396 29.727 4.23988  2.19322 28.8842 3.99302  1.94636 29.727 4.23988  1.35038 29.727 3.99302  0.754396 29.727 4.23988  1.35038 30.0762 4.83587  1.35038 30.0762 4.83587  1.94636 29.727 4.23988  1.35038 30.0762 4.83587  1.35038 27.6922 4.83587  1.35038 27.6922 4.83587  0.507532 28.0414 4.83587  0.754396 28.0414 5.43185  1.35038 27.6922 4.83586  0.754396 28.0414 4.23988 
0.507532 28.0414 4.83587  0.754396 28.0414 5.43185  0.158415 28.8842 4.83587  0.507532 28.8842 5.67871  0.754396 28.0414 4.23988  0.507532 28.8842 3.99302  0.158415 28.8842 4.83587  0.507532 28.8842 5.67871  0.507532 29.727 4.83587  0.754396 29.727 5.43185  1.35038 28.8842 4.83587  0.507532 28.8842 3.99302  1.35038 28.8842 4.83587  0.754396 29.727 4.23988  0.507532 29.727 4.83587  0.754396 29.727 5.43185  1.35038 30.0762 4.83587  1.35038 30.0762 4.83586  0.754396 29.727 4.23988  1.35038 30.0762 4.83587  1.35038 27.6922 4.83587  1.35038 27.6922 4.83587  1.35038 28.0414 5.67871  1.94636 28.0414 5.43185  1.35038 27.6922 4.83587  0.754396 28.0414 5.43185  1.35038 28.0414 5.67871  1.94636 28.0414 5.43185  1.35038 28.8842 6.02783  2.19322 28.8842 5.67871  0.754396 28.0414 5.43185  0.507532 28.8842 5.67871 
1.35038 28.8842 6.02783  2.19322 28.8842 5.67871  1.35038 29.727 5.67871  1.94636 29.727 5.43185  0.507532 28.8842 5.67871  0.754396 29.727 5.43185  1.35038 29.727 5.67871  1.94636 29.727 5.43185  1.35038 30.0762 4.83586  1.35038 30.0762 4.83586  0.754396 29.727 5.43185  1.35038 30.0762 4.83586  2.15931 11.0357 17.999  2.15931 9.83379 17.999  2.15931 9.83379 17.999  2.15931 11.0357 17.999  3.00921 10.1858 17.999  2.76028 10.1858 17.398  2.15931 9.83379 17.999  2.76028 10.1858 18.6  3.00921 10.1858 17.999  2.76028 10.1858 17.398  3.36125 11.0357 17.999  3.00921 11.0357 17.1491  2.76028 10.1858 18.6  3.00921 11.0357 18.8489  3.36125 11.0357 17.999  3.00921 11.0357 17.1491  3.00921 11.8856 17.999  2.76028 11.8856 17.398  3.00921 11.0357 18.8489  2.76028 11.8856 18.6 
3.00921 11.8856 17.999  2.76028 11.8856 17.398  2.15931 12.2377 17.999  2.15931 12.2377 17.999  2.76028 11.8856 18.6  2.15931 12.2377 17.999  2.15931 9.83379 17.999  2.15931 9.83379 17.999  2.15931 10.1858 17.1491  1.55834 10.1858 17.398  2.15931 9.83379 17.999  2.76028 10.1858 17.398  2.15931 10.1858 17.1491  1.55834 10.1858 17.398  2.15931 11.0357 16.7971  1.3094 11.0357 17.1491  2.76028 10.1858 17.398  3.00921 11.0357 17.1491  2.15931 11.0357 16.7971  1.3094 11.0357 17.1491  2.15931 11.8856 17.1491  1.55834 11.8856 17.398  3.00921 11.0357 17.1491  2.76028 11.8856 17.398  2.15931 11.8856 17.1491  1.55834 11.8856 17.398  2.15931 12.2377 17.999  2.15931 12.2377 17.999  2.76028 11.8856 17.398  2.15931 12.2377 17.999  2.15931 9.83379 17.999  2.15931 9.83379 17.999 
1.3094 10.1858 17.999  1.55834 10.1858 18.6  2.15931 9.83379 17.999  1.55834 10.1858 17.398  1.3094 10.1858 17.999  1.55834 10.1858 18.6  0.957364 11.0357 17.999  1.3094 11.0357 18.8489  1.55834 10.1858 17.398  1.3094 11.0357 17.1491  0.957364 11.0357 17.999  1.3094 11.0357 18.8489  1.3094 11.8856 17.999  1.55834 11.8856 18.6  2.15931 11.0357 17.999  1.3094 11.0357 17.1491  2.15931 11.0357 17.999  1.55834 11.8856 17.398  1.3094 11.8856 17.999  1.55834 11.8856 18.6  2.15931 12.2377 17.999  2.15931 12.2377 17.999  1.55834 11.8856 17.398  2.15931 12.2377 17.999  2.15931 9.83379 17.999  2.15931 9.83379 17.999  2.15931 10.1858 18.8489  2.76028 10.1858 18.6  2.15931 9.83379 17.999  1.55834 10.1858 18.6  2.15931 10.1858 18.8489  2.76028 10.1858 18.6 
2.15931 11.0357 19.2009  3.00921 11.0357 18.8489  1.55834 10.1858 18.6  1.3094 11.0357 18.8489  2.15931 11.0357 19.2009  3.00921 11.0357 18.8489  2.15931 11.8856 18.8489  2.76028 11.8856 18.6  1.3094 11.0357 18.8489  1.55834 11.8856 18.6  2.15931 11.8856 18.8489  2.76028 11.8856 18.6  2.15931 12.2377 17.999  2.15931 12.2377 17.999  1.55834 11.8856 18.6  2.15931 12.2377 17.999  1.70785 2.53756 2.48232  1.70785 1.33724 2.48232  1.70785 1.33724 2.48232  1.70785 2.53756 2.48232  2.55661 1.68881 2.48232  2.30801 1.68881 1.88216  1.70785 1.33724 2.48232  2.30801 1.68881 3.08248  2.55661 1.68881 2.48232  2.30801 1.68881 1.88216  2.90818 2.53756 2.48232  2.55661 2.53756 1.63357  2.30801 1.68881 3.08248  2.55661 2.53756 3.33108  2.90818 2.53756 2.48232  2.55661 2.53756 1.63357 
2.55661 3.38632 2.48232  2.30801 3.38632 1.88216  2.55661 2.53756 3.33108  2.30801 3.38632 3.08248  2.55661 3.38632 2.48232  2.30801 3.38632 1.88216  1.70785 3.73789 2.48232  1.70785 3.73789 2.48232  2.30801 3.38632 3.08248  1.70785 3.73789 2.48232  1.70785 1.33724 2.48232  1.70785 1.33724 2.48232  1.70785 1.68881 1.63357  1.10769 1.68881 1.88216  1.70785 1.33724 2.48232  2.30801 1.68881 1.88216  1.70785 1.68881 1.63357  1.10769 1.68881 1.88216  1.70785 2.53756 1.282  0.859098 2.53756 1.63357  2.30801 1.68881 1.88216  2.55661 2.53756 1.63357  1.70785 2.53756 1.282  0.859098 2.53756 1.63357  1.70785 3.38632 1.63357  1.10769 3.38632 1.88216  2.55661 2.53756 1.63357  2.30801 3.38632 1.88216  1.70785 3.38632 1.63357  1.10769 3.38632 1.88216  1.70785 3.73789 2.48232  1.70785 3.73789 2.48232 
2.30801 3.38632 1.88216  1.70785 3.73789 2.48232  1.70785 1.33724 2.48232  1.70785 1.33724 2.48232  0.859098 1.68881 2.48232  1.10769 1.68881 3.08248  1.70785 1.33724 2.48232  1.10769 1.68881 1.88216  0.859098 1.68881 2.48232  1.10769 1.68881 3.08248  0.507533 2.53756 2.48232  0.859099 2.53756 3.33108  1.10769 1.68881 1.88216  0.859098 2.53756 1.63357  0.507533 2.53756 2.48232  0.859099 2.53756 3.33108  0.859099 3.38632 2.48232  1.10769 3.38632 3.08248  1.70785 2.53756 2.48232  0.859098 2.53756 1.63357  1.70785 2.53756 2.48232  1.10769 3.38632 1.88216  0.859099 3.38632 2.48232  1.10769 3.38632 3.08248  1.70785 3.73789 2.48232  1.70785 3.73789 2.48232  1.10769 3.38632 1.88216  1.70785 3.73789 2.48232  1.70785 1.33724 2.48232  1.70785 1.33724 2.48232  1.70785 1.68881 3.33108  2.30801 1.68881 3.08248 
1.70785 1.33724 2.48232  1.10769 1.68881 3.08248  1.70785 1.68881 3.33108  2.30801 1.68881 3.08248  1.70785 2.53756 3.68264  2.55661 2.53756 3.33108  1.10769 1.68881 3.08248  0.859099 2.53756 3.33108  1.70785 2.53756 3.68264  2.55661 2.53756 3.33108  1.70785 3.38632 3.33108  2.30801 3.38632 3.08248  0.859099 2.53756 3.33108  1.10769 3.38632 3.08248  1.70785 3.38632 3.33108  2.30801 3.38632 3.08248  1.70785 3.73789 2.48232  1.70785 3.73789 2.48232  1.10769 3.38632 3.08248  1.70785 3.73789 2.48232  7.15155 19.2466 6.75384  7.15155 18.093 6.75384  7.15155 18.093 6.75384  7.15155 19.2466 6.75384  7.96725 18.4309 6.75384  7.72834 18.4309 6.17705  7.15155 18.093 6.75384  7.72834 18.4309 7.33063  7.96725 18.4309 6.75384  7.72834 18.4309 6.17705  8.30513 19.2466 6.75384  7.96725 19.2466 5.93814 
7.72834 18.4309 7.33063  7.96725 19.2466 7.56954  8.30513 19.2466 6.75384  7.96725 19.2466 5.93814  7.96725 20.0623 6.75384  7.72834 20.0623 6.17705  7.96725 19.2466 7.56954  7.72834 20.0623 7.33063  7.96725 20.0623 6.75384  7.72834 20.0623 6.17705  7.15155 20.4002 6.75384  7.15155 20.4002 6.75384  7.72834 20.0623 7.33063  7.15155 20.4002 6.75384  7.15155 18.093 6.75384  7.15155 18.093 6.75384  7.15155 18.4309 5.93814  6.57476 18.4309 6.17705  7.15155 18.093 6.75384  7.72834 18.4309 6.17705  7.15155 18.4309 5.93814  6.57476 18.4309 6.17705  7.15155 19.2466 5.60026  6.33585 19.2466 5.93814  7.72834 18.4309 6.17705  7.96725 19.2466 5.93814  7.15155 19.2466 5.60026  6.33585 19.2466 5.93814  7.15155 20.0623 5.93814  6.57476 20.0623 6.17705  7.96725 19.2466 5.93814  7.72834 20.0623 6.17705 
7.15155 20.0623 5.93814  6.57476 20.0623 6.17705  7.15155 20.4002 6.75384  7.15155 20.4002 6.75384  7.72834 20.0623 6.17705  7.15155 20.4002 6.75384  7.15155 18.093 6.75384  7.15155 18.093 6.75384  6.33585 18.4309 6.75384  6.57476 18.4309 7.33063  7.15155 18.093 6.75384  6.57476 18.4309 6.17705  6.33585 18.4309 6.75384  6.57476 18.4309 7.33063  5.99797 19.2466 6.75384  6.33585 19.2466 7.56954  6.57476 18.4309 6.17705  6.33585 19.2466 5.93814  5.99797 19.2466 6.75384  6.33585 19.2466 7.56954  6.33585 20.0623 6.75384  6.57476 20.0623 7.33063  7.15155 19.2466 6.75384  6.33585 19.2466 5.93814  7.15155 19.2466 6.75384  6.57476 20.0623 6.17705  6.33585 20.0623 6.75384  6.57476 20.0623 7.33063  7.15155 20.4002 6.75384  7.15155 20.4002 6.75384  6.57476 20.0623 6.17705  7.15155 20.4002 6.75384 
7.15155 18.093 6.75384  7.15155 18.093 6.75384  7.15155 18.4309 7.56954  7.72834 18.4309 7.33063  7.15155 18.093 6.75384  6.57476 18.4309 7.33063  7.15155 18.4309 7.56954  7.72834 18.4309 7.33063  7.15155 19.2466 7.90742  7.96725 19.2466 7.56954  6.57476 18.4309 7.33063  6.33585 19.2466 7.56954  7.15155 19.2466 7.90742  7.96725 19.2466 7.56954  7.15155 20.0623 7.56954  7.72834 20.0623 7.33063  6.33585 19.2466 7.56954  6.57476 20.0623 7.33063  7.15155 20.0623 7.56954  7.72834 20.0623 7.33063  7.15155 20.4002 6.75384  7.15155 20.4002 6.75384  6.57476 20.0623 7.33063  7.15155 20.4002 6.75384  9.95 3.43315 1.07158  9.95 2.2634 1.07158  9.95 2.2634 1.07158  9.95 3.43315 1.07158  10.7771 2.60601 1.07158  10.5349 2.60601 0.486701  9.95 2.2634 1.07158  10.5349 2.60601 1.65645 
10.7771 2.60601 1.07158  10.5349 2.60601 0.486701  11.1197 3.43315 1.07158  10.7771 3.43315 0.244438  10.5349 2.60601 1.65645  10.7771 3.43315 1.89871  11.1197 3.43315 1.07158  10.7771 3.43315 0.244438  10.7771 4.26028 1.07158  10.5349 4.26028 0.486701  10.7771 3.43315 1.89871  10.5349 4.26028 1.65645  10.7771 4.26028 1.07158  10.5349 4.26028 0.486701  9.95 4.6029 1.07158  9.95 4.6029 1.07158  10.5349 4.26028 1.65645  9.95 4.6029 1.07158  9.95 2.2634 1.07158  9.95 2.2634 1.07158  9.95 2.60601 0.244438  9.36513 2.60601 0.486701  9.95 2.2634 1.07158  10.5349 2.60601 0.486701  9.95 2.60601 0.244438  9.36513 2.60601 0.486701  9.95 3.43315 -0.0981732  9.12286 3.43315 0.244438  10.5349 2.60601 0.486701  10.7771 3.43315 0.244438  9.95 3.43315 -0.0981732  9.12286 3.43315 0.244438 
9.95 4.26028 0.244438  9.36513 4.26028 0.486701  10.7771 3.43315 0.244438  10.5349 4.26028 0.486701  9.95 4.26028 0.244438  9.36513 4.26028 0.486701  9.95 4.6029 1.07158  9.95 4.6029 1.07158  10.5349 4.26028 0.486701  9.95 4.6029 1.07158  9.95 2.2634 1.07158  9.95 2.2634 1.07158  9.12286 2.60601 1.07158  9.36513 2.60601 1.65645  9.95 2.2634 1.07158  9.36513 2.60601 0.486701  9.12286 2.60601 1.07158  9.36513 2.60601 1.65645  8.78025 3.43315 1.07158  9.12286 3.43315 1.89871  9.36513 2.60601 0.486701  9.12286 3.43315 0.244438  8.78025 3.43315 1.07158  9.12286 3.43315 1.89871  9.12286 4.26028 1.07158  9.36513 4.26028 1.65645  9.95 3.43315 1.07158  9.12286 3.43315 0.244438  9.95 3.43315 1.07158  9.36513 4.26028 0.486701  9.12286 4.26028 1.07158  9.36513 4.26028 1.65645 
9.95 4.6029 1.07158  9.95 4.6029 1.07158  9.36513 4.26028 0.486701  9.95 4.6029 1.07158  9.95 2.2634 1.07158  9.95 2.2634 1.07158  9.95 2.60601 1.89871  10.5349 2.60601 1.65645  9.95 2.2634 1.07158  9.36513 2.60601 1.65645  9.95 2.60601 1.89871  10.5349 2.60601 1.65645  9.95 3.43315 2.24132  10.7771 3.43315 1.89871  9.36513 2.60601 1.65645  9.12286 3.43315 1.89871  9.95 3.43315 2.24132  10.7771 3.43315 1.89871  9.95 4.26028 1.89871  10.5349 4.26028 1.65645  9.12286 3.43315 1.89871  9.36513 4.26028 1.65645  9.95 4.26028 1.89871  10.5349 4.26028 1.65645  9.95 4.6029 1.07158  9.95 4.6029 1.07158  9.36513 4.26028 1.65645  9.95 4.6029 1.07158  3.12132 24.0081 26.6668  3.12132 22.8642 26.6668  3.12132 22.8642 26.6668  3.12132 24.0081 26.6668 
3.93018 23.1992 26.6668  3.69327 23.1992 26.0948  3.12132 22.8642 26.6668  3.69327 23.1992 27.2387  3.93018 23.1992 26.6668  3.69327 23.1992 26.0948  4.26522 24.0081 26.6668  3.93018 24.0081 25.8579  3.69327 23.1992 27.2387  3.93018 24.0081 27.4757  4.26522 24.0081 26.6668  3.93018 24.0081 25.8579  3.93018 24.8169 26.6668  3.69327 24.8169 26.0948  3.93018 24.0081 27.4757  3.69327 24.8169 27.2387  3.93018 24.8169 26.6668  3.69327 24.8169 26.0948  3.12132 25.1519 26.6668  3.12132 25.1519 26.6668  3.69327 24.8169 27.2387  3.12132 25.1519 26.6668  3.12132 22.8642 26.6668  3.12132 22.8642 26.6668  3.12132 23.1992 25.8579  2.54937 23.1992 26.0948  3.12132 22.8642 26.6668  3.69327 23.1992 26.0948  3.12132 23.1992 25.8579  2.54937 23.1992 26.0948  3.12132 24.0081 25.5229  2.31246 24.0081 25.8579 
3.69327 23.1992 26.0948  3.93018 24.0081 25.8579  3.12132 24.0081 25.5229  2.31246 24.0081 25.8579  3.12132 24.8169 25.8579  2.54937 24.8169 26.0948  3.93018 24.0081 25.8579  3.69327 24.8169 26.0948  3.12132 24.8169 25.8579  2.54937 24.8169 26.0948  3.12132 25.1519 26.6668  3.12132 25.1519 26.6668  3.69327 24.8169 26.0948  3.12132 25.1519 26.6668  3.12132 22.8642 26.6668  3.12132 22.8642 26.6668  2.31246 23.1992 26.6668  2.54937 23.1992 27.2387  3.12132 22.8642 26.6668  2.54937 23.1992 26.0948  2.31246 23.1992 26.6668  2.54937 23.1992 27.2387  1.97742 24.0081 26.6668  2.31246 24.0081 27.4757  2.54937 23.1992 26.0948  2.31246 24.0081 25.8579  1.97742 24.0081 26.6668  2.31246 24.0081 27.4757  2.31246 24.8169 26.6668  2.54937 24.8169 27.2387  3.12132 24.0081 26.6668  2.31246 24.0081 25.8579 
3.12132 24.0081 26.6668  2.54937 24.8169 26.0948  2.31246 24.8169 26.6668  2.54937 24.8169 27.2387  3.12132 25.1519 26.6668  3.12132 25.1519 26.6668  2.54937 24.8169 26.0948  3.12132 25.1519 26.6668  3.12132 22.8642 26.6668  3.12132 22.8642 26.6668  3.12132 23.1992 27.4757  3.69327 23.1992 27.2387  3.12132 22.8642 26.6668  2.54937 23.1992 27.2387  3.12132 23.1992 27.4757  3.69327 23.1992 27.2387  3.12132 24.0081 27.8107  3.93018 24.0081 27.4757  2.54937 23.1992 27.2387  2.31246 24.0081 27.4757  3.12132 24.0081 27.8107  3.93018 24.0081 27.4757  3.12132 24.8169 27.4757  3.69327 24.8169 27.2387  2.31246 24.0081 27.4757  2.54937 24.8169 27.2387  3.12132 24.8169 27.4757  3.69327 24.8169 27.2387  3.12132 25.1519 26.6668  3.12132 25.1519 26.6668  2.54937 24.8169 27.2387  3.12132 25.1519 26.6668 
3.88225 0.999 6.0845  3.88225 -0.166319 6.0845  3.88225 -0.166319 6.0845  3.88225 0.999 6.0845  4.70626 0.174995 6.0845  4.46491 0.174995 5.50184  3.88225 -0.166319 6.0845  4.46491 0.174995 6.66716  4.70626 0.174995 6.0845  4.46491 0.174995 5.50184  5.04757 0.999 6.0845  4.70626 0.999 5.26049  4.46491 0.174995 6.66716  4.70626 0.999 6.9085  5.04757 0.999 6.0845  4.70626 0.999 5.26049  4.70626 1.823 6.0845  4.46491 1.823 5.50184  4.70626 0.999 6.9085  4.46491 1.823 6.66716  4.70626 1.823 6.0845  4.46491 1.823 5.50184  3.88225 2.16432 6.0845  3.88225 2.16432 6.0845  4.46491 1.823 6.66716  3.88225 2.16432 6.0845  3.88225 -0.166319 6.0845  3.88225 -0.166319 6.0845  3.88225 0.174995 5.26049  3.29959 0.174995 5.50184  3.88225 -0.166319 6.0845  4.46491 0.174995 5.50184 
3.88225 0.174995 5.26049  3.29959 0.174995 5.50184  3.88225 0.999 4.91918  3.05825 0.999 5.26049  4.46491 0.174995 5.50184  4.70626 0.999 5.26049  3.88225 0.999 4.91918  3.05825 0.999 5.26049  3.88225 1.823 5.26049  3.29959 1.823 5.50184  4.70626 0.999 5.26049  4.46491 1.823 5.50184  3.88225 1.823 5.26049  3.29959 1.823 5.50184  3.88225 2.16432 6.0845  3.88225 2.16432 6.0845  4.46491 1.823 5.50184  3.88225 2.16432 6.0845  3.88225 -0.166319 6.0845  3.88225 -0.166319 6.0845  3.05825 0.174995 6.0845  3.29959 0.174995 6.66716  3.88225 -0.166319 6.0845  3.29959 0.174995 5.50184  3.05825 0.174995 6.0845  3.29959 0.174995 6.66716  2.71693 0.999 6.0845  3.05825 0.999 6.9085  3.29959 0.174995 5.50184  3.05825 0.999 5.26049  2.71693 0.999 6.0845  3.05825 0.999 6.9085 
3.05825 1.823 6.0845  3.29959 1.823 6.66716  3.88225 0.999 6.0845  3.05825 0.999 5.26049  3.88225 0.999 6.0845  3.29959 1.823 5.50184  3.05825 1.823 6.0845  3.29959 1.823 6.66716  3.88225 2.16432 6.0845  3.88225 2.16432 6.0845  3.29959 1.823 5.50184  3.88225 2.16432 6.0845  3.88225 -0.166319 6.0845  3.88225 -0.166319 6.0845  3.88225 0.174995 6.9085  4.46491 0.174995 6.66716  3.88225 -0.166319 6.0845  3.29959 0.174995 6.66716  3.88225 0.174995 6.9085  4.46491 0.174995 6.66716  3.88225 0.999 7.24982  4.70626 0.999 6.9085  3.29959 0.174995 6.66716  3.05825 0.999 6.9085  3.88225 0.999 7.24982  4.70626 0.999 6.9085  3.88225 1.823 6.9085  4.46491 1.823 6.66716  3.05825 0.999 6.9085  3.29959 1.823 6.66716  3.88225 1.823 6.9085  4.46491 1.823 6.66716 
3.88225 2.16432 6.0845  3.88225 2.16432 6.0845  3.29959 1.823 6.66716  3.88225 2.16432 6.0845  5.199 0.953308 10.799  5.199 -0.201274 10.799  5.199 -0.201274 10.799  5.199 0.953308 10.799  6.01541 0.136895 10.799  5.77629 0.136895 10.2217  5.199 -0.201274 10.799  5.77629 0.136895 11.3763  6.01541 0.136895 10.799  5.77629 0.136895 10.2217  6.35358 0.953308 10.799  6.01541 0.953308 9.98259  5.77629 0.136895 11.3763  6.01541 0.953308 11.6154  6.35358 0.953308 10.799  6.01541 0.953308 9.98259  6.01541 1.76972 10.799  5.77629 1.76972 10.2217  6.01541 0.953308 11.6154  5.77629 1.76972 11.3763  6.01541 1.76972 10.799  5.77629 1.76972 10.2217  5.199 2.10789 10.799  5.199 2.10789 10.799  5.77629 1.76972 11.3763  5.199 2.10789 10.799  5.199 -0.201274 10.799  5.199 -0.201274 10.799 
5.199 0.136895 9.98259  4.62171 0.136895 10.2217  5.199 -0.201274 10.799  5.77629 0.136895 10.2217  5.199 0.136895 9.98259  4.62171 0.136895 10.2217  5.199 0.953308 9.64442  4.38259 0.953308 9.98259  5.77629 0.136895 10.2217  6.01541 0.953308 9.98259  5.199 0.953308 9.64442  4.38259 0.953308 9.98259  5.199 1.76972 9.98259  4.62171 1.76972 10.2217  6.01541 0.953308 9.98259  5.77629 1.76972 10.2217  5.199 1.76972 9.98259  4.62171 1.76972 10.2217  5.199 2.10789 10.799  5.199 2.10789 10.799  5.77629 1.76972 10.2217  5.199 2.10789 10.799  5.199 -0.201274 10.799  5.199 -0.201274 10.799  4.38259 0.136895 10.799  4.62171 0.136895 11.3763  5.199 -0.201274 10.799  4.62171 0.136895 10.2217  4.38259 0.136895 10.799  4.62171 0.136895 11.3763  4.04442 0.953308 10.799  4.38259 0.953308 11.6154 
4.62171 0.136895 10.2217  4.38259 0.953308 9.98259  4.04442 0.953308 10.799  4.38259 0.953308 11.6154  4.38259 1.76972 10.799  4.62171 1.76972 11.3763  5.199 0.953308 10.799  4.38259 0.953308 9.98259  5.199 0.953308 10.799  4.62171 1.76972 10.2217  4.38259 1.76972 10.799  4.62171 1.76972 11.3763  5.199 2.10789 10.799  5.199 2.10789 10.799  4.62171 1.76972 10.2217  5.199 2.10789 10.799  5.199 -0.201274 10.799  5.199 -0.201274 10.799  5.199 0.136895 11.6154  5.77629 0.136895 11.3763  5.199 -0.201274 10.799  4.62171 0.136895 11.3763  5.199 0.136895 11.6154  5.77629 0.136895 11.3763  5.199 0.953308 11.9536  6.01541 0.953308 11.6154  4.62171 0.136895 11.3763  4.38259 0.953308 11.6154  5.199 0.953308 11.9536  6.01541 0.953308 11.6154  5.199 1.76972 11.6154  5.77629 1.76972 11.3763 
4.38259 0.953308 11.6154  4.62171 1.76972 11.3763  5.199 1.76972 11.6154  5.77629 1.76972 11.3763  5.199 2.10789 10.799  5.199 2.10789 10.799  4.62171 1.76972 11.3763  5.199 2.10789 10.799  6.36646 9.21117 21.6503  6.36646 8.12261 21.6503  6.36646 8.12261 21.6503  6.36646 9.21117 21.6503  7.13619 8.44144 21.6503  6.91074 8.44144 21.106  6.36646 8.12261 21.6503  6.91074 8.44144 22.1946  7.13619 8.44144 21.6503  6.91074 8.44144 21.106  7.45502 9.21117 21.6503  7.13619 9.21117 20.8806  6.91074 8.44144 22.1946  7.13619 9.21117 22.42  7.45502 9.21117 21.6503  7.13619 9.21117 20.8806  7.13619 9.9809 21.6503  6.91074 9.9809 21.106  7.13619 9.21117 22.42  6.91074 9.9809 22.1946  7.13619 9.9809 21.6503  6.91074 9.9809 21.106  6.36646 10.2997 21.6503  6.36646 10.2997 21.6503 
6.91074 9.9809 22.1946  6.36646 10.2997 21.6503  6.36646 8.12261 21.6503  6.36646 8.12261 21.6503  6.36646 8.44144 20.8806  5.82218 8.44144 21.106  6.36646 8.12261 21.6503  6.91074 8.44144 21.106  6.36646 8.44144 20.8806  5.82218 8.44144 21.106  6.36646 9.21117 20.5617  5.59673 9.21117 20.8806  6.91074 8.44144 21.106  7.13619 9.21117 20.8806  6.36646 9.21117 20.5617  5.59673 9.21117 20.8806  6.36646 9.9809 20.8806  5.82218 9.9809 21.106  7.13619 9.21117 20.8806  6.91074 9.9809 21.106  6.36646 9.9809 20.8806  5.82218 9.9809 21.106  6.36646 10.2997 21.6503  6.36646 10.2997 21.6503  6.91074 9.9809 21.106  6.36646 10.2997 21.6503  6.36646 8.12261 21.6503  6.36646 8.12261 21.6503  5.59673 8.44144 21.6503  5.82218 8.44144 22.1946  6.36646 8.12261 21.6503  5.82218 8.44144 21.106 
5.59673 8.44144 21.6503  5.82218 8.44144 22.1946  5.2779 9.21117 21.6503  5.59673 9.21117 22.42  5.82218 8.44144 21.106  5.59673 9.21117 20.8806  5.2779 9.21117 21.6503  5.59673 9.21117 22.42  5.59673 9.9809 21.6503  5.82218 9.9809 22.1946  6.36646 9.21117 21.6503  5.59673 9.21117 20.8806  6.36646 9.21117 21.6503  5.82218 9.9809 21.106  5.59673 9.9809 21.6503  5.82218 9.9809 22.1946  6.36646 10.2997 21.6503  6.36646 10.2997 21.6503  5.82218 9.9809 21.106  6.36646 10.2997 21.6503  6.36646 8.12261 21.6503  6.36646 8.12261 21.6503  6.36646 8.44144 22.42  6.91074 8.44144 22.1946  6.36646 8.12261 21.6503  5.82218 8.44144 22.1946  6.36646 8.44144 22.42  6.91074 8.44144 22.1946  6.36646 9.21117 22.7388  7.13619 9.21117 22.42  5.82218 8.44144 22.1946  5.59673 9.21117 22.42 
6.36646 9.21117 22.7388  7.13619 9.21117 22.42  6.36646 9.9809 22.42  6.91074 9.9809 22.1946  5.59673 9.21117 22.42  5.82218 9.9809 22.1946  6.36646 9.9809 22.42  6.91074 9.9809 22.1946  6.36646 10.2997 21.6503  6.36646 10.2997 21.6503  5.82218 9.9809 22.1946  6.36646 10.2997 21.6503  4.52009 0.94539 28.6248  4.52009 -0.135945 28.6248  4.52009 -0.135945 28.6248  4.52009 0.94539 28.6248  5.28471 0.180771 28.6248  5.06076 0.180771 28.0842  4.52009 -0.135945 28.6248  5.06076 0.180771 29.1655  5.28471 0.180771 28.6248  5.06076 0.180771 28.0842  5.60142 0.94539 28.6248  5.28471 0.94539 27.8602  5.06076 0.180771 29.1655  5.28471 0.94539 29.3895  5.60142 0.94539 28.6248  5.28471 0.94539 27.8602  5.28471 1.71001 28.6248  5.06076 1.71001 28.0842  5.28471 0.94539 29.3895  5.06076 1.71001 29.1655 
5.28471 1.71001 28.6248  5.06076 1.71001 28.0842  4.52009 2.02672 28.6248  4.52009 2.02672 28.6248  5.06076 1.71001 29.1655  4.52009 2.02672 28.6248  4.52009 -0.135945 28.6248  4.52009 -0.135945 28.6248  4.52009 0.180771 27.8602  3.97942 0.180771 28.0842  4.52009 -0.135945 28.6248  5.06076 0.180771 28.0842  4.52009 0.180771 27.8602  3.97942 0.180771 28.0842  4.52009 0.94539 27.5435  3.75547 0.94539 27.8602  5.06076 0.180771 28.0842  5.28471 0.94539 27.8602  4.52009 0.94539 27.5435  3.75547 0.94539 27.8602  4.52009 1.71001 27.8602  3.97942 1.71001 28.0842  5.28471 0.94539 27.8602  5.06076 1.71001 28.0842  4.52009 1.71001 27.8602  3.97942 1.71001 28.0842  4.52009 2.02672 28.6248  4.52009 2.02672 28.6248  5.06076 1.71001 28.0842  4.52009 2.02672 28.6248  4.52009 -0.135945 28.6248  4.52009 -0.135945 28.6248 
3.75547 0.180771 28.6248  3.97942 0.180771 29.1655  4.52009 -0.135945 28.6248  3.97942 0.180771 28.0842  3.75547 0.180771 28.6248  3.97942 0.180771 29.1655  3.43875 0.94539 28.6248  3.75547 0.94539 29.3895  3.97942 0.180771 28.0842  3.75547 0.94539 27.8602  3.43875 0.94539 28.6248  3.75547 0.94539 29.3895  3.75547 1.71001 28.6248  3.97942 1.71001 29.1655  4.52009 0.94539 28.6248  3.75547 0.94539 27.8602  4.52009 0.94539 28.6248  3.97942 1.71001 28.0842  3.75547 1.71001 28.6248  3.97942 1.71001 29.1655  4.52009 2.02672 28.6248  4.52009 2.02672 28.6248  3.97942 1.71001 28.0842  4.52009 2.02672 28.6248  4.52009 -0.135945 28.6248  4.52009 -0.135945 28.6248  4.52009 0.180771 29.3895  5.06076 0.180771 29.1655  4.52009 -0.135945 28.6248  3.97942 0.180771 29.1655  4.52009 0.180771 29.3895  5.06076 0.180771 29.1655 
4.52009 0.94539 29.7062  5.28471 0.94539 29.3895  3.97942 0.180771 29.1655  3.75547 0.94539 29.3895  4.52009 0.94539 29.7062  5.28471 0.94539 29.3895  4.52009 1.71001 29.3895  5.06076 1.71001 29.1655  3.75547 0.94539 29.3895  3.97942 1.71001 29.1655  4.52009 1.71001 29.3895  5.06076 1.71001 29.1655  4.52009 2.02672 28.6248  4.52009 2.02672 28.6248  3.97942 1.71001 29.1655  4.52009 2.02672 28.6248  0.05 21.1621 1.53146  0.05 20.1011 1.53146  0.05 20.1011 1.53146  0.05 21.1621 1.53146  0.800276 20.4119 1.53146  0.580525 20.4119 1.00093  0.05 20.1011 1.53146  0.580525 20.4119 2.06198  0.800276 20.4119 1.53146  0.580525 20.4119 1.00093  1.11105 21.1621 1.53146  0.800275 21.1621 0.781184  0.580525 20.4119 2.06198  0.800276 21.1621 2.28174  1.11105 21.1621 1.53146  0.800275 21.1621 0.781184 
0.800275 21.9124 1.53146  0.580525 21.9124 1.00093  0.800276 21.1621 2.28174  0.580525 21.9124 2.06198  0.800275 21.9124 1.53146  0.580525 21.9124 1.00093  0.05 22.2232 1.53146  0.05 22.2232 1.53146  0.580525 21.9124 2.06198  0.05 22.2232 1.53146  0.05 20.1011 1.53146  0.05 20.1011 1.53146  0.0499999 20.4119 0.781184  -0.480525 20.4119 1.00093  0.05 20.1011 1.53146  0.580525 20.4119 1.00093  0.0499999 20.4119 0.781184  -0.480525 20.4119 1.00093  0.0499999 21.1621 0.47041  -0.700276 21.1621 0.781184  0.580525 20.4119 1.00093  0.800275 21.1621 0.781184  0.0499999 21.1621 0.47041  -0.700276 21.1621 0.781184  0.0499999 21.9124 0.781184  -0.480525 21.9124 1.00093  0.800275 21.1621 0.781184  0.580525 21.9124 1.00093  0.0499999 21.9124 0.781184  -0.480525 21.9124 1.00093  0.05 22.2232 1.53146  0.05 22.2232 1.53146 
0.580525 21.9124 1.00093  0.05 22.2232 1.53146  0.05 20.1011 1.53146  0.05 20.1011 1.53146  -0.700276 20.4119 1.53146  -0.480525 20.4119 2.06198  0.05 20.1011 1.53146  -0.480525 20.4119 1.00093  -0.700276 20.4119 1.53146  -0.480525 20.4119 2.06198  -1.01105 21.1621 1.53146  -0.700275 21.1621 2.28174  -0.480525 20.4119 1.00093  -0.700276 21.1621 0.781184  -1.01105 21.1621 1.53146  -0.700275 21.1621 2.28174  -0.700275 21.9124 1.53146  -0.480525 21.9124 2.06198  0.05 21.1621 1.53146  -0.700276 21.1621 0.781184  0.05 21.1621 1.53146  -0.480525 21.9124 1.00093  -0.700275 21.9124 1.53146  -0.480525 21.9124 2.06198  0.05 22.2232 1.53146  0.05 22.2232 1.53146  -0.480525 21.9124 1.00093  0.05 22.2232 1.53146  0.05 20.1011 1.53146  0.05 20.1011 1.53146  0.0500001 20.4119 2.28174  0.580525 20.4119 2.06198 
0.05 20.1011 1.53146  -0.480525 20.4119 2.06198  0.0500001 20.4119 2.28174  0.580525 20.4119 2.06198  0.0500002 21.1621 2.59251  0.800276 21.1621 2.28174  -0.480525 20.4119 2.06198  -0.700275 21.1621 2.28174  0.0500002 21.1621 2.59251  0.800276 21.1621 2.28174  0.0500001 21.9124 2.28174  0.580525 21.9124 2.06198  -0.700275 21.1621 2.28174  -0.480525 21.9124 2.06198  0.0500001 21.9124 2.28174  0.580525 21.9124 2.06198  0.05 22.2232 1.53146  0.05 22.2232 1.53146  -0.480525 21.9124 2.06198  0.05 22.2232 1.53146  3.42433 17.5671 13.6751  3.42433 16.5178 13.6751  3.42433 16.5178 13.6751  3.42433 17.5671 13.6751  4.16632 16.8252 13.6751  3.94899 16.8252 13.1505  3.42433 16.5178 13.6751  3.94899 16.8252 14.1998  4.16632 16.8252 13.6751  3.94899 16.8252 13.1505  4.47366 17.5671 13.6751  4.16632 17.5671 12.9331 
3.94899 16.8252 14.1998  4.16632 17.5671 14.4171  4.47366 17.5671 13.6751  4.16632 17.5671 12.9331  4.16632 18.3091 13.6751  3.94899 18.3091 13.1505  4.16632 17.5671 14.4171  3.94899 18.3091 14.1998  4.16632 18.3091 13.6751  3.94899 18.3091 13.1505  3.42433 18.6165 13.6751  3.42433 18.6165 13.6751  3.94899 18.3091 14.1998  3.42433 18.6165 13.6751  3.42433 16.5178 13.6751  3.42433 16.5178 13.6751  3.42433 16.8252 12.9331  2.89967 16.8252 13.1505  3.42433 16.5178 13.6751  3.94899 16.8252 13.1505  3.42433 16.8252 12.9331  2.89967 16.8252 13.1505  3.42433 17.5671 12.6258  2.68235 17.5671 12.9331  3.94899 16.8252 13.1505  4.16632 17.5671 12.9331  3.42433 17.5671 12.6258  2.68235 17.5671 12.9331  3.42433 18.3091 12.9331  2.89967 18.3091 13.1505  4.16632 17.5671 12.9331  3.94899 18.3091 13.1505 
3.42433 18.3091 12.9331  2.89967 18.3091 13.1505  3.42433 18.6165 13.6751  3.42433 18.6165 13.6751  3.94899 18.3091 13.1505  3.42433 18.6165 13.6751  3.42433 16.5178 13.6751  3.42433 16.5178 13.6751  2.68235 16.8252 13.6751  2.89967 16.8252 14.1998  3.42433 16.5178 13.6751  2.89967 16.8252 13.1505  2.68235 16.8252 13.6751  2.89967 16.8252 14.1998  2.37501 17.5671 13.6751  2.68235 17.5671 14.4171  2.89967 16.8252 13.1505  2.68235 17.5671 12.9331  2.37501 17.5671 13.6751  2.68235 17.5671 14.4171  2.68235 18.3091 13.6751  2.89967 18.3091 14.1998  3.42433 17.5671 13.6751  2.68235 17.5671 12.9331  3.42433 17.5671 13.6751  2.89967 18.3091 13.1505  2.68235 18.3091 13.6751  2.89967 18.3091 14.1998  3.42433 18.6165 13.6751  3.42433 18.6165 13.6751  2.89967 18.3091 13.1505  3.42433 18.6165 13.6751 
3.42433 16.5178 13.6751  3.42433 16.5178 13.6751  3.42433 16.8252 14.4171  3.94899 16.8252 14.1998  3.42433 16.5178 13.6751  2.89967 16.8252 14.1998  3.42433 16.8252 14.4171  3.94899 16.8252 14.1998  3.42433 17.5671 14.7244  4.16632 17.5671 14.4171  2.89967 16.8252 14.1998  2.68235 17.5671 14.4171  3.42433 17.5671 14.7244  4.16632 17.5671 14.4171  3.42433 18.3091 14.4171  3.94899 18.3091 14.1998  2.68235 17.5671 14.4171  2.89967 18.3091 14.1998  3.42433 18.3091 14.4171  3.94899 18.3091 14.1998  3.42433 18.6165 13.6751  3.42433 18.6165 13.6751  2.89967 18.3091 14.1998  3.42433 18.6165 13.6751  5.8096 6.27886 29.1241  5.8096 5.22614 29.1241  5.8096 5.22614 29.1241  5.8096 6.27886 29.1241  6.55398 5.53448 29.1241  6.33595 5.53448 28.5977  5.8096 5.22614 29.1241  6.33595 5.53448 29.6504 
6.55398 5.53448 29.1241  6.33595 5.53448 28.5977  6.86231 6.27886 29.1241  6.55398 6.27886 28.3797  6.33595 5.53448 29.6504  6.55398 6.27886 29.8685  6.86231 6.27886 29.1241  6.55398 6.27886 28.3797  6.55398 7.02324 29.1241  6.33595 7.02324 28.5977  6.55398 6.27886 29.8685  6.33595 7.02324 29.6504  6.55398 7.02324 29.1241  6.33595 7.02324 28.5977  5.8096 7.33158 29.1241  5.8096 7.33158 29.1241  6.33595 7.02324 29.6504  5.8096 7.33158 29.1241  5.8096 5.22614 29.1241  5.8096 5.22614 29.1241  5.8096 5.53448 28.3797  5.28324 5.53448 28.5977  5.8096 5.22614 29.1241  6.33595 5.53448 28.5977  5.8096 5.53448 28.3797  5.28324 5.53448 28.5977  5.8096 6.27886 28.0714  5.06521 6.27886 28.3797  6.33595 5.53448 28.5977  6.55398 6.27886 28.3797  5.8096 6.27886 28.0714  5.06521 6.27886 28.3797 
5.8096 7.02324 28.3797  5.28324 7.02324 28.5977  6.55398 6.27886 28.3797  6.33595 7.02324 28.5977  5.8096 7.02324 28.3797  5.28324 7.02324 28.5977  5.8096 7.33158 29.1241  5.8096 7.33158 29.1241  6.33595 7.02324 28.5977  5.8096 7.33158 29.1241  5.8096 5.22614 29.1241  5.8096 5.22614 29.1241  5.06521 5.53448 29.1241  5.28324 5.53448 29.6504  5.8096 5.22614 29.1241  5.28324 5.53448 28.5977  5.06521 5.53448 29.1241  5.28324 5.53448 29.6504  4.75688 6.27886 29.1241  5.06521 6.27886 29.8685  5.28324 5.53448 28.5977  5.06521 6.27886 28.3797  4.75688 6.27886 29.1241  5.06521 6.27886 29.8685  5.06521 7.02324 29.1241  5.28324 7.02324 29.6504  5.8096 6.27886 29.1241  5.06521 6.27886 28.3797  5.8096 6.27886 29.1241  5.28324 7.02324 28.5977  5.06521 7.02324 29.1241  5.28324 7.02324 29.6504 
5.8096 7.33158 29.1241  5.8096 7.33158 29.1241  5.28324 7.02324 28.5977  5.8096 7.33158 29.1241  5.8096 5.22614 29.1241  5.8096 5.22614 29.1241  5.8096 5.53448 29.8685  6.33595 5.53448 29.6504  5.8096 5.22614 29.1241  5.28324 5.53448 29.6504  5.8096 5.53448 29.8685  6.33595 5.53448 29.6504  5.8096 6.27886 30.1768  6.55398 6.27886 29.8685  5.28324 5.53448 29.6504  5.06521 6.27886 29.8685  5.8096 6.27886 30.1768  6.55398 6.27886 29.8685  5.8096 7.02324 29.8685  6.33595 7.02324 29.6504  5.06521 6.27886 29.8685  5.28324 7.02324 29.6504  5.8096 7.02324 29.8685  6.33595 7.02324 29.6504  5.8096 7.33158 29.1241  5.8096 7.33158 29.1241  5.28324 7.02324 29.6504  5.8096 7.33158 29.1241  3.72755 21.6955 29.1069  3.72755 20.6327 29.1069  3.72755 20.6327 29.1069  3.72755 21.6955 29.1069 
4.47905 20.944 29.1069  4.25894 20.944 28.5755  3.72755 20.6327 29.1069  4.25894 20.944 29.6382  4.47905 20.944 29.1069  4.25894 20.944 28.5755  4.79033 21.6955 29.1069  4.47905 21.6955 28.3553  4.25894 20.944 29.6382  4.47905 21.6955 29.8584  4.79033 21.6955 29.1069  4.47905 21.6955 28.3553  4.47905 22.447 29.1069  4.25894 22.447 28.5755  4.47905 21.6955 29.8584  4.25894 22.447 29.6382  4.47905 22.447 29.1069  4.25894 22.447 28.5755  3.72755 22.7583 29.1069  3.72755 22.7583 29.1069  4.25894 22.447 29.6382  3.72755 22.7583 29.1069  3.72755 20.6327 29.1069  3.72755 20.6327 29.1069  3.72755 20.944 28.3553  3.19615 20.944 28.5755  3.72755 20.6327 29.1069  4.25894 20.944 28.5755  3.72755 20.944 28.3553  3.19615 20.944 28.5755  3.72755 21.6955 28.0441  2.97604 21.6955 28.3553 
4.25894 20.944 28.5755  4.47905 21.6955 28.3553  3.72755 21.6955 28.0441  2.97604 21.6955 28.3553  3.72755 22.447 28.3553  3.19615 22.447 28.5755  4.47905 21.6955 28.3553  4.25894 22.447 28.5755  3.72755 22.447 28.3553  3.19615 22.447 28.5755  3.72755 22.7583 29.1069  3.72755 22.7583 29.1069  4.25894 22.447 28.5755  3.72755 22.7583 29.1069  3.72755 20.6327 29.1069  3.72755 20.6327 29.1069  2.97604 20.944 29.1069  3.19615 20.944 29.6382  3.72755 20.6327 29.1069  3.19615 20.944 28.5755  2.97604 20.944 29.1069  3.19615 20.944 29.6382  2.66476 21.6955 29.1069  2.97604 21.6955 29.8584  3.19615 20.944 28.5755  2.97604 21.6955 28.3553  2.66476 21.6955 29.1069  2.97604 21.6955 29.8584  2.97604 22.447 29.1069  3.19615 22.447 29.6382  3.72755 21.6955 29.1069  2.97604 21.6955 28.3553 
3.72755 21.6955 29.1069  3.19615 22.447 28.5755  2.97604 22.447 29.1069  3.19615 22.447 29.6382  3.72755 22.7583 29.1069  3.72755 22.7583 29.1069  3.19615 22.447 28.5755  3.72755 22.7583 29.1069  3.72755 20.6327 29.1069  3.72755 20.6327 29.1069  3.72755 20.944 29.8584  4.25894 20.944 29.6382  3.72755 20.6327 29.1069  3.19615 20.944 29.6382  3.72755 20.944 29.8584  4.25894 20.944 29.6382  3.72755 21.6955 30.1696  4.47905 21.6955 29.8584  3.19615 20.944 29.6382  2.97604 21.6955 29.8584  3.72755 21.6955 30.1696  4.47905 21.6955 29.8584  3.72755 22.447 29.8584  4.25894 22.447 29.6382  2.97604 21.6955 29.8584  3.19615 22.447 29.6382  3.72755 22.447 29.8584  4.25894 22.447 29.6382  3.72755 22.7583 29.1069  3.72755 22.7583 29.1069  3.19615 22.447 29.6382  3.72755 22.7583 29.1069 
9.88599 14.7663 27.501  9.88599 13.7112 27.501  9.88599 13.7112 27.501  9.88599 14.7663 27.501  10.632 14.0202 27.501  10.4135 14.0202 26.9735  9.88599 13.7112 27.501  10.4135 14.0202 28.0285  10.632 14.0202 27.501  10.4135 14.0202 26.9735  10.941 14.7663 27.501  10.632 14.7663 26.755  10.4135 14.0202 28.0285  10.632 14.7663 28.247  10.941 14.7663 27.501  10.632 14.7663 26.755  10.632 15.5123 27.501  10.4135 15.5123 26.9735  10.632 14.7663 28.247  10.4135 15.5123 28.0285  10.632 15.5123 27.501  10.4135 15.5123 26.9735  9.88599 15.8213 27.501  9.88599 15.8213 27.501  10.4135 15.5123 28.0285  9.88599 15.8213 27.501  9.88599 13.7112 27.501  9.88599 13.7112 27.501  9.88599 14.0202 26.755  9.35847 14.0202 26.9735  9.88599 13.7112 27.501  10.4135 14.0202 26.9735 
9.88599 14.0202 26.755  9.35847 14.0202 26.9735  9.88599 14.7663 26.446  9.13996 14.7663 26.755  10.4135 14.0202 26.9735  10.632 14.7663 26.755  9.88599 14.7663 26.446  9.13996 14.7663 26.755  9.88599 15.5123 26.755  9.35847 15.5123 26.9735  10.632 14.7663 26.755  10.4135 15.5123 26.9735  9.88599 15.5123 26.755  9.35847 15.5123 26.9735  9.88599 15.8213 27.501  9.88599 15.8213 27.501  10.4135 15.5123 26.9735  9.88599 15.8213 27.501  9.88599 13.7112 27.501  9.88599 13.7112 27.501  9.13996 14.0202 27.501  9.35847 14.0202 28.0285  9.88599 13.7112 27.501  9.35847 14.0202 26.9735  9.13996 14.0202 27.501  9.35847 14.0202 28.0285  8.83095 14.7663 27.501  9.13996 14.7663 28.247  9.35847 14.0202 26.9735  9.13996 14.7663 26.755  8.83095 14.7663 27.501  9.13996 14.7663 28.247 
9.13996 15.5123 27.501  9.35847 15.5123 28.0285  9.88599 14.7663 27.501  9.13996 14.7663 26.755  9.88599 14.7663 27.501  9.35847 15.5123 26.9735  9.13996 15.5123 27.501  9.35847 15.5123 28.0285  9.88599 15.8213 27.501  9.88599 15.8213 27.501  9.35847 15.5123 26.9735  9.88599 15.8213 27.501  9.88599 13.7112 27.501  9.88599 13.7112 27.501  9.88599 14.0202 28.247  10.4135 14.0202 28.0285  9.88599 13.7112 27.501  9.35847 14.0202 28.0285  9.88599 14.0202 28.247  10.4135 14.0202 28.0285  9.88599 14.7663 28.556  10.632 14.7663 28.247  9.35847 14.0202 28.0285  9.13996 14.7663 28.247  9.88599 14.7663 28.556  10.632 14.7663 28.247  9.88599 15.5123 28.247  10.4135 15.5123 28.0285  9.13996 14.7663 28.247  9.35847 15.5123 28.0285  9.88599 15.5123 28.247  10.4135 15.5123 28.0285 
9.88599 15.8213 27.501  9.88599 15.8213 27.501  9.35847 15.5123 28.0285  9.88599 15.8213 27.501  0.05 15.4274 6.52031  0.05 14.399 6.52031  0.05 14.399 6.52031  0.05 15.4274 6.52031  0.77719 14.7002 6.52031  0.564201 14.7002 6.00611  0.05 14.399 6.52031  0.564201 14.7002 7.03451  0.77719 14.7002 6.52031  0.564201 14.7002 6.00611  1.0784 15.4274 6.52031  0.77719 15.4274 5.79312  0.564201 14.7002 7.03451  0.77719 15.4274 7.2475  1.0784 15.4274 6.52031  0.77719 15.4274 5.79312  0.77719 16.1546 6.52031  0.564201 16.1546 6.00611  0.77719 15.4274 7.2475  0.564201 16.1546 7.03451  0.77719 16.1546 6.52031  0.564201 16.1546 6.00611  0.05 16.4558 6.52031  0.05 16.4558 6.52031  0.564201 16.1546 7.03451  0.05 16.4558 6.52031  0.05 14.399 6.52031  0.05 14.399 6.52031 
0.0499999 14.7002 5.79312  -0.464201 14.7002 6.00611  0.05 14.399 6.52031  0.564201 14.7002 6.00611  0.0499999 14.7002 5.79312  -0.464201 14.7002 6.00611  0.0499999 15.4274 5.49191  -0.67719 15.4274 5.79312  0.564201 14.7002 6.00611  0.77719 15.4274 5.79312  0.0499999 15.4274 5.49191  -0.67719 15.4274 5.79312  0.0499999 16.1546 5.79312  -0.464201 16.1546 6.00611  0.77719 15.4274 5.79312  0.564201 16.1546 6.00611  0.0499999 16.1546 5.79312  -0.464201 16.1546 6.00611  0.05 16.4558 6.52031  0.05 16.4558 6.52031  0.564201 16.1546 6.00611  0.05 16.4558 6.52031  0.05 14.399 6.52031  0.05 14.399 6.52031  -0.67719 14.7002 6.52031  -0.464201 14.7002 7.03451  0.05 14.399 6.52031  -0.464201 14.7002 6.00611  -0.67719 14.7002 6.52031  -0.464201 14.7002 7.03451  -0.978402 15.4274 6.52031  -0.67719 15.4274 7.2475 
-0.464201 14.7002 6.00611  -0.67719 15.4274 5.79312  -0.978402 15.4274 6.52031  -0.67719 15.4274 7.2475  -0.67719 16.1546 6.52031  -0.464201 16.1546 7.03451  0.05 15.4274 6.52031  -0.67719 15.4274 5.79312  0.05 15.4274 6.52031  -0.464201 16.1546 6.00611  -0.67719 16.1546 6.52031  -0.464201 16.1546 7.03451  0.05 16.4558 6.52031  0.05 16.4558 6.52031  -0.464201 16.1546 6.00611  0.05 16.4558 6.52031  0.05 14.399 6.52031  0.05 14.399 6.52031  0.0500001 14.7002 7.2475  0.564201 14.7002 7.03451  0.05 14.399 6.52031  -0.464201 14.7002 7.03451  0.0500001 14.7002 7.2475  0.564201 14.7002 7.03451  0.0500002 15.4274 7.54871  0.77719 15.4274 7.2475  -0.464201 14.7002 7.03451  -0.67719 15.4274 7.2475  0.0500002 15.4274 7.54871  0.77719 15.4274 7.2475  0.0500001 16.1546 7.2475  0.564201 16.1546 7.03451 
-0.67719 15.4274 7.2475  -0.464201 16.1546 7.03451  0.0500001 16.1546 7.2475  0.564201 16.1546 7.03451  0.05 16.4558 6.52031  0.05 16.4558 6.52031  -0.464201 16.1546 7.03451  0.05 16.4558 6.52031  9.84534 25.5311 16.0559  9.84534 24.521 16.0559  9.84534 24.521 16.0559  9.84534 25.5311 16.0559  10.5596 24.8168 16.0559  10.3504 24.8168 15.5508  9.84534 24.521 16.0559  10.3504 24.8168 16.561  10.5596 24.8168 16.0559  10.3504 24.8168 15.5508  10.8555 25.5311 16.0559  10.5596 25.5311 15.3416  10.3504 24.8168 16.561  10.5596 25.5311 16.7702  10.8555 25.5311 16.0559  10.5596 25.5311 15.3416  10.5596 26.2454 16.0559  10.3504 26.2454 15.5508  10.5596 25.5311 16.7702  10.3504 26.2454 16.561  10.5596 26.2454 16.0559  10.3504 26.2454 15.5508  9.84534 26.5413 16.0559  9.84534 26.5413 16.0559 
10.3504 26.2454 16.561  9.84534 26.5413 16.0559  9.84534 24.521 16.0559  9.84534 24.521 16.0559  9.84534 24.8168 15.3416  9.34026 24.8168 15.5508  9.84534 24.521 16.0559  10.3504 24.8168 15.5508  9.84534 24.8168 15.3416  9.34026 24.8168 15.5508  9.84534 25.5311 15.0457  9.13105 25.5311 15.3416  10.3504 24.8168 15.5508  10.5596 25.5311 15.3416  9.84534 25.5311 15.0457  9.13105 25.5311 15.3416  9.84534 26.2454 15.3416  9.34026 26.2454 15.5508  10.5596 25.5311 15.3416  10.3504 26.2454 15.5508  9.84534 26.2454 15.3416  9.34026 26.2454 15.5508  9.84534 26.5413 16.0559  9.84534 26.5413 16.0559  10.3504 26.2454 15.5508  9.84534 26.5413 16.0559  9.84534 24.521 16.0559  9.84534 24.521 16.0559  9.13105 24.8168 16.0559  9.34026 24.8168 16.561  9.84534 24.521 16.0559  9.34026 24.8168 15.5508 
9.13105 24.8168 16.0559  9.34026 24.8168 16.561  8.83517 25.5311 16.0559  9.13105 25.5311 16.7702  9.34026 24.8168 15.5508  9.13105 25.5311 15.3416  8.83517 25.5311 16.0559  9.13105 25.5311 16.7702  9.13105 26.2454 16.0559  9.34026 26.2454 16.561  9.84534 25.5311 16.0559  9.13105 25.5311 15.3416  9.84534 25.5311 16.0559  9.34026 26.2454 15.5508  9.13105 26.2454 16.0559  9.34026 26.2454 16.561  9.84534 26.5413 16.0559  9.84534 26.5413 16.0559  9.34026 26.2454 15.5508  9.84534 26.5413 16.0559  9.84534 24.521 16.0559  9.84534 24.521 16.0559  9.84534 24.8168 16.7702  10.3504 24.8168 16.561  9.84534 24.521 16.0559  9.34026 24.8168 16.561  9.84534 24.8168 16.7702  10.3504 24.8168 16.561  9.84534 25.5311 17.066  10.5596 25.5311 16.7702  9.34026 24.8168 16.561  9.13105 25.5311 16.7702 
9.84534 25.5311 17.066  10.5596 25.5311 16.7702  9.84534 26.2454 16.7702  10.3504 26.2454 16.561  9.13105 25.5311 16.7702  9.34026 26.2454 16.561  9.84534 26.2454 16.7702  10.3504 26.2454 16.561  9.84534 26.5413 16.0559  9.84534 26.5413 16.0559  9.34026 26.2454 16.561  9.84534 26.5413 16.0559  6.35 18.964 13.6847  6.35 17.98 13.6847  6.35 17.98 13.6847  6.35 18.964 13.6847  7.04583 18.2682 13.6847  6.84202 18.2682 13.1927  6.35 17.98 13.6847  6.84202 18.2682 14.1767  7.04583 18.2682 13.6847  6.84202 18.2682 13.1927  7.33405 18.964 13.6847  7.04582 18.964 12.9889  6.84202 18.2682 14.1767  7.04583 18.964 14.3805  7.33405 18.964 13.6847  7.04582 18.964 12.9889  7.04582 19.6599 13.6847  6.84202 19.6599 13.1927  7.04583 18.964 14.3805  6.84202 19.6599 14.1767 
7.04582 19.6599 13.6847  6.84202 19.6599 13.1927  6.35 19.9481 13.6847  6.35 19.9481 13.6847  6.84202 19.6599 14.1767  6.35 19.9481 13.6847  6.35 17.98 13.6847  6.35 17.98 13.6847  6.35 18.2682 12.9889  5.85798 18.2682 13.1927  6.35 17.98 13.6847  6.84202 18.2682 13.1927  6.35 18.2682 12.9889  5.85798 18.2682 13.1927  6.35 18.964 12.7006  5.65417 18.964 12.9889  6.84202 18.2682 13.1927  7.04582 18.964 12.9889  6.35 18.964 12.7006  5.65417 18.964 12.9889  6.35 19.6599 12.9889  5.85798 19.6599 13.1927  7.04582 18.964 12.9889  6.84202 19.6599 13.1927  6.35 19.6599 12.9889  5.85798 19.6599 13.1927  6.35 19.9481 13.6847  6.35 19.9481 13.6847  6.84202 19.6599 13.1927  6.35 19.9481 13.6847  6.35 17.98 13.6847  6.35 17.98 13.6847 
5.65417 18.2682 13.6847  5.85798 18.2682 14.1767  6.35 17.98 13.6847  5.85798 18.2682 13.1927  5.65417 18.2682 13.6847  5.85798 18.2682 14.1767  5.36595 18.964 13.6847  5.65418 18.964 14.3805  5.85798 18.2682 13.1927  5.65417 18.964 12.9889  5.36595 18.964 13.6847  5.65418 18.964 14.3805  5.65418 19.6599 13.6847  5.85798 19.6599 14.1767  6.35 18.964 13.6847  5.65417 18.964 12.9889  6.35 18.964 13.6847  5.85798 19.6599 13.1927  5.65418 19.6599 13.6847  5.85798 19.6599 14.1767  6.35 19.9481 13.6847  6.35 19.9481 13.6847  5.85798 19.6599 13.1927  6.35 19.9481 13.6847  6.35 17.98 13.6847  6.35 17.98 13.6847  6.35 18.2682 14.3805  6.84202 18.2682 14.1767  6.35 17.98 13.6847  5.85798 18.2682 14.1767  6.35 18.2682 14.3805  6.84202 18.2682 14.1767 
6.35 18.964 14.6687  7.04583 18.964 14.3805  5.85798 18.2682 14.1767  5.65418 18.964 14.3805  6.35 18.964 14.6687  7.04583 18.964 14.3805  6.35 19.6599 14.3805  6.84202 19.6599 14.1767  5.65418 18.964 14.3805  5.85798 19.6599 14.1767  6.35 19.6599 14.3805  6.84202 19.6599 14.1767  6.35 19.9481 13.6847  6.35 19.9481 13.6847  5.85798 19.6599 14.1767  6.35 19.9481 13.6847  1.54071 10.0375 1.217  1.54071 9.05926 1.217  1.54071 9.05926 1.217  1.54071 10.0375 1.217  2.23241 9.34577 1.217  2.02981 9.34577 0.72789  1.54071 9.05926 1.217  2.02981 9.34577 1.70611  2.23241 9.34577 1.217  2.02981 9.34577 0.72789  2.51892 10.0375 1.217  2.23241 10.0375 0.525294  2.02981 9.34577 1.70611  2.23241 10.0375 1.9087  2.51892 10.0375 1.217  2.23241 10.0375 0.525294 
2.23241 10.7292 1.217  2.02981 10.7292 0.72789  2.23241 10.0375 1.9087  2.02981 10.7292 1.70611  2.23241 10.7292 1.217  2.02981 10.7292 0.72789  1.54071 11.0157 1.217  1.54071 11.0157 1.217  2.02981 10.7292 1.70611  1.54071 11.0157 1.217  1.54071 9.05926 1.217  1.54071 9.05926 1.217  1.54071 9.34577 0.525294  1.0516 9.34577 0.72789  1.54071 9.05926 1.217  2.02981 9.34577 0.72789  1.54071 9.34577 0.525294  1.0516 9.34577 0.72789  1.54071 10.0375 0.23878  0.849 10.0375 0.525294  2.02981 9.34577 0.72789  2.23241 10.0375 0.525294  1.54071 10.0375 0.23878  0.849 10.0375 0.525294  1.54071 10.7292 0.525294  1.0516 10.7292 0.72789  2.23241 10.0375 0.525294  2.02981 10.7292 0.72789  1.54071 10.7292 0.525294  1.0516 10.7292 0.72789  1.54071 11.0157 1.217  1.54071 11.0157 1.217 
2.02981 10.7292 0.72789  1.54071 11.0157 1.217  1.54071 9.05926 1.217  1.54071 9.05926 1.217  0.849 9.34577 1.217  1.0516 9.34577 1.70611  1.54071 9.05926 1.217  1.0516 9.34577 0.72789  0.849 9.34577 1.217  1.0516 9.34577 1.70611  0.562486 10.0375 1.217  0.849 10.0375 1.9087  1.0516 9.34577 0.72789  0.849 10.0375 0.525294  0.562486 10.0375 1.217  0.849 10.0375 1.9087  0.849 10.7292 1.217  1.0516 10.7292 1.70611  1.54071 10.0375 1.217  0.849 10.0375 0.525294  1.54071 10.0375 1.217  1.0516 10.7292 0.72789  0.849 10.7292 1.217  1.0516 10.7292 1.70611  1.54071 11.0157 1.217  1.54071 11.0157 1.217  1.0516 10.7292 0.72789  1.54071 11.0157 1.217  1.54071 9.05926 1.217  1.54071 9.05926 1.217  1.54071 9.34577 1.9087  2.02981 9.34577 1.70611 
1.54071 9.05926 1.217  1.0516 9.34577 1.70611  1.54071 9.34577 1.9087  2.02981 9.34577 1.70611  1.54071 10.0375 2.19522  2.23241 10.0375 1.9087  1.0516 9.34577 1.70611  0.849 10.0375 1.9087  1.54071 10.0375 2.19522  2.23241 10.0375 1.9087  1.54071 10.7292 1.9087  2.02981 10.7292 1.70611  0.849 10.0375 1.9087  1.0516 10.7292 1.70611  1.54071 10.7292 1.9087  2.02981 10.7292 1.70611  1.54071 11.0157 1.217  1.54071 11.0157 1.217  1.0516 10.7292 1.70611  1.54071 11.0157 1.217  2.48446 23.6755 18.5147  2.48446 22.7309 18.5147  2.48446 22.7309 18.5147  2.48446 23.6755 18.5147  3.15241 23.0075 18.5147  2.95677 23.0075 18.0424  2.48446 22.7309 18.5147  2.95677 23.0075 18.987  3.15241 23.0075 18.5147  2.95677 23.0075 18.0424  3.42909 23.6755 18.5147  3.15241 23.6755 17.8468 
2.95677 23.0075 18.987  3.15241 23.6755 19.1827  3.42909 23.6755 18.5147  3.15241 23.6755 17.8468  3.15241 24.3435 18.5147  2.95677 24.3435 18.0424  3.15241 23.6755 19.1827  2.95677 24.3435 18.987  3.15241 24.3435 18.5147  2.95677 24.3435 18.0424  2.48446 24.6201 18.5147  2.48446 24.6201 18.5147  2.95677 24.3435 18.987  2.48446 24.6201 18.5147  2.48446 22.7309 18.5147  2.48446 22.7309 18.5147  2.48446 23.0075 17.8468  2.01214 23.0075 18.0424  2.48446 22.7309 18.5147  2.95677 23.0075 18.0424  2.48446 23.0075 17.8468  2.01214 23.0075 18.0424  2.48446 23.6755 17.5701  1.8165 23.6755 17.8468  2.95677 23.0075 18.0424  3.15241 23.6755 17.8468  2.48446 23.6755 17.5701  1.8165 23.6755 17.8468  2.48446 24.3435 17.8468  2.01214 24.3435 18.0424  3.15241 23.6755 17.8468  2.95677 24.3435 18.0424 
2.48446 24.3435 17.8468  2.01214 24.3435 18.0424  2.48446 24.6201 18.5147  2.48446 24.6201 18.5147  2.95677 24.3435 18.0424  2.48446 24.6201 18.5147  2.48446 22.7309 18.5147  2.48446 22.7309 18.5147  1.8165 23.0075 18.5147  2.01214 23.0075 18.987  2.48446 22.7309 18.5147  2.01214 23.0075 18.0424  1.8165 23.0075 18.5147  2.01214 23.0075 18.987  1.53982 23.6755 18.5147  1.8165 23.6755 19.1827  2.01214 23.0075 18.0424  1.8165 23.6755 17.8468  1.53982 23.6755 18.5147  1.8165 23.6755 19.1827  1.8165 24.3435 18.5147  2.01214 24.3435 18.987  2.48446 23.6755 18.5147  1.8165 23.6755 17.8468  2.48446 23.6755 18.5147  2.01214 24.3435 18.0424  1.8165 24.3435 18.5147  2.01214 24.3435 18.987  2.48446 24.6201 18.5147  2.48446 24.6201 18.5147  2.01214 24.3435 18.0424  2.48446 24.6201 18.5147 
2.48446 22.7309 18.5147  2.48446 22.7309 18.5147  2.48446 23.0075 19.1827  2.95677 23.0075 18.987  2.48446 22.7309 18.5147  2.01214 23.0075 18.987  2.48446 23.0075 19.1827  2.95677 23.0075 18.987  2.48446 23.6755 19.4594  3.15241 23.6755 19.1827  2.01214 23.0075 18.987  1.8165 23.6755 19.1827  2.48446 23.6755 19.4594  3.15241 23.6755 19.1827  2.48446 24.3435 19.1827  2.95677 24.3435 18.987  1.8165 23.6755 19.1827  2.01214 24.3435 18.987  2.48446 24.3435 19.1827  2.95677 24.3435 18.987  2.48446 24.6201 18.5147  2.48446 24.6201 18.5147  2.01214 24.3435 18.987  2.48446 24.6201 18.5147  8.65011 18.4719 13.299  8.65011 17.529 13.299  8.65011 17.529 13.299  8.65011 18.4719 13.299  9.31683 17.8052 13.299  9.12155 17.8052 12.8276  8.65011 17.529 13.299  9.12155 17.8052 13.7704 
9.31683 17.8052 13.299  9.12155 17.8052 12.8276  9.59299 18.4719 13.299  9.31683 18.4719 12.6323  9.12155 17.8052 13.7704  9.31683 18.4719 13.9657  9.59299 18.4719 13.299  9.31683 18.4719 12.6323  9.31683 19.1386 13.299  9.12155 19.1386 12.8276  9.31683 18.4719 13.9657  9.12155 19.1386 13.7704  9.31683 19.1386 13.299  9.12155 19.1386 12.8276  8.65011 19.4148 13.299  8.65011 19.4148 13.299  9.12155 19.1386 13.7704  8.65011 19.4148 13.299  8.65011 17.529 13.299  8.65011 17.529 13.299  8.65011 17.8052 12.6323  8.17867 17.8052 12.8276  8.65011 17.529 13.299  9.12155 17.8052 12.8276  8.65011 17.8052 12.6323  8.17867 17.8052 12.8276  8.65011 18.4719 12.3561  7.98339 18.4719 12.6323  9.12155 17.8052 12.8276  9.31683 18.4719 12.6323  8.65011 18.4719 12.3561  7.98339 18.4719 12.6323 
8.65011 19.1386 12.6323  8.17867 19.1386 12.8276  9.31683 18.4719 12.6323  9.12155 19.1386 12.8276  8.65011 19.1386 12.6323  8.17867 19.1386 12.8276  8.65011 19.4148 13.299  8.65011 19.4148 13.299  9.12155 19.1386 12.8276  8.65011 19.4148 13.299  8.65011 17.529 13.299  8.65011 17.529 13.299  7.98339 17.8052 13.299  8.17867 17.8052 13.7704  8.65011 17.529 13.299  8.17867 17.8052 12.8276  7.98339 17.8052 13.299  8.17867 17.8052 13.7704  7.70723 18.4719 13.299  7.98339 18.4719 13.9657  8.17867 17.8052 12.8276  7.98339 18.4719 12.6323  7.70723 18.4719 13.299  7.98339 18.4719 13.9657  7.98339 19.1386 13.299  8.17867 19.1386 13.7704  8.65011 18.4719 13.299  7.98339 18.4719 12.6323  8.65011 18.4719 13.299  8.17867 19.1386 12.8276  7.98339 19.1386 13.299  8.17867 19.1386 13.7704 
8.65011 19.4148 13.299  8.65011 19.4148 13.299  8.17867 19.1386 12.8276  8.65011 19.4148 13.299  8.65011 17.529 13.299  8.65011 17.529 13.299  8.65011 17.8052 13.9657  9.12155 17.8052 13.7704  8.65011 17.529 13.299  8.17867 17.8052 13.7704  8.65011 17.8052 13.9657  9.12155 17.8052 13.7704  8.65011 18.4719 14.2419  9.31683 18.4719 13.9657  8.17867 17.8052 13.7704  7.98339 18.4719 13.9657  8.65011 18.4719 14.2419  9.31683 18.4719 13.9657  8.65011 19.1386 13.9657  9.12155 19.1386 13.7704  7.98339 18.4719 13.9657  8.17867 19.1386 13.7704  8.65011 19.1386 13.9657  9.12155 19.1386 13.7704  8.65011 19.4148 13.299  8.65011 19.4148 13.299  8.17867 19.1386 13.7704  8.65011 19.4148 13.299  5.94555 11.1448 14.599  5.94555 10.2274 14.599  5.94555 10.2274 14.599  5.94555 11.1448 14.599 
6.59429 10.4961 14.599  6.40428 10.4961 14.1403  5.94555 10.2274 14.599  6.40428 10.4961 15.0577  6.59429 10.4961 14.599  6.40428 10.4961 14.1403  6.863 11.1448 14.599  6.59429 11.1448 13.9503  6.40428 10.4961 15.0577  6.59429 11.1448 15.2477  6.863 11.1448 14.599  6.59429 11.1448 13.9503  6.59429 11.7936 14.599  6.40428 11.7936 14.1403  6.59429 11.1448 15.2477  6.40428 11.7936 15.0577  6.59429 11.7936 14.599  6.40428 11.7936 14.1403  5.94555 12.0623 14.599  5.94555 12.0623 14.599  6.40428 11.7936 15.0577  5.94555 12.0623 14.599  5.94555 10.2274 14.599  5.94555 10.2274 14.599  5.94555 10.4961 13.9503  5.48682 10.4961 14.1403  5.94555 10.2274 14.599  6.40428 10.4961 14.1403  5.94555 10.4961 13.9503  5.48682 10.4961 14.1403  5.94555 11.1448 13.6815  5.29681 11.1448 13.9503 
6.40428 10.4961 14.1403  6.59429 11.1448 13.9503  5.94555 11.1448 13.6815  5.29681 11.1448 13.9503  5.94555 11.7936 13.9503  5.48683 11.7936 14.1403  6.59429 11.1448 13.9503  6.40428 11.7936 14.1403  5.94555 11.7936 13.9503  5.48683 11.7936 14.1403  5.94555 12.0623 14.599  5.94555 12.0623 14.599  6.40428 11.7936 14.1403  5.94555 12.0623 14.599  5.94555 10.2274 14.599  5.94555 10.2274 14.599  5.29681 10.4961 14.599  5.48683 10.4961 15.0577  5.94555 10.2274 14.599  5.48682 10.4961 14.1403  5.29681 10.4961 14.599  5.48683 10.4961 15.0577  5.0281 11.1448 14.599  5.29681 11.1448 15.2477  5.48682 10.4961 14.1403  5.29681 11.1448 13.9503  5.0281 11.1448 14.599  5.29681 11.1448 15.2477  5.29681 11.7936 14.599  5.48683 11.7936 15.0577  5.94555 11.1448 14.599  5.29681 11.1448 13.9503 
5.94555 11.1448 14.599  5.48683 11.7936 14.1403  5.29681 11.7936 14.599  5.48683 11.7936 15.0577  5.94555 12.0623 14.599  5.94555 12.0623 14.599  5.48683 11.7936 14.1403  5.94555 12.0623 14.599  5.94555 10.2274 14.599  5.94555 10.2274 14.599  5.94555 10.4961 15.2477  6.40428 10.4961 15.0577  5.94555 10.2274 14.599  5.48683 10.4961 15.0577  5.94555 10.4961 15.2477  6.40428 10.4961 15.0577  5.94555 11.1448 15.5165  6.59429 11.1448 15.2477  5.48683 10.4961 15.0577  5.29681 11.1448 15.2477  5.94555 11.1448 15.5165  6.59429 11.1448 15.2477  5.94555 11.7936 15.2477  6.40428 11.7936 15.0577  5.29681 11.1448 15.2477  5.48683 11.7936 15.0577  5.94555 11.7936 15.2477  6.40428 11.7936 15.0577  5.94555 12.0623 14.599  5.94555 12.0623 14.599  5.48683 11.7936 15.0577  5.94555 12.0623 14.599 
0.05 29.201 29.2346  0.05 28.3153 29.2346  0.05 28.3153 29.2346  0.05 29.201 29.2346  0.676258 28.5747 29.2346  0.492831 28.5747 28.7917  0.05 28.3153 29.2346  0.492831 28.5747 29.6774  0.676258 28.5747 29.2346  0.492831 28.5747 28.7917  0.935663 29.201 29.2346  0.676258 29.201 28.6083  0.492831 28.5747 29.6774  0.676258 29.201 29.8608  0.935663 29.201 29.2346  0.676258 29.201 28.6083  0.676258 29.8273 29.2346  0.492831 29.8273 28.7917  0.676258 29.201 29.8608  0.492831 29.8273 29.6774  0.676258 29.8273 29.2346  0.492831 29.8273 28.7917  0.05 30.0867 29.2346  0.05 30.0867 29.2346  0.492831 29.8273 29.6774  0.05 30.0867 29.2346  0.05 28.3153 29.2346  0.05 28.3153 29.2346  0.0499999 28.5747 28.6083  -0.392831 28.5747 28.7917  0.05 28.3153 29.2346  0.492831 28.5747 28.7917 
0.0499999 28.5747 28.6083  -0.392831 28.5747 28.7917  0.0499999 29.201 28.3489  -0.576258 29.201 28.6083  0.492831 28.5747 28.7917  0.676258 29.201 28.6083  0.0499999 29.201 28.3489  -0.576258 29.201 28.6083  0.0499999 29.8273 28.6083  -0.392831 29.8273 28.7917  0.676258 29.201 28.6083  0.492831 29.8273 28.7917  0.0499999 29.8273 28.6083  -0.392831 29.8273 28.7917  0.05 30.0867 29.2346  0.05 30.0867 29.2346  0.492831 29.8273 28.7917  0.05 30.0867 29.2346  0.05 28.3153 29.2346  0.05 28.3153 29.2346  -0.576258 28.5747 29.2346  -0.392831 28.5747 29.6774  0.05 28.3153 29.2346  -0.392831 28.5747 28.7917  -0.576258 28.5747 29.2346  -0.392831 28.5747 29.6774  -0.835663 29.201 29.2346  -0.576258 29.201 29.8608  -0.392831 28.5747 28.7917  -0.576258 29.201 28.6083  -0.835663 29.201 29.2346  -0.576258 29.201 29.8608 
-0.576258 29.8273 29.2346  -0.392831 29.8273 29.6774  0.05 29.201 29.2346  -0.576258 29.201 28.6083  0.05 29.201 29.2346  -0.392831 29.8273 28.7917  -0.576258 29.8273 29.2346  -0.392831 29.8273 29.6774  0.05 30.0867 29.2346  0.05 30.0867 29.2346  -0.392831 29.8273 28.7917  0.05 30.0867 29.2346  0.05 28.3153 29.2346  0.05 28.3153 29.2346  0.0500001 28.5747 29.8608  0.492832 28.5747 29.6774  0.05 28.3153 29.2346  -0.392831 28.5747 29.6774  0.0500001 28.5747 29.8608  0.492832 28.5747 29.6774  0.0500002 29.201 30.1202  0.676258 29.201 29.8608  -0.392831 28.5747 29.6774  -0.576258 29.201 29.8608  0.0500002 29.201 30.1202  0.676258 29.201 29.8608  0.0500001 29.8273 29.8608  0.492831 29.8273 29.6774  -0.576258 29.201 29.8608  -0.392831 29.8273 29.6774  0.0500001 29.8273 29.8608  0.492831 29.8273 29.6774 
0.05 30.0867 29.2346  0.05 30.0867 29.2346  -0.392831 29.8273 29.6774  0.05 30.0867 29.2346  0.349038 27.3447 0.742561  0.349038 26.505 0.742561  0.349038 26.505 0.742561  0.349038 27.3447 0.742561  0.942807 26.7509 0.742561  0.768896 26.7509 0.322703  0.349038 26.505 0.742561  0.768896 26.7509 1.16242  0.942807 26.7509 0.742561  0.768896 26.7509 0.322703  1.18875 27.3447 0.742561  0.942807 27.3447 0.148792  0.768896 26.7509 1.16242  0.942807 27.3447 1.33633  1.18875 27.3447 0.742561  0.942807 27.3447 0.148792  0.942807 27.9385 0.742561  0.768896 27.9385 0.322703  0.942807 27.3447 1.33633  0.768896 27.9385 1.16242  0.942807 27.9385 0.742561  0.768896 27.9385 0.322703  0.349038 28.1844 0.742561  0.349038 28.1844 0.742561  0.768896 27.9385 1.16242  0.349038 28.1844 0.742561  0.349038 26.505 0.742561  0.349038 26.505 0.742561 
0.349038 26.7509 0.148792  -0.0708201 26.7509 0.322703  0.349038 26.505 0.742561  0.768896 26.7509 0.322703  0.349038 26.7509 0.148792  -0.0708201 26.7509 0.322703  0.349038 27.3447 -0.0971548  -0.244731 27.3447 0.148792  0.768896 26.7509 0.322703  0.942807 27.3447 0.148792  0.349038 27.3447 -0.0971548  -0.244731 27.3447 0.148792  0.349038 27.9385 0.148792  -0.07082 27.9385 0.322703  0.942807 27.3447 0.148792  0.768896 27.9385 0.322703  0.349038 27.9385 0.148792  -0.07082 27.9385 0.322703  0.349038 28.1844 0.742561  0.349038 28.1844 0.742561  0.768896 27.9385 0.322703  0.349038 28.1844 0.742561  0.349038 26.505 0.742561  0.349038 26.505 0.742561  -0.244731 26.7509 0.742561  -0.07082 26.7509 1.16242  0.349038 26.505 0.742561  -0.0708201 26.7509 0.322703  -0.244731 26.7509 0.742561  -0.07082 26.7509 1.16242  -0.490678 27.3447 0.742561  -0.244731 27.3447 1.33633 
-0.0708201 26.7509 0.322703  -0.244731 27.3447 0.148792  -0.490678 27.3447 0.742561  -0.244731 27.3447 1.33633  -0.244731 27.9385 0.742561  -0.0708199 27.9385 1.16242  0.349038 27.3447 0.742561  -0.244731 27.3447 0.148792  0.349038 27.3447 0.742561  -0.07082 27.9385 0.322703  -0.244731 27.9385 0.742561  -0.0708199 27.9385 1.16242  0.349038 28.1844 0.742561  0.349038 28.1844 0.742561  -0.07082 27.9385 0.322703  0.349038 28.1844 0.742561  0.349038 26.505 0.742561  0.349038 26.505 0.742561  0.349038 26.7509 1.33633  0.768896 26.7509 1.16242  0.349038 26.505 0.742561  -0.07082 26.7509 1.16242  0.349038 26.7509 1.33633  0.768896 26.7509 1.16242  0.349038 27.3447 1.58228  0.942807 27.3447 1.33633  -0.07082 26.7509 1.16242  -0.244731 27.3447 1.33633  0.349038 27.3447 1.58228  0.942807 27.3447 1.33633  0.349038 27.9385 1.33633  0.768896 27.9385 1.16242 
-0.244731 27.3447 1.33633  -0.0708199 27.9385 1.16242  0.349038 27.9385 1.33633  0.768896 27.9385 1.16242  0.349038 28.1844 0.742561  0.349038 28.1844 0.742561  -0.0708199 27.9385 1.16242  0.349038 28.1844 0.742561  0.05 12.2623 13.433  0.05 11.4424 13.433  0.05 11.4424 13.433  0.05 12.2623 13.433  0.629786 11.6825 13.433  0.45997 11.6825 13.0231  0.05 11.4424 13.433  0.45997 11.6825 13.843  0.629786 11.6825 13.433  0.45997 11.6825 13.0231  0.869941 12.2623 13.433  0.629786 12.2623 12.8532  0.45997 11.6825 13.843  0.629786 12.2623 14.0128  0.869941 12.2623 13.433  0.629786 12.2623 12.8532  0.629786 12.8421 13.433  0.45997 12.8421 13.0231  0.629786 12.2623 14.0128  0.45997 12.8421 13.843  0.629786 12.8421 13.433  0.45997 12.8421 13.0231  0.05 13.0823 13.433  0.05 13.0823 13.433 
0.45997 12.8421 13.843  0.05 13.0823 13.433  0.05 11.4424 13.433  0.05 11.4424 13.433  0.0499999 11.6825 12.8532  -0.35997 11.6825 13.0231  0.05 11.4424 13.433  0.45997 11.6825 13.0231  0.0499999 11.6825 12.8532  -0.35997 11.6825 13.0231  0.0499999 12.2623 12.6131  -0.529786 12.2623 12.8532  0.45997 11.6825 13.0231  0.629786 12.2623 12.8532  0.0499999 12.2623 12.6131  -0.529786 12.2623 12.8532  0.0499999 12.8421 12.8532  -0.35997 12.8421 13.0231  0.629786 12.2623 12.8532  0.45997 12.8421 13.0231  0.0499999 12.8421 12.8532  -0.35997 12.8421 13.0231  0.05 13.0823 13.433  0.05 13.0823 13.433  0.45997 12.8421 13.0231  0.05 13.0823 13.433  0.05 11.4424 13.433  0.05 11.4424 13.433  -0.529786 11.6825 13.433  -0.35997 11.6825 13.843  0.05 11.4424 13.433  -0.35997 11.6825 13.0231 
-0.529786 11.6825 13.433  -0.35997 11.6825 13.843  -0.769941 12.2623 13.433  -0.529786 12.2623 14.0128  -0.35997 11.6825 13.0231  -0.529786 12.2623 12.8532  -0.769941 12.2623 13.433  -0.529786 12.2623 14.0128  -0.529786 12.8421 13.433  -0.35997 12.8421 13.843  0.05 12.2623 13.433  -0.529786 12.2623 12.8532  0.05 12.2623 13.433  -0.35997 12.8421 13.0231  -0.529786 12.8421 13.433  -0.35997 12.8421 13.843  0.05 13.0823 13.433  0.05 13.0823 13.433  -0.35997 12.8421 13.0231  0.05 13.0823 13.433  0.05 11.4424 13.433  0.05 11.4424 13.433  0.0500001 11.6825 14.0128  0.459971 11.6825 13.843  0.05 11.4424 13.433  -0.35997 11.6825 13.843  0.0500001 11.6825 14.0128  0.459971 11.6825 13.843  0.0500001 12.2623 14.253  0.629786 12.2623 14.0128  -0.35997 11.6825 13.843  -0.529786 12.2623 14.0128 
0.0500001 12.2623 14.253  0.629786 12.2623 14.0128  0.0500001 12.8421 14.0128  0.45997 12.8421 13.843  -0.529786 12.2623 14.0128  -0.35997 12.8421 13.843  0.0500001 12.8421 14.0128  0.45997 12.8421 13.843  0.05 13.0823 13.433  0.05 13.0823 13.433  -0.35997 12.8421 13.843  0.05 13.0823 13.433  0.121043 1.44096 26.2631  0.121043 0.626069 26.2631  0.121043 0.626069 26.2631  0.121043 1.44096 26.2631  0.697257 0.864744 26.2631  0.528487 0.864744 25.8556  0.121043 0.626069 26.2631  0.528487 0.864744 26.6705  0.697257 0.864744 26.2631  0.528487 0.864744 25.8556  0.935932 1.44096 26.2631  0.697257 1.44096 25.6868  0.528487 0.864744 26.6705  0.697257 1.44096 26.8393  0.935932 1.44096 26.2631  0.697257 1.44096 25.6868  0.697257 2.01717 26.2631  0.528487 2.01717 25.8556  0.697257 1.44096 26.8393  0.528487 2.01717 26.6705 
0.697257 2.01717 26.2631  0.528487 2.01717 25.8556  0.121043 2.25585 26.2631  0.121043 2.25585 26.2631  0.528487 2.01717 26.6705  0.121043 2.25585 26.2631  0.121043 0.626069 26.2631  0.121043 0.626069 26.2631  0.121042 0.864744 25.6868  -0.286402 0.864744 25.8556  0.121043 0.626069 26.2631  0.528487 0.864744 25.8556  0.121042 0.864744 25.6868  -0.286402 0.864744 25.8556  0.121042 1.44096 25.4482  -0.455172 1.44096 25.6868  0.528487 0.864744 25.8556  0.697257 1.44096 25.6868  0.121042 1.44096 25.4482  -0.455172 1.44096 25.6868  0.121042 2.01717 25.6868  -0.286402 2.01717 25.8556  0.697257 1.44096 25.6868  0.528487 2.01717 25.8556  0.121042 2.01717 25.6868  -0.286402 2.01717 25.8556  0.121043 2.25585 26.2631  0.121043 2.25585 26.2631  0.528487 2.01717 25.8556  0.121043 2.25585 26.2631  0.121043 0.626069 26.2631  0.121043 0.626069 26.2631 
-0.455172 0.864744 26.2631  -0.286402 0.864744 26.6705  0.121043 0.626069 26.2631  -0.286402 0.864744 25.8556  -0.455172 0.864744 26.2631  -0.286402 0.864744 26.6705  -0.693847 1.44096 26.2631  -0.455171 1.44096 26.8393  -0.286402 0.864744 25.8556  -0.455172 1.44096 25.6868  -0.693847 1.44096 26.2631  -0.455171 1.44096 26.8393  -0.455172 2.01717 26.2631  -0.286402 2.01717 26.6705  0.121043 1.44096 26.2631  -0.455172 1.44096 25.6868  0.121043 1.44096 26.2631  -0.286402 2.01717 25.8556  -0.455172 2.01717 26.2631  -0.286402 2.01717 26.6705  0.121043 2.25585 26.2631  0.121043 2.25585 26.2631  -0.286402 2.01717 25.8556  0.121043 2.25585 26.2631  0.121043 0.626069 26.2631  0.121043 0.626069 26.2631  0.121043 0.864744 26.8393  0.528488 0.864744 26.6705  0.121043 0.626069 26.2631  -0.286402 0.864744 26.6705  0.121043 0.864744 26.8393  0.528488 0.864744 26.6705 
0.121043 1.44096 27.078  0.697257 1.44096 26.8393  -0.286402 0.864744 26.6705  -0.455171 1.44096 26.8393  0.121043 1.44096 27.078  0.697257 1.44096 26.8393  0.121043 2.01717 26.8393  0.528487 2.01717 26.6705  -0.455171 1.44096 26.8393  -0.286402 2.01717 26.6705  0.121043 2.01717 26.8393  0.528487 2.01717 26.6705  0.121043 2.25585 26.2631  0.121043 2.25585 26.2631  -0.286402 2.01717 26.6705  0.121043 2.25585 26.2631  3.601 4.999 4.54753  3.601 4.05688 4.54753  3.601 4.05688 4.54753  3.601 4.999 4.54753  4.26718 4.33282 4.54753  4.07206 4.33282 4.07646  3.601 4.05688 4.54753  4.07206 4.33282 5.01859  4.26718 4.33282 4.54753  4.07206 4.33282 4.07646  4.54312 4.999 4.54753  4.26718 4.999 3.88134  4.07206 4.33282 5.01859  4.26718 4.999 5.21371  4.54312 4.999 4.54753  4.26718 4.999 3.88134 
4.26718 5.66518 4.54753  4.07206 5.66518 4.07646  4.26718 4.999 5.21371  4.07206 5.66518 5.01859  4.26718 5.66518 4.54753  4.07206 5.66518 4.07646  3.601 5.94112 4.54753  3.601 5.94112 4.54753  4.07206 5.66518 5.01859  3.601 5.94112 4.54753  3.601 4.05688 4.54753  3.601 4.05688 4.54753  3.601 4.33282 3.88134  3.12994 4.33282 4.07646  3.601 4.05688 4.54753  4.07206 4.33282 4.07646  3.601 4.33282 3.88134  3.12994 4.33282 4.07646  3.601 4.999 3.6054  2.93482 4.999 3.88134  4.07206 4.33282 4.07646  4.26718 4.999 3.88134  3.601 4.999 3.6054  2.93482 4.999 3.88134  3.601 5.66518 3.88134  3.12994 5.66518 4.07646  4.26718 4.999 3.88134  4.07206 5.66518 4.07646  3.601 5.66518 3.88134  3.12994 5.66518 4.07646  3.601 5.94112 4.54753  3.601 5.94112 4.54753 
4.07206 5.66518 4.07646  3.601 5.94112 4.54753  3.601 4.05688 4.54753  3.601 4.05688 4.54753  2.93482 4.33282 4.54753  3.12994 4.33282 5.01859  3.601 4.05688 4.54753  3.12994 4.33282 4.07646  2.93482 4.33282 4.54753  3.12994 4.33282 5.01859  2.65888 4.999 4.54753  2.93482 4.999 5.21371  3.12994 4.33282 4.07646  2.93482 4.999 3.88134  2.65888 4.999 4.54753  2.93482 4.999 5.21371  2.93482 5.66518 4.54753  3.12994 5.66518 5.01859  3.601 4.999 4.54753  2.93482 4.999 3.88134  3.601 4.999 4.54753  3.12994 5.66518 4.07646  2.93482 5.66518 4.54753  3.12994 5.66518 5.01859  3.601 5.94112 4.54753  3.601 5.94112 4.54753  3.12994 5.66518 4.07646  3.601 5.94112 4.54753  3.601 4.05688 4.54753  3.601 4.05688 4.54753  3.601 4.33282 5.21371  4.07206 4.33282 5.01859 
3.601 4.05688 4.54753  3.12994 4.33282 5.01859  3.601 4.33282 5.21371  4.07206 4.33282 5.01859  3.601 4.999 5.48965  4.26718 4.999 5.21371  3.12994 4.33282 5.01859  2.93482 4.999 5.21371  3.601 4.999 5.48965  4.26718 4.999 5.21371  3.601 5.66518 5.21371  4.07206 5.66518 5.01859  2.93482 4.999 5.21371  3.12994 5.66518 5.01859  3.601 5.66518 5.21371  4.07206 5.66518 5.01859  3.601 5.94112 4.54753  3.601 5.94112 4.54753  3.12994 5.66518 5.01859  3.601 5.94112 4.54753  6.45395 22.799 10.0364  6.45395 21.9958 10.0364  6.45395 21.9958 10.0364  6.45395 22.799 10.0364  7.02187 22.2311 10.0364  6.85553 22.2311 9.63486  6.45395 21.9958 10.0364  6.85553 22.2311 10.438  7.02187 22.2311 10.0364  6.85553 22.2311 9.63486  7.25712 22.799 10.0364  7.02187 22.799 9.46852 
6.85553 22.2311 10.438  7.02187 22.799 10.6044  7.25712 22.799 10.0364  7.02187 22.799 9.46852  7.02187 23.3669 10.0364  6.85553 23.3669 9.63486  7.02187 22.799 10.6044  6.85553 23.3669 10.438  7.02187 23.3669 10.0364  6.85553 23.3669 9.63486  6.45395 23.6022 10.0364  6.45395 23.6022 10.0364  6.85553 23.3669 10.438  6.45395 23.6022 10.0364  6.45395 21.9958 10.0364  6.45395 21.9958 10.0364  6.45395 22.2311 9.46852  6.05236 22.2311 9.63486  6.45395 21.9958 10.0364  6.85553 22.2311 9.63486  6.45395 22.2311 9.46852  6.05236 22.2311 9.63486  6.45395 22.799 9.23328  5.88602 22.799 9.46852  6.85553 22.2311 9.63486  7.02187 22.799 9.46852  6.45395 22.799 9.23328  5.88602 22.799 9.46852  6.45395 23.3669 9.46852  6.05236 23.3669 9.63486  7.02187 22.799 9.46852  6.85553 23.3669 9.63486 
6.45395 23.3669 9.46852  6.05236 23.3669 9.63486  6.45395 23.6022 10.0364  6.45395 23.6022 10.0364  6.85553 23.3669 9.63486  6.45395 23.6022 10.0364  6.45395 21.9958 10.0364  6.45395 21.9958 10.0364  5.88602 22.2311 10.0364  6.05236 22.2311 10.438  6.45395 21.9958 10.0364  6.05236 22.2311 9.63486  5.88602 22.2311 10.0364  6.05236 22.2311 10.438  5.65078 22.799 10.0364  5.88602 22.799 10.6044  6.05236 22.2311 9.63486  5.88602 22.799 9.46852  5.65078 22.799 10.0364  5.88602 22.799 10.6044  5.88602 23.3669 10.0364  6.05236 23.3669 10.438  6.45395 22.799 10.0364  5.88602 22.799 9.46852  6.45395 22.799 10.0364  6.05236 23.3669 9.63486  5.88602 23.3669 10.0364  6.05236 23.3669 10.438  6.45395 23.6022 10.0364  6.45395 23.6022 10.0364  6.05236 23.3669 9.63486  6.45395 23.6022 10.0364 
6.45395 21.9958 10.0364  6.45395 21.9958 10.0364  6.45395 22.2311 10.6044  6.85553 22.2311 10.438  6.45395 21.9958 10.0364  6.05236 22.2311 10.438  6.45395 22.2311 10.6044  6.85553 22.2311 10.438  6.45395 22.799 10.8396  7.02187 22.799 10.6044  6.05236 22.2311 10.438  5.88602 22.799 10.6044  6.45395 22.799 10.8396  7.02187 22.799 10.6044  6.45395 23.3669 10.6044  6.85553 23.3669 10.438  5.88602 22.799 10.6044  6.05236 23.3669 10.438  6.45395 23.3669 10.6044  6.85553 23.3669 10.438  6.45395 23.6022 10.0364  6.45395 23.6022 10.0364  6.05236 23.3669 10.438  6.45395 23.6022 10.0364  2.75821 26.9113 12.6308  2.75821 26.1209 12.6308  2.75821 26.1209 12.6308  2.75821 26.9113 12.6308  3.31705 26.3524 12.6308  3.15337 26.3524 12.2356  2.75821 26.1209 12.6308  3.15337 26.3524 13.0259 
3.31705 26.3524 12.6308  3.15337 26.3524 12.2356  3.54853 26.9113 12.6308  3.31705 26.9113 12.0719  3.15337 26.3524 13.0259  3.31705 26.9113 13.1896  3.54853 26.9113 12.6308  3.31705 26.9113 12.0719  3.31705 27.4701 12.6308  3.15337 27.4701 12.2356  3.31705 26.9113 13.1896  3.15337 27.4701 13.0259  3.31705 27.4701 12.6308  3.15337 27.4701 12.2356  2.75821 27.7016 12.6308  2.75821 27.7016 12.6308  3.15337 27.4701 13.0259  2.75821 27.7016 12.6308  2.75821 26.1209 12.6308  2.75821 26.1209 12.6308  2.75821 26.3524 12.0719  2.36304 26.3524 12.2356  2.75821 26.1209 12.6308  3.15337 26.3524 12.2356  2.75821 26.3524 12.0719  2.36304 26.3524 12.2356  2.75821 26.9113 11.8404  2.19936 26.9113 12.0719  3.15337 26.3524 12.2356  3.31705 26.9113 12.0719  2.75821 26.9113 11.8404  2.19936 26.9113 12.0719 
2.75821 27.4701 12.0719  2.36304 27.4701 12.2356  3.31705 26.9113 12.0719  3.15337 27.4701 12.2356  2.75821 27.4701 12.0719  2.36304 27.4701 12.2356  2.75821 27.7016 12.6308  2.75821 27.7016 12.6308  3.15337 27.4701 12.2356  2.75821 27.7016 12.6308  2.75821 26.1209 12.6308  2.75821 26.1209 12.6308  2.19936 26.3524 12.6308  2.36304 26.3524 13.0259  2.75821 26.1209 12.6308  2.36304 26.3524 12.2356  2.19936 26.3524 12.6308  2.36304 26.3524 13.0259  1.96788 26.9113 12.6308  2.19936 26.9113 13.1896  2.36304 26.3524 12.2356  2.19936 26.9113 12.0719  1.96788 26.9113 12.6308  2.19936 26.9113 13.1896  2.19936 27.4701 12.6308  2.36304 27.4701 13.0259  2.75821 26.9113 12.6308  2.19936 26.9113 12.0719  2.75821 26.9113 12.6308  2.36304 27.4701 12.2356  2.19936 27.4701 12.6308  2.36304 27.4701 13.0259 
2.75821 27.7016 12.6308  2.75821 27.7016 12.6308  2.36304 27.4701 12.2356  2.75821 27.7016 12.6308  2.75821 26.1209 12.6308  2.75821 26.1209 12.6308  2.75821 26.3524 13.1896  3.15337 26.3524 13.0259  2.75821 26.1209 12.6308  2.36304 26.3524 13.0259  2.75821 26.3524 13.1896  3.15337 26.3524 13.0259  2.75821 26.9113 13.4211  3.31705 26.9113 13.1896  2.36304 26.3524 13.0259  2.19936 26.9113 13.1896  2.75821 26.9113 13.4211  3.31705 26.9113 13.1896  2.75821 27.4701 13.1896  3.15337 27.4701 13.0259  2.19936 26.9113 13.1896  2.36304 27.4701 13.0259  2.75821 27.4701 13.1896  3.15337 27.4701 13.0259  2.75821 27.7016 12.6308  2.75821 27.7016 12.6308  2.36304 27.4701 13.0259  2.75821 27.7016 12.6308  0.05 25.433 7.36893  0.05 24.676 7.36893  0.05 24.676 7.36893  0.05 25.433 7.36893 
0.58526 24.8977 7.36893  0.428486 24.8977 6.99044  0.05 24.676 7.36893  0.428486 24.8977 7.74742  0.58526 24.8977 7.36893  0.428486 24.8977 6.99044  0.806972 25.433 7.36893  0.58526 25.433 6.83367  0.428486 24.8977 7.74742  0.58526 25.433 7.90419  0.806972 25.433 7.36893  0.58526 25.433 6.83367  0.58526 25.9682 7.36893  0.428486 25.9682 6.99044  0.58526 25.433 7.90419  0.428486 25.9682 7.74742  0.58526 25.9682 7.36893  0.428486 25.9682 6.99044  0.05 26.1899 7.36893  0.05 26.1899 7.36893  0.428486 25.9682 7.74742  0.05 26.1899 7.36893  0.05 24.676 7.36893  0.05 24.676 7.36893  0.05 24.8977 6.83367  -0.328486 24.8977 6.99044  0.05 24.676 7.36893  0.428486 24.8977 6.99044  0.05 24.8977 6.83367  -0.328486 24.8977 6.99044  0.0499999 25.433 6.61196  -0.48526 25.433 6.83367 
0.428486 24.8977 6.99044  0.58526 25.433 6.83367  0.0499999 25.433 6.61196  -0.48526 25.433 6.83367  0.05 25.9682 6.83367  -0.328486 25.9682 6.99044  0.58526 25.433 6.83367  0.428486 25.9682 6.99044  0.05 25.9682 6.83367  -0.328486 25.9682 6.99044  0.05 26.1899 7.36893  0.05 26.1899 7.36893  0.428486 25.9682 6.99044  0.05 26.1899 7.36893  0.05 24.676 7.36893  0.05 24.676 7.36893  -0.48526 24.8977 7.36893  -0.328486 24.8977 7.74742  0.05 24.676 7.36893  -0.328486 24.8977 6.99044  -0.48526 24.8977 7.36893  -0.328486 24.8977 7.74742  -0.706972 25.433 7.36893  -0.48526 25.433 7.90419  -0.328486 24.8977 6.99044  -0.48526 25.433 6.83367  -0.706972 25.433 7.36893  -0.48526 25.433 7.90419  -0.48526 25.9682 7.36893  -0.328486 25.9682 7.74742  0.05 25.433 7.36893  -0.48526 25.433 6.83367 
0.05 25.433 7.36893  -0.328486 25.9682 6.99044  -0.48526 25.9682 7.36893  -0.328486 25.9682 7.74742  0.05 26.1899 7.36893  0.05 26.1899 7.36893  -0.328486 25.9682 6.99044  0.05 26.1899 7.36893  0.05 24.676 7.36893  0.05 24.676 7.36893  0.0500001 24.8977 7.90419  0.428486 24.8977 7.74742  0.05 24.676 7.36893  -0.328486 24.8977 7.74742  0.0500001 24.8977 7.90419  0.428486 24.8977 7.74742  0.0500001 25.433 8.1259  0.58526 25.433 7.90419  -0.328486 24.8977 7.74742  -0.48526 25.433 7.90419  0.0500001 25.433 8.1259  0.58526 25.433 7.90419  0.0500001 25.9682 7.90419  0.428486 25.9682 7.74742  -0.48526 25.433 7.90419  -0.328486 25.9682 7.74742  0.0500001 25.9682 7.90419  0.428486 25.9682 7.74742  0.05 26.1899 7.36893  0.05 26.1899 7.36893  -0.328486 25.9682 7.74742  0.05 26.1899 7.36893 
7.27356 20.3196 19.1498  7.27356 19.5536 19.1498  7.27356 19.5536 19.1498  7.27356 20.3196 19.1498  7.81523 19.778 19.1498  7.65658 19.778 18.7668  7.27356 19.5536 19.1498  7.65658 19.778 19.5328  7.81523 19.778 19.1498  7.65658 19.778 18.7668  8.03959 20.3196 19.1498  7.81523 20.3196 18.6082  7.65658 19.778 19.5328  7.81523 20.3196 19.6915  8.03959 20.3196 19.1498  7.81523 20.3196 18.6082  7.81523 20.8613 19.1498  7.65658 20.8613 18.7668  7.81523 20.3196 19.6915  7.65658 20.8613 19.5328  7.81523 20.8613 19.1498  7.65658 20.8613 18.7668  7.27356 21.0857 19.1498  7.27356 21.0857 19.1498  7.65658 20.8613 19.5328  7.27356 21.0857 19.1498  7.27356 19.5536 19.1498  7.27356 19.5536 19.1498  7.27356 19.778 18.6082  6.89055 19.778 18.7668  7.65658 19.778 18.7668  7.27356 19.778 18.6082 
6.89055 19.778 18.7668  7.27356 20.3196 18.3838  6.7319 20.3196 18.6082  7.65658 19.778 18.7668  7.81523 20.3196 18.6082  7.27356 20.3196 18.3838  6.7319 20.3196 18.6082  7.27356 20.8613 18.6082  6.89055 20.8613 18.7668  7.81523 20.3196 18.6082  7.65658 20.8613 18.7668  7.27356 20.8613 18.6082  6.89055 20.8613 18.7668  7.27356 21.0857 19.1498  7.27356 21.0857 19.1498  7.65658 20.8613 18.7668  7.27356 21.0857 19.1498  7.27356 19.5536 19.1498  7.27356 19.5536 19.1498  6.7319 19.778 19.1498  6.89055 19.778 19.5328  7.27356 19.5536 19.1498  6.89055 19.778 18.7668  6.7319 19.778 19.1498  6.89055 19.778 19.5328  6.50753 20.3196 19.1498  6.7319 20.3196 19.6915  6.89055 19.778 18.7668  6.7319 20.3196 18.6082  6.50753 20.3196 19.1498  6.7319 20.3196 19.6915  6.7319 20.8613 19.1498 
6.89055 20.8613 19.5328  7.27356 20.3196 19.1498  6.7319 20.3196 18.6082  6.89055 20.8613 18.7668  7.27356 20.3196 19.1498  6.7319 20.8613 19.1498  6.89055 20.8613 19.5328  7.27356 21.0857 19.1498  7.27356 21.0857 19.1498  6.89055 20.8613 18.7668  7.27356 21.0857 19.1498  7.27356 19.5536 19.1498  7.27356 19.5536 19.1498  7.27356 19.778 19.6915  7.65658 19.778 19.5328  7.27356 19.5536 19.1498  6.89055 19.778 19.5328  7.27356 19.778 19.6915  7.65658 19.778 19.5328  7.27356 20.3196 19.9158  7.81523 20.3196 19.6915  6.89055 19.778 19.5328  6.7319 20.3196 19.6915  7.27356 20.3196 19.9158  7.81523 20.3196 19.6915  7.27356 20.8613 19.6915  7.65658 20.8613 19.5328  6.7319 20.3196 19.6915  6.89055 20.8613 19.5328  7.27356 20.8613 19.6915  7.65658 20.8613 19.5328  7.27356 21.0857 19.1498 
7.27356 21.0857 19.1498  6.89055 20.8613 19.5328  7.27356 21.0857 19.1498  6.47096 0.84493 14.6292  6.47096 0.086913 14.6292  6.47096 0.086913 14.6292  6.47096 0.84493 14.6292  7.00696 0.308931 14.6292  6.84997 0.308931 14.2501  6.47096 0.086913 14.6292  6.84997 0.308931 15.0082  7.00696 0.308931 14.6292  6.84997 0.308931 14.2501  7.22898 0.84493 14.6292  7.00696 0.84493 14.0932  6.84997 0.308931 15.0082  7.00696 0.84493 15.1652  7.22898 0.84493 14.6292  7.00696 0.84493 14.0932  7.00696 1.38093 14.6292  6.84997 1.38093 14.2501  7.00696 0.84493 15.1652  6.84997 1.38093 15.0082  7.00696 1.38093 14.6292  6.84997 1.38093 14.2501  6.47096 1.60295 14.6292  6.47096 1.60295 14.6292  6.84997 1.38093 15.0082  6.47096 1.60295 14.6292  6.47096 0.086913 14.6292  6.47096 0.086913 14.6292  6.47096 0.308931 14.0932 
6.09195 0.308931 14.2501  6.47096 0.086913 14.6292  6.84997 0.308931 14.2501  6.47096 0.308931 14.0932  6.09195 0.308931 14.2501  6.47096 0.84493 13.8711  5.93496 0.84493 14.0932  6.84997 0.308931 14.2501  7.00696 0.84493 14.0932  6.47096 0.84493 13.8711  5.93496 0.84493 14.0932  6.47096 1.38093 14.0932  6.09195 1.38093 14.2501  7.00696 0.84493 14.0932  6.84997 1.38093 14.2501  6.47096 1.38093 14.0932  6.09195 1.38093 14.2501  6.47096 1.60295 14.6292  6.47096 1.60295 14.6292  6.84997 1.38093 14.2501  6.47096 1.60295 14.6292  6.47096 0.086913 14.6292  6.47096 0.086913 14.6292  5.93496 0.308931 14.6292  6.09195 0.308931 15.0082  6.47096 0.086913 14.6292  6.09195 0.308931 14.2501  5.93496 0.308931 14.6292  6.09195 0.308931 15.0082  5.71294 0.84493 14.6292  5.93496 0.84493 15.1652  6.09195 0.308931 14.2501 
5.93496 0.84493 14.0932  5.71294 0.84493 14.6292  5.93496 0.84493 15.1652  5.93496 1.38093 14.6292  6.09195 1.38093 15.0082  6.47096 0.84493 14.6292  5.93496 0.84493 14.0932  6.47096 0.84493 14.6292  6.09195 1.38093 14.2501  5.93496 1.38093 14.6292  6.09195 1.38093 15.0082  6.47096 1.60295 14.6292  6.47096 1.60295 14.6292  6.09195 1.38093 14.2501  6.47096 1.60295 14.6292  6.47096 0.086913 14.6292  6.47096 0.086913 14.6292  6.47096 0.308931 15.1652  6.84997 0.308931 15.0082  6.47096 0.086913 14.6292  6.09195 0.308931 15.0082  6.47096 0.308931 15.1652  6.84997 0.308931 15.0082  6.47096 0.84493 15.3872  7.00696 0.84493 15.1652  6.09195 0.308931 15.0082  5.93496 0.84493 15.1652  6.47096 0.84493 15.3872  7.00696 0.84493 15.1652  6.47096 1.38093 15.1652  6.84997 1.38093 15.0082  5.93496 0.84493 15.1652 
6.09195 1.38093 15.0082  6.47096 1.38093 15.1652  6.84997 1.38093 15.0082  6.47096 1.60295 14.6292  6.47096 1.60295 14.6292  6.09195 1.38093 15.0082  6.47096 1.60295 14.6292  6.47828 29.4188 15.1983  6.47828 28.6583 15.1983  6.47828 28.6583 15.1983  6.47828 29.4188 15.1983  7.01606 28.881 15.1983  6.85855 28.881 14.8181  6.47828 28.6583 15.1983  6.85855 28.881 15.5786  7.01606 28.881 15.1983  6.85855 28.881 14.8181  7.23882 29.4188 15.1983  7.01606 29.4188 14.6605  6.85855 28.881 15.5786  7.01606 29.4188 15.7361  7.23882 29.4188 15.1983  7.01606 29.4188 14.6605  7.01606 29.9566 15.1983  6.85855 29.9566 14.8181  7.01606 29.4188 15.7361  6.85855 29.9566 15.5786  7.01606 29.9566 15.1983  6.85855 29.9566 14.8181  6.47828 30.1793 15.1983  6.47828 30.1793 15.1983  6.85855 29.9566 15.5786 
6.47828 30.1793 15.1983  6.47828 28.6583 15.1983  6.47828 28.6583 15.1983  6.47828 28.881 14.6605  6.09802 28.881 14.8181  6.47828 28.6583 15.1983  6.85855 28.881 14.8181  6.47828 28.881 14.6605  6.09802 28.881 14.8181  6.47828 29.4188 14.4378  5.94051 29.4188 14.6605  6.85855 28.881 14.8181  7.01606 29.4188 14.6605  6.47828 29.4188 14.4378  5.94051 29.4188 14.6605  6.47828 29.9566 14.6605  6.09802 29.9566 14.8181  7.01606 29.4188 14.6605  6.85855 29.9566 14.8181  6.47828 29.9566 14.6605  6.09802 29.9566 14.8181  6.47828 30.1793 15.1983  6.47828 30.1793 15.1983  6.85855 29.9566 14.8181  6.47828 30.1793 15.1983  6.47828 28.6583 15.1983  6.47828 28.6583 15.1983  5.94051 28.881 15.1983  6.09802 28.881 15.5786  6.47828 28.6583 15.1983  6.09802 28.881 14.8181  5.94051 28.881 15.1983 
6.09802 28.881 15.5786  5.71775 29.4188 15.1983  5.94051 29.4188 15.7361  6.09802 28.881 14.8181  5.94051 29.4188 14.6605  5.71775 29.4188 15.1983  5.94051 29.4188 15.7361  5.94051 29.9566 15.1983  6.09802 29.9566 15.5786  6.47828 29.4188 15.1983  5.94051 29.4188 14.6605  6.47828 29.4188 15.1983  6.09802 29.9566 14.8181  5.94051 29.9566 15.1983  6.09802 29.9566 15.5786  6.47828 30.1793 15.1983  6.47828 30.1793 15.1983  6.09802 29.9566 14.8181  6.47828 30.1793 15.1983  6.47828 28.6583 15.1983  6.47828 28.6583 15.1983  6.47828 28.881 15.7361  6.85855 28.881 15.5786  6.09802 28.881 15.5786  6.47828 28.881 15.7361  6.85855 28.881 15.5786  6.47828 29.4188 15.9589  7.01606 29.4188 15.7361  6.09802 28.881 15.5786  5.94051 29.4188 15.7361  6.47828 29.4188 15.9589  7.01606 29.4188 15.7361 
6.47828 29.9566 15.7361  6.85855 29.9566 15.5786  5.94051 29.4188 15.7361  6.09802 29.9566 15.5786  6.47828 29.9566 15.7361  6.85855 29.9566 15.5786  6.47828 30.1793 15.1983  6.47828 30.1793 15.1983  6.09802 29.9566 15.5786  6.47828 30.1793 15.1983  8.91372 15.9297 25.0404  8.91372 15.1923 25.0404  8.91372 15.1923 25.0404  8.91372 15.9297 25.0404  9.43513 15.4082 25.0404  9.28242 15.4082 24.6717  8.91372 15.1923 25.0404  9.28242 15.4082 25.4091  9.43513 15.4082 25.0404  9.28242 15.4082 24.6717  9.65111 15.9297 25.0404  9.43513 15.9297 24.519  9.28242 15.4082 25.4091  9.43513 15.9297 25.5618  9.65111 15.9297 25.0404  9.43513 15.9297 24.519  9.43513 16.4511 25.0404  9.28242 16.4511 24.6717  9.43513 15.9297 25.5618  9.28242 16.4511 25.4091  9.43513 16.4511 25.0404  9.28242 16.4511 24.6717 
8.91372 16.667 25.0404  8.91372 16.667 25.0404  9.28242 16.4511 25.4091  8.91372 16.667 25.0404  8.91372 15.1923 25.0404  8.91372 15.1923 25.0404  8.91372 15.4082 24.519  8.54503 15.4082 24.6717  8.91372 15.1923 25.0404  9.28242 15.4082 24.6717  8.91372 15.4082 24.519  8.54503 15.4082 24.6717  8.91372 15.9297 24.303  8.39231 15.9297 24.519  9.28242 15.4082 24.6717  9.43513 15.9297 24.519  8.91372 15.9297 24.303  8.39231 15.9297 24.519  8.91372 16.4511 24.519  8.54503 16.4511 24.6717  9.43513 15.9297 24.519  9.28242 16.4511 24.6717  8.91372 16.4511 24.519  8.54503 16.4511 24.6717  8.91372 16.667 25.0404  8.91372 16.667 25.0404  9.28242 16.4511 24.6717  8.91372 16.667 25.0404  8.91372 15.1923 25.0404  8.91372 15.1923 25.0404  8.39231 15.4082 25.0404  8.54503 15.4082 25.4091 
8.91372 15.1923 25.0404  8.54503 15.4082 24.6717  8.39231 15.4082 25.0404  8.54503 15.4082 25.4091  8.17634 15.9297 25.0404  8.39231 15.9297 25.5618  8.54503 15.4082 24.6717  8.39231 15.9297 24.519  8.17634 15.9297 25.0404  8.39231 15.9297 25.5618  8.39231 16.4511 25.0404  8.54503 16.4511 25.4091  8.91372 15.9297 25.0404  8.39231 15.9297 24.519  8.91372 15.9297 25.0404  8.54503 16.4511 24.6717  8.39231 16.4511 25.0404  8.54503 16.4511 25.4091  8.91372 16.667 25.0404  8.91372 16.667 25.0404  8.54503 16.4511 24.6717  8.91372 16.667 25.0404  8.91372 15.1923 25.0404  8.91372 15.1923 25.0404  8.91372 15.4082 25.5618  9.28242 15.4082 25.4091  8.91372 15.1923 25.0404  8.54503 15.4082 25.4091  8.91372 15.4082 25.5618  9.28242 15.4082 25.4091  8.91372 15.9297 25.7778  9.43513 15.9297 25.5618 
8.54503 15.4082 25.4091  8.39231 15.9297 25.5618  8.91372 15.9297 25.7778  9.43513 15.9297 25.5618  8.91372 16.4511 25.5618  9.28242 16.4511 25.4091  8.39231 15.9297 25.5618  8.54503 16.4511 25.4091  8.91372 16.4511 25.5618  9.28242 16.4511 25.4091  8.91372 16.667 25.0404  8.91372 16.667 25.0404  8.54503 16.4511 25.4091  8.91372 16.667 25.0404  8.26321 11.418 12.8829  8.26321 10.6892 12.8829  8.26321 10.6892 12.8829  8.26321 11.418 12.8829  8.77856 10.9027 12.8829  8.62761 10.9027 12.5185  8.26321 10.6892 12.8829  8.62761 10.9027 13.2473  8.77856 10.9027 12.8829  8.62761 10.9027 12.5185  8.99202 11.418 12.8829  8.77856 11.418 12.3675  8.62761 10.9027 13.2473  8.77856 11.418 13.3982  8.99202 11.418 12.8829  8.77856 11.418 12.3675  8.77856 11.9334 12.8829  8.62761 11.9334 12.5185 
8.77856 11.418 13.3982  8.62761 11.9334 13.2473  8.77856 11.9334 12.8829  8.62761 11.9334 12.5185  8.26321 12.1468 12.8829  8.26321 12.1468 12.8829  8.62761 11.9334 13.2473  8.26321 12.1468 12.8829  8.26321 10.6892 12.8829  8.26321 10.6892 12.8829  8.26321 10.9027 12.3675  7.8988 10.9027 12.5185  8.26321 10.6892 12.8829  8.62761 10.9027 12.5185  8.26321 10.9027 12.3675  7.8988 10.9027 12.5185  8.26321 11.418 12.1541  7.74786 11.418 12.3675  8.62761 10.9027 12.5185  8.77856 11.418 12.3675  8.26321 11.418 12.1541  7.74786 11.418 12.3675  8.26321 11.9334 12.3675  7.8988 11.9334 12.5185  8.77856 11.418 12.3675  8.62761 11.9334 12.5185  8.26321 11.9334 12.3675  7.8988 11.9334 12.5185  8.26321 12.1468 12.8829  8.26321 12.1468 12.8829  8.62761 11.9334 12.5185  8.26321 12.1468 12.8829 
8.26321 10.6892 12.8829  8.26321 10.6892 12.8829  7.74786 10.9027 12.8829  7.8988 10.9027 13.2473  8.26321 10.6892 12.8829  7.8988 10.9027 12.5185  7.74786 10.9027 12.8829  7.8988 10.9027 13.2473  7.53439 11.418 12.8829  7.74786 11.418 13.3982  7.8988 10.9027 12.5185  7.74786 11.418 12.3675  7.53439 11.418 12.8829  7.74786 11.418 13.3982  7.74786 11.9334 12.8829  7.8988 11.9334 13.2473  8.26321 11.418 12.8829  7.74786 11.418 12.3675  8.26321 11.418 12.8829  7.8988 11.9334 12.5185  7.74786 11.9334 12.8829  7.8988 11.9334 13.2473  8.26321 12.1468 12.8829  8.26321 12.1468 12.8829  7.8988 11.9334 12.5185  8.26321 12.1468 12.8829  8.26321 10.6892 12.8829  8.26321 10.6892 12.8829  8.26321 10.9027 13.3982  8.62761 10.9027 13.2473  8.26321 10.6892 12.8829  7.8988 10.9027 13.2473 
8.26321 10.9027 13.3982  8.62761 10.9027 13.2473  8.26321 11.418 13.6117  8.77856 11.418 13.3982  7.8988 10.9027 13.2473  7.74786 11.418 13.3982  8.26321 11.418 13.6117  8.77856 11.418 13.3982  8.26321 11.9334 13.3982  8.62761 11.9334 13.2473  7.74786 11.418 13.3982  7.8988 11.9334 13.2473  8.26321 11.9334 13.3982  8.62761 11.9334 13.2473  8.26321 12.1468 12.8829  8.26321 12.1468 12.8829  7.8988 11.9334 13.2473  8.26321 12.1468 12.8829  5.85004 29.449 17.699  5.85004 28.7191 17.699  5.85004 28.7191 17.699  5.85004 29.449 17.699  6.36617 28.9329 17.699  6.215 28.9329 17.334  5.85004 28.7191 17.699  6.215 28.9329 18.064  6.36617 28.9329 17.699  6.215 28.9329 17.334  6.57995 29.449 17.699  6.36617 29.449 17.1829  6.215 28.9329 18.064  6.36617 29.449 18.2151 
6.57995 29.449 17.699  6.36617 29.449 17.1829  6.36617 29.9651 17.699  6.215 29.9651 17.334  6.36617 29.449 18.2151  6.215 29.9651 18.064  6.36617 29.9651 17.699  6.215 29.9651 17.334  5.85004 30.1789 17.699  5.85004 30.1789 17.699  6.215 29.9651 18.064  5.85004 30.1789 17.699  5.85004 28.7191 17.699  5.85004 28.7191 17.699  5.85004 28.9329 17.1829  5.48509 28.9329 17.334  5.85004 28.7191 17.699  6.215 28.9329 17.334  5.85004 28.9329 17.1829  5.48509 28.9329 17.334  5.85004 29.449 16.9691  5.33392 29.449 17.1829  6.215 28.9329 17.334  6.36617 29.449 17.1829  5.85004 29.449 16.9691  5.33392 29.449 17.1829  5.85004 29.9651 17.1829  5.48509 29.9651 17.334  6.36617 29.449 17.1829  6.215 29.9651 17.334  5.85004 29.9651 17.1829  5.48509 29.9651 17.334 
5.85004 30.1789 17.699  5.85004 30.1789 17.699  6.215 29.9651 17.334  5.85004 30.1789 17.699  5.85004 28.7191 17.699  5.85004 28.7191 17.699  5.33392 28.9329 17.699  5.48509 28.9329 18.064  5.85004 28.7191 17.699  5.48509 28.9329 17.334  5.33392 28.9329 17.699  5.48509 28.9329 18.064  5.12014 29.449 17.699  5.33392 29.449 18.2151  5.48509 28.9329 17.334  5.33392 29.449 17.1829  5.12014 29.449 17.699  5.33392 29.449 18.2151  5.33392 29.9651 17.699  5.48509 29.9651 18.064  5.85004 29.449 17.699  5.33392 29.449 17.1829  5.85004 29.449 17.699  5.48509 29.9651 17.334  5.33392 29.9651 17.699  5.48509 29.9651 18.064  5.85004 30.1789 17.699  5.85004 30.1789 17.699  5.48509 29.9651 17.334  5.85004 30.1789 17.699  5.85004 28.7191 17.699  5.85004 28.7191 17.699 
5.85004 28.9329 18.2151  6.215 28.9329 18.064  5.85004 28.7191 17.699  5.48509 28.9329 18.064  5.85004 28.9329 18.2151  6.215 28.9329 18.064  5.85004 29.449 18.4289  6.36617 29.449 18.2151  5.48509 28.9329 18.064  5.33392 29.449 18.2151  5.85004 29.449 18.4289  6.36617 29.449 18.2151  5.85004 29.9651 18.2151  6.215 29.9651 18.064  5.33392 29.449 18.2151  5.48509 29.9651 18.064  5.85004 29.9651 18.2151  6.215 29.9651 18.064  5.85004 30.1789 17.699  5.85004 30.1789 17.699  5.48509 29.9651 18.064  5.85004 30.1789 17.699  9.95 23.55 3.9296  9.95 22.8587 3.9296  9.95 22.8587 3.9296  9.95 23.55 3.9296  10.4388 23.0612 3.9296  10.2956 23.0612 3.58395  9.95 22.8587 3.9296  10.2956 23.0612 4.27525  10.4388 23.0612 3.9296  10.2956 23.0612 3.58395 
10.6413 23.55 3.9296  10.4388 23.55 3.44078  10.2956 23.0612 4.27525  10.4388 23.55 4.41842  10.6413 23.55 3.9296  10.4388 23.55 3.44078  10.4388 24.0388 3.9296  10.2956 24.0388 3.58395  10.4388 23.55 4.41842  10.2956 24.0388 4.27525  10.4388 24.0388 3.9296  10.2956 24.0388 3.58395  9.95 24.2413 3.9296  9.95 24.2413 3.9296  10.2956 24.0388 4.27525  9.95 24.2413 3.9296  9.95 22.8587 3.9296  9.95 22.8587 3.9296  9.95 23.0612 3.44078  9.60435 23.0612 3.58395  9.95 22.8587 3.9296  10.2956 23.0612 3.58395  9.95 23.0612 3.44078  9.60435 23.0612 3.58395  9.95 23.55 3.2383  9.46118 23.55 3.44078  10.2956 23.0612 3.58395  10.4388 23.55 3.44078  9.95 23.55 3.2383  9.46118 23.55 3.44078  9.95 24.0388 3.44078  9.60435 24.0388 3.58395 
10.4388 23.55 3.44078  10.2956 24.0388 3.58395  9.95 24.0388 3.44078  9.60435 24.0388 3.58395  9.95 24.2413 3.9296  9.95 24.2413 3.9296  10.2956 24.0388 3.58395  9.95 24.2413 3.9296  9.95 22.8587 3.9296  9.95 22.8587 3.9296  9.46118 23.0612 3.9296  9.60435 23.0612 4.27525  9.95 22.8587 3.9296  9.60435 23.0612 3.58395  9.46118 23.0612 3.9296  9.60435 23.0612 4.27525  9.2587 23.55 3.9296  9.46118 23.55 4.41842  9.60435 23.0612 3.58395  9.46118 23.55 3.44078  9.2587 23.55 3.9296  9.46118 23.55 4.41842  9.46118 24.0388 3.9296  9.60435 24.0388 4.27525  9.95 23.55 3.9296  9.46118 23.55 3.44078  9.95 23.55 3.9296  9.60435 24.0388 3.58395  9.46118 24.0388 3.9296  9.60435 24.0388 4.27525  9.95 24.2413 3.9296  9.95 24.2413 3.9296 
9.60435 24.0388 3.58395  9.95 24.2413 3.9296  9.95 22.8587 3.9296  9.95 22.8587 3.9296  9.95 23.0612 4.41842  10.2956 23.0612 4.27525  9.95 22.8587 3.9296  9.60435 23.0612 4.27525  9.95 23.0612 4.41842  10.2956 23.0612 4.27525  9.95 23.55 4.62089  10.4388 23.55 4.41842  9.60435 23.0612 4.27525  9.46118 23.55 4.41842  9.95 23.55 4.62089  10.4388 23.55 4.41842  9.95 24.0388 4.41842  10.2956 24.0388 4.27525  9.46118 23.55 4.41842  9.60435 24.0388 4.27525  9.95 24.0388 4.41842  10.2956 24.0388 4.27525  9.95 24.2413 3.9296  9.95 24.2413 3.9296  9.60435 24.0388 4.27525  9.95 24.2413 3.9296  7.78492 21.3106 17.101  7.78492 20.5791 17.101  7.78492 20.5791 17.101  7.78492 21.3106 17.101  8.30218 20.7933 17.101  8.15068 20.7933 16.7352 
7.78492 20.5791 17.101  8.15068 20.7933 17.4668  8.30218 20.7933 17.101  8.15068 20.7933 16.7352  8.51643 21.3106 17.101  8.30218 21.3106 16.5837  8.15068 20.7933 17.4668  8.30218 21.3106 17.6183  8.51643 21.3106 17.101  8.30218 21.3106 16.5837  8.30218 21.8278 17.101  8.15068 21.8278 16.7352  8.30218 21.3106 17.6183  8.15068 21.8278 17.4668  8.30218 21.8278 17.101  8.15068 21.8278 16.7352  7.78492 22.0421 17.101  7.78492 22.0421 17.101  8.15068 21.8278 17.4668  7.78492 22.0421 17.101  7.78492 20.5791 17.101  7.78492 20.5791 17.101  7.78492 20.7933 16.5837  7.41917 20.7933 16.7352  7.78492 20.5791 17.101  8.15068 20.7933 16.7352  7.78492 20.7933 16.5837  7.41917 20.7933 16.7352  7.78492 21.3106 16.3695  7.26767 21.3106 16.5837  8.15068 20.7933 16.7352  8.30218 21.3106 16.5837 
7.78492 21.3106 16.3695  7.26767 21.3106 16.5837  7.78492 21.8278 16.5837  7.41917 21.8278 16.7352  8.30218 21.3106 16.5837  8.15068 21.8278 16.7352  7.78492 21.8278 16.5837  7.41917 21.8278 16.7352  7.78492 22.0421 17.101  7.78492 22.0421 17.101  8.15068 21.8278 16.7352  7.78492 22.0421 17.101  7.78492 20.5791 17.101  7.78492 20.5791 17.101  7.26767 20.7933 17.101  7.41917 20.7933 17.4668  7.78492 20.5791 17.101  7.41917 20.7933 16.7352  7.26767 20.7933 17.101  7.41917 20.7933 17.4668  7.05341 21.3106 17.101  7.26767 21.3106 17.6183  7.41917 20.7933 16.7352  7.26767 21.3106 16.5837  7.05341 21.3106 17.101  7.26767 21.3106 17.6183  7.26767 21.8278 17.101  7.41917 21.8278 17.4668  7.78492 21.3106 17.101  7.26767 21.3106 16.5837  7.78492 21.3106 17.101  7.41917 21.8278 16.7352 
7.26767 21.8278 17.101  7.41917 21.8278 17.4668  7.78492 22.0421 17.101  7.78492 22.0421 17.101  7.41917 21.8278 16.7352  7.78492 22.0421 17.101  7.78492 20.5791 17.101  7.78492 20.5791 17.101  7.78492 20.7933 17.6183  8.15068 20.7933 17.4668  7.78492 20.5791 17.101  7.41917 20.7933 17.4668  7.78492 20.7933 17.6183  8.15068 20.7933 17.4668  7.78492 21.3106 17.8325  8.30218 21.3106 17.6183  7.41917 20.7933 17.4668  7.26767 21.3106 17.6183  7.78492 21.3106 17.8325  8.30218 21.3106 17.6183  7.78492 21.8278 17.6183  8.15068 21.8278 17.4668  7.26767 21.3106 17.6183  7.41917 21.8278 17.4668  7.78492 21.8278 17.6183  8.15068 21.8278 17.4668  7.78492 22.0421 17.101  7.78492 22.0421 17.101  7.41917 21.8278 17.4668  7.78492 22.0421 17.101  8.93064 8.85397 1.77297  8.93064 8.16957 1.77297 
8.93064 8.16957 1.77297  8.93064 8.85397 1.77297  9.41458 8.37003 1.77297  9.27284 8.37003 1.43077  8.93064 8.16957 1.77297  9.27284 8.37003 2.11517  9.41458 8.37003 1.77297  9.27284 8.37003 1.43077  9.61503 8.85397 1.77297  9.41458 8.85397 1.28903  9.27284 8.37003 2.11517  9.41458 8.85397 2.25691  9.61503 8.85397 1.77297  9.41458 8.85397 1.28903  9.41458 9.33791 1.77297  9.27284 9.33791 1.43077  9.41458 8.85397 2.25691  9.27284 9.33791 2.11517  9.41458 9.33791 1.77297  9.27284 9.33791 1.43077  8.93064 9.53837 1.77297  8.93064 9.53837 1.77297  9.27284 9.33791 2.11517  8.93064 9.53837 1.77297  8.93064 8.16957 1.77297  8.93064 8.16957 1.77297  8.93064 8.37003 1.28903  8.58844 8.37003 1.43077  8.93064 8.16957 1.77297  9.27284 8.37003 1.43077  8.93064 8.37003 1.28903  8.58844 8.37003 1.43077 
8.93064 8.85397 1.08858  8.4467 8.85397 1.28903  9.27284 8.37003 1.43077  9.41458 8.85397 1.28903  8.93064 8.85397 1.08858  8.4467 8.85397 1.28903  8.93064 9.33791 1.28903  8.58844 9.33791 1.43077  9.41458 8.85397 1.28903  9.27284 9.33791 1.43077  8.93064 9.33791 1.28903  8.58844 9.33791 1.43077  8.93064 9.53837 1.77297  8.93064 9.53837 1.77297  9.27284 9.33791 1.43077  8.93064 9.53837 1.77297  8.93064 8.16957 1.77297  8.93064 8.16957 1.77297  8.4467 8.37003 1.77297  8.58844 8.37003 2.11517  8.93064 8.16957 1.77297  8.58844 8.37003 1.43077  8.4467 8.37003 1.77297  8.58844 8.37003 2.11517  8.24624 8.85397 1.77297  8.4467 8.85397 2.25691  8.58844 8.37003 1.43077  8.4467 8.85397 1.28903  8.24624 8.85397 1.77297  8.4467 8.85397 2.25691  8.4467 9.33791 1.77297  8.58844 9.33791 2.11517 
8.93064 8.85397 1.77297  8.4467 8.85397 1.28903  8.93064 8.85397 1.77297  8.58844 9.33791 1.43077  8.4467 9.33791 1.77297  8.58844 9.33791 2.11517  8.93064 9.53837 1.77297  8.93064 9.53837 1.77297  8.58844 9.33791 1.43077  8.93064 9.53837 1.77297  8.93064 8.16957 1.77297  8.93064 8.16957 1.77297  8.93064 8.37003 2.25691  9.27284 8.37003 2.11517  8.93064 8.16957 1.77297  8.58844 8.37003 2.11517  8.93064 8.37003 2.25691  9.27284 8.37003 2.11517  8.93064 8.85397 2.45737  9.41458 8.85397 2.25691  8.58844 8.37003 2.11517  8.4467 8.85397 2.25691  8.93064 8.85397 2.45737  9.41458 8.85397 2.25691  8.93064 9.33791 2.25691  9.27284 9.33791 2.11517  8.4467 8.85397 2.25691  8.58844 9.33791 2.11517  8.93064 9.33791 2.25691  9.27284 9.33791 2.11517  8.93064 9.53837 1.77297  8.93064 9.53837 1.77297 
8.58844 9.33791 2.11517  8.93064 9.53837 1.77297  5.39316 13.85 9.84979  5.39316 13.1534 9.84979  5.39316 13.1534 9.84979  5.39316 13.85 9.84979  5.88573 13.3574 9.84979  5.74146 13.3574 9.50148  5.39316 13.1534 9.84979  5.74146 13.3574 10.1981  5.88573 13.3574 9.84979  5.74146 13.3574 9.50148  6.08977 13.85 9.84979  5.88573 13.85 9.35721  5.74146 13.3574 10.1981  5.88573 13.85 10.3424  6.08977 13.85 9.84979  5.88573 13.85 9.35721  5.88573 14.3426 9.84979  5.74146 14.3426 9.50148  5.88573 13.85 10.3424  5.74146 14.3426 10.1981  5.88573 14.3426 9.84979  5.74146 14.3426 9.50148  5.39316 14.5466 9.84979  5.39316 14.5466 9.84979  5.74146 14.3426 10.1981  5.39316 14.5466 9.84979  5.39316 13.1534 9.84979  5.39316 13.1534 9.84979  5.39316 13.3574 9.35721  5.04485 13.3574 9.50148 
5.39316 13.1534 9.84979  5.74146 13.3574 9.50148  5.39316 13.3574 9.35721  5.04485 13.3574 9.50148  5.39316 13.85 9.15318  4.90058 13.85 9.35721  5.74146 13.3574 9.50148  5.88573 13.85 9.35721  5.39316 13.85 9.15318  4.90058 13.85 9.35721  5.39316 14.3426 9.35721  5.04485 14.3426 9.50148  5.88573 13.85 9.35721  5.74146 14.3426 9.50148  5.39316 14.3426 9.35721  5.04485 14.3426 9.50148  5.39316 14.5466 9.84979  5.39316 14.5466 9.84979  5.74146 14.3426 9.50148  5.39316 14.5466 9.84979  5.39316 13.1534 9.84979  5.39316 13.1534 9.84979  4.90058 13.3574 9.84979  5.04485 13.3574 10.1981  5.39316 13.1534 9.84979  5.04485 13.3574 9.50148  4.90058 13.3574 9.84979  5.04485 13.3574 10.1981  4.69655 13.85 9.84979  4.90058 13.85 10.3424  5.04485 13.3574 9.50148  4.90058 13.85 9.35721 
4.69655 13.85 9.84979  4.90058 13.85 10.3424  4.90058 14.3426 9.84979  5.04485 14.3426 10.1981  5.39316 13.85 9.84979  4.90058 13.85 9.35721  5.39316 13.85 9.84979  5.04485 14.3426 9.50148  4.90058 14.3426 9.84979  5.04485 14.3426 10.1981  5.39316 14.5466 9.84979  5.39316 14.5466 9.84979  5.04485 14.3426 9.50148  5.39316 14.5466 9.84979  5.39316 13.1534 9.84979  5.39316 13.1534 9.84979  5.39316 13.3574 10.3424  5.74146 13.3574 10.1981  5.39316 13.1534 9.84979  5.04485 13.3574 10.1981  5.39316 13.3574 10.3424  5.74146 13.3574 10.1981  5.39316 13.85 10.5464  5.88573 13.85 10.3424  5.04485 13.3574 10.1981  4.90058 13.85 10.3424  5.39316 13.85 10.5464  5.88573 13.85 10.3424  5.39316 14.3426 10.3424  5.74146 14.3426 10.1981  4.90058 13.85 10.3424  5.04485 14.3426 10.1981 
5.39316 14.3426 10.3424  5.74146 14.3426 10.1981  5.39316 14.5466 9.84979  5.39316 14.5466 9.84979  5.04485 14.3426 10.1981  5.39316 14.5466 9.84979  6.42675 12.1926 3.699  6.42675 11.4715 3.699  6.42675 11.4715 3.699  6.42675 12.1926 3.699  6.93666 11.6827 3.699  6.78731 11.6827 3.33844  6.42675 11.4715 3.699  6.78731 11.6827 4.05956  6.93666 11.6827 3.699  6.78731 11.6827 3.33844  7.14787 12.1926 3.699  6.93666 12.1926 3.18909  6.78731 11.6827 4.05956  6.93666 12.1926 4.20891  7.14787 12.1926 3.699  6.93666 12.1926 3.18909  6.93666 12.7025 3.699  6.78731 12.7025 3.33844  6.93666 12.1926 4.20891  6.78731 12.7025 4.05956  6.93666 12.7025 3.699  6.78731 12.7025 3.33844  6.42675 12.9137 3.699  6.42675 12.9137 3.699  6.78731 12.7025 4.05956  6.42675 12.9137 3.699 
6.42675 11.4715 3.699  6.42675 11.4715 3.699  6.42675 11.6827 3.18909  6.06619 11.6827 3.33844  6.42675 11.4715 3.699  6.78731 11.6827 3.33844  6.42675 11.6827 3.18909  6.06619 11.6827 3.33844  6.42675 12.1926 2.97788  5.91684 12.1926 3.18909  6.78731 11.6827 3.33844  6.93666 12.1926 3.18909  6.42675 12.1926 2.97788  5.91684 12.1926 3.18909  6.42675 12.7025 3.18909  6.06619 12.7025 3.33844  6.93666 12.1926 3.18909  6.78731 12.7025 3.33844  6.42675 12.7025 3.18909  6.06619 12.7025 3.33844  6.42675 12.9137 3.699  6.42675 12.9137 3.699  6.78731 12.7025 3.33844  6.42675 12.9137 3.699  6.42675 11.4715 3.699  6.42675 11.4715 3.699  5.91684 11.6827 3.699  6.06619 11.6827 4.05956  6.42675 11.4715 3.699  6.06619 11.6827 3.33844  5.91684 11.6827 3.699  6.06619 11.6827 4.05956 
5.70563 12.1926 3.699  5.91684 12.1926 4.20891  6.06619 11.6827 3.33844  5.91684 12.1926 3.18909  5.70563 12.1926 3.699  5.91684 12.1926 4.20891  5.91684 12.7025 3.699  6.06619 12.7025 4.05956  6.42675 12.1926 3.699  5.91684 12.1926 3.18909  6.42675 12.1926 3.699  6.06619 12.7025 3.33844  5.91684 12.7025 3.699  6.06619 12.7025 4.05956  6.42675 12.9137 3.699  6.42675 12.9137 3.699  6.06619 12.7025 3.33844  6.42675 12.9137 3.699  6.42675 11.4715 3.699  6.42675 11.4715 3.699  6.42675 11.6827 4.20891  6.78731 11.6827 4.05956  6.42675 11.4715 3.699  6.06619 11.6827 4.05956  6.42675 11.6827 4.20891  6.78731 11.6827 4.05956  6.42675 12.1926 4.42012  6.93666 12.1926 4.20891  6.06619 11.6827 4.05956  5.91684 12.1926 4.20891  6.42675 12.1926 4.42012  6.93666 12.1926 4.20891 
6.42675 12.7025 4.20891  6.78731 12.7025 4.05956  5.91684 12.1926 4.20891  6.06619 12.7025 4.05956  6.42675 12.7025 4.20891  6.78731 12.7025 4.05956  6.42675 12.9137 3.699  6.42675 12.9137 3.699  6.06619 12.7025 4.05956  6.42675 12.9137 3.699  8.8267 23.5438 0.545328  8.8267 22.8648 0.545328  8.8267 22.8648 0.545328  8.8267 23.5438 0.545328  9.30679 23.0637 0.545328  9.16618 23.0637 0.205857  8.8267 22.8648 0.545328  9.16618 23.0637 0.884798  9.30679 23.0637 0.545328  9.16618 23.0637 0.205857  9.50565 23.5438 0.545328  9.30679 23.5438 0.0652438  9.16618 23.0637 0.884798  9.30679 23.5438 1.02541  9.50565 23.5438 0.545328  9.30679 23.5438 0.0652438  9.30679 24.0239 0.545328  9.16618 24.0239 0.205857  9.30679 23.5438 1.02541  9.16618 24.0239 0.884798  9.30679 24.0239 0.545328  9.16618 24.0239 0.205857 
8.8267 24.2227 0.545328  8.8267 24.2227 0.545328  9.16618 24.0239 0.884798  8.8267 24.2227 0.545328  8.8267 22.8648 0.545328  8.8267 22.8648 0.545328  8.8267 23.0637 0.0652438  8.48723 23.0637 0.205857  8.8267 22.8648 0.545328  9.16618 23.0637 0.205857  8.8267 23.0637 0.0652438  8.48723 23.0637 0.205857  8.8267 23.5438 -0.133614  8.34662 23.5438 0.0652438  9.16618 23.0637 0.205857  9.30679 23.5438 0.0652438  8.8267 23.5438 -0.133614  8.34662 23.5438 0.0652438  8.8267 24.0239 0.0652438  8.48723 24.0239 0.205857  9.30679 23.5438 0.0652438  9.16618 24.0239 0.205857  8.8267 24.0239 0.0652438  8.48723 24.0239 0.205857  8.8267 24.2227 0.545328  8.8267 24.2227 0.545328  9.16618 24.0239 0.205857  8.8267 24.2227 0.545328  8.8267 22.8648 0.545328  8.8267 22.8648 0.545328  8.34662 23.0637 0.545328  8.48723 23.0637 0.884799 
8.8267 22.8648 0.545328  8.48723 23.0637 0.205857  8.34662 23.0637 0.545328  8.48723 23.0637 0.884799  8.14776 23.5438 0.545328  8.34662 23.5438 1.02541  8.48723 23.0637 0.205857  8.34662 23.5438 0.0652439  8.14776 23.5438 0.545328  8.34662 23.5438 1.02541  8.34662 24.0239 0.545328  8.48723 24.0239 0.884798  8.8267 23.5438 0.545328  8.34662 23.5438 0.0652439  8.8267 23.5438 0.545328  8.48723 24.0239 0.205857  8.34662 24.0239 0.545328  8.48723 24.0239 0.884798  8.8267 24.2227 0.545328  8.8267 24.2227 0.545328  8.48723 24.0239 0.205857  8.8267 24.2227 0.545328  8.8267 22.8648 0.545328  8.8267 22.8648 0.545328  8.8267 23.0637 1.02541  9.16618 23.0637 0.884798  8.8267 22.8648 0.545328  8.48723 23.0637 0.884799  8.8267 23.0637 1.02541  9.16618 23.0637 0.884798  8.8267 23.5438 1.22427  9.30679 23.5438 1.02541 
8.48723 23.0637 0.884799  8.34662 23.5438 1.02541  8.8267 23.5438 1.22427  9.30679 23.5438 1.02541  8.8267 24.0239 1.02541  9.16618 24.0239 0.884798  8.34662 23.5438 1.02541  8.48723 24.0239 0.884799  8.8267 24.0239 1.02541  9.16618 24.0239 0.884798  8.8267 24.2227 0.545328  8.8267 24.2227 0.545328  8.48723 24.0239 0.884799  8.8267 24.2227 0.545328  7.03775 24.7333 10.6654  7.03775 24.0603 10.6654  7.03775 24.0603 10.6654  7.03775 24.7333 10.6654  7.51365 24.2574 10.6654  7.37427 24.2574 10.3289  7.03775 24.0603 10.6654  7.37427 24.2574 11.0019  7.51365 24.2574 10.6654  7.37427 24.2574 10.3289  7.71078 24.7333 10.6654  7.51365 24.7333 10.1895  7.37427 24.2574 11.0019  7.51365 24.7333 11.1413  7.71078 24.7333 10.6654  7.51365 24.7333 10.1895  7.51365 25.2092 10.6654  7.37427 25.2092 10.3289 
7.51365 24.7333 11.1413  7.37427 25.2092 11.0019  7.51365 25.2092 10.6654  7.37427 25.2092 10.3289  7.03775 25.4063 10.6654  7.03775 25.4063 10.6654  7.37427 25.2092 11.0019  7.03775 25.4063 10.6654  7.03775 24.0603 10.6654  7.03775 24.0603 10.6654  7.03775 24.2574 10.1895  6.70124 24.2574 10.3289  7.03775 24.0603 10.6654  7.37427 24.2574 10.3289  7.03775 24.2574 10.1895  6.70124 24.2574 10.3289  7.03775 24.7333 9.9924  6.56185 24.7333 10.1895  7.37427 24.2574 10.3289  7.51365 24.7333 10.1895  7.03775 24.7333 9.9924  6.56185 24.7333 10.1895  7.03775 25.2092 10.1895  6.70124 25.2092 10.3289  7.51365 24.7333 10.1895  7.37427 25.2092 10.3289  7.03775 25.2092 10.1895  6.70124 25.2092 10.3289  7.03775 25.4063 10.6654  7.03775 25.4063 10.6654  7.37427 25.2092 10.3289  7.03775 25.4063 10.6654 
7.03775 24.0603 10.6654  7.03775 24.0603 10.6654  6.56185 24.2574 10.6654  6.70124 24.2574 11.0019  6.70124 24.2574 10.3289  6.56185 24.2574 10.6654  6.70124 24.2574 11.0019  6.36473 24.7333 10.6654  6.56185 24.7333 11.1413  6.70124 24.2574 10.3289  6.56185 24.7333 10.1895  6.36473 24.7333 10.6654  6.56185 24.7333 11.1413  6.56185 25.2092 10.6654  6.70124 25.2092 11.0019  7.03775 24.7333 10.6654  6.56185 24.7333 10.1895  6.70124 25.2092 10.3289  7.03775 24.7333 10.6654  6.56185 25.2092 10.6654  6.70124 25.2092 11.0019  7.03775 25.4063 10.6654  7.03775 25.4063 10.6654  6.70124 25.2092 10.3289  7.03775 25.4063 10.6654  7.03775 24.0603 10.6654  7.03775 24.0603 10.6654  7.03775 24.2574 11.1413  7.37427 24.2574 11.0019  7.03775 24.0603 10.6654  6.70124 24.2574 11.0019  7.03775 24.2574 11.1413 
7.37427 24.2574 11.0019  7.03775 24.7333 11.3385  7.51365 24.7333 11.1413  6.70124 24.2574 11.0019  6.56185 24.7333 11.1413  7.03775 24.7333 11.3385  7.51365 24.7333 11.1413  7.03775 25.2092 11.1413  7.37427 25.2092 11.0019  6.56185 24.7333 11.1413  6.70124 25.2092 11.0019  7.03775 25.2092 11.1413  7.37427 25.2092 11.0019  7.03775 25.4063 10.6654  7.03775 25.4063 10.6654  6.70124 25.2092 11.0019  7.03775 25.4063 10.6654  9.95 20.3698 20.2839  9.95 19.6997 20.2839  9.95 19.6997 20.2839  9.95 20.3698 20.2839  10.4238 19.896 20.2839  10.285 19.896 19.9489  9.95 19.6997 20.2839  10.285 19.896 20.619  10.4238 19.896 20.2839  10.285 19.896 19.9489  10.6201 20.3698 20.2839  10.4238 20.3698 19.8101  10.285 19.896 20.619  10.4238 20.3698 20.7578  10.6201 20.3698 20.2839 
10.4238 20.3698 19.8101  10.4238 20.8436 20.2839  10.285 20.8436 19.9489  10.4238 20.3698 20.7578  10.285 20.8436 20.619  10.4238 20.8436 20.2839  10.285 20.8436 19.9489  9.95 21.0399 20.2839  9.95 21.0399 20.2839  10.285 20.8436 20.619  9.95 21.0399 20.2839  9.95 19.6997 20.2839  9.95 19.6997 20.2839  9.95 19.896 19.8101  9.61496 19.896 19.9489  9.95 19.6997 20.2839  10.285 19.896 19.9489  9.95 19.896 19.8101  9.61496 19.896 19.9489  9.95 20.3698 19.6139  9.47618 20.3698 19.8101  10.285 19.896 19.9489  10.4238 20.3698 19.8101  9.95 20.3698 19.6139  9.47618 20.3698 19.8101  9.95 20.8436 19.8101  9.61496 20.8436 19.9489  10.4238 20.3698 19.8101  10.285 20.8436 19.9489  9.95 20.8436 19.8101  9.61496 20.8436 19.9489  9.95 21.0399 20.2839 
9.95 21.0399 20.2839  10.285 20.8436 19.9489  9.95 19.6997 20.2839  9.95 19.6997 20.2839  9.47618 19.896 20.2839  9.61496 19.896 20.619  9.95 19.6997 20.2839  9.61496 19.896 19.9489  9.47618 19.896 20.2839  9.61496 19.896 20.619  9.27991 20.3698 20.2839  9.47618 20.3698 20.7578  9.61496 19.896 19.9489  9.47618 20.3698 19.8101  9.27991 20.3698 20.2839  9.47618 20.3698 20.7578  9.47618 20.8436 20.2839  9.61496 20.8436 20.619  9.95 20.3698 20.2839  9.47618 20.3698 19.8101  9.61496 20.8436 19.9489  9.95 20.3698 20.2839  9.47618 20.8436 20.2839  9.61496 20.8436 20.619  9.95 21.0399 20.2839  9.95 21.0399 20.2839  9.61496 20.8436 19.9489  9.95 21.0399 20.2839  9.95 19.6997 20.2839  9.95 19.6997 20.2839  9.95 19.896 20.7578  10.285 19.896 20.619 
9.95 19.6997 20.2839  9.61496 19.896 20.619  9.95 19.896 20.7578  10.285 19.896 20.619  9.95 20.3698 20.954  10.4238 20.3698 20.7578  9.61496 19.896 20.619  9.47618 20.3698 20.7578  9.95 20.3698 20.954  10.4238 20.3698 20.7578  9.95 20.8436 20.7578  10.285 20.8436 20.619  9.47618 20.3698 20.7578  9.61496 20.8436 20.619  9.95 20.8436 20.7578  10.285 20.8436 20.619  9.95 21.0399 20.2839  9.95 21.0399 20.2839  9.61496 20.8436 20.619  9.95 21.0399 20.2839  9.95 21.8658 16.9207  9.95 21.2082 16.9207  9.95 21.2082 16.9207  9.95 21.8658 16.9207  10.415 21.4008 16.9207  10.2788 21.4008 16.5918  9.95 21.2082 16.9207  10.2788 21.4008 17.2495  10.415 21.4008 16.9207  10.2788 21.4008 16.5918  10.6077 21.8658 16.9207  10.415 21.8658 16.4556 
10.2788 21.4008 17.2495  10.415 21.8658 17.3857  10.6077 21.8658 16.9207  10.415 21.8658 16.4556  10.415 22.3309 16.9207  10.2788 22.3309 16.5918  10.415 21.8658 17.3857  10.2788 22.3309 17.2495  10.415 22.3309 16.9207  10.2788 22.3309 16.5918  9.95 22.5235 16.9207  9.95 22.5235 16.9207  10.2788 22.3309 17.2495  9.95 22.5235 16.9207  9.95 21.2082 16.9207  9.95 21.2082 16.9207  9.95 21.4008 16.4556  9.62117 21.4008 16.5918  9.95 21.2082 16.9207  10.2788 21.4008 16.5918  9.95 21.4008 16.4556  9.62117 21.4008 16.5918  9.95 21.8658 16.263  9.48496 21.8658 16.4556  10.2788 21.4008 16.5918  10.415 21.8658 16.4556  9.95 21.8658 16.263  9.48496 21.8658 16.4556  9.95 22.3309 16.4556  9.62117 22.3309 16.5918  10.415 21.8658 16.4556  10.2788 22.3309 16.5918 
9.95 22.3309 16.4556  9.62117 22.3309 16.5918  9.95 22.5235 16.9207  9.95 22.5235 16.9207  10.2788 22.3309 16.5918  9.95 22.5235 16.9207  9.95 21.2082 16.9207  9.95 21.2082 16.9207  9.48496 21.4008 16.9207  9.62117 21.4008 17.2495  9.95 21.2082 16.9207  9.62117 21.4008 16.5918  9.48496 21.4008 16.9207  9.62117 21.4008 17.2495  9.29234 21.8658 16.9207  9.48496 21.8658 17.3857  9.62117 21.4008 16.5918  9.48496 21.8658 16.4556  9.29234 21.8658 16.9207  9.48496 21.8658 17.3857  9.48496 22.3309 16.9207  9.62117 22.3309 17.2495  9.95 21.8658 16.9207  9.48496 21.8658 16.4556  9.95 21.8658 16.9207  9.62117 22.3309 16.5918  9.48496 22.3309 16.9207  9.62117 22.3309 17.2495  9.95 22.5235 16.9207  9.95 22.5235 16.9207  9.62117 22.3309 16.5918  9.95 22.5235 16.9207 
9.95 21.2082 16.9207  9.95 21.2082 16.9207  9.95 21.4008 17.3857  10.2788 21.4008 17.2495  9.95 21.2082 16.9207  9.62117 21.4008 17.2495  9.95 21.4008 17.3857  10.2788 21.4008 17.2495  9.95 21.8658 17.5783  10.415 21.8658 17.3857  9.62117 21.4008 17.2495  9.48496 21.8658 17.3857  9.95 21.8658 17.5783  10.415 21.8658 17.3857  9.95 22.3309 17.3857  10.2788 22.3309 17.2495  9.48496 21.8658 17.3857  9.62117 22.3309 17.2495  9.95 22.3309 17.3857  10.2788 22.3309 17.2495  9.95 22.5235 16.9207  9.95 22.5235 16.9207  9.62117 22.3309 17.2495  9.95 22.5235 16.9207  6.53555 23.0573 16.7525  6.53555 22.4224 16.7525  6.53555 22.4224 16.7525  6.53555 23.0573 16.7525  6.98448 22.6084 16.7525  6.85299 22.6084 16.4351  6.53555 22.4224 16.7525  6.85299 22.6084 17.07 
6.98448 22.6084 16.7525  6.85299 22.6084 16.4351  7.17043 23.0573 16.7525  6.98448 23.0573 16.3036  6.85299 22.6084 17.07  6.98448 23.0573 17.2015  7.17043 23.0573 16.7525  6.98448 23.0573 16.3036  6.98448 23.5062 16.7525  6.85299 23.5062 16.4351  6.98448 23.0573 17.2015  6.85299 23.5062 17.07  6.98448 23.5062 16.7525  6.85299 23.5062 16.4351  6.53555 23.6922 16.7525  6.53555 23.6922 16.7525  6.85299 23.5062 17.07  6.53555 23.6922 16.7525  6.53555 22.4224 16.7525  6.53555 22.4224 16.7525  6.53555 22.6084 16.3036  6.21811 22.6084 16.4351  6.53555 22.4224 16.7525  6.85299 22.6084 16.4351  6.53555 22.6084 16.3036  6.21811 22.6084 16.4351  6.53555 23.0573 16.1176  6.08662 23.0573 16.3036  6.85299 22.6084 16.4351  6.98448 23.0573 16.3036  6.53555 23.0573 16.1176  6.08662 23.0573 16.3036 
6.53555 23.5062 16.3036  6.21811 23.5062 16.4351  6.98448 23.0573 16.3036  6.85299 23.5062 16.4351  6.53555 23.5062 16.3036  6.21811 23.5062 16.4351  6.53555 23.6922 16.7525  6.53555 23.6922 16.7525  6.85299 23.5062 16.4351  6.53555 23.6922 16.7525  6.53555 22.4224 16.7525  6.53555 22.4224 16.7525  6.08662 22.6084 16.7525  6.21811 22.6084 17.07  6.53555 22.4224 16.7525  6.21811 22.6084 16.4351  6.08662 22.6084 16.7525  6.21811 22.6084 17.07  5.90067 23.0573 16.7525  6.08662 23.0573 17.2015  6.21811 22.6084 16.4351  6.08662 23.0573 16.3036  5.90067 23.0573 16.7525  6.08662 23.0573 17.2015  6.08662 23.5062 16.7525  6.21811 23.5062 17.07  6.53555 23.0573 16.7525  6.08662 23.0573 16.3036  6.53555 23.0573 16.7525  6.21811 23.5062 16.4351  6.08662 23.5062 16.7525  6.21811 23.5062 17.07 
6.53555 23.6922 16.7525  6.53555 23.6922 16.7525  6.21811 23.5062 16.4351  6.53555 23.6922 16.7525  6.53555 22.4224 16.7525  6.53555 22.4224 16.7525  6.53555 22.6084 17.2015  6.85299 22.6084 17.07  6.53555 22.4224 16.7525  6.21811 22.6084 17.07  6.53555 22.6084 17.2015  6.85299 22.6084 17.07  6.53555 23.0573 17.3874  6.98448 23.0573 17.2015  6.21811 22.6084 17.07  6.08662 23.0573 17.2015  6.53555 23.0573 17.3874  6.98448 23.0573 17.2015  6.53555 23.5062 17.2015  6.85299 23.5062 17.07  6.08662 23.0573 17.2015  6.21811 23.5062 17.07  6.53555 23.5062 17.2015  6.85299 23.5062 17.07  6.53555 23.6922 16.7525  6.53555 23.6922 16.7525  6.21811 23.5062 17.07  6.53555 23.6922 16.7525  4.62239 28.7792 10.1504  4.62239 28.1292 10.1504  4.62239 28.1292 10.1504  4.62239 28.7792 10.1504 
5.08202 28.3196 10.1504  4.9474 28.3196 9.82535  4.62239 28.1292 10.1504  4.9474 28.3196 10.4754  5.08202 28.3196 10.1504  4.9474 28.3196 9.82535  5.2724 28.7792 10.1504  5.08202 28.7792 9.69073  4.9474 28.3196 10.4754  5.08202 28.7792 10.61  5.2724 28.7792 10.1504  5.08202 28.7792 9.69073  5.08202 29.2388 10.1504  4.9474 29.2388 9.82535  5.08202 28.7792 10.61  4.9474 29.2388 10.4754  5.08202 29.2388 10.1504  4.9474 29.2388 9.82535  4.62239 29.4292 10.1504  4.62239 29.4292 10.1504  4.9474 29.2388 10.4754  4.62239 29.4292 10.1504  4.62239 28.1292 10.1504  4.62239 28.1292 10.1504  4.62239 28.3196 9.69073  4.29738 28.3196 9.82535  4.62239 28.1292 10.1504  4.9474 28.3196 9.82535  4.62239 28.3196 9.69073  4.29738 28.3196 9.82535  4.62239 28.7792 9.50034  4.16276 28.7792 9.69073 
4.9474 28.3196 9.82535  5.08202 28.7792 9.69073  4.62239 28.7792 9.50034  4.16276 28.7792 9.69073  4.62239 29.2388 9.69073  4.29738 29.2388 9.82535  5.08202 28.7792 9.69073  4.9474 29.2388 9.82535  4.62239 29.2388 9.69073  4.29738 29.2388 9.82535  4.62239 29.4292 10.1504  4.62239 29.4292 10.1504  4.9474 29.2388 9.82535  4.62239 29.4292 10.1504  4.62239 28.1292 10.1504  4.62239 28.1292 10.1504  4.16276 28.3196 10.1504  4.29738 28.3196 10.4754  4.62239 28.1292 10.1504  4.29738 28.3196 9.82535  4.16276 28.3196 10.1504  4.29738 28.3196 10.4754  3.97238 28.7792 10.1504  4.16276 28.7792 10.61  4.29738 28.3196 9.82535  4.16276 28.7792 9.69073  3.97238 28.7792 10.1504  4.16276 28.7792 10.61  4.16276 29.2388 10.1504  4.29738 29.2388 10.4754  4.62239 28.7792 10.1504  4.16276 28.7792 9.69073 
4.62239 28.7792 10.1504  4.29738 29.2388 9.82535  4.16276 29.2388 10.1504  4.29738 29.2388 10.4754  4.62239 29.4292 10.1504  4.62239 29.4292 10.1504  4.29738 29.2388 9.82535  4.62239 29.4292 10.1504  4.62239 28.1292 10.1504  4.62239 28.1292 10.1504  4.62239 28.3196 10.61  4.9474 28.3196 10.4754  4.62239 28.1292 10.1504  4.29738 28.3196 10.4754  4.62239 28.3196 10.61  4.9474 28.3196 10.4754  4.62239 28.7792 10.8004  5.08202 28.7792 10.61  4.29738 28.3196 10.4754  4.16276 28.7792 10.61  4.62239 28.7792 10.8004  5.08202 28.7792 10.61  4.62239 29.2388 10.61  4.9474 29.2388 10.4754  4.16276 28.7792 10.61  4.29738 29.2388 10.4754  4.62239 29.2388 10.61  4.9474 29.2388 10.4754  4.62239 29.4292 10.1504  4.62239 29.4292 10.1504  4.29738 29.2388 10.4754  4.62239 29.4292 10.1504 
9.66134 9.61764 11.5504  9.66134 8.9861 11.5504  9.66134 8.9861 11.5504  9.66134 9.61764 11.5504  10.1079 9.17107 11.5504  9.97711 9.17107 11.2346  9.66134 8.9861 11.5504  9.97711 9.17107 11.8661  10.1079 9.17107 11.5504  9.97711 9.17107 11.2346  10.2929 9.61764 11.5504  10.1079 9.61764 11.1038  9.97711 9.17107 11.8661  10.1079 9.61764 11.9969  10.2929 9.61764 11.5504  10.1079 9.61764 11.1038  10.1079 10.0642 11.5504  9.97711 10.0642 11.2346  10.1079 9.61764 11.9969  9.97711 10.0642 11.8661  10.1079 10.0642 11.5504  9.97711 10.0642 11.2346  9.66134 10.2492 11.5504  9.66134 10.2492 11.5504  9.97711 10.0642 11.8661  9.66134 10.2492 11.5504  9.66134 8.9861 11.5504  9.66134 8.9861 11.5504  9.66134 9.17107 11.1038  9.34557 9.17107 11.2346  9.66134 8.9861 11.5504  9.97711 9.17107 11.2346 
9.66134 9.17107 11.1038  9.34557 9.17107 11.2346  9.66134 9.61764 10.9188  9.21477 9.61764 11.1038  9.97711 9.17107 11.2346  10.1079 9.61764 11.1038  9.66134 9.61764 10.9188  9.21477 9.61764 11.1038  9.66134 10.0642 11.1038  9.34557 10.0642 11.2346  10.1079 9.61764 11.1038  9.97711 10.0642 11.2346  9.66134 10.0642 11.1038  9.34557 10.0642 11.2346  9.66134 10.2492 11.5504  9.66134 10.2492 11.5504  9.97711 10.0642 11.2346  9.66134 10.2492 11.5504  9.66134 8.9861 11.5504  9.66134 8.9861 11.5504  9.21477 9.17107 11.5504  9.34557 9.17107 11.8661  9.66134 8.9861 11.5504  9.34557 9.17107 11.2346  9.21477 9.17107 11.5504  9.34557 9.17107 11.8661  9.0298 9.61764 11.5504  9.21477 9.61764 11.9969  9.34557 9.17107 11.2346  9.21477 9.61764 11.1038  9.0298 9.61764 11.5504  9.21477 9.61764 11.9969 
9.21477 10.0642 11.5504  9.34557 10.0642 11.8661  9.66134 9.61764 11.5504  9.21477 9.61764 11.1038  9.66134 9.61764 11.5504  9.34557 10.0642 11.2346  9.21477 10.0642 11.5504  9.34557 10.0642 11.8661  9.66134 10.2492 11.5504  9.66134 10.2492 11.5504  9.34557 10.0642 11.2346  9.66134 10.2492 11.5504  9.66134 8.9861 11.5504  9.66134 8.9861 11.5504  9.66134 9.17107 11.9969  9.97711 9.17107 11.8661  9.66134 8.9861 11.5504  9.34557 9.17107 11.8661  9.66134 9.17107 11.9969  9.97711 9.17107 11.8661  9.66134 9.61764 12.1819  10.1079 9.61764 11.9969  9.34557 9.17107 11.8661  9.21477 9.61764 11.9969  9.66134 9.61764 12.1819  10.1079 9.61764 11.9969  9.66134 10.0642 11.9969  9.97711 10.0642 11.8661  9.21477 9.61764 11.9969  9.34557 10.0642 11.8661  9.66134 10.0642 11.9969  9.97711 10.0642 11.8661 
9.66134 10.2492 11.5504  9.66134 10.2492 11.5504  9.34557 10.0642 11.8661  9.66134 10.2492 11.5504  2.48518 28.8631 9.52693  2.48518 28.2403 9.52693  2.48518 28.2403 9.52693  2.48518 28.8631 9.52693  2.92558 28.4227 9.52693  2.79659 28.4227 9.21553  2.48518 28.2403 9.52693  2.79659 28.4227 9.83834  2.92558 28.4227 9.52693  2.79659 28.4227 9.21553  3.108 28.8631 9.52693  2.92558 28.8631 9.08654  2.79659 28.4227 9.83834  2.92558 28.8631 9.96733  3.108 28.8631 9.52693  2.92558 28.8631 9.08654  2.92558 29.3035 9.52693  2.79659 29.3035 9.21553  2.92558 28.8631 9.96733  2.79659 29.3035 9.83834  2.92558 29.3035 9.52693  2.79659 29.3035 9.21553  2.48518 29.4859 9.52693  2.48518 29.4859 9.52693  2.79659 29.3035 9.83834  2.48518 29.4859 9.52693  2.48518 28.2403 9.52693  2.48518 28.2403 9.52693 
2.48518 28.4227 9.08654  2.17378 28.4227 9.21553  2.48518 28.2403 9.52693  2.79659 28.4227 9.21553  2.48518 28.4227 9.08654  2.17378 28.4227 9.21553  2.48518 28.8631 8.90412  2.04479 28.8631 9.08654  2.79659 28.4227 9.21553  2.92558 28.8631 9.08654  2.48518 28.8631 8.90412  2.04479 28.8631 9.08654  2.48518 29.3035 9.08654  2.17378 29.3035 9.21553  2.92558 28.8631 9.08654  2.79659 29.3035 9.21553  2.48518 29.3035 9.08654  2.17378 29.3035 9.21553  2.48518 29.4859 9.52693  2.48518 29.4859 9.52693  2.79659 29.3035 9.21553  2.48518 29.4859 9.52693  2.48518 28.2403 9.52693  2.48518 28.2403 9.52693  2.04479 28.4227 9.52693  2.17378 28.4227 9.83834  2.48518 28.2403 9.52693  2.17378 28.4227 9.21553  2.04479 28.4227 9.52693  2.17378 28.4227 9.83834  1.86237 28.8631 9.52693  2.04479 28.8631 9.96733 
2.17378 28.4227 9.21553  2.04479 28.8631 9.08654  1.86237 28.8631 9.52693  2.04479 28.8631 9.96733  2.04479 29.3035 9.52693  2.17378 29.3035 9.83834  2.48518 28.8631 9.52693  2.04479 28.8631 9.08654  2.48518 28.8631 9.52693  2.17378 29.3035 9.21553  2.04479 29.3035 9.52693  2.17378 29.3035 9.83834  2.48518 29.4859 9.52693  2.48518 29.4859 9.52693  2.17378 29.3035 9.21553  2.48518 29.4859 9.52693  2.48518 28.2403 9.52693  2.48518 28.2403 9.52693  2.48518 28.4227 9.96733  2.79659 28.4227 9.83834  2.48518 28.2403 9.52693  2.17378 28.4227 9.83834  2.48518 28.4227 9.96733  2.79659 28.4227 9.83834  2.48518 28.8631 10.1497  2.92558 28.8631 9.96733  2.17378 28.4227 9.83834  2.04479 28.8631 9.96733  2.48518 28.8631 10.1497  2.92558 28.8631 9.96733  2.48518 29.3035 9.96733  2.79659 29.3035 9.83834 
2.04479 28.8631 9.96733  2.17378 29.3035 9.83834  2.48518 29.3035 9.96733  2.79659 29.3035 9.83834  2.48518 29.4859 9.52693  2.48518 29.4859 9.52693  2.17378 29.3035 9.83834  2.48518 29.4859 9.52693  9.95 0.457044 29.5393  9.95 -0.124406 29.5393  9.95 -0.124406 29.5393  9.95 0.457044 29.5393  10.3611 0.0458971 29.5393  10.2407 0.0458971 29.2486  9.95 -0.124406 29.5393  10.2407 0.0458971 29.83  10.3611 0.0458971 29.5393  10.2407 0.0458971 29.2486  10.5315 0.457044 29.5393  10.3611 0.457044 29.1282  10.2407 0.0458971 29.83  10.3611 0.457044 29.9505  10.5315 0.457044 29.5393  10.3611 0.457044 29.1282  10.3611 0.868192 29.5393  10.2407 0.868192 29.2486  10.3611 0.457044 29.9505  10.2407 0.868192 29.83  10.3611 0.868192 29.5393  10.2407 0.868192 29.2486  9.95 1.03849 29.5393  9.95 1.03849 29.5393 
10.2407 0.868192 29.83  9.95 1.03849 29.5393  9.95 -0.124406 29.5393  9.95 -0.124406 29.5393  9.95 0.0458971 29.1282  9.65927 0.0458971 29.2486  9.95 -0.124406 29.5393  10.2407 0.0458971 29.2486  9.95 0.0458971 29.1282  9.65927 0.0458971 29.2486  9.95 0.457044 28.9579  9.53885 0.457044 29.1282  10.2407 0.0458971 29.2486  10.3611 0.457044 29.1282  9.95 0.457044 28.9579  9.53885 0.457044 29.1282  9.95 0.868192 29.1282  9.65927 0.868192 29.2486  10.3611 0.457044 29.1282  10.2407 0.868192 29.2486  9.95 0.868192 29.1282  9.65927 0.868192 29.2486  9.95 1.03849 29.5393  9.95 1.03849 29.5393  10.2407 0.868192 29.2486  9.95 1.03849 29.5393  9.95 -0.124406 29.5393  9.95 -0.124406 29.5393  9.53885 0.0458971 29.5393  9.65927 0.0458971 29.83  9.95 -0.124406 29.5393  9.65927 0.0458971 29.2486 
9.53885 0.0458971 29.5393  9.65927 0.0458971 29.83  9.36855 0.457044 29.5393  9.53885 0.457044 29.9505  9.65927 0.0458971 29.2486  9.53885 0.457044 29.1282  9.36855 0.457044 29.5393  9.53885 0.457044 29.9505  9.53885 0.868192 29.5393  9.65928 0.868192 29.83  9.95 0.457044 29.5393  9.53885 0.457044 29.1282  9.95 0.457044 29.5393  9.65927 0.868192 29.2486  9.53885 0.868192 29.5393  9.65928 0.868192 29.83  9.95 1.03849 29.5393  9.95 1.03849 29.5393  9.65927 0.868192 29.2486  9.95 1.03849 29.5393  9.95 -0.124406 29.5393  9.95 -0.124406 29.5393  9.95 0.0458971 29.9505  10.2407 0.0458971 29.83  9.95 -0.124406 29.5393  9.65927 0.0458971 29.83  9.95 0.0458971 29.9505  10.2407 0.0458971 29.83  9.95 0.457044 30.1208  10.3611 0.457044 29.9505  9.65927 0.0458971 29.83  9.53885 0.457044 29.9505 
9.95 0.457044 30.1208  10.3611 0.457044 29.9505  9.95 0.868192 29.9505  10.2407 0.868192 29.83  9.53885 0.457044 29.9505  9.65928 0.868192 29.83  9.95 0.868192 29.9505  10.2407 0.868192 29.83  9.95 1.03849 29.5393  9.95 1.03849 29.5393  9.65928 0.868192 29.83  9.95 1.03849 29.5393  7.0499 10.7628 1.36954  7.0499 10.1757 1.36954  7.0499 10.1757 1.36954  7.0499 10.7628 1.36954  7.46508 10.3477 1.36954  7.34347 10.3477 1.07596  7.0499 10.1757 1.36954  7.34347 10.3477 1.66311  7.46508 10.3477 1.36954  7.34347 10.3477 1.07596  7.63705 10.7628 1.36954  7.46508 10.7628 0.95436  7.34347 10.3477 1.66311  7.46508 10.7628 1.78471  7.63705 10.7628 1.36954  7.46508 10.7628 0.95436  7.46508 11.178 1.36954  7.34347 11.178 1.07596  7.46508 10.7628 1.78471  7.34347 11.178 1.66311 
7.46508 11.178 1.36954  7.34347 11.178 1.07596  7.0499 11.35 1.36954  7.0499 11.35 1.36954  7.34347 11.178 1.66311  7.0499 11.35 1.36954  7.0499 10.1757 1.36954  7.0499 10.1757 1.36954  7.0499 10.3477 0.95436  6.75633 10.3477 1.07596  7.0499 10.1757 1.36954  7.34347 10.3477 1.07596  7.0499 10.3477 0.95436  6.75633 10.3477 1.07596  7.0499 10.7628 0.782389  6.63472 10.7628 0.954361  7.34347 10.3477 1.07596  7.46508 10.7628 0.95436  7.0499 10.7628 0.782389  6.63472 10.7628 0.954361  7.0499 11.178 0.954361  6.75633 11.178 1.07596  7.46508 10.7628 0.95436  7.34347 11.178 1.07596  7.0499 11.178 0.954361  6.75633 11.178 1.07596  7.0499 11.35 1.36954  7.0499 11.35 1.36954  7.34347 11.178 1.07596  7.0499 11.35 1.36954  7.0499 10.1757 1.36954  7.0499 10.1757 1.36954 
6.63472 10.3477 1.36954  6.75633 10.3477 1.66311  7.0499 10.1757 1.36954  6.75633 10.3477 1.07596  6.63472 10.3477 1.36954  6.75633 10.3477 1.66311  6.46275 10.7628 1.36954  6.63472 10.7628 1.78471  6.75633 10.3477 1.07596  6.63472 10.7628 0.954361  6.46275 10.7628 1.36954  6.63472 10.7628 1.78471  6.63472 11.178 1.36954  6.75633 11.178 1.66311  7.0499 10.7628 1.36954  6.63472 10.7628 0.954361  7.0499 10.7628 1.36954  6.75633 11.178 1.07596  6.63472 11.178 1.36954  6.75633 11.178 1.66311  7.0499 11.35 1.36954  7.0499 11.35 1.36954  6.75633 11.178 1.07596  7.0499 11.35 1.36954  7.0499 10.1757 1.36954  7.0499 10.1757 1.36954  7.0499 10.3477 1.78471  7.34347 10.3477 1.66311  7.0499 10.1757 1.36954  6.75633 10.3477 1.66311  7.0499 10.3477 1.78471  7.34347 10.3477 1.66311 
7.0499 10.7628 1.95669  7.46508 10.7628 1.78471  6.75633 10.3477 1.66311  6.63472 10.7628 1.78471  7.0499 10.7628 1.95669  7.46508 10.7628 1.78471  7.0499 11.178 1.78471  7.34347 11.178 1.66311  6.63472 10.7628 1.78471  6.75633 11.178 1.66311  7.0499 11.178 1.78471  7.34347 11.178 1.66311  7.0499 11.35 1.36954  7.0499 11.35 1.36954  6.75633 11.178 1.66311  7.0499 11.35 1.36954  9.95 25.1327 11.2855  9.95 24.5562 11.2855  9.95 24.5562 11.2855  9.95 25.1327 11.2855  10.3576 24.7251 11.2855  10.2382 24.7251 10.9973  9.95 24.5562 11.2855  10.2382 24.7251 11.5737  10.3576 24.7251 11.2855  10.2382 24.7251 10.9973  10.5264 25.1327 11.2855  10.3576 25.1327 10.8779  10.2382 24.7251 11.5737  10.3576 25.1327 11.6931  10.5264 25.1327 11.2855  10.3576 25.1327 10.8779 
10.3576 25.5402 11.2855  10.2382 25.5402 10.9973  10.3576 25.1327 11.6931  10.2382 25.5402 11.5737  10.3576 25.5402 11.2855  10.2382 25.5402 10.9973  9.95 25.7091 11.2855  9.95 25.7091 11.2855  10.2382 25.5402 11.5737  9.95 25.7091 11.2855  9.95 24.5562 11.2855  9.95 24.5562 11.2855  9.95 24.7251 10.8779  9.6618 24.7251 10.9973  9.95 24.5562 11.2855  10.2382 24.7251 10.9973  9.95 24.7251 10.8779  9.6618 24.7251 10.9973  9.95 25.1327 10.7091  9.54242 25.1327 10.8779  10.2382 24.7251 10.9973  10.3576 25.1327 10.8779  9.95 25.1327 10.7091  9.54242 25.1327 10.8779  9.95 25.5402 10.8779  9.6618 25.5402 10.9973  10.3576 25.1327 10.8779  10.2382 25.5402 10.9973  9.95 25.5402 10.8779  9.6618 25.5402 10.9973  9.95 25.7091 11.2855  9.95 25.7091 11.2855 
10.2382 25.5402 10.9973  9.95 25.7091 11.2855  9.95 24.5562 11.2855  9.95 24.5562 11.2855  9.54242 24.7251 11.2855  9.6618 24.7251 11.5737  9.6618 24.7251 10.9973  9.54242 24.7251 11.2855  9.6618 24.7251 11.5737  9.3736 25.1327 11.2855  9.54242 25.1327 11.6931  9.6618 24.7251 10.9973  9.54242 25.1327 10.8779  9.3736 25.1327 11.2855  9.54242 25.1327 11.6931  9.54242 25.5402 11.2855  9.6618 25.5402 11.5737  9.95 25.1327 11.2855  9.54242 25.1327 10.8779  9.6618 25.5402 10.9973  9.95 25.1327 11.2855  9.54242 25.5402 11.2855  9.6618 25.5402 11.5737  9.95 25.7091 11.2855  9.95 25.7091 11.2855  9.6618 25.5402 10.9973  9.95 25.7091 11.2855  9.95 24.5562 11.2855  9.95 24.5562 11.2855  9.95 24.7251 11.6931  10.2382 24.7251 11.5737  9.95 24.5562 11.2855 
9.6618 24.7251 11.5737  9.95 24.7251 11.6931  10.2382 24.7251 11.5737  9.95 25.1327 11.8619  10.3576 25.1327 11.6931  9.6618 24.7251 11.5737  9.54242 25.1327 11.6931  9.95 25.1327 11.8619  10.3576 25.1327 11.6931  9.95 25.5402 11.6931  10.2382 25.5402 11.5737  9.54242 25.1327 11.6931  9.6618 25.5402 11.5737  9.95 25.5402 11.6931  10.2382 25.5402 11.5737  9.95 25.7091 11.2855  9.95 25.7091 11.2855  9.6618 25.5402 11.5737  9.95 25.7091 11.2855  1.02917 25.7675 23.35  1.02917 25.2187 23.35  1.02917 25.2187 23.35  1.02917 25.7675 23.35  1.41724 25.3794 23.35  1.30357 25.3794 23.0756  1.02917 25.2187 23.35  1.30357 25.3794 23.6244  1.41724 25.3794 23.35  1.30357 25.3794 23.0756  1.57798 25.7675 23.35  1.41724 25.7675 22.9619  1.30357 25.3794 23.6244 
1.41724 25.7675 23.738  1.57798 25.7675 23.35  1.41724 25.7675 22.9619  1.41724 26.1556 23.35  1.30357 26.1556 23.0756  1.41724 25.7675 23.738  1.30357 26.1556 23.6244  1.41724 26.1556 23.35  1.30357 26.1556 23.0756  1.02917 26.3163 23.35  1.02917 26.3163 23.35  1.30357 26.1556 23.6244  1.02917 26.3163 23.35  1.02917 25.2187 23.35  1.02917 25.2187 23.35  1.02917 25.3794 22.9619  0.754771 25.3794 23.0756  1.02917 25.2187 23.35  1.30357 25.3794 23.0756  1.02917 25.3794 22.9619  0.754771 25.3794 23.0756  1.02917 25.7675 22.8012  0.64111 25.7675 22.9619  1.30357 25.3794 23.0756  1.41724 25.7675 22.9619  1.02917 25.7675 22.8012  0.64111 25.7675 22.9619  1.02917 26.1556 22.9619  0.754771 26.1556 23.0756  1.41724 25.7675 22.9619  1.30357 26.1556 23.0756  1.02917 26.1556 22.9619 
0.754771 26.1556 23.0756  1.02917 26.3163 23.35  1.02917 26.3163 23.35  1.30357 26.1556 23.0756  1.02917 25.2187 23.35  1.02917 25.2187 23.35  0.64111 25.3794 23.35  0.754771 25.3794 23.6244  1.02917 25.2187 23.35  0.754771 25.3794 23.0756  0.64111 25.3794 23.35  0.754771 25.3794 23.6244  0.480369 25.7675 23.35  0.64111 25.7675 23.738  0.754771 25.3794 23.0756  0.64111 25.7675 22.9619  0.480369 25.7675 23.35  0.64111 25.7675 23.738  0.64111 26.1556 23.35  0.754771 26.1556 23.6244  1.02917 25.7675 23.35  0.64111 25.7675 22.9619  0.754771 26.1556 23.0756  1.02917 25.7675 23.35  0.64111 26.1556 23.35  0.754771 26.1556 23.6244  1.02917 26.3163 23.35  1.02917 26.3163 23.35  0.754771 26.1556 23.0756  1.02917 26.3163 23.35  1.02917 25.2187 23.35  1.02917 25.2187 23.35 
1.02917 25.3794 23.738  1.30357 25.3794 23.6244  1.02917 25.2187 23.35  0.754771 25.3794 23.6244  1.02917 25.3794 23.738  1.30357 25.3794 23.6244  1.02917 25.7675 23.8988  1.41724 25.7675 23.738  0.754771 25.3794 23.6244  0.64111 25.7675 23.738  1.02917 25.7675 23.8988  1.41724 25.7675 23.738  1.02917 26.1556 23.738  1.30357 26.1556 23.6244  0.64111 25.7675 23.738  0.754771 26.1556 23.6244  1.02917 26.1556 23.738  1.30357 26.1556 23.6244  1.02917 26.3163 23.35  1.02917 26.3163 23.35  0.754771 26.1556 23.6244  0.05 6.86422 29.5588  0.05 6.33341 29.5588  0.05 6.33341 29.5588  0.05 6.86422 29.5588  0.425335 6.48888 29.5588  0.315402 6.48888 29.2934  0.05 6.33341 29.5588  0.315402 6.48888 29.8242  0.425335 6.48888 29.5588  0.315402 6.48888 29.2934  0.580804 6.86422 29.5588 
0.425335 6.86422 29.1834  0.315402 6.48888 29.8242  0.425335 6.86422 29.9341  0.580804 6.86422 29.5588  0.425335 6.86422 29.1834  0.425335 7.23955 29.5588  0.315402 7.23955 29.2934  0.425335 6.86422 29.9341  0.315402 7.23955 29.8242  0.425335 7.23955 29.5588  0.315402 7.23955 29.2934  0.05 7.39502 29.5588  0.05 7.39502 29.5588  0.315402 7.23955 29.8242  0.05 7.39502 29.5588  0.05 6.33341 29.5588  0.05 6.33341 29.5588  0.05 6.48888 29.1834  -0.215402 6.48888 29.2934  0.05 6.33341 29.5588  0.315402 6.48888 29.2934  0.05 6.48888 29.1834  -0.215402 6.48888 29.2934  0.05 6.86422 29.028  -0.325335 6.86422 29.1834  0.315402 6.48888 29.2934  0.425335 6.86422 29.1834  0.05 6.86422 29.028  -0.325335 6.86422 29.1834  0.05 7.23955 29.1834  -0.215402 7.23955 29.2934  0.425335 6.86422 29.1834 
0.315402 7.23955 29.2934  0.05 7.23955 29.1834  -0.215402 7.23955 29.2934  0.05 7.39502 29.5588  0.05 7.39502 29.5588  0.315402 7.23955 29.2934  0.05 7.39502 29.5588  0.05 6.33341 29.5588  0.05 6.33341 29.5588  -0.325335 6.48888 29.5588  -0.215402 6.48888 29.8242  0.05 6.33341 29.5588  -0.215402 6.48888 29.2934  -0.325335 6.48888 29.5588  -0.215402 6.48888 29.8242  -0.480804 6.86422 29.5588  -0.325335 6.86422 29.9341  -0.215402 6.48888 29.2934  -0.325335 6.86422 29.1834  -0.480804 6.86422 29.5588  -0.325335 6.86422 29.9341  -0.325335 7.23955 29.5588  -0.215402 7.23955 29.8242  0.05 6.86422 29.5588  -0.325335 6.86422 29.1834  0.05 6.86422 29.5588  -0.215402 7.23955 29.2934  -0.325335 7.23955 29.5588  -0.215402 7.23955 29.8242  0.05 7.39502 29.5588  0.05 7.39502 29.5588  -0.215402 7.23955 29.2934 
0.05 7.39502 29.5588  0.05 6.33341 29.5588  0.05 6.33341 29.5588  0.0500001 6.48888 29.9341  0.315402 6.48888 29.8242  0.05 6.33341 29.5588  -0.215402 6.48888 29.8242  0.0500001 6.48888 29.9341  0.315402 6.48888 29.8242  0.0500001 6.86422 30.0896  0.425335 6.86422 29.9341  -0.215402 6.48888 29.8242  -0.325335 6.86422 29.9341  0.0500001 6.86422 30.0896  0.425335 6.86422 29.9341  0.0500001 7.23955 29.9341  0.315402 7.23955 29.8242  -0.325335 6.86422 29.9341  -0.215402 7.23955 29.8242  0.0500001 7.23955 29.9341  0.315402 7.23955 29.8242  0.05 7.39502 29.5588  0.05 7.39502 29.5588  -0.215402 7.23955 29.8242  0.05 7.39502 29.5588  9.95 9.13275 23.95  9.95 8.61797 23.95  9.95 8.61797 23.95  9.95 9.13275 23.95  10.314 8.76874 23.95  10.2074 8.76874 23.6926  9.95 8.61797 23.95 
10.2074 8.76874 24.2074  10.314 8.76874 23.95  10.2074 8.76874 23.6926  10.4648 9.13275 23.95  10.314 9.13275 23.586  10.2074 8.76874 24.2074  10.314 9.13275 24.314  10.4648 9.13275 23.95  10.314 9.13275 23.586  10.314 9.49676 23.95  10.2074 9.49676 23.6926  10.314 9.13275 24.314  10.2074 9.49676 24.2074  10.314 9.49676 23.95  10.2074 9.49676 23.6926  9.95 9.64754 23.95  9.95 9.64754 23.95  10.2074 9.49676 24.2074  9.95 9.64754 23.95  9.95 8.61797 23.95  9.95 8.61797 23.95  9.95 8.76874 23.586  9.69261 8.76874 23.6926  9.95 8.61797 23.95  10.2074 8.76874 23.6926  9.95 8.76874 23.586  9.69261 8.76874 23.6926  9.95 9.13275 23.4352  9.58599 9.13275 23.586  10.2074 8.76874 23.6926  10.314 9.13275 23.586  9.95 9.13275 23.4352 
9.58599 9.13275 23.586  9.95 9.49676 23.586  9.69261 9.49676 23.6926  10.314 9.13275 23.586  10.2074 9.49676 23.6926  9.95 9.49676 23.586  9.69261 9.49676 23.6926  9.95 9.64754 23.95  9.95 9.64754 23.95  10.2074 9.49676 23.6926  9.95 9.64754 23.95  9.95 8.61797 23.95  9.95 8.61797 23.95  9.58599 8.76874 23.95  9.69261 8.76874 24.2074  9.95 8.61797 23.95  9.69261 8.76874 23.6926  9.58599 8.76874 23.95  9.69261 8.76874 24.2074  9.43521 9.13275 23.95  9.58599 9.13275 24.314  9.69261 8.76874 23.6926  9.58599 9.13275 23.586  9.43521 9.13275 23.95  9.58599 9.13275 24.314  9.58599 9.49676 23.95  9.69261 9.49676 24.2074  9.95 9.13275 23.95  9.58599 9.13275 23.586  9.95 9.13275 23.95  9.69261 9.49676 23.6926  9.58599 9.49676 23.95 
9.69261 9.49676 24.2074  9.95 9.64754 23.95  9.95 9.64754 23.95  9.69261 9.49676 23.6926  9.95 9.64754 23.95  9.95 8.61797 23.95  9.95 8.61797 23.95  9.95 8.76874 24.314  10.2074 8.76874 24.2074  9.95 8.61797 23.95  9.69261 8.76874 24.2074  9.95 8.76874 24.314  10.2074 8.76874 24.2074  9.95 9.13275 24.4648  10.314 9.13275 24.314  9.69261 8.76874 24.2074  9.58599 9.13275 24.314  9.95 9.13275 24.4648  10.314 9.13275 24.314  9.95 9.49676 24.314  10.2074 9.49676 24.2074  9.58599 9.13275 24.314  9.69261 9.49676 24.2074  9.95 9.49676 24.314  10.2074 9.49676 24.2074  9.95 9.64754 23.95  9.95 9.64754 23.95  9.69261 9.49676 24.2074  9.95 9.64754 23.95  9.22392 6.499 27.699  9.22392 5.94164 27.699  9.22392 5.94164 27.699 
9.22392 6.499 27.699  9.61803 6.10489 27.699  9.5026 6.10489 27.4203  9.22392 5.94164 27.699  9.5026 6.10489 27.9777  9.61803 6.10489 27.699  9.5026 6.10489 27.4203  9.78128 6.499 27.699  9.61803 6.499 27.3049  9.5026 6.10489 27.9777  9.61803 6.499 28.0931  9.78128 6.499 27.699  9.61803 6.499 27.3049  9.61803 6.89311 27.699  9.5026 6.89311 27.4203  9.61803 6.499 28.0931  9.5026 6.89311 27.9777  9.61803 6.89311 27.699  9.5026 6.89311 27.4203  9.22392 7.05636 27.699  9.22392 7.05636 27.699  9.5026 6.89311 27.9777  9.22392 7.05636 27.699  9.22392 5.94164 27.699  9.22392 5.94164 27.699  9.22392 6.10489 27.3049  8.94524 6.10489 27.4203  9.22392 5.94164 27.699  9.5026 6.10489 27.4203  9.22392 6.10489 27.3049  8.94524 6.10489 27.4203  9.22392 6.499 27.1416 
8.82981 6.499 27.3049  9.5026 6.10489 27.4203  9.61803 6.499 27.3049  9.22392 6.499 27.1416  8.82981 6.499 27.3049  9.22392 6.89311 27.3049  8.94524 6.89311 27.4203  9.61803 6.499 27.3049  9.5026 6.89311 27.4203  9.22392 6.89311 27.3049  8.94524 6.89311 27.4203  9.22392 7.05636 27.699  9.22392 7.05636 27.699  9.5026 6.89311 27.4203  9.22392 7.05636 27.699  9.22392 5.94164 27.699  9.22392 5.94164 27.699  8.82981 6.10489 27.699  8.94524 6.10489 27.9777  9.22392 5.94164 27.699  8.94524 6.10489 27.4203  8.82981 6.10489 27.699  8.94524 6.10489 27.9777  8.66656 6.499 27.699  8.82981 6.499 28.0931  8.94524 6.10489 27.4203  8.82981 6.499 27.3049  8.66656 6.499 27.699  8.82981 6.499 28.0931  8.82981 6.89311 27.699  8.94524 6.89311 27.9777  9.22392 6.499 27.699 
8.82981 6.499 27.3049  9.22392 6.499 27.699  8.94524 6.89311 27.4203  8.82981 6.89311 27.699  8.94524 6.89311 27.9777  9.22392 7.05636 27.699  9.22392 7.05636 27.699  8.94524 6.89311 27.4203  9.22392 7.05636 27.699  9.22392 5.94164 27.699  9.22392 5.94164 27.699  9.22392 6.10489 28.0931  9.5026 6.10489 27.9777  9.22392 5.94164 27.699  8.94524 6.10489 27.9777  9.22392 6.10489 28.0931  9.5026 6.10489 27.9777  9.22392 6.499 28.2564  9.61803 6.499 28.0931  8.94524 6.10489 27.9777  8.82981 6.499 28.0931  9.22392 6.499 28.2564  9.61803 6.499 28.0931  9.22392 6.89311 28.0931  9.5026 6.89311 27.9777  8.82981 6.499 28.0931  8.94524 6.89311 27.9777  9.22392 6.89311 28.0931  9.5026 6.89311 27.9777  9.22392 7.05636 27.699  9.22392 7.05636 27.699  8.94524 6.89311 27.9777 
9.22392 7.05636 27.699  0.110137 1.97069 29.6226  0.110137 1.43429 29.6226  0.110137 1.43429 29.6226  0.110137 1.97069 29.6226  0.489433 1.5914 29.6226  0.37834 1.5914 29.3544  0.110137 1.43429 29.6226  0.37834 1.5914 29.8908  0.489433 1.5914 29.6226  0.37834 1.5914 29.3544  0.646543 1.97069 29.6226  0.489433 1.97069 29.2433  0.37834 1.5914 29.8908  0.489433 1.97069 30.0019  0.646543 1.97069 29.6226  0.489433 1.97069 29.2433  0.489433 2.34999 29.6226  0.37834 2.34999 29.3544  0.489433 1.97069 30.0019  0.37834 2.34999 29.8908  0.489433 2.34999 29.6226  0.37834 2.34999 29.3544  0.110137 2.5071 29.6226  0.110137 2.5071 29.6226  0.37834 2.34999 29.8908  0.110137 2.5071 29.6226  0.110137 1.43429 29.6226  0.110137 1.43429 29.6226  0.110137 1.5914 29.2433  -0.158067 1.5914 29.3544  0.110137 1.43429 29.6226 
0.37834 1.5914 29.3544  0.110137 1.5914 29.2433  -0.158067 1.5914 29.3544  0.110137 1.97069 29.0862  -0.26916 1.97069 29.2433  0.37834 1.5914 29.3544  0.489433 1.97069 29.2433  0.110137 1.97069 29.0862  -0.26916 1.97069 29.2433  0.110137 2.34999 29.2433  -0.158067 2.34999 29.3544  0.489433 1.97069 29.2433  0.37834 2.34999 29.3544  0.110137 2.34999 29.2433  -0.158067 2.34999 29.3544  0.110137 2.5071 29.6226  0.110137 2.5071 29.6226  0.37834 2.34999 29.3544  0.110137 2.5071 29.6226  0.110137 1.43429 29.6226  0.110137 1.43429 29.6226  -0.26916 1.5914 29.6226  -0.158067 1.5914 29.8908  0.110137 1.43429 29.6226  -0.158067 1.5914 29.3544  -0.26916 1.5914 29.6226  -0.158067 1.5914 29.8908  -0.42627 1.97069 29.6226  -0.26916 1.97069 30.0019  -0.158067 1.5914 29.3544  -0.26916 1.97069 29.2433  -0.42627 1.97069 29.6226 
-0.26916 1.97069 30.0019  -0.26916 2.34999 29.6226  -0.158067 2.34999 29.8908  0.110137 1.97069 29.6226  -0.26916 1.97069 29.2433  0.110137 1.97069 29.6226  -0.158067 2.34999 29.3544  -0.26916 2.34999 29.6226  -0.158067 2.34999 29.8908  0.110137 2.5071 29.6226  0.110137 2.5071 29.6226  -0.158067 2.34999 29.3544  0.110137 2.5071 29.6226  0.110137 1.43429 29.6226  0.110137 1.43429 29.6226  0.110137 1.5914 30.0019  0.37834 1.5914 29.8908  0.110137 1.43429 29.6226  -0.158067 1.5914 29.8908  0.110137 1.5914 30.0019  0.37834 1.5914 29.8908  0.110137 1.97069 30.159  0.489433 1.97069 30.0019  -0.158067 1.5914 29.8908  -0.26916 1.97069 30.0019  0.110137 1.97069 30.159  0.489433 1.97069 30.0019  0.110137 2.34999 30.0019  0.37834 2.34999 29.8908  -0.26916 1.97069 30.0019  -0.158067 2.34999 29.8908  0.110137 2.34999 30.0019 
0.37834 2.34999 29.8908  0.110137 2.5071 29.6226  0.110137 2.5071 29.6226  -0.158067 2.34999 29.8908  0.110137 2.5071 29.6226  0.05 29.6342 23.3663  0.05 29.1289 23.3663  0.05 29.1289 23.3663  0.05 29.6342 23.3663  0.407334 29.2769 23.3663  0.302673 29.2769 23.1136  0.05 29.1289 23.3663  0.302673 29.2769 23.619  0.407334 29.2769 23.3663  0.302673 29.2769 23.1136  0.555346 29.6342 23.3663  0.407334 29.6342 23.009  0.302673 29.2769 23.619  0.407334 29.6342 23.7236  0.555346 29.6342 23.3663  0.407334 29.6342 23.009  0.407334 29.9916 23.3663  0.302673 29.9916 23.1136  0.407334 29.6342 23.7236  0.302673 29.9916 23.619  0.407334 29.9916 23.3663  0.302673 29.9916 23.1136  0.05 30.1396 23.3663  0.05 30.1396 23.3663  0.302673 29.9916 23.619  0.05 30.1396 23.3663  0.05 29.1289 23.3663 
0.05 29.1289 23.3663  0.05 29.2769 23.009  -0.202673 29.2769 23.1136  0.05 29.1289 23.3663  0.302673 29.2769 23.1136  0.05 29.2769 23.009  -0.202673 29.2769 23.1136  0.05 29.6342 22.861  -0.307334 29.6342 23.009  0.302673 29.2769 23.1136  0.407334 29.6342 23.009  0.05 29.6342 22.861  -0.307334 29.6342 23.009  0.05 29.9916 23.009  -0.202673 29.9916 23.1136  0.407334 29.6342 23.009  0.302673 29.9916 23.1136  0.05 29.9916 23.009  -0.202673 29.9916 23.1136  0.05 30.1396 23.3663  0.05 30.1396 23.3663  0.302673 29.9916 23.1136  0.05 30.1396 23.3663  0.05 29.1289 23.3663  0.05 29.1289 23.3663  -0.307334 29.2769 23.3663  -0.202673 29.2769 23.619  0.05 29.1289 23.3663  -0.202673 29.2769 23.1136  -0.307334 29.2769 23.3663  -0.202673 29.2769 23.619  -0.455346 29.6342 23.3663 
-0.307334 29.6342 23.7236  -0.202673 29.2769 23.1136  -0.307334 29.6342 23.009  -0.455346 29.6342 23.3663  -0.307334 29.6342 23.7236  -0.307334 29.9916 23.3663  -0.202673 29.9916 23.619  0.05 29.6342 23.3663  -0.307334 29.6342 23.009  0.05 29.6342 23.3663  -0.202673 29.9916 23.1136  -0.307334 29.9916 23.3663  -0.202673 29.9916 23.619  0.05 30.1396 23.3663  0.05 30.1396 23.3663  -0.202673 29.9916 23.1136  0.05 30.1396 23.3663  0.05 29.1289 23.3663  0.05 29.1289 23.3663  0.0500001 29.2769 23.7236  0.302673 29.2769 23.619  0.05 29.1289 23.3663  -0.202673 29.2769 23.619  0.0500001 29.2769 23.7236  0.302673 29.2769 23.619  0.0500001 29.6342 23.8717  0.407334 29.6342 23.7236  -0.202673 29.2769 23.619  -0.307334 29.6342 23.7236  0.0500001 29.6342 23.8717  0.407334 29.6342 23.7236  0.0500001 29.9916 23.7236 
0.302673 29.9916 23.619  -0.307334 29.6342 23.7236  -0.202673 29.9916 23.619  0.0500001 29.9916 23.7236  0.302673 29.9916 23.619  0.05 30.1396 23.3663  0.05 30.1396 23.3663  -0.202673 29.9916 23.619  0.05 24.25 21.3629  0.05 23.7564 21.3629  0.05 23.7564 21.3629  0.05 24.25 21.3629  0.399044 23.901 21.3629  0.296812 23.901 21.1161  0.05 23.7564 21.3629  0.296812 23.901 21.6097  0.399044 23.901 21.3629  0.296812 23.901 21.1161  0.543623 24.25 21.3629  0.399044 24.25 21.0139  0.296812 23.901 21.6097  0.399044 24.25 21.712  0.543623 24.25 21.3629  0.399044 24.25 21.0139  0.399044 24.599 21.3629  0.296812 24.599 21.1161  0.399044 24.25 21.712  0.296812 24.599 21.6097  0.399044 24.599 21.3629  0.296812 24.599 21.1161  0.05 24.7436 21.3629  0.05 24.7436 21.3629 
0.296812 24.599 21.6097  0.05 24.7436 21.3629  0.05 23.7564 21.3629  0.05 23.7564 21.3629  0.05 23.901 21.0139  -0.196812 23.901 21.1161  0.05 23.7564 21.3629  0.296812 23.901 21.1161  0.05 23.901 21.0139  -0.196812 23.901 21.1161  0.05 24.25 20.8693  -0.299044 24.25 21.0139  0.296812 23.901 21.1161  0.399044 24.25 21.0139  0.05 24.25 20.8693  -0.299044 24.25 21.0139  0.05 24.599 21.0139  -0.196812 24.599 21.1161  0.399044 24.25 21.0139  0.296812 24.599 21.1161  0.05 24.599 21.0139  -0.196812 24.599 21.1161  0.05 24.7436 21.3629  0.05 24.7436 21.3629  0.296812 24.599 21.1161  0.05 24.7436 21.3629  0.05 23.7564 21.3629  0.05 23.7564 21.3629  -0.299044 23.901 21.3629  -0.196812 23.901 21.6097  0.05 23.7564 21.3629  -0.196812 23.901 21.1161 
-0.299044 23.901 21.3629  -0.196812 23.901 21.6097  -0.443623 24.25 21.3629  -0.299044 24.25 21.712  -0.196812 23.901 21.1161  -0.299044 24.25 21.0139  -0.443623 24.25 21.3629  -0.299044 24.25 21.712  -0.299044 24.599 21.3629  -0.196812 24.599 21.6097  0.05 24.25 21.3629  -0.299044 24.25 21.0139  0.05 24.25 21.3629  -0.196812 24.599 21.1161  -0.299044 24.599 21.3629  -0.196812 24.599 21.6097  0.05 24.7436 21.3629  0.05 24.7436 21.3629  -0.196812 24.599 21.1161  0.05 24.7436 21.3629  0.05 23.7564 21.3629  0.05 23.7564 21.3629  0.0500001 23.901 21.712  0.296812 23.901 21.6097  0.05 23.7564 21.3629  -0.196812 23.901 21.6097  0.0500001 23.901 21.712  0.296812 23.901 21.6097  0.0500001 24.25 21.8566  0.399044 24.25 21.712  -0.196812 23.901 21.6097  -0.299044 24.25 21.712 
0.0500001 24.25 21.8566  0.399044 24.25 21.712  0.0500001 24.599 21.712  0.296812 24.599 21.6097  -0.299044 24.25 21.712  -0.196812 24.599 21.6097  0.0500001 24.599 21.712  0.296812 24.599 21.6097  0.05 24.7436 21.3629  0.05 24.7436 21.3629  -0.196812 24.599 21.6097  0.05 24.7436 21.3629  0.05 9.28383 25.1349  0.05 8.76729 25.1349  0.05 8.76729 25.1349  0.05 9.28383 25.1349  0.415245 8.91858 25.1349  0.308267 8.91858 24.8766  0.05 8.76729 25.1349  0.308267 8.91858 25.3932  0.415245 8.91858 25.1349  0.308267 8.91858 24.8766  0.566534 9.28383 25.1349  0.415245 9.28383 24.7696  0.308267 8.91858 25.3932  0.415245 9.28383 25.5001  0.566534 9.28383 25.1349  0.415245 9.28383 24.7696  0.415245 9.64907 25.1349  0.308267 9.64907 24.8766  0.415245 9.28383 25.5001  0.308267 9.64907 25.3932 
0.415245 9.64907 25.1349  0.308267 9.64907 24.8766  0.05 9.80036 25.1349  0.05 9.80036 25.1349  0.308267 9.64907 25.3932  0.05 9.80036 25.1349  0.05 8.76729 25.1349  0.05 8.76729 25.1349  0.05 8.91858 24.7696  -0.208267 8.91858 24.8766  0.05 8.76729 25.1349  0.308267 8.91858 24.8766  0.05 8.91858 24.7696  -0.208267 8.91858 24.8766  0.05 9.28383 24.6184  -0.315245 9.28383 24.7696  0.308267 8.91858 24.8766  0.415245 9.28383 24.7696  0.05 9.28383 24.6184  -0.315245 9.28383 24.7696  0.05 9.64907 24.7696  -0.208267 9.64907 24.8766  0.415245 9.28383 24.7696  0.308267 9.64907 24.8766  0.05 9.64907 24.7696  -0.208267 9.64907 24.8766  0.05 9.80036 25.1349  0.05 9.80036 25.1349  0.308267 9.64907 24.8766  0.05 9.80036 25.1349  0.05 8.76729 25.1349  0.05 8.76729 25.1349 
-0.315245 8.91858 25.1349  -0.208267 8.91858 25.3932  0.05 8.76729 25.1349  -0.208267 8.91858 24.8766  -0.315245 8.91858 25.1349  -0.208267 8.91858 25.3932  -0.466534 9.28383 25.1349  -0.315245 9.28383 25.5001  -0.208267 8.91858 24.8766  -0.315245 9.28383 24.7696  -0.466534 9.28383 25.1349  -0.315245 9.28383 25.5001  -0.315245 9.64907 25.1349  -0.208267 9.64907 25.3932  0.05 9.28383 25.1349  -0.315245 9.28383 24.7696  0.05 9.28383 25.1349  -0.208267 9.64907 24.8766  -0.315245 9.64907 25.1349  -0.208267 9.64907 25.3932  0.05 9.80036 25.1349  0.05 9.80036 25.1349  -0.208267 9.64907 24.8766  0.05 9.80036 25.1349  0.05 8.76729 25.1349  0.05 8.76729 25.1349  0.0500001 8.91858 25.5001  0.308267 8.91858 25.3932  0.05 8.76729 25.1349  -0.208267 8.91858 25.3932  0.0500001 8.91858 25.5001  0.308267 8.91858 25.3932 
0.0500001 9.28383 25.6514  0.415245 9.28383 25.5001  -0.208267 8.91858 25.3932  -0.315245 9.28383 25.5001  0.0500001 9.28383 25.6514  0.415245 9.28383 25.5001  0.0500001 9.64907 25.5001  0.308267 9.64907 25.3932  -0.315245 9.28383 25.5001  -0.208267 9.64907 25.3932  0.0500001 9.64907 25.5001  0.308267 9.64907 25.3932  0.05 9.80036 25.1349  0.05 9.80036 25.1349  -0.208267 9.64907 25.3932  0.05 9.80036 25.1349  9.88917 29.1533 29.3564  9.88917 28.6379 29.3564  9.88917 28.6379 29.3564  9.88917 29.1533 29.3564  10.2536 28.7889 29.3564  10.1469 28.7889 29.0987  9.88917 28.6379 29.3564  10.1469 28.7889 29.6142  10.2536 28.7889 29.3564  10.1469 28.7889 29.0987  10.4046 29.1533 29.3564  10.2536 29.1533 28.992  10.1469 28.7889 29.6142  10.2536 29.1533 29.7209  10.4046 29.1533 29.3564  10.2536 29.1533 28.992 
10.2536 29.5178 29.3564  10.1469 29.5178 29.0987  10.2536 29.1533 29.7209  10.1469 29.5178 29.6142  10.2536 29.5178 29.3564  10.1469 29.5178 29.0987  9.88917 29.6688 29.3564  9.88917 29.6688 29.3564  10.1469 29.5178 29.6142  9.88917 29.6688 29.3564  9.88917 28.6379 29.3564  9.88917 28.6379 29.3564  9.88917 28.7889 28.992  9.63146 28.7889 29.0987  9.88917 28.6379 29.3564  10.1469 28.7889 29.0987  9.88917 28.7889 28.992  9.63146 28.7889 29.0987  9.88917 29.1533 28.841  9.5247 29.1533 28.992  10.1469 28.7889 29.0987  10.2536 29.1533 28.992  9.88917 29.1533 28.841  9.5247 29.1533 28.992  9.88917 29.5178 28.992  9.63146 29.5178 29.0987  10.2536 29.1533 28.992  10.1469 29.5178 29.0987  9.88917 29.5178 28.992  9.63146 29.5178 29.0987  9.88917 29.6688 29.3564  9.88917 29.6688 29.3564 
10.1469 29.5178 29.0987  9.88917 29.6688 29.3564  9.88917 28.6379 29.3564  9.88917 28.6379 29.3564  9.5247 28.7889 29.3564  9.63146 28.7889 29.6142  9.88917 28.6379 29.3564  9.63146 28.7889 29.0987  9.5247 28.7889 29.3564  9.63146 28.7889 29.6142  9.37374 29.1533 29.3564  9.5247 29.1533 29.7209  9.63146 28.7889 29.0987  9.5247 29.1533 28.992  9.37374 29.1533 29.3564  9.5247 29.1533 29.7209  9.5247 29.5178 29.3564  9.63146 29.5178 29.6142  9.88917 29.1533 29.3564  9.5247 29.1533 28.992  9.88917 29.1533 29.3564  9.63146 29.5178 29.0987  9.5247 29.5178 29.3564  9.63146 29.5178 29.6142  9.88917 29.6688 29.3564  9.88917 29.6688 29.3564  9.63146 29.5178 29.0987  9.88917 29.6688 29.3564  9.88917 28.6379 29.3564  9.88917 28.6379 29.3564  9.88917 28.7889 29.7209  10.1469 28.7889 29.6142 
9.88917 28.6379 29.3564  9.63146 28.7889 29.6142  9.88917 28.7889 29.7209  10.1469 28.7889 29.6142  9.88917 29.1533 29.8719  10.2536 29.1533 29.7209  9.63146 28.7889 29.6142  9.5247 29.1533 29.7209  9.88917 29.1533 29.8719  10.2536 29.1533 29.7209  9.88917 29.5178 29.7209  10.1469 29.5178 29.6142  9.5247 29.1533 29.7209  9.63146 29.5178 29.6142  9.88917 29.5178 29.7209  10.1469 29.5178 29.6142  9.88917 29.6688 29.3564  9.88917 29.6688 29.3564  9.63146 29.5178 29.6142  9.88917 29.6688 29.3564  0.05 25.901 9.801  0.05 25.3898 9.801  0.05 25.3898 9.801  0.05 25.901 9.801  0.4115 25.5395 9.801  0.305619 25.5395 9.54538  0.05 25.3898 9.801  0.305619 25.5395 10.0566  0.4115 25.5395 9.801  0.305619 25.5395 9.54538  0.561238 25.901 9.801  0.4115 25.901 9.4395 
0.305619 25.5395 10.0566  0.4115 25.901 10.1625  0.561238 25.901 9.801  0.4115 25.901 9.4395  0.4115 26.2625 9.801  0.305619 26.2625 9.54538  0.4115 25.901 10.1625  0.305619 26.2625 10.0566  0.4115 26.2625 9.801  0.305619 26.2625 9.54538  0.05 26.4122 9.801  0.05 26.4122 9.801  0.305619 26.2625 10.0566  0.05 26.4122 9.801  0.05 25.3898 9.801  0.05 25.3898 9.801  0.05 25.5395 9.4395  -0.205619 25.5395 9.54538  0.05 25.3898 9.801  0.305619 25.5395 9.54538  0.05 25.5395 9.4395  -0.205619 25.5395 9.54538  0.05 25.901 9.28976  -0.3115 25.901 9.4395  0.305619 25.5395 9.54538  0.4115 25.901 9.4395  0.05 25.901 9.28976  -0.3115 25.901 9.4395  0.05 26.2625 9.4395  -0.205619 26.2625 9.54538  0.4115 25.901 9.4395  0.305619 26.2625 9.54538 
0.05 26.2625 9.4395  -0.205619 26.2625 9.54538  0.05 26.4122 9.801  0.05 26.4122 9.801  0.305619 26.2625 9.54538  0.05 26.4122 9.801  0.05 25.3898 9.801  0.05 25.3898 9.801  -0.3115 25.5395 9.801  -0.205619 25.5395 10.0566  0.05 25.3898 9.801  -0.205619 25.5395 9.54538  -0.3115 25.5395 9.801  -0.205619 25.5395 10.0566  -0.461238 25.901 9.801  -0.3115 25.901 10.1625  -0.205619 25.5395 9.54538  -0.3115 25.901 9.4395  -0.461238 25.901 9.801  -0.3115 25.901 10.1625  -0.3115 26.2625 9.801  -0.205619 26.2625 10.0566  0.05 25.901 9.801  -0.3115 25.901 9.4395  0.05 25.901 9.801  -0.205619 26.2625 9.54538  -0.3115 26.2625 9.801  -0.205619 26.2625 10.0566  0.05 26.4122 9.801  0.05 26.4122 9.801  -0.205619 26.2625 9.54538  0.05 26.4122 9.801 
0.05 25.3898 9.801  0.05 25.3898 9.801  0.0500001 25.5395 10.1625  0.305619 25.5395 10.0566  0.05 25.3898 9.801  -0.205619 25.5395 10.0566  0.0500001 25.5395 10.1625  0.305619 25.5395 10.0566  0.0500001 25.901 10.3122  0.4115 25.901 10.1625  -0.205619 25.5395 10.0566  -0.3115 25.901 10.1625  0.0500001 25.901 10.3122  0.4115 25.901 10.1625  0.0500001 26.2625 10.1625  0.305619 26.2625 10.0566  -0.3115 25.901 10.1625  -0.205619 26.2625 10.0566  0.0500001 26.2625 10.1625  0.305619 26.2625 10.0566  0.05 26.4122 9.801  0.05 26.4122 9.801  -0.205619 26.2625 10.0566  0.05 26.4122 9.801  7.24398 29.3721 0.324145  7.24398 28.9212 0.324145  7.24398 28.9212 0.324145  7.24398 29.3721 0.324145  7.56282 29.0532 0.324145  7.46943 29.0532 0.0986939  7.24398 28.9212 0.324145  7.46943 29.0532 0.549596 
7.56282 29.0532 0.324145  7.46943 29.0532 0.0986939  7.69488 29.3721 0.324145  7.56282 29.3721 0.00530901  7.46943 29.0532 0.549596  7.56282 29.3721 0.642981  7.69488 29.3721 0.324145  7.56282 29.3721 0.00530901  7.56282 29.6909 0.324145  7.46943 29.6909 0.0986939  7.56282 29.3721 0.642981  7.46943 29.6909 0.549596  7.56282 29.6909 0.324145  7.46943 29.6909 0.0986939  7.24398 29.823 0.324145  7.24398 29.823 0.324145  7.46943 29.6909 0.549596  7.24398 29.823 0.324145  7.24398 28.9212 0.324145  7.24398 28.9212 0.324145  7.24398 29.0532 0.00530899  7.01853 29.0532 0.0986939  7.24398 28.9212 0.324145  7.46943 29.0532 0.0986938  7.24398 29.0532 0.00530899  7.01853 29.0532 0.0986939  7.24398 29.3721 -0.126757  6.92515 29.3721 0.00530905  7.46943 29.0532 0.0986938  7.56282 29.3721 0.00530899  7.24398 29.3721 -0.126757  6.92515 29.3721 0.00530905 
7.24398 29.6909 0.00530903  7.01853 29.6909 0.0986939  7.56282 29.3721 0.00530899  7.46943 29.6909 0.0986939  7.24398 29.6909 0.00530903  7.01853 29.6909 0.0986939  7.24398 29.823 0.324145  7.24398 29.823 0.324145  7.46943 29.6909 0.0986939  7.24398 29.823 0.324145  7.24398 28.9212 0.324145  7.24398 28.9212 0.324145  6.92515 29.0532 0.324145  7.01853 29.0532 0.549596  7.24398 28.9212 0.324145  7.01853 29.0532 0.0986939  6.92515 29.0532 0.324145  7.01853 29.0532 0.549596  6.79308 29.3721 0.324145  6.92515 29.3721 0.642981  7.01853 29.0532 0.0986939  6.92515 29.3721 0.00530906  6.79308 29.3721 0.324145  6.92515 29.3721 0.642981  6.92515 29.6909 0.324145  7.01853 29.6909 0.549596  7.24398 29.3721 0.324145  6.92515 29.3721 0.00530906  7.24398 29.3721 0.324145  7.01853 29.6909 0.0986939  6.92515 29.6909 0.324145  7.01853 29.6909 0.549596 
7.24398 29.823 0.324145  7.24398 29.823 0.324145  7.01853 29.6909 0.0986939  7.24398 29.823 0.324145  7.24398 28.9212 0.324145  7.24398 28.9212 0.324145  7.24398 29.0532 0.642981  7.46943 29.0532 0.549596  7.24398 28.9212 0.324145  7.01853 29.0532 0.549596  7.24398 29.0532 0.642981  7.46943 29.0532 0.549596  7.24398 29.3721 0.775047  7.56282 29.3721 0.642981  7.01853 29.0532 0.549596  6.92515 29.3721 0.642981  7.24398 29.3721 0.775047  7.56282 29.3721 0.642981  7.24398 29.6909 0.642981  7.46943 29.6909 0.549596  6.92515 29.3721 0.642981  7.01853 29.6909 0.549596  7.24398 29.6909 0.642981  7.46943 29.6909 0.549596  7.24398 29.823 0.324145  7.24398 29.823 0.324145  7.01853 29.6909 0.549596  7.24398 29.823 0.324145  0.194786 20.5275 29.8337  0.194786 20.1785 29.8337  0.194786 20.1785 29.8337  0.194786 20.5275 29.8337 
0.441578 20.2807 29.8337  0.369294 20.2807 29.6592  0.194786 20.1785 29.8337  0.369294 20.2807 30.0082  0.441578 20.2807 29.8337  0.369294 20.2807 29.6592  0.543803 20.5275 29.8337  0.441578 20.5275 29.5869  0.369294 20.2807 30.0082  0.441578 20.5275 30.0805  0.543803 20.5275 29.8337  0.441578 20.5275 29.5869  0.441578 20.7743 29.8337  0.369294 20.7743 29.6592  0.441578 20.5275 30.0805  0.369294 20.7743 30.0082  0.441578 20.7743 29.8337  0.369294 20.7743 29.6592  0.194786 20.8766 29.8337  0.194786 20.8766 29.8337  0.369294 20.7743 30.0082  0.194786 20.8766 29.8337  0.194786 20.1785 29.8337  0.194786 20.1785 29.8337  0.194786 20.2807 29.5869  0.0202771 20.2807 29.6592  0.194786 20.1785 29.8337  0.369294 20.2807 29.6592  0.194786 20.2807 29.5869  0.0202771 20.2807 29.6592  0.194786 20.5275 29.4847  -0.0520068 20.5275 29.5869 
0.369294 20.2807 29.6592  0.441578 20.5275 29.5869  0.194786 20.5275 29.4847  -0.0520068 20.5275 29.5869  0.194786 20.7743 29.5869  0.0202771 20.7743 29.6592  0.441578 20.5275 29.5869  0.369294 20.7743 29.6592  0.194786 20.7743 29.5869  0.0202771 20.7743 29.6592  0.194786 20.8766 29.8337  0.194786 20.8766 29.8337  0.369294 20.7743 29.6592  0.194786 20.1785 29.8337  0.194786 20.1785 29.8337  -0.0520068 20.2807 29.8337  0.0202771 20.2807 30.0082  0.194786 20.1785 29.8337  0.0202771 20.2807 29.6592  -0.0520068 20.2807 29.8337  0.0202771 20.2807 30.0082  -0.154232 20.5275 29.8337  -0.0520067 20.5275 30.0805  0.0202771 20.2807 29.6592  -0.0520068 20.5275 29.5869  -0.154232 20.5275 29.8337  -0.0520067 20.5275 30.0805  -0.0520067 20.7743 29.8337  0.0202771 20.7743 30.0082  0.194786 20.5275 29.8337  -0.0520068 20.5275 29.5869  0.0202771 20.7743 29.6592 
0.194786 20.5275 29.8337  -0.0520067 20.7743 29.8337  0.0202771 20.7743 30.0082  0.194786 20.8766 29.8337  0.194786 20.8766 29.8337  0.0202771 20.7743 29.6592  0.194786 20.8766 29.8337  0.194786 20.1785 29.8337  0.194786 20.1785 29.8337  0.194786 20.2807 30.0805  0.369294 20.2807 30.0082  0.194786 20.1785 29.8337  0.0202771 20.2807 30.0082  0.194786 20.2807 30.0805  0.369294 20.2807 30.0082  0.194786 20.5275 30.1827  0.441578 20.5275 30.0805  0.0202771 20.2807 30.0082  -0.0520067 20.5275 30.0805  0.194786 20.5275 30.1827  0.441578 20.5275 30.0805  0.194786 20.7743 30.0805  0.369294 20.7743 30.0082  -0.0520067 20.5275 30.0805  0.0202771 20.7743 30.0082  0.194786 20.7743 30.0805  0.369294 20.7743 30.0082  0.194786 20.8766 29.8337  0.194786 20.8766 29.8337  0.0202771 20.7743 30.0082  0.194786 20.8766 29.8337  9.88943 0.166306 14.8219 
9.88943 -0.180927 14.8219  9.88943 -0.180927 14.8219  9.88943 0.166306 14.8219  10.135 -0.0792248 14.8219  10.063 -0.0792248 14.6483  9.88943 -0.180927 14.8219  10.063 -0.0792248 14.9955  10.135 -0.0792248 14.8219  10.063 -0.0792248 14.6483  10.2367 0.166306 14.8219  10.135 0.166306 14.5764  10.063 -0.0792248 14.9955  10.135 0.166306 15.0674  10.2367 0.166306 14.8219  10.135 0.166306 14.5764  10.135 0.411837 14.8219  10.063 0.411837 14.6483  10.135 0.166306 15.0674  10.063 0.411837 14.9955  10.135 0.411837 14.8219  10.063 0.411837 14.6483  9.88943 0.513539 14.8219  9.88943 0.513539 14.8219  10.063 0.411837 14.9955  9.88943 0.513539 14.8219  9.88943 -0.180927 14.8219  9.88943 -0.180927 14.8219  9.88943 -0.0792248 14.5764  9.71581 -0.0792248 14.6483  9.88943 -0.180927 14.8219  10.063 -0.0792248 14.6483  9.88943 -0.0792248 14.5764 
9.71581 -0.0792248 14.6483  9.88943 0.166306 14.4747  9.6439 0.166306 14.5764  10.063 -0.0792248 14.6483  10.135 0.166306 14.5764  9.88943 0.166306 14.4747  9.6439 0.166306 14.5764  9.88943 0.411837 14.5764  9.71581 0.411837 14.6483  10.135 0.166306 14.5764  10.063 0.411837 14.6483  9.88943 0.411837 14.5764  9.71581 0.411837 14.6483  9.88943 0.513539 14.8219  9.88943 0.513539 14.8219  10.063 0.411837 14.6483  9.88943 0.513539 14.8219  9.88943 -0.180927 14.8219  9.88943 -0.180927 14.8219  9.6439 -0.0792248 14.8219  9.71581 -0.0792248 14.9955  9.88943 -0.180927 14.8219  9.71581 -0.0792248 14.6483  9.6439 -0.0792248 14.8219  9.71581 -0.0792248 14.9955  9.54219 0.166306 14.8219  9.6439 0.166306 15.0674  9.71581 -0.0792248 14.6483  9.6439 0.166306 14.5764  9.54219 0.166306 14.8219  9.6439 0.166306 15.0674  9.6439 0.411837 14.8219 
9.71581 0.411837 14.9955  9.88943 0.166306 14.8219  9.6439 0.166306 14.5764  9.88943 0.166306 14.8219  9.71581 0.411837 14.6483  9.6439 0.411837 14.8219  9.71581 0.411837 14.9955  9.88943 0.513539 14.8219  9.88943 0.513539 14.8219  9.71581 0.411837 14.6483  9.88943 0.513539 14.8219  9.88943 -0.180927 14.8219  9.88943 -0.180927 14.8219  9.88943 -0.0792248 15.0674  10.063 -0.0792248 14.9955  9.88943 -0.180927 14.8219  9.71581 -0.0792248 14.9955  9.88943 -0.0792248 15.0674  10.063 -0.0792248 14.9955  9.88943 0.166306 15.1691  10.135 0.166306 15.0674  9.71581 -0.0792248 14.9955  9.6439 0.166306 15.0674  9.88943 0.166306 15.1691  10.135 0.166306 15.0674  9.88943 0.411837 15.0674  10.063 0.411837 14.9955  9.6439 0.166306 15.0674  9.71581 0.411837 14.9955  9.88943 0.411837 15.0674  10.063 0.411837 14.9955  9.88943 0.513539 14.8219 
9.88943 0.513539 14.8219  9.71581 0.411837 14.9955  9.88943 0.513539 14.8219  9.89746 0.159494 10.3499  9.89746 -0.181396 10.3499  9.89746 -0.181396 10.3499  9.89746 0.159494 10.3499  10.1385 -0.0815516 10.3499  10.0679 -0.0815516 10.1794  9.89746 -0.181396 10.3499  10.0679 -0.0815516 10.5203  10.1385 -0.0815516 10.3499  10.0679 -0.0815516 10.1794  10.2384 0.159494 10.3499  10.1385 0.159494 10.1088  10.0679 -0.0815516 10.5203  10.1385 0.159494 10.5909  10.2384 0.159494 10.3499  10.1385 0.159494 10.1088  10.1385 0.40054 10.3499  10.0679 0.40054 10.1794  10.1385 0.159494 10.5909  10.0679 0.40054 10.5203  10.1385 0.40054 10.3499  10.0679 0.40054 10.1794  9.89746 0.500385 10.3499  9.89746 0.500385 10.3499  10.0679 0.40054 10.5203  9.89746 0.500385 10.3499  9.89746 -0.181396 10.3499  9.89746 -0.181396 10.3499  9.89746 -0.0815516 10.1088 
9.72701 -0.0815516 10.1794  9.89746 -0.181396 10.3499  10.0679 -0.0815516 10.1794  9.89746 -0.0815516 10.1088  9.72701 -0.0815516 10.1794  9.89746 0.159494 10.009  9.65641 0.159494 10.1088  10.0679 -0.0815516 10.1794  10.1385 0.159494 10.1088  9.89746 0.159494 10.009  9.65641 0.159494 10.1088  9.89746 0.40054 10.1088  9.72701 0.40054 10.1794  10.1385 0.159494 10.1088  10.0679 0.40054 10.1794  9.89746 0.40054 10.1088  9.72701 0.40054 10.1794  9.89746 0.500385 10.3499  9.89746 0.500385 10.3499  10.0679 0.40054 10.1794  9.89746 0.500385 10.3499  9.89746 -0.181396 10.3499  9.89746 -0.181396 10.3499  9.65641 -0.0815516 10.3499  9.72701 -0.0815516 10.5203  9.89746 -0.181396 10.3499  9.72701 -0.0815516 10.1794  9.65641 -0.0815516 10.3499  9.72701 -0.0815516 10.5203  9.55657 0.159494 10.3499  9.65641 0.159494 10.5909  9.72701 -0.0815516 10.1794 
9.65641 0.159494 10.1088  9.55657 0.159494 10.3499  9.65641 0.159494 10.5909  9.65641 0.40054 10.3499  9.72701 0.40054 10.5203  9.89746 0.159494 10.3499  9.65641 0.159494 10.1088  9.89746 0.159494 10.3499  9.72701 0.40054 10.1794  9.65641 0.40054 10.3499  9.72701 0.40054 10.5203  9.89746 0.500385 10.3499  9.89746 0.500385 10.3499  9.72701 0.40054 10.1794  9.89746 0.500385 10.3499  9.89746 -0.181396 10.3499  9.89746 -0.181396 10.3499  9.89746 -0.0815516 10.5909  10.0679 -0.0815516 10.5203  9.89746 -0.181396 10.3499  9.72701 -0.0815516 10.5203  9.89746 -0.0815516 10.5909  10.0679 -0.0815516 10.5203  9.89746 0.159494 10.6907  10.1385 0.159494 10.5909  9.72701 -0.0815516 10.5203  9.65641 0.159494 10.5909  9.89746 0.159494 10.6907  10.1385 0.159494 10.5909  9.89746 0.40054 10.5909  10.0679 0.40054 10.5203  9.65641 0.159494 10.5909 
9.72701 0.40054 10.5203  9.89746 0.40054 10.5909  10.0679 0.40054 10.5203  9.89746 0.500385 10.3499  9.89746 0.500385 10.3499  9.72701 0.40054 10.5203  9.89746 0.500385 10.3499  5.18188 0.146973 0.147018  5.18188 -0.132082 0.147018  5.18188 -0.132082 0.147018  5.18188 0.146973 0.147018  5.3792 -0.0503489 0.147018  5.32141 -0.0503489 0.00749033  5.18188 -0.132082 0.147018  5.32141 -0.0503489 0.286545  5.3792 -0.0503489 0.147018  5.32141 -0.0503489 0.00749033  5.46094 0.146973 0.147018  5.3792 0.146973 -0.0503038  5.32141 -0.0503489 0.286545  5.3792 0.146973 0.344339  5.46094 0.146973 0.147018  5.3792 0.146973 -0.0503038  5.3792 0.344294 0.147018  5.32141 0.344294 0.00749035  5.3792 0.146973 0.344339  5.32141 0.344294 0.286545  5.3792 0.344294 0.147018  5.32141 0.344294 0.00749035  5.18188 0.426027 0.147018  5.18188 0.426027 0.147018  5.32141 0.344294 0.286545 
5.18188 0.426027 0.147018  5.18188 -0.132082 0.147018  5.18188 -0.132082 0.147018  5.18188 -0.0503489 -0.0503038  5.04235 -0.0503489 0.00749035  5.18188 -0.132082 0.147018  5.32141 -0.0503489 0.00749032  5.18188 -0.0503489 -0.0503038  5.04235 -0.0503489 0.00749035  5.18188 0.146973 -0.132037  4.98456 0.146973 -0.0503038  5.32141 -0.0503489 0.00749032  5.3792 0.146973 -0.0503038  5.18188 0.146973 -0.132037  4.98456 0.146973 -0.0503038  5.18188 0.344294 -0.0503038  5.04235 0.344294 0.00749036  5.3792 0.146973 -0.0503038  5.32141 0.344294 0.00749034  5.18188 0.344294 -0.0503038  5.04235 0.344294 0.00749036  5.18188 0.426027 0.147018  5.18188 0.426027 0.147018  5.32141 0.344294 0.00749034  5.18188 0.426027 0.147018  5.18188 -0.132082 0.147018  5.18188 -0.132082 0.147018  4.98456 -0.0503489 0.147018  5.04235 -0.0503489 0.286545  5.18188 -0.132082 0.147018  5.04235 -0.0503489 0.00749035  4.98456 -0.0503489 0.147018 
5.04235 -0.0503489 0.286545  4.90283 0.146973 0.147018  4.98456 0.146973 0.344339  5.04235 -0.0503489 0.00749035  4.98456 0.146973 -0.0503038  4.90283 0.146973 0.147018  4.98456 0.146973 0.344339  4.98456 0.344294 0.147018  5.04235 0.344294 0.286545  5.18188 0.146973 0.147018  4.98456 0.146973 -0.0503038  5.18188 0.146973 0.147018  5.04235 0.344294 0.00749037  4.98456 0.344294 0.147018  5.04235 0.344294 0.286545  5.18188 0.426027 0.147018  5.18188 0.426027 0.147018  5.04235 0.344294 0.00749037  5.18188 0.426027 0.147018  5.18188 -0.132082 0.147018  5.18188 -0.132082 0.147018  5.18188 -0.0503489 0.344339  5.32141 -0.0503489 0.286545  5.18188 -0.132082 0.147018  5.04235 -0.0503489 0.286545  5.18188 -0.0503489 0.344339  5.32141 -0.0503489 0.286545  5.18188 0.146973 0.426072  5.3792 0.146973 0.344339  5.04235 -0.0503489 0.286545  4.98456 0.146973 0.344339  5.18188 0.146973 0.426072 
5.3792 0.146973 0.344339  5.18188 0.344294 0.344339  5.32141 0.344294 0.286545  4.98456 0.146973 0.344339  5.04235 0.344294 0.286545  5.18188 0.344294 0.344339  5.32141 0.344294 0.286545  5.18188 0.426027 0.147018  5.18188 0.426027 0.147018  5.04235 0.344294 0.286545  5.18188 0.426027 0.147018  9.95 29.853 14.0432  9.95 29.6 14.0432  9.95 29.6 14.0432  9.95 29.853 14.0432  10.1289 29.6741 14.0432  10.0765 29.6741 13.9167  9.95 29.6 14.0432  10.0765 29.6741 14.1698  10.1289 29.6741 14.0432  10.0765 29.6741 13.9167  10.203 29.853 14.0432  10.1289 29.853 13.8643  10.0765 29.6741 14.1698  10.1289 29.853 14.2222  10.203 29.853 14.0432  10.1289 29.853 13.8643  10.1289 30.032 14.0432  10.0765 30.032 13.9167  10.1289 29.853 14.2222  10.0765 30.032 14.1698  10.1289 30.032 14.0432 
10.0765 30.032 13.9167  9.95 30.1061 14.0432  9.95 30.1061 14.0432  10.0765 30.032 14.1698  9.95 30.1061 14.0432  9.95 29.6 14.0432  9.95 29.6 14.0432  9.95 29.6741 13.8643  9.82348 29.6741 13.9167  9.95 29.6 14.0432  10.0765 29.6741 13.9167  9.95 29.6741 13.8643  9.82348 29.6741 13.9167  9.95 29.853 13.7902  9.77107 29.853 13.8643  10.0765 29.6741 13.9167  10.1289 29.853 13.8643  9.95 29.853 13.7902  9.77107 29.853 13.8643  9.95 30.032 13.8643  9.82348 30.032 13.9167  10.1289 29.853 13.8643  10.0765 30.032 13.9167  9.95 30.032 13.8643  9.82348 30.032 13.9167  9.95 30.1061 14.0432  9.95 30.1061 14.0432  10.0765 30.032 13.9167  9.95 30.1061 14.0432  9.95 29.6 14.0432  9.95 29.6 14.0432  9.77107 29.6741 14.0432 
9.82348 29.6741 14.1698  9.95 29.6 14.0432  9.82348 29.6741 13.9167  9.77107 29.6741 14.0432  9.82348 29.6741 14.1698  9.69695 29.853 14.0432  9.77107 29.853 14.2222  9.82348 29.6741 13.9167  9.77107 29.853 13.8643  9.69695 29.853 14.0432  9.77107 29.853 14.2222  9.77107 30.032 14.0432  9.82348 30.032 14.1698  9.95 29.853 14.0432  9.77107 29.853 13.8643  9.95 29.853 14.0432  9.82348 30.032 13.9167  9.77107 30.032 14.0432  9.82348 30.032 14.1698  9.95 30.1061 14.0432  9.95 30.1061 14.0432  9.82348 30.032 13.9167  9.95 30.1061 14.0432  9.95 29.6 14.0432  9.95 29.6 14.0432  9.95 29.6741 14.2222  10.0765 29.6741 14.1698  9.82348 29.6741 14.1698  9.95 29.6741 14.2222  10.0765 29.6741 14.1698  9.95 29.853 14.2963  10.1289 29.853 14.2222 
9.82348 29.6741 14.1698  9.77107 29.853 14.2222  9.95 29.853 14.2963  10.1289 29.853 14.2222  9.95 30.032 14.2222  10.0765 30.032 14.1698  9.77107 29.853 14.2222  9.82348 30.032 14.1698  9.95 30.032 14.2222  10.0765 30.032 14.1698  9.95 30.1061 14.0432  9.95 30.1061 14.0432  9.82348 30.032 14.1698  9.95 29.4416 0.146807  9.95 29.187 0.146807  9.95 29.187 0.146807  9.95 29.4416 0.146807  10.13 29.2615 0.146807  10.0773 29.2615 0.0195189  9.95 29.187 0.146807  10.0773 29.2615 0.274095  10.13 29.2615 0.146807  10.0773 29.2615 0.0195189  10.2046 29.4416 0.146807  10.13 29.4416 -0.0332054  10.0773 29.2615 0.274095  10.13 29.4416 0.326819  10.2046 29.4416 0.146807  10.13 29.4416 -0.0332054  10.13 29.6216 0.146807  10.0773 29.6216 0.0195189  10.13 29.4416 0.326819 
10.0773 29.6216 0.274095  10.13 29.6216 0.146807  10.0773 29.6216 0.0195189  9.95 29.6961 0.146807  9.95 29.6961 0.146807  10.0773 29.6216 0.274095  9.95 29.6961 0.146807  9.95 29.187 0.146807  9.95 29.187 0.146807  9.95 29.2615 -0.0332054  9.82271 29.2615 0.0195189  9.95 29.187 0.146807  10.0773 29.2615 0.0195189  9.95 29.2615 -0.0332054  9.82271 29.2615 0.0195189  9.95 29.4416 -0.107769  9.76999 29.4416 -0.0332054  10.0773 29.2615 0.0195189  10.13 29.4416 -0.0332054  9.95 29.4416 -0.107769  9.76999 29.4416 -0.0332054  9.95 29.6216 -0.0332054  9.82271 29.6216 0.0195189  10.13 29.4416 -0.0332054  10.0773 29.6216 0.0195189  9.95 29.6216 -0.0332054  9.82271 29.6216 0.0195189  9.95 29.6961 0.146807  9.95 29.6961 0.146807  10.0773 29.6216 0.0195189  9.95 29.6961 0.146807  9.95 29.187 0.146807 
9.95 29.187 0.146807  9.76999 29.2615 0.146807  9.82271 29.2615 0.274095  9.95 29.187 0.146807  9.82271 29.2615 0.0195189  9.76999 29.2615 0.146807  9.82271 29.2615 0.274095  9.69542 29.4416 0.146807  9.76999 29.4416 0.326819  9.82271 29.2615 0.0195189  9.76999 29.4416 -0.0332054  9.69542 29.4416 0.146807  9.76999 29.4416 0.326819  9.76999 29.6216 0.146807  9.82271 29.6216 0.274095  9.95 29.4416 0.146807  9.76999 29.4416 -0.0332054  9.95 29.4416 0.146807  9.82271 29.6216 0.019519  9.76999 29.6216 0.146807  9.82271 29.6216 0.274095  9.95 29.6961 0.146807  9.95 29.6961 0.146807  9.82271 29.6216 0.019519  9.95 29.6961 0.146807  9.95 29.187 0.146807  9.95 29.187 0.146807  9.95 29.2615 0.326819  10.0773 29.2615 0.274095  9.95 29.187 0.146807  9.82271 29.2615 0.274095  9.95 29.2615 0.326819 
10.0773 29.2615 0.274095  9.95 29.4416 0.401382  10.13 29.4416 0.326819  9.82271 29.2615 0.274095  9.76999 29.4416 0.326819  9.95 29.4416 0.401382  10.13 29.4416 0.326819  9.95 29.6216 0.326819  10.0773 29.6216 0.274095  9.76999 29.4416 0.326819  9.82271 29.6216 0.274095  9.95 29.6216 0.326819  10.0773 29.6216 0.274095  9.95 29.6961 0.146807  9.95 29.6961 0.146807  9.82271 29.6216 0.274095  9.95 29.6961 0.146807  9.899 4.599 29.95  9.899 4.33972 29.95  9.899 4.33972 29.95  9.899 4.599 29.95  10.0823 4.41566 29.95  10.0286 4.41566 29.8204  9.899 4.33972 29.95  10.0286 4.41566 30.0796  10.0823 4.41566 29.95  10.0286 4.41566 29.8204  10.1583 4.599 29.95  10.0823 4.599 29.7667  10.0286 4.41566 30.0796  10.0823 4.599 30.1333  10.1583 4.599 29.95 
10.0823 4.599 29.7667  10.0823 4.78234 29.95  10.0286 4.78234 29.8204  10.0823 4.599 30.1333  10.0286 4.78234 30.0796  10.0823 4.78234 29.95  10.0286 4.78234 29.8204  9.899 4.85828 29.95  9.899 4.85828 29.95  10.0286 4.78234 30.0796  9.899 4.85828 29.95  9.899 4.33972 29.95  9.899 4.33972 29.95  9.899 4.41566 29.7667  9.76936 4.41566 29.8204  10.0286 4.41566 29.8204  9.899 4.41566 29.7667  9.76936 4.41566 29.8204  9.899 4.599 29.6907  9.71566 4.599 29.7667  10.0286 4.41566 29.8204  10.0823 4.599 29.7667  9.899 4.599 29.6907  9.71566 4.599 29.7667  9.899 4.78234 29.7667  9.76936 4.78234 29.8204  10.0823 4.599 29.7667  10.0286 4.78234 29.8204  9.899 4.78234 29.7667  9.76936 4.78234 29.8204  9.899 4.85828 29.95  9.899 4.85828 29.95 
10.0286 4.78234 29.8204  9.899 4.85828 29.95  9.899 4.33972 29.95  9.899 4.33972 29.95  9.71566 4.41566 29.95  9.76936 4.41566 30.0796  9.899 4.33972 29.95  9.76936 4.41566 29.8204  9.71566 4.41566 29.95  9.76936 4.41566 30.0796  9.63972 4.599 29.95  9.71566 4.599 30.1333  9.76936 4.41566 29.8204  9.71566 4.599 29.7667  9.63972 4.599 29.95  9.71566 4.599 30.1333  9.71566 4.78234 29.95  9.76936 4.78234 30.0796  9.899 4.599 29.95  9.71566 4.599 29.7667  9.76936 4.78234 29.8204  9.899 4.599 29.95  9.71566 4.78234 29.95  9.76936 4.78234 30.0796  9.899 4.85828 29.95  9.899 4.85828 29.95  9.76936 4.78234 29.8204  9.899 4.85828 29.95  9.899 4.33972 29.95  9.899 4.33972 29.95  9.899 4.41566 30.1333  10.0286 4.41566 30.0796 
9.899 4.33972 29.95  9.76936 4.41566 30.0796  9.899 4.41566 30.1333  10.0286 4.41566 30.0796  9.899 4.599 30.2093  10.0823 4.599 30.1333  9.76936 4.41566 30.0796  9.71566 4.599 30.1333  9.899 4.599 30.2093  10.0823 4.599 30.1333  9.899 4.78234 30.1333  10.0286 4.78234 30.0796  9.71566 4.599 30.1333  9.76936 4.78234 30.0796  9.899 4.78234 30.1333  10.0286 4.78234 30.0796  9.899 4.85828 29.95  9.899 4.85828 29.95  9.76936 4.78234 30.0796  9.899 4.85828 29.95  
		</DataArray>
	</Points>
	<Cells>
		<DataArray type = "Int32" Name = "connectivity" format = "ascii">
0 1 2 0 3 4 5 3 0 6 1 0 3 7 4 3 0 8 9 0 3 10 11 3 0 12 8 0 3 13 10 3
0 14 15 0 3 16 17 3 0 18 14 0 3 19 16 3 0 20 21 0 3 22 23 3 0 24 20 0 3 25 22 3
0 26 27 0 3 28 29 3 0 30 26 0 3 31 28 3 0 32 33 0 3 34 35 3 0 36 32 0 3 37 34 3
0 38 39 0 3 40 41 3 0 42 38 0 3 43 40 3 0 44 45 0 3 46 47 3 0 48 44 0 3 49 46 3
0 50 51 0 3 52 53 3 0 54 50 0 3 55 52 3 0 56 57 0 3 58 59 3 0 60 56 0 3 61 58 3
0 62 63 0 3 64 65 3 66 67 62 66 68 69 64 68 66 70 71 66 68 72 73 68 66 74 70 66 68 75 72 68
66 76 77 66 68 78 79 68 66 80 76 66 68 81 78 68 66 82 83 66 68 84 85 68 66 86 82 66 68 87 84 68
66 88 89 66 68 90 91 68 66 92 88 66 68 93 90 68 66 94 95 66 68 96 97 68 66 98 94 66 68 99 96 68
100 101 102 100 103 104 105 103 100 106 101 100 103 107 104 103 100 108 109 100 103 110 111 103 100 112 108 100 103 113 110 103
100 114 115 100 103 116 117 103 100 118 114 100 103 119 116 103 100 120 121 100 103 122 123 103 100 124 120 100 103 125 122 103
100 126 127 100 103 128 129 103 100 130 126 100 103 131 128 103 100 132 133 100 103 134 135 103 100 136 132 100 103 137 134 103
100 138 139 100 103 140 141 103 100 142 138 100 103 143 140 103 100 144 145 100 103 146 147 103 100 148 144 100 103 149 146 103
100 150 151 100 103 152 153 103 100 154 150 100 103 155 152 103 100 156 157 100 103 158 159 103 100 160 156 100 103 161 158 103
100 162 163 100 103 164 165 103 166 167 162 166 168 169 164 168 166 170 171 166 168 172 173 168 166 174 170 166 168 175 172 168
166 176 177 166 168 178 179 168 166 180 176 166 168 181 178 168 166 182 183 166 168 184 185 168 166 186 182 166 168 187 184 168
166 188 189 166 168 190 191 168 166 192 188 166 168 193 190 168 166 194 195 166 168 196 197 168 166 198 194 166 168 199 196 168
200 201 202 200 203 204 205 203 200 206 201 200 203 207 204 203 200 208 209 200 203 210 211 203 200 212 208 200 203 213 210 203
200 214 215 200 203 216 217 203 200 218 214 200 203 219 216 203 200 220 221 200 203 222 223 203 200 224 220 200 203 225 222 203
200 226 227 200 203 228 229 203 200 230 226 200 203 231 228 203 200 232 233 200 203 234 235 203 200 236 232 200 203 237 234 203
200 238 239 200 203 240 241 203 200 242 238 200 203 243 240 203 200 244 245 200 203 246 247 203 200 248 244 200 203 249 246 203
200 250 251 200 203 252 253 203 200 254 250 200 203 255 252 203 200 256 257 200 203 258 259 203 200 260 256 200 203 261 258 203
200 262 263 200 203 264 265 203 266 267 262 266 268 269 264 268 266 270 271 266 268 272 273 268 266 274 270 266 268 275 272 268
266 276 277 266 268 278 279 268 266 280 276 266 268 281 278 268 266 282 283 266 268 284 285 268 266 286 282 266 268 287 284 268
266 288 289 266 268 290 291 268 266 292 288 266 268 293 290 268 266 294 295 266 268 296 297 268 266 298 294 266 268 299 296 268
300 301 302 300 303 304 305 303 300 306 301 300 303 307 304 303 300 308 309 300 303 310 311 303 300 312 308 300 303 313 310 303
300 314 315 300 303 316 317 303 300 318 314 300 303 319 316 303 300 320 321 300 303 322 323 303 300 324 320 300 303 325 322 303
300 326 327 300 303 328 329 303 300 330 326 300 303 331 328 303 300 332 333 300 303 334 335 303 300 336 332 300 303 337 334 303
300 338 339 300 303 340 341 303 300 342 338 300 303 343 340 303 300 344 345 300 303 346 347 303 300 348 344 300 303 349 346 303
300 350 351 300 303 352 353 303 300 354 350 300 303 355 352 303 300 356 357 300 303 358 359 303 300 360 356 300 303 361 358 303
300 362 363 300 303 364 365 303 366 367 362 366 368 369 364 368 366 370 371 366 368 372 373 368 366 374 370 366 368 375 372 368
366 376 377 366 368 378 379 368 366 380 376 366 368 381 378 368 366 382 383 366 368 384 385 368 366 386 382 366 368 387 384 368
366 388 389 366 368 390 391 368 366 392 388 366 368 393 390 368 366 394 395 366 368 396 397 368 366 398 394 366 368 399 396 368
400 401 402 400 403 404 405 403 400 406 401 400 403 407 404 403 400 408 409 400 403 410 411 403 400 412 408 400 403 413 410 403
400 414 415 400 403 416 417 403 400 418 414 400 403 419 416 403 400 420 421 400 403 422 423 403 400 424 420 400 403 425 422 403
400 426 427 400 403 428 429 403 400 430 426 400 403 431 428 403 400 432 433 400 403 434 435 403 400 436 432 400 403 437 434 403
400 438 439 400 403 440 441 403 400 442 438 400 403 443 440 403 400 444 445 400 403 446 447 403 400 448 444 400 403 449 446 403
400 450 451 400 403 452 453 403 400 454 450 400 403 455 452 403 400 456 457 400 403 458 459 403 400 460 456 400 403 461 458 403
400 462 463 400 403 464 465 403 466 467 462 466 468 469 464 468 466 470 471 466 468 472 473 468 466 474 470 466 468 475 472 468
466 476 477 466 468 478 479 468 466 480 476 466 468 481 478 468 466 482 483 466 468 484 485 468 466 486 482 466 468 487 484 468
466 488 489 466 468 490 491 468 466 492 488 466 468 493 490 468 466 494 495 466 468 496 497 468 466 498 494 466 468 499 496 468
500 501 502 500 503 504 505 503 500 506 501 500 503 507 504 503 500 508 509 500 503 510 511 503 500 512 508 500 503 513 510 503
500 514 515 500 503 516 517 503 500 518 514 500 503 519 516 503 500 520 521 500 503 522 523 503 500 524 520 500 503 525 522 503
500 526 527 500 503 528 529 503 500 530 526 500 503 531 528 503 500 532 533 500 503 534 535 503 500 536 532 500 503 537 534 503
500 538 539 500 503 540 541 503 500 542 538 500 503 543 540 503 500 544 545 500 503 546 547 503 500 548 544 500 503 549 546 503
500 550 551 500 503 552 553 503 500 554 550 500 503 555 552 503 500 556 557 500 503 558 559 503 500 560 556 500 503 561 558 503
500 562 563 500 503 564 565 503 566 567 562 566 568 569 564 568 566 570 571 566 568 572 573 568 566 574 570 566 568 575 572 568
566 576 577 566 568 578 579 568 566 580 576 566 568 581 578 568 566 582 583 566 568 584 585 568 566 586 582 566 568 587 584 568
566 588 589 566 568 590 591 568 566 592 588 566 568 593 590 568 566 594 595 566 568 596 597 568 566 598 594 566 568 599 596 568
600 601 602 600 603 604 605 603 600 606 601 600 603 607 604 603 600 608 609 600 603 610 611 603 600 612 608 600 603 613 610 603
600 614 615 600 603 616 617 603 600 618 614 600 603 619 616 603 600 620 621 600 603 622 623 603 600 624 620 600 603 625 622 603
600 626 627 600 603 628 629 603 600 630 626 600 603 631 628 603 600 632 633 600 603 634 635 603 600 636 632 600 603 637 634 603
600 638 639 600 603 640 641 603 600 642 638 600 603 643 640 603 600 644 645 600 603 646 647 603 600 648 644 600 603 649 646 603
600 650 651 600 603 652 653 603 600 654 650 600 603 655 652 603 600 656 657 600 603 658 659 603 600 660 656 600 603 661 658 603
600 662 663 600 603 664 665 603 666 667 662 666 668 669 664 668 666 670 671 666 668 672 673 668 666 674 670 666 668 675 672 668
666 676 677 666 668 678 679 668 666 680 676 666 668 681 678 668 666 682 683 666 668 684 685 668 666 686 682 666 668 687 684 668
666 688 689 666 668 690 691 668 666 692 688 666 668 693 690 668 666 694 695 666 668 696 697 668 666 698 694 666 668 699 696 668
700 701 702 700 703 704 705 703 700 706 701 700 703 707 704 703 700 708 709 700 703 710 711 703 700 712 708 700 703 713 710 703
700 714 715 700 703 716 717 703 700 718 714 700 703 719 716 703 700 720 721 700 703 722 723 703 700 724 720 700 703 725 722 703
700 726 727 700 703 728 729 703 700 730 726 700 703 731 728 703 700 732 733 700 703 734 735 703 700 736 732 700 703 737 734 703
700 738 739 700 703 740 741 703 700 742 738 700 703 743 740 703 700 744 745 700 703 746 747 703 700 748 744 700 703 749 746 703
700 750 751 700 703 752 753 703 700 754 750 700 703 755 752 703 700 756 757 700 703 758 759 703 700 760 756 700 703 761 758 703
700 762 763 700 703 764 765 703 766 767 762 766 768 769 764 768 766 770 771 766 768 772 773 768 766 774 770 766 768 775 772 768
766 776 777 766 768 778 779 768 766 780 776 766 768 781 778 768 766 782 783 766 768 784 785 768 766 786 782 766 768 787 784 768
766 788 789 766 768 790 791 768 766 792 788 766 768 793 790 768 766 794 795 766 768 796 797 768 766 798 794 766 768 799 796 768
800 801 802 800 803 804 805 803 800 806 801 800 803 807 804 803 800 808 809 800 803 810 811 803 800 812 808 800 803 813 810 803
800 814 815 800 803 816 817 803 800 818 814 800 803 819 816 803 800 820 821 800 803 822 823 803 800 824 820 800 803 825 822 803
800 826 827 800 803 828 829 803 800 830 826 800 803 831 828 803 800 832 833 800 803 834 835 803 800 836 832 800 803 837 834 803
800 838 839 800 803 840 841 803 800 842 838 800 803 843 840 803 800 844 845 800 803 846 847 803 800 848 844 800 803 849 846 803
800 850 851 800 803 852 853 803 800 854 850 800 803 855 852 803 800 856 857 800 803 858 859 803 800 860 856 800 803 861 858 803
800 862 863 800 803 864 865 803 866 867 862 866 868 869 864 868 866 870 871 866 868 872 873 868 866 874 870 866 868 875 872 868
866 876 877 866 868 878 879 868 866 880 876 866 868 881 878 868 866 882 883 866 868 884 885 868 866 886 882 866 868 887 884 868
866 888 889 866 868 890 891 868 866 892 888 866 868 893 890 868 866 894 895 866 868 896 897 868 866 898 894 866 868 899 896 868
900 901 902 900 903 904 905 903 900 906 901 900 903 907 904 903 900 908 909 900 903 910 911 903 900 912 908 900 903 913 910 903
900 914 915 900 903 916 917 903 900 918 914 900 903 919 916 903 900 920 921 900 903 922 923 903 900 924 920 900 903 925 922 903
900 926 927 900 903 928 929 903 900 930 926 900 903 931 928 903 900 932 933 900 903 934 935 903 900 936 932 900 903 937 934 903
900 938 939 900 903 940 941 903 900 942 938 900 903 943 940 903 900 944 945 900 903 946 947 903 900 948 944 900 903 949 946 903
900 950 951 900 903 952 953 903 900 954 950 900 903 955 952 903 900 956 957 900 903 958 959 903 900 960 956 900 903 961 958 903
900 962 963 900 903 964 965 903 966 967 962 966 968 969 964 968 966 970 971 966 968 972 973 968 966 974 970 966 968 975 972 968
966 976 977 966 968 978 979 968 966 980 976 966 968 981 978 968 966 982 983 966 968 984 985 968 966 986 982 966 968 987 984 968
966 988 989 966 968 990 991 968 966 992 988 966 968 993 990 968 966 994 995 966 968 996 997 968 966 998 994 966 968 999 996 968
1000 1001 1002 1000 1003 1004 1005 1003 1000 1006 1001 1000 1003 1007 1004 1003 1000 1008 1009 1000 1003 1010 1011 1003 1000 1012 1008 1000 1003 1013 1010 1003
1000 1014 1015 1000 1003 1016 1017 1003 1000 1018 1014 1000 1003 1019 1016 1003 1000 1020 1021 1000 1003 1022 1023 1003 1000 1024 1020 1000 1003 1025 1022 1003
1000 1026 1027 1000 1003 1028 1029 1003 1000 1030 1026 1000 1003 1031 1028 1003 1000 1032 1033 1000 1003 1034 1035 1003 1000 1036 1032 1000 1003 1037 1034 1003
1000 1038 1039 1000 1003 1040 1041 1003 1000 1042 1038 1000 1003 1043 1040 1003 1000 1044 1045 1000 1003 1046 1047 1003 1000 1048 1044 1000 1003 1049 1046 1003
1000 1050 1051 1000 1003 1052 1053 1003 1000 1054 1050 1000 1003 1055 1052 1003 1000 1056 1057 1000 1003 1058 1059 1003 1000 1060 1056 1000 1003 1061 1058 1003
1000 1062 1063 1000 1003 1064 1065 1003 1066 1067 1062 1066 1068 1069 1064 1068 1066 1070 1071 1066 1068 1072 1073 1068 1066 1074 1070 1066 1068 1075 1072 1068
1066 1076 1077 1066 1068 1078 1079 1068 1066 1080 1076 1066 1068 1081 1078 1068 1066 1082 1083 1066 1068 1084 1085 1068 1066 1086 1082 1066 1068 1087 1084 1068
1066 1088 1089 1066 1068 1090 1091 1068 1066 1092 1088 1066 1068 1093 1090 1068 1066 1094 1095 1066 1068 1096 1097 1068 1066 1098 1094 1066 1068 1099 1096 1068
1100 1101 1102 1100 1103 1104 1105 1103 1100 1106 1101 1100 1103 1107 1104 1103 1100 1108 1109 1100 1103 1110 1111 1103 1100 1112 1108 1100 1103 1113 1110 1103
1100 1114 1115 1100 1103 1116 1117 1103 1100 1118 1114 1100 1103 1119 1116 1103 1100 1120 1121 1100 1103 1122 1123 1103 1100 1124 1120 1100 1103 1125 1122 1103
1100 1126 1127 1100 1103 1128 1129 1103 1100 1130 1126 1100 1103 1131 1128 1103 1100 1132 1133 1100 1103 1134 1135 1103 1100 1136 1132 1100 1103 1137 1134 1103
1100 1138 1139 1100 1103 1140 1141 1103 1100 1142 1138 1100 1103 1143 1140 1103 1100 1144 1145 1100 1103 1146 1147 1103 1100 1148 1144 1100 1103 1149 1146 1103
1100 1150 1151 1100 1103 1152 1153 1103 1100 1154 1150 1100 1103 1155 1152 1103 1100 1156 1157 1100 1103 1158 1159 1103 1100 1160 1156 1100 1103 1161 1158 1103
1100 1162 1163 1100 1103 1164 1165 1103 1166 1167 1162 1166 1168 1169 1164 1168 1166 1170 1171 1166 1168 1172 1173 1168 1166 1174 1170 1166 1168 1175 1172 1168
1166 1176 1177 1166 1168 1178 1179 1168 1166 1180 1176 1166 1168 1181 1178 1168 1166 1182 1183 1166 1168 1184 1185 1168 1166 1186 1182 1166 1168 1187 1184 1168
1166 1188 1189 1166 1168 1190 1191 1168 1166 1192 1188 1166 1168 1193 1190 1168 1166 1194 1195 1166 1168 1196 1197 1168 1166 1198 1194 1166 1168 1199 1196 1168
1200 1201 1202 1200 1203 1204 1205 1203 1200 1206 1201 1200 1203 1207 1204 1203 1200 1208 1209 1200 1203 1210 1211 1203 1200 1212 1208 1200 1203 1213 1210 1203
1200 1214 1215 1200 1203 1216 1217 1203 1200 1218 1214 1200 1203 1219 1216 1203 1200 1220 1221 1200 1203 1222 1223 1203 1200 1224 1220 1200 1203 1225 1222 1203
1200 1226 1227 1200 1203 1228 1229 1203 1200 1230 1226 1200 1203 1231 1228 1203 1200 1232 1233 1200 1203 1234 1235 1203 1200 1236 1232 1200 1203 1237 1234 1203
1200 1238 1239 1200 1203 1240 1241 1203 1200 1242 1238 1200 1203 1243 1240 1203 1200 1244 1245 1200 1203 1246 1247 1203 1200 1248 1244 1200 1203 1249 1246 1203
1200 1250 1251 1200 1203 1252 1253 1203 1200 1254 1250 1200 1203 1255 1252 1203 1200 1256 1257 1200 1203 1258 1259 1203 1200 1260 1256 1200 1203 1261 1258 1203
1200 1262 1263 1200 1203 1264 1265 1203 1266 1267 1262 1266 1268 1269 1264 1268 1266 1270 1271 1266 1268 1272 1273 1268 1266 1274 1270 1266 1268 1275 1272 1268
1266 1276 1277 1266 1268 1278 1279 1268 1266 1280 1276 1266 1268 1281 1278 1268 1266 1282 1283 1266 1268 1284 1285 1268 1266 1286 1282 1266 1268 1287 1284 1268
1266 1288 1289 1266 1268 1290 1291 1268 1266 1292 1288 1266 1268 1293 1290 1268 1266 1294 1295 1266 1268 1296 1297 1268 1266 1298 1294 1266 1268 1299 1296 1268
1300 1301 1302 1300 1303 1304 1305 1303 1300 1306 1301 1300 1303 1307 1304 1303 1300 1308 1309 1300 1303 1310 1311 1303 1300 1312 1308 1300 1303 1313 1310 1303
1300 1314 1315 1300 1303 1316 1317 1303 1300 1318 1314 1300 1303 1319 1316 1303 1300 1320 1321 1300 1303 1322 1323 1303 1300 1324 1320 1300 1303 1325 1322 1303
1300 1326 1327 1300 1303 1328 1329 1303 1300 1330 1326 1300 1303 1331 1328 1303 1300 1332 1333 1300 1303 1334 1335 1303 1300 1336 1332 1300 1303 1337 1334 1303
1300 1338 1339 1300 1303 1340 1341 1303 1300 1342 1338 1300 1303 1343 1340 1303 1300 1344 1345 1300 1303 1346 1347 1303 1300 1348 1344 1300 1303 1349 1346 1303
1300 1350 1351 1300 1303 1352 1353 1303 1300 1354 1350 1300 1303 1355 1352 1303 1300 1356 1357 1300 1303 1358 1359 1303 1300 1360 1356 1300 1303 1361 1358 1303
1300 1362 1363 1300 1303 1364 1365 1303 1366 1367 1362 1366 1368 1369 1364 1368 1366 1370 1371 1366 1368 1372 1373 1368 1366 1374 1370 1366 1368 1375 1372 1368
1366 1376 1377 1366 1368 1378 1379 1368 1366 1380 1376 1366 1368 1381 1378 1368 1366 1382 1383 1366 1368 1384 1385 1368 1366 1386 1382 1366 1368 1387 1384 1368
1366 1388 1389 1366 1368 1390 1391 1368 1366 1392 1388 1366 1368 1393 1390 1368 1366 1394 1395 1366 1368 1396 1397 1368 1366 1398 1394 1366 1368 1399 1396 1368
1400 1401 1402 1400 1403 1404 1405 1403 1400 1406 1401 1400 1403 1407 1404 1403 1400 1408 1409 1400 1403 1410 1411 1403 1400 1412 1408 1400 1403 1413 1410 1403
1400 1414 1415 1400 1403 1416 1417 1403 1400 1418 1414 1400 1403 1419 1416 1403 1400 1420 1421 1400 1403 1422 1423 1403 1400 1424 1420 1400 1403 1425 1422 1403
1400 1426 1427 1400 1403 1428 1429 1403 1400 1430 1426 1400 1403 1431 1428 1403 1400 1432 1433 1400 1403 1434 1435 1403 1400 1436 1432 1400 1403 1437 1434 1403
1400 1438 1439 1400 1403 1440 1441 1403 1400 1442 1438 1400 1403 1443 1440 1403 1400 1444 1445 1400 1403 1446 1447 1403 1400 1448 1444 1400 1403 1449 1446 1403
1400 1450 1451 1400 1403 1452 1453 1403 1400 1454 1450 1400 1403 1455 1452 1403 1400 1456 1457 1400 1403 1458 1459 1403 1400 1460 1456 1400 1403 1461 1458 1403
1400 1462 1463 1400 1403 1464 1465 1403 1466 1467 1462 1466 1468 1469 1464 1468 1466 1470 1471 1466 1468 1472 1473 1468 1466 1474 1470 1466 1468 1475 1472 1468
1466 1476 1477 1466 1468 1478 1479 1468 1466 1480 1476 1466 1468 1481 1478 1468 1466 1482 1483 1466 1468 1484 1485 1468 1466 1486 1482 1466 1468 1487 1484 1468
1466 1488 1489 1466 1468 1490 1491 1468 1466 1492 1488 1466 1468 1493 1490 1468 1466 1494 1495 1466 1468 1496 1497 1468 1466 1498 1494 1466 1468 1499 1496 1468
1500 1501 1502 1500 1503 1504 1505 1503 1500 1506 1501 1500 1503 1507 1504 1503 1500 1508 1509 1500 1503 1510 1511 1503 1500 1512 1508 1500 1503 1513 1510 1503
1500 1514 1515 1500 1503 1516 1517 1503 1500 1518 1514 1500 1503 1519 1516 1503 1500 1520 1521 1500 1503 1522 1523 1503 1500 1524 1520 1500 1503 1525 1522 1503
1500 1526 1527 1500 1503 1528 1529 1503 1500 1530 1526 1500 1503 1531 1528 1503 1500 1532 1533 1500 1503 1534 1535 1503 1500 1536 1532 1500 1503 1537 1534 1503
1500 1538 1539 1500 1503 1540 1541 1503 1500 1542 1538 1500 1503 1543 1540 1503 1500 1544 1545 1500 1503 1546 1547 1503 1500 1548 1544 1500 1503 1549 1546 1503
1500 1550 1551 1500 1503 1552 1553 1503 1500 1554 1550 1500 1503 1555 1552 1503 1500 1556 1557 1500 1503 1558 1559 1503 1500 1560 1556 1500 1503 1561 1558 1503
1500 1562 1563 1500 1503 1564 1565 1503 1566 1567 1562 1566 1568 1569 1564 1568 1566 1570 1571 1566 1568 1572 1573 1568 1566 1574 1570 1566 1568 1575 1572 1568
1566 1576 1577 1566 1568 1578 1579 1568 1566 1580 1576 1566 1568 1581 1578 1568 1566 1582 1583 1566 1568 1584 1585 1568 1566 1586 1582 1566 1568 1587 1584 1568
1566 1588 1589 1566 1568 1590 1591 1568 1566 1592 1588 1566 1568 1593 1590 1568 1566 1594 1595 1566 1568 1596 1597 1568 1566 1598 1594 1566 1568 1599 1596 1568
1600 1601 1602 1600 1603 1604 1605 1603 1600 1606 1601 1600 1603 1607 1604 1603 1600 1608 1609 1600 1603 1610 1611 1603 1600 1612 1608 1600 1603 1613 1610 1603
1600 1614 1615 1600 1603 1616 1617 1603 1600 1618 1614 1600 1603 1619 1616 1603 1600 1620 1621 1600 1603 1622 1623 1603 1600 1624 1620 1600 1603 1625 1622 1603
1600 1626 1627 1600 1603 1628 1629 1603 1600 1630 1626 1600 1603 1631 1628 1603 1600 1632 1633 1600 1603 1634 1635 1603 1600 1636 1632 1600 1603 1637 1634 1603
1600 1638 1639 1600 1603 1640 1641 1603 1600 1642 1638 1600 1603 1643 1640 1603 1600 1644 1645 1600 1603 1646 1647 1603 1600 1648 1644 1600 1603 1649 1646 1603
1600 1650 1651 1600 1603 1652 1653 1603 1600 1654 1650 1600 1603 1655 1652 1603 1600 1656 1657 1600 1603 1658 1659 1603 1600 1660 1656 1600 1603 1661 1658 1603
1600 1662 1663 1600 1603 1664 1665 1603 1666 1667 1662 1666 1668 1669 1664 1668 1666 1670 1671 1666 1668 1672 1673 1668 1666 1674 1670 1666 1668 1675 1672 1668
1666 1676 1677 1666 1668 1678 1679 1668 1666 1680 1676 1666 1668 1681 1678 1668 1666 1682 1683 1666 1668 1684 1685 1668 1666 1686 1682 1666 1668 1687 1684 1668
1666 1688 1689 1666 1668 1690 1691 1668 1666 1692 1688 1666 1668 1693 1690 1668 1666 1694 1695 1666 1668 1696 1697 1668 1666 1698 1694 1666 1668 1699 1696 1668
1700 1701 1702 1700 1703 1704 1705 1703 1700 1706 1701 1700 1703 1707 1704 1703 1700 1708 1709 1700 1703 1710 1711 1703 1700 1712 1708 1700 1703 1713 1710 1703
1700 1714 1715 1700 1703 1716 1717 1703 1700 1718 1714 1700 1703 1719 1716 1703 1700 1720 1721 1700 1703 1722 1723 1703 1700 1724 1720 1700 1703 1725 1722 1703
1700 1726 1727 1700 1703 1728 1729 1703 1700 1730 1726 1700 1703 1731 1728 1703 1700 1732 1733 1700 1703 1734 1735 1703 1700 1736 1732 1700 1703 1737 1734 1703
1700 1738 1739 1700 1703 1740 1741 1703 1700 1742 1738 1700 1703 1743 1740 1703 1700 1744 1745 1700 1703 1746 1747 1703 1700 1748 1744 1700 1703 1749 1746 1703
1700 1750 1751 1700 1703 1752 1753 1703 1700 1754 1750 1700 1703 1755 1752 1703 1700 1756 1757 1700 1703 1758 1759 1703 1700 1760 1756 1700 1703 1761 1758 1703
1700 1762 1763 1700 1703 1764 1765 1703 1766 1767 1762 1766 1768 1769 1764 1768 1766 1770 1771 1766 1768 1772 1773 1768 1766 1774 1770 1766 1768 1775 1772 1768
1766 1776 1777 1766 1768 1778 1779 1768 1766 1780 1776 1766 1768 1781 1778 1768 1766 1782 1783 1766 1768 1784 1785 1768 1766 1786 1782 1766 1768 1787 1784 1768
1766 1788 1789 1766 1768 1790 1791 1768 1766 1792 1788 1766 1768 1793 1790 1768 1766 1794 1795 1766 1768 1796 1797 1768 1766 1798 1794 1766 1768 1799 1796 1768
1800 1801 1802 1800 1803 1804 1805 1803 1800 1806 1801 1800 1803 1807 1804 1803 1800 1808 1809 1800 1803 1810 1811 1803 1800 1812 1808 1800 1803 1813 1810 1803
1800 1814 1815 1800 1803 1816 1817 1803 1800 1818 1814 1800 1803 1819 1816 1803 1800 1820 1821 1800 1803 1822 1823 1803 1800 1824 1820 1800 1803 1825 1822 1803
1800 1826 1827 1800 1803 1828 1829 1803 1800 1830 1826 1800 1803 1831 1828 1803 1800 1832 1833 1800 1803 1834 1835 1803 1800 1836 1832 1800 1803 1837 1834 1803
1800 1838 1839 1800 1803 1840 1841 1803 1800 1842 1838 1800 1803 1843 1840 1803 1800 1844 1845 1800 1803 1846 1847 1803 1800 1848 1844 1800 1803 1849 1846 1803
1800 1850 1851 1800 1803 1852 1853 1803 1800 1854 1850 1800 1803 1855 1852 1803 1800 1856 1857 1800 1803 1858 1859 1803 1800 1860 1856 1800 1803 1861 1858 1803
1800 1862 1863 1800 1803 1864 1865 1803 1866 1867 1862 1866 1868 1869 1864 1868 1866 1870 1871 1866 1868 1872 1873 1868 1866 1874 1870 1866 1868 1875 1872 1868
1866 1876 1877 1866 1868 1878 1879 1868 1866 1880 1876 1866 1868 1881 1878 1868 1866 1882 1883 1866 1868 1884 1885 1868 1866 1886 1882 1866 1868 1887 1884 1868
1866 1888 1889 1866 1868 1890 1891 1868 1866 1892 1888 1866 1868 1893 1890 1868 1866 1894 1895 1866 1868 1896 1897 1868 1866 1898 1894 1866 1868 1899 1896 1868
1900 1901 1902 1900 1903 1904 1905 1903 1900 1906 1901 1900 1903 1907 1904 1903 1900 1908 1909 1900 1903 1910 1911 1903 1900 1912 1908 1900 1903 1913 1910 1903
1900 1914 1915 1900 1903 1916 1917 1903 1900 1918 1914 1900 1903 1919 1916 1903 1900 1920 1921 1900 1903 1922 1923 1903 1900 1924 1920 1900 1903 1925 1922 1903
1900 1926 1927 1900 1903 1928 1929 1903 1900 1930 1926 1900 1903 1931 1928 1903 1900 1932 1933 1900 1903 1934 1935 1903 1900 1936 1932 1900 1903 1937 1934 1903
1900 1938 1939 1900 1903 1940 1941 1903 1900 1942 1938 1900 1903 1943 1940 1903 1900 1944 1945 1900 1903 1946 1947 1903 1900 1948 1944 1900 1903 1949 1946 1903
1900 1950 1951 1900 1903 1952 1953 1903 1900 1954 1950 1900 1903 1955 1952 1903 1900 1956 1957 1900 1903 1958 1959 1903 1900 1960 1956 1900 1903 1961 1958 1903
1900 1962 1963 1900 1903 1964 1965 1903 1966 1967 1962 1966 1968 1969 1964 1968 1966 1970 1971 1966 1968 1972 1973 1968 1966 1974 1970 1966 1968 1975 1972 1968
1966 1976 1977 1966 1968 1978 1979 1968 1966 1980 1976 1966 1968 1981 1978 1968 1966 1982 1983 1966 1968 1984 1985 1968 1966 1986 1982 1966 1968 1987 1984 1968
1966 1988 1989 1966 1968 1990 1991 1968 1966 1992 1988 1966 1968 1993 1990 1968 1966 1994 1995 1966 1968 1996 1997 1968 1966 1998 1994 1966 1968 1999 1996 1968
2000 2001 2002 2000 2003 2004 2005 2003 2000 2006 2001 2000 2003 2007 2004 2003 2000 2008 2009 2000 2003 2010 2011 2003 2000 2012 2008 2000 2003 2013 2010 2003
2000 2014 2015 2000 2003 2016 2017 2003 2000 2018 2014 2000 2003 2019 2016 2003 2000 2020 2021 2000 2003 2022 2023 2003 2000 2024 2020 2000 2003 2025 2022 2003
2000 2026 2027 2000 2003 2028 2029 2003 2000 2030 2026 2000 2003 2031 2028 2003 2000 2032 2033 2000 2003 2034 2035 2003 2000 2036 2032 2000 2003 2037 2034 2003
2000 2038 2039 2000 2003 2040 2041 2003 2000 2042 2038 2000 2003 2043 2040 2003 2000 2044 2045 2000 2003 2046 2047 2003 2000 2048 2044 2000 2003 2049 2046 2003
2000 2050 2051 2000 2003 2052 2053 2003 2000 2054 2050 2000 2003 2055 2052 2003 2000 2056 2057 2000 2003 2058 2059 2003 2000 2060 2056 2000 2003 2061 2058 2003
2000 2062 2063 2000 2003 2064 2065 2003 2066 2067 2062 2066 2068 2069 2064 2068 2066 2070 2071 2066 2068 2072 2073 2068 2066 2074 2070 2066 2068 2075 2072 2068
2066 2076 2077 2066 2068 2078 2079 2068 2066 2080 2076 2066 2068 2081 2078 2068 2066 2082 2083 2066 2068 2084 2085 2068 2066 2086 2082 2066 2068 2087 2084 2068
2066 2088 2089 2066 2068 2090 2091 2068 2066 2092 2088 2066 2068 2093 2090 2068 2066 2094 2095 2066 2068 2096 2097 2068 2066 2098 2094 2066 2068 2099 2096 2068
2100 2101 2102 2100 2103 2104 2105 2103 2100 2106 2101 2100 2103 2107 2104 2103 2100 2108 2109 2100 2103 2110 2111 2103 2100 2112 2108 2100 2103 2113 2110 2103
2100 2114 2115 2100 2103 2116 2117 2103 2100 2118 2114 2100 2103 2119 2116 2103 2100 2120 2121 2100 2103 2122 2123 2103 2100 2124 2120 2100 2103 2125 2122 2103
2100 2126 2127 2100 2103 2128 2129 2103 2100 2130 2126 2100 2103 2131 2128 2103 2100 2132 2133 2100 2103 2134 2135 2103 2100 2136 2132 2100 2103 2137 2134 2103
2100 2138 2139 2100 2103 2140 2141 2103 2100 2142 2138 2100 2103 2143 2140 2103 2100 2144 2145 2100 2103 2146 2147 2103 2100 2148 2144 2100 2103 2149 2146 2103
2100 2150 2151 2100 2103 2152 2153 2103 2100 2154 2150 2100 2103 2155 2152 2103 2100 2156 2157 2100 2103 2158 2159 2103 2100 2160 2156 2100 2103 2161 2158 2103
2100 2162 2163 2100 2103 2164 2165 2103 2166 2167 2162 2166 2168 2169 2164 2168 2166 2170 2171 2166 2168 2172 2173 2168 2166 2174 2170 2166 2168 2175 2172 2168
2166 2176 2177 2166 2168 2178 2179 2168 2166 2180 2176 2166 2168 2181 2178 2168 2166 2182 2183 2166 2168 2184 2185 2168 2166 2186 2182 2166 2168 2187 2184 2168
2166 2188 2189 2166 2168 2190 2191 2168 2166 2192 2188 2166 2168 2193 2190 2168 2166 2194 2195 2166 2168 2196 2197 2168 2166 2198 2194 2166 2168 2199 2196 2168
2200 2201 2202 2200 2203 2204 2205 2203 2200 2206 2201 2200 2203 2207 2204 2203 2200 2208 2209 2200 2203 2210 2211 2203 2200 2212 2208 2200 2203 2213 2210 2203
2200 2214 2215 2200 2203 2216 2217 2203 2200 2218 2214 2200 2203 2219 2216 2203 2200 2220 2221 2200 2203 2222 2223 2203 2200 2224 2220 2200 2203 2225 2222 2203
2200 2226 2227 2200 2203 2228 2229 2203 2200 2230 2226 2200 2203 2231 2228 2203 2200 2232 2233 2200 2203 2234 2235 2203 2200 2236 2232 2200 2203 2237 2234 2203
2200 2238 2239 2200 2203 2240 2241 2203 2200 2242 2238 2200 2203 2243 2240 2203 2200 2244 2245 2200 2203 2246 2247 2203 2200 2248 2244 2200 2203 2249 2246 2203
2200 2250 2251 2200 2203 2252 2253 2203 2200 2254 2250 2200 2203 2255 2252 2203 2200 2256 2257 2200 2203 2258 2259 2203 2200 2260 2256 2200 2203 2261 2258 2203
2200 2262 2263 2200 2203 2264 2265 2203 2266 2267 2262 2266 2268 2269 2264 2268 2266 2270 2271 2266 2268 2272 2273 2268 2266 2274 2270 2266 2268 2275 2272 2268
2266 2276 2277 2266 2268 2278 2279 2268 2266 2280 2276 2266 2268 2281 2278 2268 2266 2282 2283 2266 2268 2284 2285 2268 2266 2286 2282 2266 2268 2287 2284 2268
2266 2288 2289 2266 2268 2290 2291 2268 2266 2292 2288 2266 2268 2293 2290 2268 2266 2294 2295 2266 2268 2296 2297 2268 2266 2298 2294 2266 2268 2299 2296 2268
2300 2301 2302 2300 2303 2304 2305 2303 2300 2306 2301 2300 2303 2307 2304 2303 2300 2308 2309 2300 2303 2310 2311 2303 2300 2312 2308 2300 2303 2313 2310 2303
2300 2314 2315 2300 2303 2316 2317 2303 2300 2318 2314 2300 2303 2319 2316 2303 2300 2320 2321 2300 2303 2322 2323 2303 2300 2324 2320 2300 2303 2325 2322 2303
2300 2326 2327 2300 2303 2328 2329 2303 2300 2330 2326 2300 2303 2331 2328 2303 2300 2332 2333 2300 2303 2334 2335 2303 2300 2336 2332 2300 2303 2337 2334 2303
2300 2338 2339 2300 2303 2340 2341 2303 2300 2342 2338 2300 2303 2343 2340 2303 2300 2344 2345 2300 2303 2346 2347 2303 2300 2348 2344 2300 2303 2349 2346 2303
2300 2350 2351 2300 2303 2352 2353 2303 2300 2354 2350 2300 2303 2355 2352 2303 2300 2356 2357 2300 2303 2358 2359 2303 2300 2360 2356 2300 2303 2361 2358 2303
2300 2362 2363 2300 2303 2364 2365 2303 2366 2367 2362 2366 2368 2369 2364 2368 2366 2370 2371 2366 2368 2372 2373 2368 2366 2374 2370 2366 2368 2375 2372 2368
2366 2376 2377 2366 2368 2378 2379 2368 2366 2380 2376 2366 2368 2381 2378 2368 2366 2382 2383 2366 2368 2384 2385 2368 2366 2386 2382 2366 2368 2387 2384 2368
2366 2388 2389 2366 2368 2390 2391 2368 2366 2392 2388 2366 2368 2393 2390 2368 2366 2394 2395 2366 2368 2396 2397 2368 2366 2398 2394 2366 2368 2399 2396 2368
2400 2401 2402 2400 2403 2404 2405 2403 2400 2406 2401 2400 2403 2407 2404 2403 2400 2408 2409 2400 2403 2410 2411 2403 2400 2412 2408 2400 2403 2413 2410 2403
2400 2414 2415 2400 2403 2416 2417 2403 2400 2418 2414 2400 2403 2419 2416 2403 2400 2420 2421 2400 2403 2422 2423 2403 2400 2424 2420 2400 2403 2425 2422 2403
2400 2426 2427 2400 2403 2428 2429 2403 2400 2430 2426 2400 2403 2431 2428 2403 2400 2432 2433 2400 2403 2434 2435 2403 2400 2436 2432 2400 2403 2437 2434 2403
2400 2438 2439 2400 2403 2440 2441 2403 2400 2442 2438 2400 2403 2443 2440 2403 2400 2444 2445 2400 2403 2446 2447 2403 2400 2448 2444 2400 2403 2449 2446 2403
2400 2450 2451 2400 2403 2452 2453 2403 2400 2454 2450 2400 2403 2455 2452 2403 2400 2456 2457 2400 2403 2458 2459 2403 2400 2460 2456 2400 2403 2461 2458 2403
2400 2462 2463 2400 2403 2464 2465 2403 2466 2467 2462 2466 2468 2469 2464 2468 2466 2470 2471 2466 2468 2472 2473 2468 2466 2474 2470 2466 2468 2475 2472 2468
2466 2476 2477 2466 2468 2478 2479 2468 2466 2480 2476 2466 2468 2481 2478 2468 2466 2482 2483 2466 2468 2484 2485 2468 2466 2486 2482 2466 2468 2487 2484 2468
2466 2488 2489 2466 2468 2490 2491 2468 2466 2492 2488 2466 2468 2493 2490 2468 2466 2494 2495 2466 2468 2496 2497 2468 2466 2498 2494 2466 2468 2499 2496 2468
2500 2501 2502 2500 2503 2504 2505 2503 2500 2506 2501 2500 2503 2507 2504 2503 2500 2508 2509 2500 2503 2510 2511 2503 2500 2512 2508 2500 2503 2513 2510 2503
2500 2514 2515 2500 2503 2516 2517 2503 2500 2518 2514 2500 2503 2519 2516 2503 2500 2520 2521 2500 2503 2522 2523 2503 2500 2524 2520 2500 2503 2525 2522 2503
2500 2526 2527 2500 2503 2528 2529 2503 2500 2530 2526 2500 2503 2531 2528 2503 2500 2532 2533 2500 2503 2534 2535 2503 2500 2536 2532 2500 2503 2537 2534 2503
2500 2538 2539 2500 2503 2540 2541 2503 2500 2542 2538 2500 2503 2543 2540 2503 2500 2544 2545 2500 2503 2546 2547 2503 2500 2548 2544 2500 2503 2549 2546 2503
2500 2550 2551 2500 2503 2552 2553 2503 2500 2554 2550 2500 2503 2555 2552 2503 2500 2556 2557 2500 2503 2558 2559 2503 2500 2560 2556 2500 2503 2561 2558 2503
2500 2562 2563 2500 2503 2564 2565 2503 2566 2567 2562 2566 2568 2569 2564 2568 2566 2570 2571 2566 2568 2572 2573 2568 2566 2574 2570 2566 2568 2575 2572 2568
2566 2576 2577 2566 2568 2578 2579 2568 2566 2580 2576 2566 2568 2581 2578 2568 2566 2582 2583 2566 2568 2584 2585 2568 2566 2586 2582 2566 2568 2587 2584 2568
2566 2588 2589 2566 2568 2590 2591 2568 2566 2592 2588 2566 2568 2593 2590 2568 2566 2594 2595 2566 2568 2596 2597 2568 2566 2598 2594 2566 2568 2599 2596 2568
2600 2601 2602 2600 2603 2604 2605 2603 2600 2606 2601 2600 2603 2607 2604 2603 2600 2608 2609 2600 2603 2610 2611 2603 2600 2612 2608 2600 2603 2613 2610 2603
2600 2614 2615 2600 2603 2616 2617 2603 2600 2618 2614 2600 2603 2619 2616 2603 2600 2620 2621 2600 2603 2622 2623 2603 2600 2624 2620 2600 2603 2625 2622 2603
2600 2626 2627 2600 2603 2628 2629 2603 2600 2630 2626 2600 2603 2631 2628 2603 2600 2632 2633 2600 2603 2634 2635 2603 2600 2636 2632 2600 2603 2637 2634 2603
2600 2638 2639 2600 2603 2640 2641 2603 2600 2642 2638 2600 2603 2643 2640 2603 2600 2644 2645 2600 2603 2646 2647 2603 2600 2648 2644 2600 2603 2649 2646 2603
2600 2650 2651 2600 2603 2652 2653 2603 2600 2654 2650 2600 2603 2655 2652 2603 2600 2656 2657 2600 2603 2658 2659 2603 2600 2660 2656 2600 2603 2661 2658 2603
2600 2662 2663 2600 2603 2664 2665 2603 2666 2667 2662 2666 2668 2669 2664 2668 2666 2670 2671 2666 2668 2672 2673 2668 2666 2674 2670 2666 2668 2675 2672 2668
2666 2676 2677 2666 2668 2678 2679 2668 2666 2680 2676 2666 2668 2681 2678 2668 2666 2682 2683 2666 2668 2684 2685 2668 2666 2686 2682 2666 2668 2687 2684 2668
2666 2688 2689 2666 2668 2690 2691 2668 2666 2692 2688 2666 2668 2693 2690 2668 2666 2694 2695 2666 2668 2696 2697 2668 2666 2698 2694 2666 2668 2699 2696 2668
2700 2701 2702 2700 2703 2704 2705 2703 2700 2706 2701 2700 2703 2707 2704 2703 2700 2708 2709 2700 2703 2710 2711 2703 2700 2712 2708 2700 2703 2713 2710 2703
2700 2714 2715 2700 2703 2716 2717 2703 2700 2718 2714 2700 2703 2719 2716 2703 2700 2720 2721 2700 2703 2722 2723 2703 2700 2724 2720 2700 2703 2725 2722 2703
2700 2726 2727 2700 2703 2728 2729 2703 2700 2730 2726 2700 2703 2731 2728 2703 2700 2732 2733 2700 2703 2734 2735 2703 2700 2736 2732 2700 2703 2737 2734 2703
2700 2738 2739 2700 2703 2740 2741 2703 2700 2742 2738 2700 2703 2743 2740 2703 2700 2744 2745 2700 2703 2746 2747 2703 2700 2748 2744 2700 2703 2749 2746 2703
2700 2750 2751 2700 2703 2752 2753 2703 2700 2754 2750 2700 2703 2755 2752 2703 2700 2756 2757 2700 2703 2758 2759 2703 2700 2760 2756 2700 2703 2761 2758 2703
2700 2762 2763 2700 2703 2764 2765 2703 2766 2767 2762 2766 2768 2769 2764 2768 2766 2770 2771 2766 2768 2772 2773 2768 2766 2774 2770 2766 2768 2775 2772 2768
2766 2776 2777 2766 2768 2778 2779 2768 2766 2780 2776 2766 2768 2781 2778 2768 2766 2782 2783 2766 2768 2784 2785 2768 2766 2786 2782 2766 2768 2787 2784 2768
2766 2788 2789 2766 2768 2790 2791 2768 2766 2792 2788 2766 2768 2793 2790 2768 2766 2794 2795 2766 2768 2796 2797 2768 2766 2798 2794 2766 2768 2799 2796 2768
2800 2801 2802 2800 2803 2804 2805 2803 2800 2806 2801 2800 2803 2807 2804 2803 2800 2808 2809 2800 2803 2810 2811 2803 2800 2812 2808 2800 2803 2813 2810 2803
2800 2814 2815 2800 2803 2816 2817 2803 2800 2818 2814 2800 2803 2819 2816 2803 2800 2820 2821 2800 2803 2822 2823 2803 2800 2824 2820 2800 2803 2825 2822 2803
2800 2826 2827 2800 2803 2828 2829 2803 2800 2830 2826 2800 2803 2831 2828 2803 2800 2832 2833 2800 2803 2834 2835 2803 2800 2836 2832 2800 2803 2837 2834 2803
2800 2838 2839 2800 2803 2840 2841 2803 2800 2842 2838 2800 2803 2843 2840 2803 2800 2844 2845 2800 2803 2846 2847 2803 2800 2848 2844 2800 2803 2849 2846 2803
2800 2850 2851 2800 2803 2852 2853 2803 2800 2854 2850 2800 2803 2855 2852 2803 2800 2856 2857 2800 2803 2858 2859 2803 2800 2860 2856 2800 2803 2861 2858 2803
2800 2862 2863 2800 2803 2864 2865 2803 2866 2867 2862 2866 2868 2869 2864 2868 2866 2870 2871 2866 2868 2872 2873 2868 2866 2874 2870 2866 2868 2875 2872 2868
2866 2876 2877 2866 2868 2878 2879 2868 2866 2880 2876 2866 2868 2881 2878 2868 2866 2882 2883 2866 2868 2884 2885 2868 2866 2886 2882 2866 2868 2887 2884 2868
2866 2888 2889 2866 2868 2890 2891 2868 2866 2892 2888 2866 2868 2893 2890 2868 2866 2894 2895 2866 2868 2896 2897 2868 2866 2898 2894 2866 2868 2899 2896 2868
2900 2901 2902 2900 2903 2904 2905 2903 2900 2906 2901 2900 2903 2907 2904 2903 2900 2908 2909 2900 2903 2910 2911 2903 2900 2912 2908 2900 2903 2913 2910 2903
2900 2914 2915 2900 2903 2916 2917 2903 2900 2918 2914 2900 2903 2919 2916 2903 2900 2920 2921 2900 2903 2922 2923 2903 2900 2924 2920 2900 2903 2925 2922 2903
2900 2926 2927 2900 2903 2928 2929 2903 2900 2930 2926 2900 2903 2931 2928 2903 2900 2932 2933 2900 2903 2934 2935 2903 2900 2936 2932 2900 2903 2937 2934 2903
2900 2938 2939 2900 2903 2940 2941 2903 2900 2942 2938 2900 2903 2943 2940 2903 2900 2944 2945 2900 2903 2946 2947 2903 2900 2948 2944 2900 2903 2949 2946 2903
2900 2950 2951 2900 2903 2952 2953 2903 2900 2954 2950 2900 2903 2955 2952 2903 2900 2956 2957 2900 2903 2958 2959 2903 2900 2960 2956 2900 2903 2961 2958 2903
2900 2962 2963 2900 2903 2964 2965 2903 2966 2967 2962 2966 2968 2969 2964 2968 2966 2970 2971 2966 2968 2972 2973 2968 2966 2974 2970 2966 2968 2975 2972 2968
2966 2976 2977 2966 2968 2978 2979 2968 2966 2980 2976 2966 2968 2981 2978 2968 2966 2982 2983 2966 2968 2984 2985 2968 2966 2986 2982 2966 2968 2987 2984 2968
2966 2988 2989 2966 2968 2990 2991 2968 2966 2992 2988 2966 2968 2993 2990 2968 2966 2994 2995 2966 2968 2996 2997 2968 2966 2998 2994 2966 2968 2999 2996 2968
3000 3001 3002 3000 3003 3004 3005 3003 3000 3006 3001 3000 3003 3007 3004 3003 3000 3008 3009 3000 3003 3010 3011 3003 3000 3012 3008 3000 3003 3013 3010 3003
3000 3014 3015 3000 3003 3016 3017 3003 3000 3018 3014 3000 3003 3019 3016 3003 3000 3020 3021 3000 3003 3022 3023 3003 3000 3024 3020 3000 3003 3025 3022 3003
3000 3026 3027 3000 3003 3028 3029 3003 3000 3030 3026 3000 3003 3031 3028 3003 3000 3032 3033 3000 3003 3034 3035 3003 3000 3036 3032 3000 3003 3037 3034 3003
3000 3038 3039 3000 3003 3040 3041 3003 3000 3042 3038 3000 3003 3043 3040 3003 3000 3044 3045 3000 3003 3046 3047 3003 3000 3048 3044 3000 3003 3049 3046 3003
3000 3050 3051 3000 3003 3052 3053 3003 3000 3054 3050 3000 3003 3055 3052 3003 3000 3056 3057 3000 3003 3058 3059 3003 3000 3060 3056 3000 3003 3061 3058 3003
3000 3062 3063 3000 3003 3064 3065 3003 3066 3067 3062 3066 3068 3069 3064 3068 3066 3070 3071 3066 3068 3072 3073 3068 3066 3074 3070 3066 3068 3075 3072 3068
3066 3076 3077 3066 3068 3078 3079 3068 3066 3080 3076 3066 3068 3081 3078 3068 3066 3082 3083 3066 3068 3084 3085 3068 3066 3086 3082 3066 3068 3087 3084 3068
3066 3088 3089 3066 3068 3090 3091 3068 3066 3092 3088 3066 3068 3093 3090 3068 3066 3094 3095 3066 3068 3096 3097 3068 3066 3098 3094 3066 3068 3099 3096 3068
3100 3101 3102 3100 3103 3104 3105 3103 3100 3106 3101 3100 3103 3107 3104 3103 3100 3108 3109 3100 3103 3110 3111 3103 3100 3112 3108 3100 3103 3113 3110 3103
3100 3114 3115 3100 3103 3116 3117 3103 3100 3118 3114 3100 3103 3119 3116 3103 3100 3120 3121 3100 3103 3122 3123 3103 3100 3124 3120 3100 3103 3125 3122 3103
3100 3126 3127 3100 3103 3128 3129 3103 3100 3130 3126 3100 3103 3131 3128 3103 3100 3132 3133 3100 3103 3134 3135 3103 3100 3136 3132 3100 3103 3137 3134 3103
3100 3138 3139 3100 3103 3140 3141 3103 3100 3142 3138 3100 3103 3143 3140 3103 3100 3144 3145 3100 3103 3146 3147 3103 3100 3148 3144 3100 3103 3149 3146 3103
3100 3150 3151 3100 3103 3152 3153 3103 3100 3154 3150 3100 3103 3155 3152 3103 3100 3156 3157 3100 3103 3158 3159 3103 3100 3160 3156 3100 3103 3161 3158 3103
3100 3162 3163 3100 3103 3164 3165 3103 3166 3167 3162 3166 3168 3169 3164 3168 3166 3170 3171 3166 3168 3172 3173 3168 3166 3174 3170 3166 3168 3175 3172 3168
3166 3176 3177 3166 3168 3178 3179 3168 3166 3180 3176 3166 3168 3181 3178 3168 3166 3182 3183 3166 3168 3184 3185 3168 3166 3186 3182 3166 3168 3187 3184 3168
3166 3188 3189 3166 3168 3190 3191 3168 3166 3192 3188 3166 3168 3193 3190 3168 3166 3194 3195 3166 3168 3196 3197 3168 3166 3198 3194 3166 3168 3199 3196 3168
3200 3201 3202 3200 3203 3204 3205 3203 3200 3206 3201 3200 3203 3207 3204 3203 3200 3208 3209 3200 3203 3210 3211 3203 3200 3212 3208 3200 3203 3213 3210 3203
3200 3214 3215 3200 3203 3216 3217 3203 3200 3218 3214 3200 3203 3219 3216 3203 3200 3220 3221 3200 3203 3222 3223 3203 3200 3224 3220 3200 3203 3225 3222 3203
3200 3226 3227 3200 3203 3228 3229 3203 3200 3230 3226 3200 3203 3231 3228 3203 3200 3232 3233 3200 3203 3234 3235 3203 3200 3236 3232 3200 3203 3237 3234 3203
3200 3238 3239 3200 3203 3240 3241 3203 3200 3242 3238 3200 3203 3243 3240 3203 3200 3244 3245 3200 3203 3246 3247 3203 3200 3248 3244 3200 3203 3249 3246 3203
3200 3250 3251 3200 3203 3252 3253 3203 3200 3254 3250 3200 3203 3255 3252 3203 3200 3256 3257 3200 3203 3258 3259 3203 3200 3260 3256 3200 3203 3261 3258 3203
3200 3262 3263 3200 3203 3264 3265 3203 3266 3267 3262 3266 3268 3269 3264 3268 3266 3270 3271 3266 3268 3272 3273 3268 3266 3274 3270 3266 3268 3275 3272 3268
3266 3276 3277 3266 3268 3278 3279 3268 3266 3280 3276 3266 3268 3281 3278 3268 3266 3282 3283 3266 3268 3284 3285 3268 3266 3286 3282 3266 3268 3287 3284 3268
3266 3288 3289 3266 3268 3290 3291 3268 3266 3292 3288 3266 3268 3293 3290 3268 3266 3294 3295 3266 3268 3296 3297 3268 3266 3298 3294 3266 3268 3299 3296 3268
3300 3301 3302 3300 3303 3304 3305 3303 3300 3306 3301 3300 3303 3307 3304 3303 3300 3308 3309 3300 3303 3310 3311 3303 3300 3312 3308 3300 3303 3313 3310 3303
3300 3314 3315 3300 3303 3316 3317 3303 3300 3318 3314 3300 3303 3319 3316 3303 3300 3320 3321 3300 3303 3322 3323 3303 3300 3324 3320 3300 3303 3325 3322 3303
3300 3326 3327 3300 3303 3328 3329 3303 3300 3330 3326 3300 3303 3331 3328 3303 3300 3332 3333 3300 3303 3334 3335 3303 3300 3336 3332 3300 3303 3337 3334 3303
3300 3338 3339 3300 3303 3340 3341 3303 3300 3342 3338 3300 3303 3343 3340 3303 3300 3344 3345 3300 3303 3346 3347 3303 3300 3348 3344 3300 3303 3349 3346 3303
3300 3350 3351 3300 3303 3352 3353 3303 3300 3354 3350 3300 3303 3355 3352 3303 3300 3356 3357 3300 3303 3358 3359 3303 3300 3360 3356 3300 3303 3361 3358 3303
3300 3362 3363 3300 3303 3364 3365 3303 3366 3367 3362 3366 3368 3369 3364 3368 3366 3370 3371 3366 3368 3372 3373 3368 3366 3374 3370 3366 3368 3375 3372 3368
3366 3376 3377 3366 3368 3378 3379 3368 3366 3380 3376 3366 3368 3381 3378 3368 3366 3382 3383 3366 3368 3384 3385 3368 3366 3386 3382 3366 3368 3387 3384 3368
3366 3388 3389 3366 3368 3390 3391 3368 3366 3392 3388 3366 3368 3393 3390 3368 3366 3394 3395 3366 3368 3396 3397 3368 3366 3398 3394 3366 3368 3399 3396 3368
3400 3401 3402 3400 3403 3404 3405 3403 3400 3406 3401 3400 3403 3407 3404 3403 3400 3408 3409 3400 3403 3410 3411 3403 3400 3412 3408 3400 3403 3413 3410 3403
3400 3414 3415 3400 3403 3416 3417 3403 3400 3418 3414 3400 3403 3419 3416 3403 3400 3420 3421 3400 3403 3422 3423 3403 3400 3424 3420 3400 3403 3425 3422 3403
3400 3426 3427 3400 3403 3428 3429 3403 3400 3430 3426 3400 3403 3431 3428 3403 3400 3432 3433 3400 3403 3434 3435 3403 3400 3436 3432 3400 3403 3437 3434 3403
3400 3438 3439 3400 3403 3440 3441 3403 3400 3442 3438 3400 3403 3443 3440 3403 3400 3444 3445 3400 3403 3446 3447 3403 3400 3448 3444 3400 3403 3449 3446 3403
3400 3450 3451 3400 3403 3452 3453 3403 3400 3454 3450 3400 3403 3455 3452 3403 3400 3456 3457 3400 3403 3458 3459 3403 3400 3460 3456 3400 3403 3461 3458 3403
3400 3462 3463 3400 3403 3464 3465 3403 3466 3467 3462 3466 3468 3469 3464 3468 3466 3470 3471 3466 3468 3472 3473 3468 3466 3474 3470 3466 3468 3475 3472 3468
3466 3476 3477 3466 3468 3478 3479 3468 3466 3480 3476 3466 3468 3481 3478 3468 3466 3482 3483 3466 3468 3484 3485 3468 3466 3486 3482 3466 3468 3487 3484 3468
3466 3488 3489 3466 3468 3490 3491 3468 3466 3492 3488 3466 3468 3493 3490 3468 3466 3494 3495 3466 3468 3496 3497 3468 3466 3498 3494 3466 3468 3499 3496 3468
3500 3501 3502 3500 3503 3504 3505 3503 3500 3506 3501 3500 3503 3507 3504 3503 3500 3508 3509 3500 3503 3510 3511 3503 3500 3512 3508 3500 3503 3513 3510 3503
3500 3514 3515 3500 3503 3516 3517 3503 3500 3518 3514 3500 3503 3519 3516 3503 3500 3520 3521 3500 3503 3522 3523 3503 3500 3524 3520 3500 3503 3525 3522 3503
3500 3526 3527 3500 3503 3528 3529 3503 3500 3530 3526 3500 3503 3531 3528 3503 3500 3532 3533 3500 3503 3534 3535 3503 3500 3536 3532 3500 3503 3537 3534 3503
3500 3538 3539 3500 3503 3540 3541 3503 3500 3542 3538 3500 3503 3543 3540 3503 3500 3544 3545 3500 3503 3546 3547 3503 3500 3548 3544 3500 3503 3549 3546 3503
3500 3550 3551 3500 3503 3552 3553 3503 3500 3554 3550 3500 3503 3555 3552 3503 3500 3556 3557 3500 3503 3558 3559 3503 3500 3560 3556 3500 3503 3561 3558 3503
3500 3562 3563 3500 3503 3564 3565 3503 3566 3567 3562 3566 3568 3569 3564 3568 3566 3570 3571 3566 3568 3572 3573 3568 3566 3574 3570 3566 3568 3575 3572 3568
3566 3576 3577 3566 3568 3578 3579 3568 3566 3580 3576 3566 3568 3581 3578 3568 3566 3582 3583 3566 3568 3584 3585 3568 3566 3586 3582 3566 3568 3587 3584 3568
3566 3588 3589 3566 3568 3590 3591 3568 3566 3592 3588 3566 3568 3593 3590 3568 3566 3594 3595 3566 3568 3596 3597 3568 3566 3598 3594 3566 3568 3599 3596 3568
3600 3601 3602 3600 3603 3604 3605 3603 3600 3606 3601 3600 3603 3607 3604 3603 3600 3608 3609 3600 3603 3610 3611 3603 3600 3612 3608 3600 3603 3613 3610 3603
3600 3614 3615 3600 3603 3616 3617 3603 3600 3618 3614 3600 3603 3619 3616 3603 3600 3620 3621 3600 3603 3622 3623 3603 3600 3624 3620 3600 3603 3625 3622 3603
3600 3626 3627 3600 3603 3628 3629 3603 3600 3630 3626 3600 3603 3631 3628 3603 3600 3632 3633 3600 3603 3634 3635 3603 3600 3636 3632 3600 3603 3637 3634 3603
3600 3638 3639 3600 3603 3640 3641 3603 3600 3642 3638 3600 3603 3643 3640 3603 3600 3644 3645 3600 3603 3646 3647 3603 3600 3648 3644 3600 3603 3649 3646 3603
3600 3650 3651 3600 3603 3652 3653 3603 3600 3654 3650 3600 3603 3655 3652 3603 3600 3656 3657 3600 3603 3658 3659 3603 3600 3660 3656 3600 3603 3661 3658 3603
3600 3662 3663 3600 3603 3664 3665 3603 3666 3667 3662 3666 3668 3669 3664 3668 3666 3670 3671 3666 3668 3672 3673 3668 3666 3674 3670 3666 3668 3675 3672 3668
3666 3676 3677 3666 3668 3678 3679 3668 3666 3680 3676 3666 3668 3681 3678 3668 3666 3682 3683 3666 3668 3684 3685 3668 3666 3686 3682 3666 3668 3687 3684 3668
3666 3688 3689 3666 3668 3690 3691 3668 3666 3692 3688 3666 3668 3693 3690 3668 3666 3694 3695 3666 3668 3696 3697 3668 3666 3698 3694 3666 3668 3699 3696 3668
3700 3701 3702 3700 3703 3704 3705 3703 3700 3706 3701 3700 3703 3707 3704 3703 3700 3708 3709 3700 3703 3710 3711 3703 3700 3712 3708 3700 3703 3713 3710 3703
3700 3714 3715 3700 3703 3716 3717 3703 3700 3718 3714 3700 3703 3719 3716 3703 3700 3720 3721 3700 3703 3722 3723 3703 3700 3724 3720 3700 3703 3725 3722 3703
3700 3726 3727 3700 3703 3728 3729 3703 3700 3730 3726 3700 3703 3731 3728 3703 3700 3732 3733 3700 3703 3734 3735 3703 3700 3736 3732 3700 3703 3737 3734 3703
3700 3738 3739 3700 3703 3740 3741 3703 3700 3742 3738 3700 3703 3743 3740 3703 3700 3744 3745 3700 3703 3746 3747 3703 3700 3748 3744 3700 3703 3749 3746 3703
3700 3750 3751 3700 3703 3752 3753 3703 3700 3754 3750 3700 3703 3755 3752 3703 3700 3756 3757 3700 3703 3758 3759 3703 3700 3760 3756 3700 3703 3761 3758 3703
3700 3762 3763 3700 3703 3764 3765 3703 3766 3767 3762 3766 3768 3769 3764 3768 3766 3770 3771 3766 3768 3772 3773 3768 3766 3774 3770 3766 3768 3775 3772 3768
3766 3776 3777 3766 3768 3778 3779 3768 3766 3780 3776 3766 3768 3781 3778 3768 3766 3782 3783 3766 3768 3784 3785 3768 3766 3786 3782 3766 3768 3787 3784 3768
3766 3788 3789 3766 3768 3790 3791 3768 3766 3792 3788 3766 3768 3793 3790 3768 3766 3794 3795 3766 3768 3796 3797 3768 3766 3798 3794 3766 3768 3799 3796 3768
3800 3801 3802 3800 3803 3804 3805 3803 3800 3806 3801 3800 3803 3807 3804 3803 3800 3808 3809 3800 3803 3810 3811 3803 3800 3812 3808 3800 3803 3813 3810 3803
3800 3814 3815 3800 3803 3816 3817 3803 3800 3818 3814 3800 3803 3819 3816 3803 3800 3820 3821 3800 3803 3822 3823 3803 3800 3824 3820 3800 3803 3825 3822 3803
3800 3826 3827 3800 3803 3828 3829 3803 3800 3830 3826 3800 3803 3831 3828 3803 3800 3832 3833 3800 3803 3834 3835 3803 3800 3836 3832 3800 3803 3837 3834 3803
3800 3838 3839 3800 3803 3840 3841 3803 3800 3842 3838 3800 3803 3843 3840 3803 3800 3844 3845 3800 3803 3846 3847 3803 3800 3848 3844 3800 3803 3849 3846 3803
3800 3850 3851 3800 3803 3852 3853 3803 3800 3854 3850 3800 3803 3855 3852 3803 3800 3856 3857 3800 3803 3858 3859 3803 3800 3860 3856 3800 3803 3861 3858 3803
3800 3862 3863 3800 3803 3864 3865 3803 3866 3867 3862 3866 3868 3869 3864 3868 3866 3870 3871 3866 3868 3872 3873 3868 3866 3874 3870 3866 3868 3875 3872 3868
3866 3876 3877 3866 3868 3878 3879 3868 3866 3880 3876 3866 3868 3881 3878 3868 3866 3882 3883 3866 3868 3884 3885 3868 3866 3886 3882 3866 3868 3887 3884 3868
3866 3888 3889 3866 3868 3890 3891 3868 3866 3892 3888 3866 3868 3893 3890 3868 3866 3894 3895 3866 3868 3896 3897 3868 3866 3898 3894 3866 3868 3899 3896 3868
3900 3901 3902 3900 3903 3904 3905 3903 3900 3906 3901 3900 3903 3907 3904 3903 3900 3908 3909 3900 3903 3910 3911 3903 3900 3912 3908 3900 3903 3913 3910 3903
3900 3914 3915 3900 3903 3916 3917 3903 3900 3918 3914 3900 3903 3919 3916 3903 3900 3920 3921 3900 3903 3922 3923 3903 3900 3924 3920 3900 3903 3925 3922 3903
3900 3926 3927 3900 3903 3928 3929 3903 3900 3930 3926 3900 3903 3931 3928 3903 3900 3932 3933 3900 3903 3934 3935 3903 3900 3936 3932 3900 3903 3937 3934 3903
3900 3938 3939 3900 3903 3940 3941 3903 3900 3942 3938 3900 3903 3943 3940 3903 3900 3944 3945 3900 3903 3946 3947 3903 3900 3948 3944 3900 3903 3949 3946 3903
3900 3950 3951 3900 3903 3952 3953 3903 3900 3954 3950 3900 3903 3955 3952 3903 3900 3956 3957 3900 3903 3958 3959 3903 3900 3960 3956 3900 3903 3961 3958 3903
3900 3962 3963 3900 3903 3964 3965 3903 3966 3967 3962 3966 3968 3969 3964 3968 3966 3970 3971 3966 3968 3972 3973 3968 3966 3974 3970 3966 3968 3975 3972 3968
3966 3976 3977 3966 3968 3978 3979 3968 3966 3980 3976 3966 3968 3981 3978 3968 3966 3982 3983 3966 3968 3984 3985 3968 3966 3986 3982 3966 3968 3987 3984 3968
3966 3988 3989 3966 3968 3990 3991 3968 3966 3992 3988 3966 3968 3993 3990 3968 3966 3994 3995 3966 3968 3996 3997 3968 3966 3998 3994 3966 3968 3999 3996 3968
4000 4001 4002 4000 4003 4004 4005 4003 4000 4006 4001 4000 4003 4007 4004 4003 4000 4008 4009 4000 4003 4010 4011 4003 4000 4012 4008 4000 4003 4013 4010 4003
4000 4014 4015 4000 4003 4016 4017 4003 4000 4018 4014 4000 4003 4019 4016 4003 4000 4020 4021 4000 4003 4022 4023 4003 4000 4024 4020 4000 4003 4025 4022 4003
4000 4026 4027 4000 4003 4028 4029 4003 4000 4030 4026 4000 4003 4031 4028 4003 4000 4032 4033 4000 4003 4034 4035 4003 4000 4036 4032 4000 4003 4037 4034 4003
4000 4038 4039 4000 4003 4040 4041 4003 4000 4042 4038 4000 4003 4043 4040 4003 4000 4044 4045 4000 4003 4046 4047 4003 4000 4048 4044 4000 4003 4049 4046 4003
4000 4050 4051 4000 4003 4052 4053 4003 4000 4054 4050 4000 4003 4055 4052 4003 4000 4056 4057 4000 4003 4058 4059 4003 4000 4060 4056 4000 4003 4061 4058 4003
4000 4062 4063 4000 4003 4064 4065 4003 4066 4067 4062 4066 4068 4069 4064 4068 4066 4070 4071 4066 4068 4072 4073 4068 4066 4074 4070 4066 4068 4075 4072 4068
4066 4076 4077 4066 4068 4078 4079 4068 4066 4080 4076 4066 4068 4081 4078 4068 4066 4082 4083 4066 4068 4084 4085 4068 4066 4086 4082 4066 4068 4087 4084 4068
4066 4088 4089 4066 4068 4090 4091 4068 4066 4092 4088 4066 4068 4093 4090 4068 4066 4094 4095 4066 4068 4096 4097 4068 4066 4098 4094 4066 4068 4099 4096 4068
4100 4101 4102 4100 4103 4104 4105 4103 4100 4106 4101 4100 4103 4107 4104 4103 4100 4108 4109 4100 4103 4110 4111 4103 4100 4112 4108 4100 4103 4113 4110 4103
4100 4114 4115 4100 4103 4116 4117 4103 4100 4118 4114 4100 4103 4119 4116 4103 4100 4120 4121 4100 4103 4122 4123 4103 4100 4124 4120 4100 4103 4125 4122 4103
4100 4126 4127 4100 4103 4128 4129 4103 4100 4130 4126 4100 4103 4131 4128 4103 4100 4132 4133 4100 4103 4134 4135 4103 4100 4136 4132 4100 4103 4137 4134 4103
4100 4138 4139 4100 4103 4140 4141 4103 4100 4142 4138 4100 4103 4143 4140 4103 4100 4144 4145 4100 4103 4146 4147 4103 4100 4148 4144 4100 4103 4149 4146 4103
4100 4150 4151 4100 4103 4152 4153 4103 4100 4154 4150 4100 4103 4155 4152 4103 4100 4156 4157 4100 4103 4158 4159 4103 4100 4160 4156 4100 4103 4161 4158 4103
4100 4162 4163 4100 4103 4164 4165 4103 4166 4167 4162 4166 4168 4169 4164 4168 4166 4170 4171 4166 4168 4172 4173 4168 4166 4174 4170 4166 4168 4175 4172 4168
4166 4176 4177 4166 4168 4178 4179 4168 4166 4180 4176 4166 4168 4181 4178 4168 4166 4182 4183 4166 4168 4184 4185 4168 4166 4186 4182 4166 4168 4187 4184 4168
4166 4188 4189 4166 4168 4190 4191 4168 4166 4192 4188 4166 4168 4193 4190 4168 4166 4194 4195 4166 4168 4196 4197 4168 4166 4198 4194 4166 4168 4199 4196 4168
4200 4201 4202 4200 4203 4204 4205 4203 4200 4206 4201 4200 4203 4207 4204 4203 4200 4208 4209 4200 4203 4210 4211 4203 4200 4212 4208 4200 4203 4213 4210 4203
4200 4214 4215 4200 4203 4216 4217 4203 4200 4218 4214 4200 4203 4219 4216 4203 4200 4220 4221 4200 4203 4222 4223 4203 4200 4224 4220 4200 4203 4225 4222 4203
4200 4226 4227 4200 4203 4228 4229 4203 4200 4230 4226 4200 4203 4231 4228 4203 4200 4232 4233 4200 4203 4234 4235 4203 4200 4236 4232 4200 4203 4237 4234 4203
4200 4238 4239 4200 4203 4240 4241 4203 4200 4242 4238 4200 4203 4243 4240 4203 4200 4244 4245 4200 4203 4246 4247 4203 4200 4248 4244 4200 4203 4249 4246 4203
4200 4250 4251 4200 4203 4252 4253 4203 4200 4254 4250 4200 4203 4255 4252 4203 4200 4256 4257 4200 4203 4258 4259 4203 4200 4260 4256 4200 4203 4261 4258 4203
4200 4262 4263 4200 4203 4264 4265 4203 4266 4267 4262 4266 4268 4269 4264 4268 4266 4270 4271 4266 4268 4272 4273 4268 4266 4274 4270 4266 4268 4275 4272 4268
4266 4276 4277 4266 4268 4278 4279 4268 4266 4280 4276 4266 4268 4281 4278 4268 4266 4282 4283 4266 4268 4284 4285 4268 4266 4286 4282 4266 4268 4287 4284 4268
4266 4288 4289 4266 4268 4290 4291 4268 4266 4292 4288 4266 4268 4293 4290 4268 4266 4294 4295 4266 4268 4296 4297 4268 4266 4298 4294 4266 4268 4299 4296 4268
4300 4301 4302 4300 4303 4304 4305 4303 4300 4306 4301 4300 4303 4307 4304 4303 4300 4308 4309 4300 4303 4310 4311 4303 4300 4312 4308 4300 4303 4313 4310 4303
4300 4314 4315 4300 4303 4316 4317 4303 4300 4318 4314 4300 4303 4319 4316 4303 4300 4320 4321 4300 4303 4322 4323 4303 4300 4324 4320 4300 4303 4325 4322 4303
4300 4326 4327 4300 4303 4328 4329 4303 4300 4330 4326 4300 4303 4331 4328 4303 4300 4332 4333 4300 4303 4334 4335 4303 4300 4336 4332 4300 4303 4337 4334 4303
4300 4338 4339 4300 4303 4340 4341 4303 4300 4342 4338 4300 4303 4343 4340 4303 4300 4344 4345 4300 4303 4346 4347 4303 4300 4348 4344 4300 4303 4349 4346 4303
4300 4350 4351 4300 4303 4352 4353 4303 4300 4354 4350 4300 4303 4355 4352 4303 4300 4356 4357 4300 4303 4358 4359 4303 4300 4360 4356 4300 4303 4361 4358 4303
4300 4362 4363 4300 4303 4364 4365 4303 4366 4367 4362 4366 4368 4369 4364 4368 4366 4370 4371 4366 4368 4372 4373 4368 4366 4374 4370 4366 4368 4375 4372 4368
4366 4376 4377 4366 4368 4378 4379 4368 4366 4380 4376 4366 4368 4381 4378 4368 4366 4382 4383 4366 4368 4384 4385 4368 4366 4386 4382 4366 4368 4387 4384 4368
4366 4388 4389 4366 4368 4390 4391 4368 4366 4392 4388 4366 4368 4393 4390 4368 4366 4394 4395 4366 4368 4396 4397 4368 4366 4398 4394 4366 4368 4399 4396 4368
4400 4401 4402 4400 4403 4404 4405 4403 4400 4406 4401 4400 4403 4407 4404 4403 4400 4408 4409 4400 4403 4410 4411 4403 4400 4412 4408 4400 4403 4413 4410 4403
4400 4414 4415 4400 4403 4416 4417 4403 4400 4418 4414 4400 4403 4419 4416 4403 4400 4420 4421 4400 4403 4422 4423 4403 4400 4424 4420 4400 4403 4425 4422 4403
4400 4426 4427 4400 4403 4428 4429 4403 4400 4430 4426 4400 4403 4431 4428 4403 4400 4432 4433 4400 4403 4434 4435 4403 4400 4436 4432 4400 4403 4437 4434 4403
4400 4438 4439 4400 4403 4440 4441 4403 4400 4442 4438 4400 4403 4443 4440 4403 4400 4444 4445 4400 4403 4446 4447 4403 4400 4448 4444 4400 4403 4449 4446 4403
4400 4450 4451 4400 4403 4452 4453 4403 4400 4454 4450 4400 4403 4455 4452 4403 4400 4456 4457 4400 4403 4458 4459 4403 4400 4460 4456 4400 4403 4461 4458 4403
4400 4462 4463 4400 4403 4464 4465 4403 4466 4467 4462 4466 4468 4469 4464 4468 4466 4470 4471 4466 4468 4472 4473 4468 4466 4474 4470 4466 4468 4475 4472 4468
4466 4476 4477 4466 4468 4478 4479 4468 4466 4480 4476 4466 4468 4481 4478 4468 4466 4482 4483 4466 4468 4484 4485 4468 4466 4486 4482 4466 4468 4487 4484 4468
4466 4488 4489 4466 4468 4490 4491 4468 4466 4492 4488 4466 4468 4493 4490 4468 4466 4494 4495 4466 4468 4496 4497 4468 4466 4498 4494 4466 4468 4499 4496 4468
4500 4501 4502 4500 4503 4504 4505 4503 4500 4506 4501 4500 4503 4507 4504 4503 4500 4508 4509 4500 4503 4510 4511 4503 4500 4512 4508 4500 4503 4513 4510 4503
4500 4514 4515 4500 4503 4516 4517 4503 4500 4518 4514 4500 4503 4519 4516 4503 4500 4520 4521 4500 4503 4522 4523 4503 4500 4524 4520 4500 4503 4525 4522 4503
4500 4526 4527 4500 4503 4528 4529 4503 4500 4530 4526 4500 4503 4531 4528 4503 4500 4532 4533 4500 4503 4534 4535 4503 4500 4536 4532 4500 4503 4537 4534 4503
4500 4538 4539 4500 4503 4540 4541 4503 4500 4542 4538 4500 4503 4543 4540 4503 4500 4544 4545 4500 4503 4546 4547 4503 4500 4548 4544 4500 4503 4549 4546 4503
4500 4550 4551 4500 4503 4552 4553 4503 4500 4554 4550 4500 4503 4555 4552 4503 4500 4556 4557 4500 4503 4558 4559 4503 4500 4560 4556 4500 4503 4561 4558 4503
4500 4562 4563 4500 4503 4564 4565 4503 4566 4567 4562 4566 4568 4569 4564 4568 4566 4570 4571 4566 4568 4572 4573 4568 4566 4574 4570 4566 4568 4575 4572 4568
4566 4576 4577 4566 4568 4578 4579 4568 4566 4580 4576 4566 4568 4581 4578 4568 4566 4582 4583 4566 4568 4584 4585 4568 4566 4586 4582 4566 4568 4587 4584 4568
4566 4588 4589 4566 4568 4590 4591 4568 4566 4592 4588 4566 4568 4593 4590 4568 4566 4594 4595 4566 4568 4596 4597 4568 4566 4598 4594 4566 4568 4599 4596 4568
4600 4601 4602 4600 4603 4604 4605 4603 4600 4606 4601 4600 4603 4607 4604 4603 4600 4608 4609 4600 4603 4610 4611 4603 4600 4612 4608 4600 4603 4613 4610 4603
4600 4614 4615 4600 4603 4616 4617 4603 4600 4618 4614 4600 4603 4619 4616 4603 4600 4620 4621 4600 4603 4622 4623 4603 4600 4624 4620 4600 4603 4625 4622 4603
4600 4626 4627 4600 4603 4628 4629 4603 4600 4630 4626 4600 4603 4631 4628 4603 4600 4632 4633 4600 4603 4634 4635 4603 4600 4636 4632 4600 4603 4637 4634 4603
4600 4638 4639 4600 4603 4640 4641 4603 4600 4642 4638 4600 4603 4643 4640 4603 4600 4644 4645 4600 4603 4646 4647 4603 4600 4648 4644 4600 4603 4649 4646 4603
4600 4650 4651 4600 4603 4652 4653 4603 4600 4654 4650 4600 4603 4655 4652 4603 4600 4656 4657 4600 4603 4658 4659 4603 4600 4660 4656 4600 4603 4661 4658 4603
4600 4662 4663 4600 4603 4664 4665 4603 4666 4667 4662 4666 4668 4669 4664 4668 4666 4670 4671 4666 4668 4672 4673 4668 4666 4674 4670 4666 4668 4675 4672 4668
4666 4676 4677 4666 4668 4678 4679 4668 4666 4680 4676 4666 4668 4681 4678 4668 4666 4682 4683 4666 4668 4684 4685 4668 4666 4686 4682 4666 4668 4687 4684 4668
4666 4688 4689 4666 4668 4690 4691 4668 4666 4692 4688 4666 4668 4693 4690 4668 4666 4694 4695 4666 4668 4696 4697 4668 4666 4698 4694 4666 4668 4699 4696 4668
4700 4701 4702 4700 4703 4704 4705 4703 4700 4706 4701 4700 4703 4707 4704 4703 4700 4708 4709 4700 4703 4710 4711 4703 4700 4712 4708 4700 4703 4713 4710 4703
4700 4714 4715 4700 4703 4716 4717 4703 4700 4718 4714 4700 4703 4719 4716 4703 4700 4720 4721 4700 4703 4722 4723 4703 4700 4724 4720 4700 4703 4725 4722 4703
4700 4726 4727 4700 4703 4728 4729 4703 4700 4730 4726 4700 4703 4731 4728 4703 4700 4732 4733 4700 4703 4734 4735 4703 4700 4736 4732 4700 4703 4737 4734 4703
4700 4738 4739 4700 4703 4740 4741 4703 4700 4742 4738 4700 4703 4743 4740 4703 4700 4744 4745 4700 4703 4746 4747 4703 4700 4748 4744 4700 4703 4749 4746 4703
4700 4750 4751 4700 4703 4752 4753 4703 4700 4754 4750 4700 4703 4755 4752 4703 4700 4756 4757 4700 4703 4758 4759 4703 4700 4760 4756 4700 4703 4761 4758 4703
4700 4762 4763 4700 4703 4764 4765 4703 4766 4767 4762 4766 4768 4769 4764 4768 4766 4770 4771 4766 4768 4772 4773 4768 4766 4774 4770 4766 4768 4775 4772 4768
4766 4776 4777 4766 4768 4778 4779 4768 4766 4780 4776 4766 4768 4781 4778 4768 4766 4782 4783 4766 4768 4784 4785 4768 4766 4786 4782 4766 4768 4787 4784 4768
4766 4788 4789 4766 4768 4790 4791 4768 4766 4792 4788 4766 4768 4793 4790 4768 4766 4794 4795 4766 4768 4796 4797 4768 4766 4798 4794 4766 4768 4799 4796 4768
4800 4801 4802 4800 4803 4804 4805 4803 4800 4806 4801 4800 4803 4807 4804 4803 4800 4808 4809 4800 4803 4810 4811 4803 4800 4812 4808 4800 4803 4813 4810 4803
4800 4814 4815 4800 4803 4816 4817 4803 4800 4818 4814 4800 4803 4819 4816 4803 4800 4820 4821 4800 4803 4822 4823 4803 4800 4824 4820 4800 4803 4825 4822 4803
4800 4826 4827 4800 4803 4828 4829 4803 4800 4830 4826 4800 4803 4831 4828 4803 4800 4832 4833 4800 4803 4834 4835 4803 4800 4836 4832 4800 4803 4837 4834 4803
4800 4838 4839 4800 4803 4840 4841 4803 4800 4842 4838 4800 4803 4843 4840 4803 4800 4844 4845 4800 4803 4846 4847 4803 4800 4848 4844 4800 4803 4849 4846 4803
4800 4850 4851 4800 4803 4852 4853 4803 4800 4854 4850 4800 4803 4855 4852 4803 4800 4856 4857 4800 4803 4858 4859 4803 4800 4860 4856 4800 4803 4861 4858 4803
4800 4862 4863 4800 4803 4864 4865 4803 4866 4867 4862 4866 4868 4869 4864 4868 4866 4870 4871 4866 4868 4872 4873 4868 4866 4874 4870 4866 4868 4875 4872 4868
4866 4876 4877 4866 4868 4878 4879 4868 4866 4880 4876 4866 4868 4881 4878 4868 4866 4882 4883 4866 4868 4884 4885 4868 4866 4886 4882 4866 4868 4887 4884 4868
4866 4888 4889 4866 4868 4890 4891 4868 4866 4892 4888 4866 4868 4893 4890 4868 4866 4894 4895 4866 4868 4896 4897 4868 4866 4898 4894 4866 4868 4899 4896 4868
4900 4901 4902 4900 4903 4904 4905 4903 4900 4906 4901 4900 4903 4907 4904 4903 4900 4908 4909 4900 4903 4910 4911 4903 4900 4912 4908 4900 4903 4913 4910 4903
4900 4914 4915 4900 4903 4916 4917 4903 4900 4918 4914 4900 4903 4919 4916 4903 4900 4920 4921 4900 4903 4922 4923 4903 4900 4924 4920 4900 4903 4925 4922 4903
4900 4926 4927 4900 4903 4928 4929 4903 4900 4930 4926 4900 4903 4931 4928 4903 4900 4932 4933 4900 4903 4934 4935 4903 4900 4936 4932 4900 4903 4937 4934 4903
4900 4938 4939 4900 4903 4940 4941 4903 4900 4942 4938 4900 4903 4943 4940 4903 4900 4944 4945 4900 4903 4946 4947 4903 4900 4948 4944 4900 4903 4949 4946 4903
4900 4950 4951 4900 4903 4952 4953 4903 4900 4954 4950 4900 4903 4955 4952 4903 4900 4956 4957 4900 4903 4958 4959 4903 4900 4960 4956 4900 4903 4961 4958 4903
4900 4962 4963 4900 4903 4964 4965 4903 4966 4967 4962 4966 4968 4969 4964 4968 4966 4970 4971 4966 4968 4972 4973 4968 4966 4974 4970 4966 4968 4975 4972 4968
4966 4976 4977 4966 4968 4978 4979 4968 4966 4980 4976 4966 4968 4981 4978 4968 4966 4982 4983 4966 4968 4984 4985 4968 4966 4986 4982 4966 4968 4987 4984 4968
4966 4988 4989 4966 4968 4990 4991 4968 4966 4992 4988 4966 4968 4993 4990 4968 4966 4994 4995 4966 4968 4996 4997 4968 4966 4998 4994 4966 4968 4999 4996 4968
5000 5001 5002 5000 5003 5004 5005 5003 5000 5006 5001 5000 5003 5007 5004 5003 5000 5008 5009 5000 5003 5010 5011 5003 5000 5012 5008 5000 5003 5013 5010 5003
5000 5014 5015 5000 5003 5016 5017 5003 5000 5018 5014 5000 5003 5019 5016 5003 5000 5020 5021 5000 5003 5022 5023 5003 5000 5024 5020 5000 5003 5025 5022 5003
5000 5026 5027 5000 5003 5028 5029 5003 5000 5030 5026 5000 5003 5031 5028 5003 5000 5032 5033 5000 5003 5034 5035 5003 5000 5036 5032 5000 5003 5037 5034 5003
5000 5038 5039 5000 5003 5040 5041 5003 5000 5042 5038 5000 5003 5043 5040 5003 5000 5044 5045 5000 5003 5046 5047 5003 5000 5048 5044 5000 5003 5049 5046 5003
5000 5050 5051 5000 5003 5052 5053 5003 5000 5054 5050 5000 5003 5055 5052 5003 5000 5056 5057 5000 5003 5058 5059 5003 5000 5060 5056 5000 5003 5061 5058 5003
5000 5062 5063 5000 5003 5064 5065 5003 5066 5067 5062 5066 5068 5069 5064 5068 5066 5070 5071 5066 5068 5072 5073 5068 5066 5074 5070 5066 5068 5075 5072 5068
5066 5076 5077 5066 5068 5078 5079 5068 5066 5080 5076 5066 5068 5081 5078 5068 5066 5082 5083 5066 5068 5084 5085 5068 5066 5086 5082 5066 5068 5087 5084 5068
5066 5088 5089 5066 5068 5090 5091 5068 5066 5092 5088 5066 5068 5093 5090 5068 5066 5094 5095 5066 5068 5096 5097 5068 5066 5098 5094 5066 5068 5099 5096 5068
5100 5101 5102 5100 5103 5104 5105 5103 5100 5106 5101 5100 5103 5107 5104 5103 5100 5108 5109 5100 5103 5110 5111 5103 5100 5112 5108 5100 5103 5113 5110 5103
5100 5114 5115 5100 5103 5116 5117 5103 5100 5118 5114 5100 5103 5119 5116 5103 5100 5120 5121 5100 5103 5122 5123 5103 5100 5124 5120 5100 5103 5125 5122 5103
5100 5126 5127 5100 5103 5128 5129 5103 5100 5130 5126 5100 5103 5131 5128 5103 5100 5132 5133 5100 5103 5134 5135 5103 5100 5136 5132 5100 5103 5137 5134 5103
5100 5138 5139 5100 5103 5140 5141 5103 5100 5142 5138 5100 5103 5143 5140 5103 5100 5144 5145 5100 5103 5146 5147 5103 5100 5148 5144 5100 5103 5149 5146 5103
5100 5150 5151 5100 5103 5152 5153 5103 5100 5154 5150 5100 5103 5155 5152 5103 5100 5156 5157 5100 5103 5158 5159 5103 5100 5160 5156 5100 5103 5161 5158 5103
5100 5162 5163 5100 5103 5164 5165 5103 5166 5167 5162 5166 5168 5169 5164 5168 5166 5170 5171 5166 5168 5172 5173 5168 5166 5174 5170 5166 5168 5175 5172 5168
5166 5176 5177 5166 5168 5178 5179 5168 5166 5180 5176 5166 5168 5181 5178 5168 5166 5182 5183 5166 5168 5184 5185 5168 5166 5186 5182 5166 5168 5187 5184 5168
5166 5188 5189 5166 5168 5190 5191 5168 5166 5192 5188 5166 5168 5193 5190 5168 5166 5194 5195 5166 5168 5196 5197 5168 5166 5198 5194 5166 5168 5199 5196 5168
5200 5201 5202 5200 5203 5204 5205 5203 5200 5206 5201 5200 5203 5207 5204 5203 5200 5208 5209 5200 5203 5210 5211 5203 5200 5212 5208 5200 5203 5213 5210 5203
5200 5214 5215 5200 5203 5216 5217 5203 5200 5218 5214 5200 5203 5219 5216 5203 5200 5220 5221 5200 5203 5222 5223 5203 5200 5224 5220 5200 5203 5225 5222 5203
5200 5226 5227 5200 5203 5228 5229 5203 5200 5230 5226 5200 5203 5231 5228 5203 5200 5232 5233 5200 5203 5234 5235 5203 5200 5236 5232 5200 5203 5237 5234 5203
5200 5238 5239 5200 5203 5240 5241 5203 5200 5242 5238 5200 5203 5243 5240 5203 5200 5244 5245 5200 5203 5246 5247 5203 5200 5248 5244 5200 5203 5249 5246 5203
5200 5250 5251 5200 5203 5252 5253 5203 5200 5254 5250 5200 5203 5255 5252 5203 5200 5256 5257 5200 5203 5258 5259 5203 5200 5260 5256 5200 5203 5261 5258 5203
5200 5262 5263 5200 5203 5264 5265 5203 5266 5267 5262 5266 5268 5269 5264 5268 5266 5270 5271 5266 5268 5272 5273 5268 5266 5274 5270 5266 5268 5275 5272 5268
5266 5276 5277 5266 5268 5278 5279 5268 5266 5280 5276 5266 5268 5281 5278 5268 5266 5282 5283 5266 5268 5284 5285 5268 5266 5286 5282 5266 5268 5287 5284 5268
5266 5288 5289 5266 5268 5290 5291 5268 5266 5292 5288 5266 5268 5293 5290 5268 5266 5294 5295 5266 5268 5296 5297 5268 5266 5298 5294 5266 5268 5299 5296 5268
5300 5301 5302 5300 5303 5304 5305 5303 5300 5306 5301 5300 5303 5307 5304 5303 5300 5308 5309 5300 5303 5310 5311 5303 5300 5312 5308 5300 5303 5313 5310 5303
5300 5314 5315 5300 5303 5316 5317 5303 5300 5318 5314 5300 5303 5319 5316 5303 5300 5320 5321 5300 5303 5322 5323 5303 5300 5324 5320 5300 5303 5325 5322 5303
5300 5326 5327 5300 5303 5328 5329 5303 5300 5330 5326 5300 5303 5331 5328 5303 5300 5332 5333 5300 5303 5334 5335 5303 5300 5336 5332 5300 5303 5337 5334 5303
5300 5338 5339 5300 5303 5340 5341 5303 5300 5342 5338 5300 5303 5343 5340 5303 5300 5344 5345 5300 5303 5346 5347 5303 5300 5348 5344 5300 5303 5349 5346 5303
5300 5350 5351 5300 5303 5352 5353 5303 5300 5354 5350 5300 5303 5355 5352 5303 5300 5356 5357 5300 5303 5358 5359 5303 5300 5360 5356 5300 5303 5361 5358 5303
5300 5362 5363 5300 5303 5364 5365 5303 5366 5367 5362 5366 5368 5369 5364 5368 5366 5370 5371 5366 5368 5372 5373 5368 5366 5374 5370 5366 5368 5375 5372 5368
5366 5376 5377 5366 5368 5378 5379 5368 5366 5380 5376 5366 5368 5381 5378 5368 5366 5382 5383 5366 5368 5384 5385 5368 5366 5386 5382 5366 5368 5387 5384 5368
5366 5388 5389 5366 5368 5390 5391 5368 5366 5392 5388 5366 5368 5393 5390 5368 5366 5394 5395 5366 5368 5396 5397 5368 5366 5398 5394 5366 5368 5399 5396 5368
5400 5401 5402 5400 5403 5404 5405 5403 5400 5406 5401 5400 5403 5407 5404 5403 5400 5408 5409 5400 5403 5410 5411 5403 5400 5412 5408 5400 5403 5413 5410 5403
5400 5414 5415 5400 5403 5416 5417 5403 5400 5418 5414 5400 5403 5419 5416 5403 5400 5420 5421 5400 5403 5422 5423 5403 5400 5424 5420 5400 5403 5425 5422 5403
5400 5426 5427 5400 5403 5428 5429 5403 5400 5430 5426 5400 5403 5431 5428 5403 5400 5432 5433 5400 5403 5434 5435 5403 5400 5436 5432 5400 5403 5437 5434 5403
5400 5438 5439 5400 5403 5440 5441 5403 5400 5442 5438 5400 5403 5443 5440 5403 5400 5444 5445 5400 5403 5446 5447 5403 5400 5448 5444 5400 5403 5449 5446 5403
5400 5450 5451 5400 5403 5452 5453 5403 5400 5454 5450 5400 5403 5455 5452 5403 5400 5456 5457 5400 5403 5458 5459 5403 5400 5460 5456 5400 5403 5461 5458 5403
5400 5462 5463 5400 5403 5464 5465 5403 5466 5467 5462 5466 5468 5469 5464 5468 5466 5470 5471 5466 5468 5472 5473 5468 5466 5474 5470 5466 5468 5475 5472 5468
5466 5476 5477 5466 5468 5478 5479 5468 5466 5480 5476 5466 5468 5481 5478 5468 5466 5482 5483 5466 5468 5484 5485 5468 5466 5486 5482 5466 5468 5487 5484 5468
5466 5488 5489 5466 5468 5490 5491 5468 5466 5492 5488 5466 5468 5493 5490 5468 5466 5494 5495 5466 5468 5496 5497 5468 5466 5498 5494 5466 5468 5499 5496 5468
5500 5501 5502 5500 5503 5504 5505 5503 5500 5506 5501 5500 5503 5507 5504 5503 5500 5508 5509 5500 5503 5510 5511 5503 5500 5512 5508 5500 5503 5513 5510 5503
5500 5514 5515 5500 5503 5516 5517 5503 5500 5518 5514 5500 5503 5519 5516 5503 5500 5520 5521 5500 5503 5522 5523 5503 5500 5524 5520 5500 5503 5525 5522 5503
5500 5526 5527 5500 5503 5528 5529 5503 5500 5530 5526 5500 5503 5531 5528 5503 5500 5532 5533 5500 5503 5534 5535 5503 5500 5536 5532 5500 5503 5537 5534 5503
5500 5538 5539 5500 5503 5540 5541 5503 5500 5542 5538 5500 5503 5543 5540 5503 5500 5544 5545 5500 5503 5546 5547 5503 5500 5548 5544 5500 5503 5549 5546 5503
5500 5550 5551 5500 5503 5552 5553 5503 5500 5554 5550 5500 5503 5555 5552 5503 5500 5556 5557 5500 5503 5558 5559 5503 5500 5560 5556 5500 5503 5561 5558 5503
5500 5562 5563 5500 5503 5564 5565 5503 5566 5567 5562 5566 5568 5569 5564 5568 5566 5570 5571 5566 5568 5572 5573 5568 5566 5574 5570 5566 5568 5575 5572 5568
5566 5576 5577 5566 5568 5578 5579 5568 5566 5580 5576 5566 5568 5581 5578 5568 5566 5582 5583 5566 5568 5584 5585 5568 5566 5586 5582 5566 5568 5587 5584 5568
5566 5588 5589 5566 5568 5590 5591 5568 5566 5592 5588 5566 5568 5593 5590 5568 5566 5594 5595 5566 5568 5596 5597 5568 5566 5598 5594 5566 5568 5599 5596 5568
5600 5601 5602 5600 5603 5604 5605 5603 5600 5606 5601 5600 5603 5607 5604 5603 5600 5608 5609 5600 5603 5610 5611 5603 5600 5612 5608 5600 5603 5613 5610 5603
5600 5614 5615 5600 5603 5616 5617 5603 5600 5618 5614 5600 5603 5619 5616 5603 5600 5620 5621 5600 5603 5622 5623 5603 5600 5624 5620 5600 5603 5625 5622 5603
5600 5626 5627 5600 5603 5628 5629 5603 5600 5630 5626 5600 5603 5631 5628 5603 5600 5632 5633 5600 5603 5634 5635 5603 5600 5636 5632 5600 5603 5637 5634 5603
5600 5638 5639 5600 5603 5640 5641 5603 5600 5642 5638 5600 5603 5643 5640 5603 5600 5644 5645 5600 5603 5646 5647 5603 5600 5648 5644 5600 5603 5649 5646 5603
5600 5650 5651 5600 5603 5652 5653 5603 5600 5654 5650 5600 5603 5655 5652 5603 5600 5656 5657 5600 5603 5658 5659 5603 5600 5660 5656 5600 5603 5661 5658 5603
5600 5662 5663 5600 5603 5664 5665 5603 5666 5667 5662 5666 5668 5669 5664 5668 5666 5670 5671 5666 5668 5672 5673 5668 5666 5674 5670 5666 5668 5675 5672 5668
5666 5676 5677 5666 5668 5678 5679 5668 5666 5680 5676 5666 5668 5681 5678 5668 5666 5682 5683 5666 5668 5684 5685 5668 5666 5686 5682 5666 5668 5687 5684 5668
5666 5688 5689 5666 5668 5690 5691 5668 5666 5692 5688 5666 5668 5693 5690 5668 5666 5694 5695 5666 5668 5696 5697 5668 5666 5698 5694 5666 5668 5699 5696 5668
5700 5701 5702 5700 5703 5704 5705 5703 5700 5706 5701 5700 5703 5707 5704 5703 5700 5708 5709 5700 5703 5710 5711 5703 5700 5712 5708 5700 5703 5713 5710 5703
5700 5714 5715 5700 5703 5716 5717 5703 5700 5718 5714 5700 5703 5719 5716 5703 5700 5720 5721 5700 5703 5722 5723 5703 5700 5724 5720 5700 5703 5725 5722 5703
5700 5726 5727 5700 5703 5728 5729 5703 5700 5730 5726 5700 5703 5731 5728 5703 5700 5732 5733 5700 5703 5734 5735 5703 5700 5736 5732 5700 5703 5737 5734 5703
5700 5738 5739 5700 5703 5740 5741 5703 5700 5742 5738 5700 5703 5743 5740 5703 5700 5744 5745 5700 5703 5746 5747 5703 5700 5748 5744 5700 5703 5749 5746 5703
5700 5750 5751 5700 5703 5752 5753 5703 5700 5754 5750 5700 5703 5755 5752 5703 5700 5756 5757 5700 5703 5758 5759 5703 5700 5760 5756 5700 5703 5761 5758 5703
5700 5762 5763 5700 5703 5764 5765 5703 5766 5767 5762 5766 5768 5769 5764 5768 5766 5770 5771 5766 5768 5772 5773 5768 5766 5774 5770 5766 5768 5775 5772 5768
5766 5776 5777 5766 5768 5778 5779 5768 5766 5780 5776 5766 5768 5781 5778 5768 5766 5782 5783 5766 5768 5784 5785 5768 5766 5786 5782 5766 5768 5787 5784 5768
5766 5788 5789 5766 5768 5790 5791 5768 5766 5792 5788 5766 5768 5793 5790 5768 5766 5794 5795 5766 5768 5796 5797 5768 5766 5798 5794 5766 5768 5799 5796 5768
5800 5801 5802 5800 5803 5804 5805 5803 5800 5806 5801 5800 5803 5807 5804 5803 5800 5808 5809 5800 5803 5810 5811 5803 5800 5812 5808 5800 5803 5813 5810 5803
5800 5814 5815 5800 5803 5816 5817 5803 5800 5818 5814 5800 5803 5819 5816 5803 5800 5820 5821 5800 5803 5822 5823 5803 5800 5824 5820 5800 5803 5825 5822 5803
5800 5826 5827 5800 5803 5828 5829 5803 5800 5830 5826 5800 5803 5831 5828 5803 5800 5832 5833 5800 5803 5834 5835 5803 5800 5836 5832 5800 5803 5837 5834 5803
5800 5838 5839 5800 5803 5840 5841 5803 5800 5842 5838 5800 5803 5843 5840 5803 5800 5844 5845 5800 5803 5846 5847 5803 5800 5848 5844 5800 5803 5849 5846 5803
5800 5850 5851 5800 5803 5852 5853 5803 5800 5854 5850 5800 5803 5855 5852 5803 5800 5856 5857 5800 5803 5858 5859 5803 5800 5860 5856 5800 5803 5861 5858 5803
5800 5862 5863 5800 5803 5864 5865 5803 5866 5867 5862 5866 5868 5869 5864 5868 5866 5870 5871 5866 5868 5872 5873 5868 5866 5874 5870 5866 5868 5875 5872 5868
5866 5876 5877 5866 5868 5878 5879 5868 5866 5880 5876 5866 5868 5881 5878 5868 5866 5882 5883 5866 5868 5884 5885 5868 5866 5886 5882 5866 5868 5887 5884 5868
5866 5888 5889 5866 5868 5890 5891 5868 5866 5892 5888 5866 5868 5893 5890 5868 5866 5894 5895 5866 5868 5896 5897 5868 5866 5898 5894 5866 5868 5899 5896 5868
5900 5901 5902 5900 5903 5904 5905 5903 5900 5906 5901 5900 5903 5907 5904 5903 5900 5908 5909 5900 5903 5910 5911 5903 5900 5912 5908 5900 5903 5913 5910 5903
5900 5914 5915 5900 5903 5916 5917 5903 5900 5918 5914 5900 5903 5919 5916 5903 5900 5920 5921 5900 5903 5922 5923 5903 5900 5924 5920 5900 5903 5925 5922 5903
5900 5926 5927 5900 5903 5928 5929 5903 5900 5930 5926 5900 5903 5931 5928 5903 5900 5932 5933 5900 5903 5934 5935 5903 5900 5936 5932 5900 5903 5937 5934 5903
5900 5938 5939 5900 5903 5940 5941 5903 5900 5942 5938 5900 5903 5943 5940 5903 5900 5944 5945 5900 5903 5946 5947 5903 5900 5948 5944 5900 5903 5949 5946 5903
5900 5950 5951 5900 5903 5952 5953 5903 5900 5954 5950 5900 5903 5955 5952 5903 5900 5956 5957 5900 5903 5958 5959 5903 5900 5960 5956 5900 5903 5961 5958 5903
5900 5962 5963 5900 5903 5964 5965 5903 5966 5967 5962 5966 5968 5969 5964 5968 5966 5970 5971 5966 5968 5972 5973 5968 5966 5974 5970 5966 5968 5975 5972 5968
5966 5976 5977 5966 5968 5978 5979 5968 5966 5980 5976 5966 5968 5981 5978 5968 5966 5982 5983 5966 5968 5984 5985 5968 5966 5986 5982 5966 5968 5987 5984 5968
5966 5988 5989 5966 5968 5990 5991 5968 5966 5992 5988 5966 5968 5993 5990 5968 5966 5994 5995 5966 5968 5996 5997 5968 5966 5998 5994 5966 5968 5999 5996 5968
6000 6001 6002 6000 6003 6004 6005 6003 6000 6006 6001 6000 6003 6007 6004 6003 6000 6008 6009 6000 6003 6010 6011 6003 6000 6012 6008 6000 6003 6013 6010 6003
6000 6014 6015 6000 6003 6016 6017 6003 6000 6018 6014 6000 6003 6019 6016 6003 6000 6020 6021 6000 6003 6022 6023 6003 6000 6024 6020 6000 6003 6025 6022 6003
6000 6026 6027 6000 6003 6028 6029 6003 6000 6030 6026 6000 6003 6031 6028 6003 6000 6032 6033 6000 6003 6034 6035 6003 6000 6036 6032 6000 6003 6037 6034 6003
6000 6038 6039 6000 6003 6040 6041 6003 6000 6042 6038 6000 6003 6043 6040 6003 6000 6044 6045 6000 6003 6046 6047 6003 6000 6048 6044 6000 6003 6049 6046 6003
6000 6050 6051 6000 6003 6052 6053 6003 6000 6054 6050 6000 6003 6055 6052 6003 6000 6056 6057 6000 6003 6058 6059 6003 6000 6060 6056 6000 6003 6061 6058 6003
6000 6062 6063 6000 6003 6064 6065 6003 6066 6067 6062 6066 6068 6069 6064 6068 6066 6070 6071 6066 6068 6072 6073 6068 6066 6074 6070 6066 6068 6075 6072 6068
6066 6076 6077 6066 6068 6078 6079 6068 6066 6080 6076 6066 6068 6081 6078 6068 6066 6082 6083 6066 6068 6084 6085 6068 6066 6086 6082 6066 6068 6087 6084 6068
6066 6088 6089 6066 6068 6090 6091 6068 6066 6092 6088 6066 6068 6093 6090 6068 6066 6094 6095 6066 6068 6096 6097 6068 6066 6098 6094 6066 6068 6099 6096 6068
6100 6101 6102 6100 6103 6104 6105 6103 6100 6106 6101 6100 6103 6107 6104 6103 6100 6108 6109 6100 6103 6110 6111 6103 6100 6112 6108 6100 6103 6113 6110 6103
6100 6114 6115 6100 6103 6116 6117 6103 6100 6118 6114 6100 6103 6119 6116 6103 6100 6120 6121 6100 6103 6122 6123 6103 6100 6124 6120 6100 6103 6125 6122 6103
6100 6126 6127 6100 6103 6128 6129 6103 6100 6130 6126 6100 6103 6131 6128 6103 6100 6132 6133 6100 6103 6134 6135 6103 6100 6136 6132 6100 6103 6137 6134 6103
6100 6138 6139 6100 6103 6140 6141 6103 6100 6142 6138 6100 6103 6143 6140 6103 6100 6144 6145 6100 6103 6146 6147 6103 6100 6148 6144 6100 6103 6149 6146 6103
6100 6150 6151 6100 6103 6152 6153 6103 6100 6154 6150 6100 6103 6155 6152 6103 6100 6156 6157 6100 6103 6158 6159 6103 6100 6160 6156 6100 6103 6161 6158 6103
6100 6162 6163 6100 6103 6164 6165 6103 6166 6167 6162 6166 6168 6169 6164 6168 6166 6170 6171 6166 6168 6172 6173 6168 6166 6174 6170 6166 6168 6175 6172 6168
6166 6176 6177 6166 6168 6178 6179 6168 6166 6180 6176 6166 6168 6181 6178 6168 6166 6182 6183 6166 6168 6184 6185 6168 6166 6186 6182 6166 6168 6187 6184 6168
6166 6188 6189 6166 6168 6190 6191 6168 6166 6192 6188 6166 6168 6193 6190 6168 6166 6194 6195 6166 6168 6196 6197 6168 6166 6198 6194 6166 6168 6199 6196 6168
6200 6201 6202 6200 6203 6204 6205 6203 6200 6206 6201 6200 6203 6207 6204 6203 6200 6208 6209 6200 6203 6210 6211 6203 6200 6212 6208 6200 6203 6213 6210 6203
6200 6214 6215 6200 6203 6216 6217 6203 6200 6218 6214 6200 6203 6219 6216 6203 6200 6220 6221 6200 6203 6222 6223 6203 6200 6224 6220 6200 6203 6225 6222 6203
6200 6226 6227 6200 6203 6228 6229 6203 6200 6230 6226 6200 6203 6231 6228 6203 6200 6232 6233 6200 6203 6234 6235 6203 6200 6236 6232 6200 6203 6237 6234 6203
6200 6238 6239 6200 6203 6240 6241 6203 6200 6242 6238 6200 6203 6243 6240 6203 6200 6244 6245 6200 6203 6246 6247 6203 6200 6248 6244 6200 6203 6249 6246 6203
6200 6250 6251 6200 6203 6252 6253 6203 6200 6254 6250 6200 6203 6255 6252 6203 6200 6256 6257 6200 6203 6258 6259 6203 6200 6260 6256 6200 6203 6261 6258 6203
6200 6262 6263 6200 6203 6264 6265 6203 6266 6267 6262 6266 6268 6269 6264 6268 6266 6270 6271 6266 6268 6272 6273 6268 6266 6274 6270 6266 6268 6275 6272 6268
6266 6276 6277 6266 6268 6278 6279 6268 6266 6280 6276 6266 6268 6281 6278 6268 6266 6282 6283 6266 6268 6284 6285 6268 6266 6286 6282 6266 6268 6287 6284 6268
6266 6288 6289 6266 6268 6290 6291 6268 6266 6292 6288 6266 6268 6293 6290 6268 6266 6294 6295 6266 6268 6296 6297 6268 6266 6298 6294 6266 6268 6299 6296 6268
6300 6301 6302 6300 6303 6304 6305 6303 6300 6306 6301 6300 6303 6307 6304 6303 6300 6308 6309 6300 6303 6310 6311 6303 6300 6312 6308 6300 6303 6313 6310 6303
6300 6314 6315 6300 6303 6316 6317 6303 6300 6318 6314 6300 6303 6319 6316 6303 6300 6320 6321 6300 6303 6322 6323 6303 6300 6324 6320 6300 6303 6325 6322 6303
6300 6326 6327 6300 6303 6328 6329 6303 6300 6330 6326 6300 6303 6331 6328 6303 6300 6332 6333 6300 6303 6334 6335 6303 6300 6336 6332 6300 6303 6337 6334 6303
6300 6338 6339 6300 6303 6340 6341 6303 6300 6342 6338 6300 6303 6343 6340 6303 6300 6344 6345 6300 6303 6346 6347 6303 6300 6348 6344 6300 6303 6349 6346 6303
6300 6350 6351 6300 6303 6352 6353 6303 6300 6354 6350 6300 6303 6355 6352 6303 6300 6356 6357 6300 6303 6358 6359 6303 6300 6360 6356 6300 6303 6361 6358 6303
6300 6362 6363 6300 6303 6364 6365 6303 6366 6367 6362 6366 6368 6369 6364 6368 6366 6370 6371 6366 6368 6372 6373 6368 6366 6374 6370 6366 6368 6375 6372 6368
6366 6376 6377 6366 6368 6378 6379 6368 6366 6380 6376 6366 6368 6381 6378 6368 6366 6382 6383 6366 6368 6384 6385 6368 6366 6386 6382 6366 6368 6387 6384 6368
6366 6388 6389 6366 6368 6390 6391 6368 6366 6392 6388 6366 6368 6393 6390 6368 6366 6394 6395 6366 6368 6396 6397 6368 6366 6398 6394 6366 6368 6399 6396 6368
6400 6401 6402 6400 6403 6404 6405 6403 6400 6406 6401 6400 6403 6407 6404 6403 6400 6408 6409 6400 6403 6410 6411 6403 6400 6412 6408 6400 6403 6413 6410 6403
6400 6414 6415 6400 6403 6416 6417 6403 6400 6418 6414 6400 6403 6419 6416 6403 6400 6420 6421 6400 6403 6422 6423 6403 6400 6424 6420 6400 6403 6425 6422 6403
6400 6426 6427 6400 6403 6428 6429 6403 6400 6402 6426 6400 6403 6430 6428 6403 6400 6431 6432 6400 6403 6433 6434 6403 6400 6435 6431 6400 6403 6436 6433 6403
6400 6437 6438 6400 6403 6439 6440 6403 6400 6441 6437 6400 6403 6442 6439 6403 6400 6443 6444 6400 6403 6445 6446 6403 6400 6447 6443 6400 6403 6448 6445 6403
6400 6449 6450 6400 6403 6451 6452 6403 6400 6453 6449 6400 6403 6454 6451 6403 6400 6455 6456 6400 6403 6457 6458 6403 6400 6459 6455 6400 6403 6460 6457 6403
6400 6461 6462 6400 6403 6463 6464 6403 6465 6466 6461 6465 6403 6467 6463 6468 6465 6469 6470 6465 6468 6471 6472 6468 6465 6473 6469 6465 6468 6474 6471 6468
6465 6475 6476 6465 6468 6477 6478 6468 6465 6479 6475 6465 6468 6480 6477 6468 6465 6481 6482 6465 6468 6483 6484 6468 6465 6485 6481 6465 6468 6486 6483 6468
6465 6487 6488 6465 6468 6489 6490 6468 6465 6491 6487 6465 6468 6492 6489 6468 6465 6493 6494 6465 6468 6495 6496 6468 6465 6497 6493 6465 6468 6498 6495 6468
6499 6500 6501 6499 6502 6503 6504 6502 6499 6505 6500 6499 6502 6506 6503 6502 6499 6507 6508 6499 6502 6509 6510 6502 6499 6511 6507 6499 6502 6512 6509 6502
6499 6513 6514 6499 6502 6515 6516 6502 6499 6517 6513 6499 6502 6518 6515 6502 6499 6519 6520 6499 6502 6521 6522 6502 6499 6523 6519 6499 6502 6524 6521 6502
6499 6525 6526 6499 6502 6527 6528 6502 6499 6529 6525 6499 6502 6530 6527 6502 6499 6531 6532 6499 6502 6533 6534 6502 6499 6535 6531 6499 6502 6536 6533 6502
6499 6537 6538 6499 6502 6539 6540 6502 6499 6541 6537 6499 6502 6542 6539 6502 6499 6543 6544 6499 6502 6545 6546 6502 6499 6547 6543 6499 6502 6548 6545 6502
6499 6549 6550 6499 6502 6551 6552 6502 6499 6553 6549 6499 6502 6554 6551 6502 6499 6555 6556 6499 6502 6557 6558 6502 6499 6559 6555 6499 6502 6560 6557 6502
6499 6561 6562 6499 6502 6563 6564 6502 6565 6566 6561 6565 6567 6568 6563 6567 6565 6569 6570 6565 6567 6571 6572 6567 6565 6573 6569 6565 6567 6574 6571 6567
6565 6575 6576 6565 6567 6577 6578 6567 6565 6579 6575 6565 6567 6580 6577 6567 6565 6581 6582 6565 6567 6583 6584 6567 6565 6585 6581 6565 6567 6586 6583 6567
6565 6587 6588 6565 6567 6589 6590 6567 6565 6591 6587 6565 6567 6592 6589 6567 6565 6593 6594 6565 6567 6595 6596 6567 6565 6597 6593 6565 6567 6598 6595 6567
6599 6600 6601 6599 6602 6603 6604 6602 6599 6605 6600 6599 6602 6606 6603 6602 6599 6607 6608 6599 6602 6609 6610 6602 6599 6611 6607 6599 6602 6612 6609 6602
6599 6613 6614 6599 6602 6615 6616 6602 6599 6617 6613 6599 6602 6618 6615 6602 6599 6619 6620 6599 6602 6621 6622 6602 6599 6623 6619 6599 6602 6624 6621 6602
6599 6625 6626 6599 6602 6627 6628 6602 6599 6629 6625 6599 6602 6630 6627 6602 6599 6631 6632 6599 6602 6633 6634 6602 6599 6635 6631 6599 6602 6636 6633 6602
6599 6637 6638 6599 6602 6639 6640 6602 6599 6641 6637 6599 6602 6642 6639 6602 6599 6643 6644 6599 6602 6645 6646 6602 6599 6647 6643 6599 6602 6648 6645 6602
6599 6649 6650 6599 6602 6651 6652 6602 6599 6653 6649 6599 6602 6654 6651 6602 6599 6655 6656 6599 6602 6657 6658 6602 6599 6659 6655 6599 6602 6660 6657 6602
6599 6661 6662 6599 6602 6663 6664 6602 6665 6666 6661 6665 6667 6668 6663 6667 6665 6669 6670 6665 6667 6671 6672 6667 6665 6673 6669 6665 6667 6674 6671 6667
6665 6675 6676 6665 6667 6677 6678 6667 6665 6650 6675 6665 6667 6679 6677 6667 6665 6680 6681 6665 6667 6682 6683 6667 6665 6684 6680 6665 6667 6685 6682 6667
6665 6686 6687 6665 6667 6688 6689 6667 6665 6690 6686 6665 6667 6691 6688 6667 6665 6692 6693 6665 6667 6694 6695 6667 6665 6696 6692 6665 6667 6697 6694 6667
6698 6699 6700 6698 6701 6702 6703 6701 6698 6704 6699 6698 6701 6705 6702 6701 6698 6706 6707 6698 6701 6708 6709 6701 6698 6710 6706 6698 6701 6711 6708 6701
6698 6712 6713 6698 6701 6714 6715 6701 6698 6716 6712 6698 6701 6717 6714 6701 6698 6718 6719 6698 6701 6720 6721 6701 6698 6722 6718 6698 6701 6723 6720 6701
6698 6724 6725 6698 6701 6726 6727 6701 6698 6728 6724 6698 6701 6729 6726 6701 6698 6730 6731 6698 6701 6732 6733 6701 6698 6734 6730 6698 6701 6735 6732 6701
6698 6736 6737 6698 6701 6738 6739 6701 6698 6740 6736 6698 6701 6741 6738 6701 6698 6742 6743 6698 6701 6744 6745 6701 6698 6746 6742 6698 6701 6747 6744 6701
6698 6748 6749 6698 6701 6750 6751 6701 6698 6752 6748 6698 6701 6753 6750 6701 6698 6754 6755 6698 6701 6756 6757 6701 6698 6758 6754 6698 6701 6759 6756 6701
6698 6760 6761 6698 6701 6762 6763 6701 6764 6765 6760 6764 6766 6767 6762 6766 6764 6768 6769 6764 6766 6770 6771 6766 6764 6772 6768 6764 6766 6773 6770 6766
6764 6774 6775 6764 6766 6776 6777 6766 6764 6778 6774 6764 6766 6779 6776 6766 6764 6780 6781 6764 6766 6782 6783 6766 6764 6784 6780 6764 6766 6785 6782 6766
6764 6786 6787 6764 6766 6788 6789 6766 6764 6790 6786 6764 6766 6791 6788 6766 6764 6792 6793 6764 6766 6794 6795 6766 6764 6796 6792 6764 6766 6797 6794 6766
6798 6799 6800 6798 6801 6802 6803 6801 6798 6804 6799 6798 6801 6805 6802 6801 6798 6806 6807 6798 6801 6808 6809 6801 6798 6810 6806 6798 6801 6811 6808 6801
6798 6812 6813 6798 6801 6814 6815 6801 6798 6816 6812 6798 6801 6817 6814 6801 6798 6818 6819 6798 6801 6820 6821 6801 6798 6822 6818 6798 6801 6823 6820 6801
6798 6824 6825 6798 6801 6826 6827 6801 6798 6828 6824 6798 6801 6829 6826 6801 6798 6830 6831 6798 6801 6832 6833 6801 6798 6834 6830 6798 6801 6835 6832 6801
6798 6836 6837 6798 6801 6838 6839 6801 6798 6840 6836 6798 6801 6841 6838 6801 6798 6842 6843 6798 6801 6844 6845 6801 6798 6846 6842 6798 6801 6847 6844 6801
6798 6848 6849 6798 6801 6850 6851 6801 6798 6852 6848 6798 6801 6853 6850 6801 6798 6854 6855 6798 6801 6856 6857 6801 6798 6858 6854 6798 6801 6859 6856 6801
6798 6860 6861 6798 6801 6862 6863 6801 6864 6865 6860 6864 6866 6867 6862 6866 6864 6868 6869 6864 6866 6870 6871 6866 6864 6872 6868 6864 6866 6873 6870 6866
6864 6874 6875 6864 6866 6876 6877 6866 6864 6878 6874 6864 6866 6879 6876 6866 6864 6880 6881 6864 6866 6882 6883 6866 6864 6884 6880 6864 6866 6885 6882 6866
6864 6886 6887 6864 6866 6888 6889 6866 6864 6890 6886 6864 6866 6891 6888 6866 6864 6892 6893 6864 6866 6894 6895 6866 6864 6896 6892 6864 6866 6897 6894 6866
6898 6899 6900 6898 6901 6902 6903 6901 6898 6904 6899 6898 6901 6905 6902 6901 6898 6906 6907 6898 6901 6908 6909 6901 6898 6910 6906 6898 6901 6911 6908 6901
6898 6912 6913 6898 6901 6914 6915 6901 6898 6916 6912 6898 6901 6917 6914 6901 6898 6918 6919 6898 6901 6920 6921 6901 6898 6922 6918 6898 6901 6923 6920 6901
6898 6924 6925 6898 6901 6926 6927 6901 6898 6928 6924 6898 6901 6929 6926 6901 6898 6930 6931 6898 6901 6932 6933 6901 6898 6934 6930 6898 6901 6935 6932 6901
6898 6936 6937 6898 6901 6938 6939 6901 6898 6940 6936 6898 6901 6941 6938 6901 6898 6942 6943 6898 6901 6944 6945 6901 6898 6946 6942 6898 6901 6947 6944 6901
6898 6948 6949 6898 6901 6950 6951 6901 6898 6952 6948 6898 6901 6953 6950 6901 6898 6954 6955 6898 6901 6956 6957 6901 6898 6958 6954 6898 6901 6959 6956 6901
6898 6960 6961 6898 6901 6962 6963 6901 6964 6965 6960 6964 6966 6967 6962 6966 6964 6968 6969 6964 6966 6970 6971 6966 6964 6972 6968 6964 6966 6973 6970 6966
6964 6974 6975 6964 6966 6976 6977 6966 6964 6978 6974 6964 6966 6979 6976 6966 6964 6980 6981 6964 6966 6982 6983 6966 6964 6984 6980 6964 6966 6985 6982 6966
6964 6986 6987 6964 6966 6988 6989 6966 6964 6990 6986 6964 6966 6991 6988 6966 6964 6992 6993 6964 6966 6994 6995 6966 6964 6996 6992 6964 6966 6997 6994 6966
6998 6999 7000 6998 7001 7002 7003 7001 6998 7004 6999 6998 7001 7005 7002 7001 6998 7006 7007 6998 7001 7008 7009 7001 6998 7010 7006 6998 7001 7011 7008 7001
6998 7012 7013 6998 7001 7014 7015 7001 6998 7016 7012 6998 7001 7017 7014 7001 6998 7018 7019 6998 7001 7020 7021 7001 6998 7022 7018 6998 7001 7023 7020 7001
6998 7024 7025 6998 7001 7026 7027 7001 6998 7028 7024 6998 7001 7029 7026 7001 6998 7030 7031 6998 7001 7032 7033 7001 6998 7034 7030 6998 7001 7035 7032 7001
6998 7036 7037 6998 7001 7038 7039 7001 6998 7040 7036 6998 7001 7041 7038 7001 6998 7042 7043 6998 7001 7044 7045 7001 6998 7046 7042 6998 7001 7047 7044 7001
6998 7048 7049 6998 7001 7050 7051 7001 6998 7052 7048 6998 7001 7053 7050 7001 6998 7054 7055 6998 7001 7056 7057 7001 6998 7058 7054 6998 7001 7059 7056 7001
6998 7060 7061 6998 7001 7062 7063 7001 7064 7065 7060 7064 7066 7067 7062 7066 7064 7068 7069 7064 7066 7070 7071 7066 7064 7072 7068 7064 7066 7073 7070 7066
7064 7074 7075 7064 7066 7076 7077 7066 7064 7078 7074 7064 7066 7079 7076 7066 7064 7080 7081 7064 7066 7082 7083 7066 7064 7084 7080 7064 7066 7085 7082 7066
7064 7086 7087 7064 7066 7088 7089 7066 7064 7090 7086 7064 7066 7091 7088 7066 7064 7092 7093 7064 7066 7094 7095 7066 7064 7096 7092 7064 7066 7097 7094 7066
7098 7099 7100 7098 7101 7102 7103 7101 7098 7104 7099 7098 7101 7105 7102 7101 7098 7106 7107 7098 7101 7108 7109 7101 7098 7110 7106 7098 7101 7111 7108 7101
7098 7112 7113 7098 7101 7114 7115 7101 7098 7116 7112 7098 7101 7117 7114 7101 7098 7118 7119 7098 7101 7120 7121 7101 7098 7122 7118 7098 7101 7123 7120 7101
7098 7124 7125 7098 7101 7126 7127 7101 7098 7128 7124 7098 7101 7129 7126 7101 7098 7130 7131 7098 7101 7132 7133 7101 7098 7134 7130 7098 7101 7135 7132 7101
7098 7136 7137 7098 7101 7138 7139 7101 7098 7140 7136 7098 7101 7141 7138 7101 7098 7142 7143 7098 7101 7144 7145 7101 7098 7146 7142 7098 7101 7147 7144 7101
7098 7148 7149 7098 7101 7150 7151 7101 7098 7152 7148 7098 7101 7153 7150 7101 7098 7154 7155 7098 7101 7156 7157 7101 7098 7158 7154 7098 7101 7159 7156 7101
7098 7160 7161 7098 7101 7162 7163 7101 7164 7165 7160 7164 7166 7167 7162 7166 7164 7168 7169 7164 7166 7170 7171 7166 7164 7172 7168 7164 7166 7173 7170 7166
7164 7174 7175 7164 7166 7176 7177 7166 7164 7178 7174 7164 7166 7179 7176 7166 7164 7180 7181 7164 7166 7182 7183 7166 7164 7184 7180 7164 7166 7185 7182 7166
7164 7186 7187 7164 7166 7188 7189 7166 7164 7190 7186 7164 7166 7191 7188 7166 7164 7192 7193 7164 7166 7194 7195 7166 7164 7196 7192 7164 7166 7197 7194 7166
7198 7199 7200 7198 7201 7202 7203 7201 7198 7204 7199 7198 7201 7205 7202 7201 7198 7206 7207 7198 7201 7208 7209 7201 7198 7210 7206 7198 7201 7211 7208 7201
7198 7212 7213 7198 7201 7214 7215 7201 7198 7216 7212 7198 7201 7217 7214 7201 7198 7218 7219 7198 7201 7220 7221 7201 7198 7222 7218 7198 7201 7223 7220 7201
7198 7224 7225 7198 7201 7226 7227 7201 7198 7228 7224 7198 7201 7229 7226 7201 7198 7230 7231 7198 7201 7232 7233 7201 7198 7234 7230 7198 7201 7235 7232 7201
7198 7236 7237 7198 7201 7238 7239 7201 7198 7240 7236 7198 7201 7241 7238 7201 7198 7242 7243 7198 7201 7244 7245 7201 7198 7246 7242 7198 7201 7247 7244 7201
7198 7248 7249 7198 7201 7250 7251 7201 7198 7252 7248 7198 7201 7253 7250 7201 7198 7254 7255 7198 7201 7256 7257 7201 7198 7258 7254 7198 7201 7259 7256 7201
7198 7260 7261 7198 7201 7262 7263 7201 7264 7265 7260 7264 7266 7267 7262 7266 7264 7268 7269 7264 7266 7270 7271 7266 7264 7272 7268 7264 7266 7273 7270 7266
7264 7274 7275 7264 7266 7276 7277 7266 7264 7278 7274 7264 7266 7279 7276 7266 7264 7280 7281 7264 7266 7282 7283 7266 7264 7284 7280 7264 7266 7285 7282 7266
7264 7286 7287 7264 7266 7288 7289 7266 7264 7290 7286 7264 7266 7291 7288 7266 7264 7292 7293 7264 7266 7294 7295 7266 7264 7296 7292 7264 7266 7297 7294 7266
7298 7299 7300 7298 7301 7302 7303 7301 7298 7304 7299 7298 7301 7305 7302 7301 7298 7306 7307 7298 7301 7308 7309 7301 7298 7310 7306 7298 7301 7311 7308 7301
7298 7312 7313 7298 7301 7314 7315 7301 7298 7316 7312 7298 7301 7317 7314 7301 7298 7318 7319 7298 7301 7320 7321 7301 7298 7322 7318 7298 7301 7323 7320 7301
7298 7324 7325 7298 7301 7326 7327 7301 7298 7328 7324 7298 7301 7329 7326 7301 7298 7330 7331 7298 7301 7332 7333 7301 7298 7334 7330 7298 7301 7335 7332 7301
7298 7336 7337 7298 7301 7338 7339 7301 7298 7340 7336 7298 7301 7341 7338 7301 7298 7342 7343 7298 7301 7344 7345 7301 7298 7346 7342 7298 7301 7347 7344 7301
7298 7348 7349 7298 7301 7350 7351 7301 7298 7352 7348 7298 7301 7353 7350 7301 7298 7354 7355 7298 7301 7356 7357 7301 7298 7358 7354 7298 7301 7359 7356 7301
7298 7360 7361 7298 7301 7362 7363 7301 7364 7365 7360 7364 7366 7367 7362 7366 7364 7368 7369 7364 7366 7370 7371 7366 7364 7372 7368 7364 7366 7373 7370 7366
7364 7374 7375 7364 7366 7376 7377 7366 7364 7378 7374 7364 7366 7379 7376 7366 7364 7380 7381 7364 7366 7382 7383 7366 7364 7384 7380 7364 7366 7385 7382 7366
7364 7386 7387 7364 7366 7388 7389 7366 7364 7390 7386 7364 7366 7391 7388 7366 7364 7392 7393 7364 7366 7394 7395 7366 7364 7396 7392 7364 7366 7397 7394 7366
7398 7399 7400 7398 7401 7402 7403 7401 7398 7404 7399 7398 7401 7405 7402 7401 7398 7406 7407 7398 7401 7408 7409 7401 7398 7410 7406 7398 7401 7411 7408 7401
7398 7412 7413 7398 7401 7414 7415 7401 7398 7416 7412 7398 7401 7417 7414 7401 7398 7418 7419 7398 7401 7420 7421 7401 7398 7422 7418 7398 7401 7423 7420 7401
7398 7424 7425 7398 7401 7426 7427 7401 7398 7428 7424 7398 7401 7429 7426 7401 7398 7430 7431 7398 7401 7432 7433 7401 7398 7434 7430 7398 7401 7435 7432 7401
7398 7436 7437 7398 7401 7438 7439 7401 7398 7440 7436 7398 7401 7441 7438 7401 7398 7442 7443 7398 7401 7444 7445 7401 7398 7446 7442 7398 7401 7447 7444 7401
7398 7448 7449 7398 7401 7450 7451 7401 7398 7452 7448 7398 7401 7453 7450 7401 7398 7454 7455 7398 7401 7456 7457 7401 7398 7458 7454 7398 7401 7459 7456 7401
7398 7460 7461 7398 7401 7462 7463 7401 7464 7465 7460 7464 7466 7467 7462 7466 7464 7468 7469 7464 7466 7470 7471 7466 7464 7472 7468 7464 7466 7473 7470 7466
7464 7474 7475 7464 7466 7476 7477 7466 7464 7478 7474 7464 7466 7479 7476 7466 7464 7480 7481 7464 7466 7482 7483 7466 7464 7484 7480 7464 7466 7485 7482 7466
7464 7486 7487 7464 7466 7488 7489 7466 7464 7490 7486 7464 7466 7491 7488 7466 7464 7492 7493 7464 7466 7494 7495 7466 7464 7496 7492 7464 7466 7497 7494 7466
7498 7499 7500 7498 7501 7502 7503 7501 7498 7504 7499 7498 7501 7505 7502 7501 7498 7506 7507 7498 7501 7508 7509 7501 7498 7510 7506 7498 7501 7511 7508 7501
7498 7512 7513 7498 7501 7514 7515 7501 7498 7516 7512 7498 7501 7517 7514 7501 7498 7518 7519 7498 7501 7520 7521 7501 7498 7522 7518 7498 7501 7523 7520 7501
7498 7524 7525 7498 7501 7526 7527 7501 7498 7528 7524 7498 7501 7529 7526 7501 7498 7530 7531 7498 7501 7532 7533 7501 7498 7534 7530 7498 7501 7535 7532 7501
7498 7536 7537 7498 7501 7538 7539 7501 7498 7540 7536 7498 7501 7541 7538 7501 7498 7542 7543 7498 7501 7544 7545 7501 7498 7546 7542 7498 7501 7547 7544 7501
7498 7548 7549 7498 7501 7550 7551 7501 7498 7552 7548 7498 7501 7553 7550 7501 7498 7554 7555 7498 7501 7556 7557 7501 7498 7558 7554 7498 7501 7559 7556 7501
7498 7560 7561 7498 7501 7562 7563 7501 7564 7565 7560 7564 7566 7567 7562 7566 7564 7568 7569 7564 7566 7570 7571 7566 7564 7572 7568 7564 7566 7573 7570 7566
7564 7574 7575 7564 7566 7576 7577 7566 7564 7578 7574 7564 7566 7579 7576 7566 7564 7580 7581 7564 7566 7582 7583 7566 7564 7584 7580 7564 7566 7585 7582 7566
7564 7586 7587 7564 7566 7588 7589 7566 7564 7590 7586 7564 7566 7591 7588 7566 7564 7592 7593 7564 7566 7594 7595 7566 7564 7596 7592 7564 7566 7597 7594 7566
7598 7599 7600 7598 7601 7602 7603 7601 7598 7604 7599 7598 7601 7605 7602 7601 7598 7606 7607 7598 7601 7608 7609 7601 7598 7610 7606 7598 7601 7611 7608 7601
7598 7612 7613 7598 7601 7614 7615 7601 7598 7616 7612 7598 7601 7617 7614 7601 7598 7618 7619 7598 7601 7620 7621 7601 7598 7622 7618 7598 7601 7623 7620 7601
7598 7624 7625 7598 7601 7626 7627 7601 7598 7628 7624 7598 7601 7629 7626 7601 7598 7630 7631 7598 7601 7632 7633 7601 7598 7634 7630 7598 7601 7635 7632 7601
7598 7636 7637 7598 7601 7638 7639 7601 7598 7640 7636 7598 7601 7641 7638 7601 7598 7642 7643 7598 7601 7644 7645 7601 7598 7646 7642 7598 7601 7647 7644 7601
7598 7648 7649 7598 7601 7650 7651 7601 7598 7625 7648 7598 7601 7652 7650 7601 7598 7653 7654 7598 7601 7655 7656 7601 7598 7657 7653 7598 7601 7658 7655 7601
7598 7659 7660 7598 7601 7661 7662 7601 7663 7664 7659 7663 7601 7665 7661 7666 7663 7667 7668 7663 7666 7669 7670 7666 7663 7671 7667 7663 7666 7672 7669 7666
7663 7673 7674 7663 7666 7675 7676 7666 7663 7677 7673 7663 7666 7678 7675 7666 7663 7679 7680 7663 7666 7681 7682 7666 7663 7683 7679 7663 7666 7684 7681 7666
7663 7685 7686 7663 7666 7687 7688 7666 7663 7689 7685 7663 7666 7690 7687 7666 7663 7691 7692 7663 7666 7693 7694 7666 7663 7695 7691 7663 7666 7696 7693 7666
7697 7698 7699 7697 7700 7701 7702 7700 7697 7703 7698 7697 7700 7704 7701 7700 7697 7705 7706 7697 7700 7707 7708 7700 7697 7709 7705 7697 7700 7710 7707 7700
7697 7711 7712 7697 7700 7713 7714 7700 7697 7715 7711 7697 7700 7716 7713 7700 7697 7717 7718 7697 7700 7719 7720 7700 7697 7721 7717 7697 7700 7722 7719 7700
7697 7723 7724 7697 7700 7725 7726 7700 7697 7727 7723 7697 7700 7728 7725 7700 7697 7729 7730 7697 7700 7731 7732 7700 7697 7733 7729 7697 7700 7734 7731 7700
7697 7735 7736 7697 7700 7737 7738 7700 7697 7739 7735 7697 7700 7740 7737 7700 7697 7741 7742 7697 7700 7743 7744 7700 7697 7745 7741 7697 7700 7720 7743 7700
7697 7746 7747 7697 7700 7748 7749 7700 7697 7750 7746 7697 7700 7751 7748 7700 7697 7752 7753 7697 7700 7754 7755 7700 7697 7756 7752 7697 7700 7757 7754 7700
7697 7758 7759 7697 7700 7760 7761 7700 7762 7763 7758 7762 7700 7764 7760 7765 7762 7766 7767 7762 7765 7768 7769 7765 7762 7770 7766 7762 7765 7771 7768 7765
7762 7772 7773 7762 7765 7774 7775 7765 7762 7776 7772 7762 7765 7777 7774 7765 7762 7778 7779 7762 7765 7780 7781 7765 7762 7782 7778 7762 7765 7783 7780 7765
7762 7784 7785 7762 7765 7786 7787 7765 7762 7788 7784 7762 7765 7789 7786 7765 7762 7790 7791 7762 7765 7792 7793 7765 7762 7794 7790 7762 7765 7795 7792 7765
7796 7797 7798 7796 7799 7800 7801 7799 7796 7802 7797 7796 7799 7803 7800 7799 7796 7804 7805 7796 7799 7806 7807 7799 7796 7808 7804 7796 7799 7809 7806 7799
7796 7810 7811 7796 7799 7812 7813 7799 7796 7814 7810 7796 7799 7815 7812 7799 7796 7816 7817 7796 7799 7818 7819 7799 7796 7820 7816 7796 7799 7821 7818 7799
7796 7822 7823 7796 7799 7824 7825 7799 7796 7826 7822 7796 7799 7827 7824 7799 7796 7828 7829 7796 7799 7830 7831 7799 7796 7832 7828 7796 7799 7833 7830 7799
7796 7834 7835 7796 7799 7836 7837 7799 7796 7838 7834 7796 7799 7839 7836 7799 7796 7840 7841 7796 7799 7842 7843 7799 7796 7844 7840 7796 7799 7845 7842 7799
7796 7846 7847 7796 7799 7848 7849 7799 7796 7850 7846 7796 7799 7851 7848 7799 7796 7852 7853 7796 7799 7854 7855 7799 7796 7856 7852 7796 7799 7857 7854 7799
7796 7858 7859 7796 7799 7860 7861 7799 7862 7863 7858 7862 7864 7865 7860 7864 7862 7866 7867 7862 7864 7868 7869 7864 7862 7870 7866 7862 7864 7871 7868 7864
7862 7872 7873 7862 7864 7874 7875 7864 7862 7876 7872 7862 7864 7877 7874 7864 7862 7878 7879 7862 7864 7880 7881 7864 7862 7882 7878 7862 7864 7883 7880 7864
7862 7884 7885 7862 7864 7886 7887 7864 7862 7888 7884 7862 7864 7889 7886 7864 7862 7890 7891 7862 7864 7892 7893 7864 7862 7894 7890 7862 7864 7895 7892 7864
7896 7897 7898 7896 7899 7900 7901 7899 7896 7902 7897 7896 7899 7903 7900 7899 7896 7904 7905 7896 7899 7906 7907 7899 7896 7908 7904 7896 7899 7909 7906 7899
7896 7910 7911 7896 7899 7912 7913 7899 7896 7914 7910 7896 7899 7915 7912 7899 7896 7916 7917 7896 7899 7918 7919 7899 7896 7920 7916 7896 7899 7921 7918 7899
7896 7922 7923 7896 7899 7924 7925 7899 7896 7926 7922 7896 7899 7927 7924 7899 7896 7928 7929 7896 7899 7930 7931 7899 7896 7932 7928 7896 7899 7933 7930 7899
7896 7934 7935 7896 7899 7936 7937 7899 7896 7938 7934 7896 7899 7939 7936 7899 7896 7940 7941 7896 7899 7942 7943 7899 7896 7944 7940 7896 7899 7945 7942 7899
7896 7946 7947 7896 7899 7948 7949 7899 7896 7950 7946 7896 7899 7951 7948 7899 7896 7952 7953 7896 7899 7954 7955 7899 7896 7956 7952 7896 7899 7957 7954 7899
7896 7958 7959 7896 7899 7960 7961 7899 7962 7963 7958 7962 7964 7965 7960 7964 7962 7966 7967 7962 7964 7968 7969 7964 7962 7970 7966 7962 7964 7971 7968 7964
7962 7972 7973 7962 7964 7974 7975 7964 7962 7976 7972 7962 7964 7977 7974 7964 7962 7978 7979 7962 7964 7980 7981 7964 7962 7982 7978 7962 7964 7983 7980 7964
7962 7984 7985 7962 7964 7986 7987 7964 7962 7988 7984 7962 7964 7989 7986 7964 7962 7990 7991 7962 7964 7992 7993 7964 7962 7994 7990 7962 7964 7995 7992 7964
7996 7997 7998 7996 7999 8000 8001 7999 7996 8002 7997 7996 7999 8003 8000 7999 7996 8004 8005 7996 7999 8006 8007 7999 7996 8008 8004 7996 7999 8009 8006 7999
7996 8010 8011 7996 7999 8012 8013 7999 7996 8014 8010 7996 7999 8015 8012 7999 7996 8016 8017 7996 7999 8018 8019 7999 7996 8020 8016 7996 7999 8021 8018 7999
7996 8022 8023 7996 7999 8024 8025 7999 7996 8026 8022 7996 7999 8027 8024 7999 7996 8028 8029 7996 7999 8030 8031 7999 7996 8032 8028 7996 7999 8033 8030 7999
7996 8034 8035 7996 7999 8036 8037 7999 7996 8038 8034 7996 7999 8039 8036 7999 7996 8040 8041 7996 7999 8042 8043 7999 7996 8044 8040 7996 7999 8045 8042 7999
7996 8046 8047 7996 7999 8048 8049 7999 7996 8050 8046 7996 7999 8051 8048 7999 7996 8052 8053 7996 7999 8054 8055 7999 7996 8056 8052 7996 7999 8057 8054 7999
7996 8058 8059 7996 7999 8060 8061 7999 8062 8063 8058 8062 8064 8065 8060 8064 8062 8066 8067 8062 8064 8068 8069 8064 8062 8070 8066 8062 8064 8071 8068 8064
8062 8072 8073 8062 8064 8074 8075 8064 8062 8076 8072 8062 8064 8077 8074 8064 8062 8078 8079 8062 8064 8080 8081 8064 8062 8082 8078 8062 8064 8083 8080 8064
8062 8084 8085 8062 8064 8086 8087 8064 8062 8088 8084 8062 8064 8089 8086 8064 8062 8090 8091 8062 8064 8092 8093 8064 8062 8094 8090 8062 8064 8095 8092 8064
8096 8097 8098 8096 8099 8100 8101 8099 8096 8102 8097 8096 8099 8103 8100 8099 8096 8104 8105 8096 8099 8106 8107 8099 8096 8108 8104 8096 8099 8109 8106 8099
8096 8110 8111 8096 8099 8112 8113 8099 8096 8114 8110 8096 8099 8115 8112 8099 8096 8116 8117 8096 8099 8118 8119 8099 8096 8120 8116 8096 8099 8121 8118 8099
8096 8122 8123 8096 8099 8124 8125 8099 8096 8126 8122 8096 8099 8127 8124 8099 8096 8128 8129 8096 8099 8130 8131 8099 8096 8132 8128 8096 8099 8133 8130 8099
8096 8134 8135 8096 8099 8136 8137 8099 8096 8138 8134 8096 8099 8139 8136 8099 8096 8140 8141 8096 8099 8142 8143 8099 8096 8144 8140 8096 8099 8145 8142 8099
8096 8146 8147 8096 8099 8148 8149 8099 8096 8150 8146 8096 8099 8151 8148 8099 8096 8152 8153 8096 8099 8154 8155 8099 8096 8156 8152 8096 8099 8157 8154 8099
8096 8158 8159 8096 8099 8160 8161 8099 8162 8163 8158 8162 8164 8165 8160 8164 8162 8166 8167 8162 8164 8168 8169 8164 8162 8170 8166 8162 8164 8171 8168 8164
8162 8172 8173 8162 8164 8174 8175 8164 8162 8176 8172 8162 8164 8177 8174 8164 8162 8178 8179 8162 8164 8180 8181 8164 8162 8182 8178 8162 8164 8183 8180 8164
8162 8184 8185 8162 8164 8186 8187 8164 8162 8188 8184 8162 8164 8189 8186 8164 8162 8190 8191 8162 8164 8192 8193 8164 8162 8194 8190 8162 8164 8195 8192 8164
8196 8197 8198 8196 8199 8200 8201 8199 8196 8202 8197 8196 8199 8203 8200 8199 8196 8204 8205 8196 8199 8206 8207 8199 8196 8208 8204 8196 8199 8209 8206 8199
8196 8210 8211 8196 8199 8212 8213 8199 8196 8214 8210 8196 8199 8215 8212 8199 8196 8216 8217 8196 8199 8218 8219 8199 8196 8220 8216 8196 8199 8221 8218 8199
8196 8222 8223 8196 8199 8224 8225 8199 8196 8226 8222 8196 8199 8227 8224 8199 8196 8228 8229 8196 8199 8230 8231 8199 8196 8232 8228 8196 8199 8233 8230 8199
8196 8234 8235 8196 8199 8236 8237 8199 8196 8238 8234 8196 8199 8239 8236 8199 8196 8240 8241 8196 8199 8242 8243 8199 8196 8244 8240 8196 8199 8245 8242 8199
8196 8246 8247 8196 8199 8248 8249 8199 8196 8250 8246 8196 8199 8251 8248 8199 8196 8252 8253 8196 8199 8254 8255 8199 8196 8256 8252 8196 8199 8257 8254 8199
8196 8258 8259 8196 8199 8260 8261 8199 8262 8263 8258 8262 8264 8265 8260 8264 8262 8266 8267 8262 8264 8268 8269 8264 8262 8270 8266 8262 8264 8271 8268 8264
8262 8272 8273 8262 8264 8274 8275 8264 8262 8276 8272 8262 8264 8277 8274 8264 8262 8278 8279 8262 8264 8280 8281 8264 8262 8282 8278 8262 8264 8283 8280 8264
8262 8284 8285 8262 8264 8286 8287 8264 8262 8288 8284 8262 8264 8289 8286 8264 8262 8290 8291 8262 8264 8292 8293 8264 8262 8294 8290 8262 8264 8295 8292 8264
8296 8297 8298 8296 8299 8300 8301 8299 8296 8302 8297 8296 8299 8303 8300 8299 8296 8304 8305 8296 8299 8306 8307 8299 8296 8308 8304 8296 8299 8309 8306 8299
8296 8310 8311 8296 8299 8312 8313 8299 8296 8314 8310 8296 8299 8315 8312 8299 8296 8316 8317 8296 8299 8318 8319 8299 8296 8320 8316 8296 8299 8321 8318 8299
8296 8322 8323 8296 8299 8324 8325 8299 8296 8326 8322 8296 8299 8327 8324 8299 8296 8328 8329 8296 8299 8330 8331 8299 8296 8332 8328 8296 8299 8333 8330 8299
8296 8334 8335 8296 8299 8336 8337 8299 8296 8338 8334 8296 8299 8339 8336 8299 8296 8340 8341 8296 8299 8342 8343 8299 8296 8344 8340 8296 8299 8345 8342 8299
8296 8346 8347 8296 8299 8348 8349 8299 8296 8350 8346 8296 8299 8351 8348 8299 8296 8352 8353 8296 8299 8354 8355 8299 8296 8356 8352 8296 8299 8357 8354 8299
8296 8358 8359 8296 8299 8360 8361 8299 8362 8363 8358 8362 8364 8365 8360 8364 8362 8366 8367 8362 8364 8368 8369 8364 8362 8370 8366 8362 8364 8371 8368 8364
8362 8372 8373 8362 8364 8374 8375 8364 8362 8376 8372 8362 8364 8377 8374 8364 8362 8378 8379 8362 8364 8380 8381 8364 8362 8382 8378 8362 8364 8383 8380 8364
8362 8384 8385 8362 8364 8386 8387 8364 8362 8388 8384 8362 8364 8389 8386 8364 8362 8390 8391 8362 8364 8392 8393 8364 8362 8394 8390 8362 8364 8395 8392 8364
8396 8397 8398 8396 8399 8400 8401 8399 8396 8402 8397 8396 8399 8403 8400 8399 8396 8404 8405 8396 8399 8406 8407 8399 8396 8408 8404 8396 8399 8409 8406 8399
8396 8410 8411 8396 8399 8412 8413 8399 8396 8414 8410 8396 8399 8415 8412 8399 8396 8416 8417 8396 8399 8418 8419 8399 8396 8420 8416 8396 8399 8421 8418 8399
8396 8422 8423 8396 8399 8424 8425 8399 8396 8426 8422 8396 8399 8427 8424 8399 8396 8428 8429 8396 8399 8430 8431 8399 8396 8432 8428 8396 8399 8433 8430 8399
8396 8434 8435 8396 8399 8436 8437 8399 8396 8438 8434 8396 8399 8439 8436 8399 8396 8440 8441 8396 8399 8442 8443 8399 8396 8444 8440 8396 8399 8445 8442 8399
8396 8446 8447 8396 8399 8448 8449 8399 8396 8450 8446 8396 8399 8451 8448 8399 8396 8452 8453 8396 8399 8454 8455 8399 8396 8456 8452 8396 8399 8457 8454 8399
8396 8458 8459 8396 8399 8460 8461 8399 8462 8463 8458 8462 8464 8465 8460 8464 8462 8466 8467 8462 8464 8468 8469 8464 8462 8470 8466 8462 8464 8471 8468 8464
8462 8472 8473 8462 8464 8474 8475 8464 8462 8476 8472 8462 8464 8477 8474 8464 8462 8478 8479 8462 8464 8480 8481 8464 8462 8482 8478 8462 8464 8483 8480 8464
8462 8484 8485 8462 8464 8486 8487 8464 8462 8488 8484 8462 8464 8489 8486 8464 8462 8490 8491 8462 8464 8492 8493 8464 8462 8494 8490 8462 8464 8495 8492 8464
8496 8497 8498 8496 8499 8500 8501 8499 8496 8502 8497 8496 8499 8503 8500 8499 8496 8504 8505 8496 8499 8506 8507 8499 8496 8508 8504 8496 8499 8509 8506 8499
8496 8510 8511 8496 8499 8512 8513 8499 8496 8514 8510 8496 8499 8515 8512 8499 8496 8516 8517 8496 8499 8518 8519 8499 8496 8520 8516 8496 8499 8521 8518 8499
8496 8522 8523 8496 8499 8524 8525 8499 8496 8526 8522 8496 8499 8527 8524 8499 8496 8528 8529 8496 8499 8530 8531 8499 8496 8532 8528 8496 8499 8533 8530 8499
8496 8534 8535 8496 8499 8536 8537 8499 8496 8538 8534 8496 8499 8539 8536 8499 8496 8540 8541 8496 8499 8542 8543 8499 8496 8544 8540 8496 8499 8545 8542 8499
8496 8546 8547 8496 8499 8548 8549 8499 8496 8523 8546 8496 8499 8550 8548 8499 8496 8551 8552 8496 8499 8553 8554 8499 8496 8555 8551 8496 8499 8556 8553 8499
8496 8557 8558 8496 8499 8559 8560 8499 8561 8562 8557 8561 8499 8563 8559 8564 8561 8565 8566 8561 8564 8567 8568 8564 8561 8569 8565 8561 8564 8570 8567 8564
8561 8571 8572 8561 8564 8573 8574 8564 8561 8575 8571 8561 8564 8576 8573 8564 8561 8577 8578 8561 8564 8579 8580 8564 8561 8581 8577 8561 8564 8582 8579 8564
8561 8583 8584 8561 8564 8585 8586 8564 8561 8587 8583 8561 8564 8588 8585 8564 8561 8589 8590 8561 8564 8591 8592 8564 8561 8593 8589 8561 8564 8594 8591 8564
8595 8596 8597 8595 8598 8599 8600 8598 8595 8601 8596 8595 8598 8602 8599 8598 8595 8603 8604 8595 8598 8605 8606 8598 8595 8607 8603 8595 8598 8608 8605 8598
8595 8609 8610 8595 8598 8611 8612 8598 8595 8613 8609 8595 8598 8614 8611 8598 8595 8615 8616 8595 8598 8617 8618 8598 8595 8619 8615 8595 8598 8620 8617 8598
8595 8621 8622 8595 8598 8623 8624 8598 8595 8625 8621 8595 8598 8626 8623 8598 8595 8627 8628 8595 8598 8629 8630 8598 8595 8631 8627 8595 8598 8632 8629 8598
8595 8633 8634 8595 8598 8635 8636 8598 8595 8637 8633 8595 8598 8638 8635 8598 8595 8639 8640 8595 8598 8641 8642 8598 8595 8643 8639 8595 8598 8618 8641 8598
8595 8644 8645 8595 8598 8646 8647 8598 8595 8648 8644 8595 8598 8649 8646 8598 8595 8650 8651 8595 8598 8652 8653 8598 8595 8654 8650 8595 8598 8655 8652 8598
8595 8656 8657 8595 8598 8658 8659 8598 8660 8661 8656 8660 8598 8662 8658 8663 8660 8664 8665 8660 8663 8666 8667 8663 8660 8668 8664 8660 8663 8669 8666 8663
8660 8670 8671 8660 8663 8672 8673 8663 8660 8674 8670 8660 8663 8675 8672 8663 8660 8676 8677 8660 8663 8678 8679 8663 8660 8680 8676 8660 8663 8681 8678 8663
8660 8682 8683 8660 8663 8684 8685 8663 8660 8686 8682 8660 8663 8687 8684 8663 8660 8688 8689 8660 8663 8690 8691 8663 8660 8692 8688 8660 8663 8667 8690 8663
8693 8694 8695 8693 8696 8697 8698 8696 8693 8699 8694 8693 8696 8700 8697 8696 8693 8701 8702 8693 8696 8703 8704 8696 8693 8705 8701 8693 8696 8706 8703 8696
8693 8707 8708 8693 8696 8709 8710 8696 8693 8711 8707 8693 8696 8712 8709 8696 8693 8713 8714 8693 8696 8715 8716 8696 8693 8717 8713 8693 8696 8718 8715 8696
8693 8719 8720 8693 8696 8721 8722 8696 8693 8723 8719 8693 8696 8724 8721 8696 8693 8725 8726 8693 8696 8727 8728 8696 8693 8729 8725 8693 8696 8730 8727 8696
8693 8731 8732 8693 8696 8733 8734 8696 8693 8735 8731 8693 8696 8736 8733 8696 8693 8737 8738 8693 8696 8739 8740 8696 8693 8741 8737 8693 8696 8742 8739 8696
8693 8743 8744 8693 8696 8745 8746 8696 8693 8747 8743 8693 8696 8748 8745 8696 8693 8749 8750 8693 8696 8751 8752 8696 8693 8753 8749 8693 8696 8754 8751 8696
8693 8755 8756 8693 8696 8757 8758 8696 8759 8760 8755 8759 8761 8762 8757 8761 8759 8763 8764 8759 8761 8765 8766 8761 8759 8767 8763 8759 8761 8768 8765 8761
8759 8769 8770 8759 8761 8771 8772 8761 8759 8773 8769 8759 8761 8774 8771 8761 8759 8775 8776 8759 8761 8777 8778 8761 8759 8779 8775 8759 8761 8780 8777 8761
8759 8781 8782 8759 8761 8783 8784 8761 8759 8785 8781 8759 8761 8786 8783 8761 8759 8787 8788 8759 8761 8789 8790 8761 8759 8791 8787 8759 8761 8792 8789 8761
8793 8794 8795 8793 8796 8797 8798 8796 8793 8799 8794 8793 8796 8800 8797 8796 8793 8801 8802 8793 8796 8803 8804 8796 8793 8805 8801 8793 8796 8806 8803 8796
8793 8807 8808 8793 8796 8809 8810 8796 8793 8811 8807 8793 8796 8812 8809 8796 8793 8813 8814 8793 8796 8815 8816 8796 8793 8817 8813 8793 8796 8818 8815 8796
8793 8819 8820 8793 8796 8821 8822 8796 8793 8823 8819 8793 8796 8824 8821 8796 8793 8825 8826 8793 8796 8827 8828 8796 8793 8829 8825 8793 8796 8830 8827 8796
8793 8831 8832 8793 8796 8833 8834 8796 8793 8835 8831 8793 8796 8836 8833 8796 8793 8837 8838 8793 8796 8839 8840 8796 8793 8841 8837 8793 8796 8842 8839 8796
8793 8843 8844 8793 8796 8845 8846 8796 8793 8847 8843 8793 8796 8848 8845 8796 8793 8849 8850 8793 8796 8851 8852 8796 8793 8853 8849 8793 8796 8854 8851 8796
8793 8855 8856 8793 8796 8857 8858 8796 8859 8860 8855 8859 8861 8862 8857 8861 8859 8863 8864 8859 8861 8865 8866 8861 8859 8867 8863 8859 8861 8868 8865 8861
8859 8869 8870 8859 8861 8871 8872 8861 8859 8873 8869 8859 8861 8874 8871 8861 8859 8875 8876 8859 8861 8877 8878 8861 8859 8879 8875 8859 8861 8880 8877 8861
8859 8881 8882 8859 8861 8883 8884 8861 8859 8885 8881 8859 8861 8886 8883 8861 8859 8887 8888 8859 8861 8889 8890 8861 8859 8891 8887 8859 8861 8892 8889 8861
8893 8894 8895 8893 8896 8897 8898 8896 8893 8899 8894 8893 8896 8900 8897 8896 8893 8901 8902 8893 8896 8903 8904 8896 8893 8905 8901 8893 8896 8906 8903 8896
8893 8907 8908 8893 8896 8909 8910 8896 8893 8911 8907 8893 8896 8912 8909 8896 8893 8913 8914 8893 8896 8915 8916 8896 8893 8917 8913 8893 8896 8918 8915 8896
8893 8919 8920 8893 8896 8921 8922 8896 8893 8923 8919 8893 8896 8924 8921 8896 8893 8925 8926 8893 8896 8927 8928 8896 8893 8929 8925 8893 8896 8930 8927 8896
8893 8931 8932 8893 8896 8933 8934 8896 8893 8935 8931 8893 8896 8936 8933 8896 8893 8937 8938 8893 8896 8939 8940 8896 8893 8941 8937 8893 8896 8942 8939 8896
8893 8943 8944 8893 8896 8945 8946 8896 8893 8947 8943 8893 8896 8948 8945 8896 8893 8949 8950 8893 8896 8951 8952 8896 8893 8953 8949 8893 8896 8954 8951 8896
8893 8955 8956 8893 8896 8957 8958 8896 8959 8960 8955 8959 8961 8962 8957 8961 8959 8963 8964 8959 8961 8965 8966 8961 8959 8967 8963 8959 8961 8968 8965 8961
8959 8969 8970 8959 8961 8971 8972 8961 8959 8973 8969 8959 8961 8974 8971 8961 8959 8975 8976 8959 8961 8977 8978 8961 8959 8979 8975 8959 8961 8980 8977 8961
8959 8981 8982 8959 8961 8983 8984 8961 8959 8985 8981 8959 8961 8986 8983 8961 8959 8987 8988 8959 8961 8989 8990 8961 8959 8991 8987 8959 8961 8992 8989 8961
8993 8994 8995 8993 8996 8997 8998 8996 8993 8999 8994 8993 8996 9000 8997 8996 8993 9001 9002 8993 8996 9003 9004 8996 8993 9005 9001 8993 8996 9006 9003 8996
8993 9007 9008 8993 8996 9009 9010 8996 8993 9011 9007 8993 8996 9012 9009 8996 8993 9013 9014 8993 8996 9015 9016 8996 8993 9017 9013 8993 8996 9018 9015 8996
8993 9019 9020 8993 8996 9021 9022 8996 8993 9023 9019 8993 8996 9024 9021 8996 8993 9025 9026 8993 8996 9027 9028 8996 8993 9029 9025 8993 8996 9030 9027 8996
8993 9031 9032 8993 8996 9033 9034 8996 8993 9035 9031 8993 8996 9036 9033 8996 8993 9037 9038 8993 8996 9039 9040 8996 8993 9041 9037 8993 8996 9042 9039 8996
8993 9043 9044 8993 8996 9045 9046 8996 8993 9047 9043 8993 8996 9048 9045 8996 8993 9049 9050 8993 8996 9051 9052 8996 8993 9053 9049 8993 8996 9054 9051 8996
8993 9055 9056 8993 8996 9057 9058 8996 9059 9060 9055 9059 9061 9062 9057 9061 9059 9063 9064 9059 9061 9065 9066 9061 9059 9067 9063 9059 9061 9068 9065 9061
9059 9069 9070 9059 9061 9071 9072 9061 9059 9073 9069 9059 9061 9074 9071 9061 9059 9075 9076 9059 9061 9077 9078 9061 9059 9079 9075 9059 9061 9080 9077 9061
9059 9081 9082 9059 9061 9083 9084 9061 9059 9085 9081 9059 9061 9086 9083 9061 9059 9087 9088 9059 9061 9089 9090 9061 9059 9091 9087 9059 9061 9092 9089 9061
9093 9094 9095 9093 9096 9097 9098 9096 9093 9099 9094 9093 9096 9100 9097 9096 9093 9101 9102 9093 9096 9103 9104 9096 9093 9105 9101 9093 9096 9106 9103 9096
9093 9107 9108 9093 9096 9109 9110 9096 9093 9111 9107 9093 9096 9112 9109 9096 9093 9113 9114 9093 9096 9115 9116 9096 9093 9117 9113 9093 9096 9118 9115 9096
9093 9119 9120 9093 9096 9121 9122 9096 9093 9123 9119 9093 9096 9124 9121 9096 9093 9125 9126 9093 9096 9127 9128 9096 9093 9129 9125 9093 9096 9130 9127 9096
9093 9131 9132 9093 9096 9133 9134 9096 9093 9135 9131 9093 9096 9136 9133 9096 9093 9137 9138 9093 9096 9139 9140 9096 9093 9141 9137 9093 9096 9142 9139 9096
9093 9143 9144 9093 9096 9145 9146 9096 9093 9147 9143 9093 9096 9148 9145 9096 9093 9149 9150 9093 9096 9151 9152 9096 9093 9153 9149 9093 9096 9154 9151 9096
9093 9155 9156 9093 9096 9157 9158 9096 9159 9160 9155 9159 9161 9162 9157 9161 9159 9163 9164 9159 9161 9165 9166 9161 9159 9167 9163 9159 9161 9168 9165 9161
9159 9169 9170 9159 9161 9171 9172 9161 9159 9173 9169 9159 9161 9174 9171 9161 9159 9175 9176 9159 9161 9177 9178 9161 9159 9179 9175 9159 9161 9180 9177 9161
9159 9181 9182 9159 9161 9183 9184 9161 9159 9185 9181 9159 9161 9186 9183 9161 9159 9187 9188 9159 9161 9189 9190 9161 9159 9191 9187 9159 9161 9166 9189 9161
9192 9193 9194 9192 9195 9196 9197 9195 9192 9198 9193 9192 9195 9199 9196 9195 9192 9200 9201 9192 9195 9202 9203 9195 9192 9204 9200 9192 9195 9205 9202 9195
9192 9206 9207 9192 9195 9208 9209 9195 9192 9210 9206 9192 9195 9211 9208 9195 9192 9212 9213 9192 9195 9214 9215 9195 9192 9216 9212 9192 9195 9217 9214 9195
9192 9218 9219 9192 9195 9220 9221 9195 9192 9222 9218 9192 9195 9223 9220 9195 9192 9224 9225 9192 9195 9226 9227 9195 9192 9228 9224 9192 9195 9229 9226 9195
9192 9230 9231 9192 9195 9232 9233 9195 9192 9234 9230 9192 9195 9235 9232 9195 9192 9236 9237 9192 9195 9238 9239 9195 9192 9240 9236 9192 9195 9241 9238 9195
9192 9242 9243 9192 9195 9244 9245 9195 9192 9246 9242 9192 9195 9247 9244 9195 9192 9248 9249 9192 9195 9250 9251 9195 9192 9252 9248 9192 9195 9253 9250 9195
9192 9254 9255 9192 9195 9256 9257 9195 9258 9259 9254 9258 9260 9261 9256 9260 9258 9262 9263 9258 9260 9264 9265 9260 9258 9266 9262 9258 9260 9267 9264 9260
9258 9268 9269 9258 9260 9270 9271 9260 9258 9272 9268 9258 9260 9273 9270 9260 9258 9274 9275 9258 9260 9276 9277 9260 9258 9278 9274 9258 9260 9279 9276 9260
9258 9280 9281 9258 9260 9282 9283 9260 9258 9284 9280 9258 9260 9285 9282 9260 9258 9286 9287 9258 9260 9288 9289 9260 9258 9290 9286 9258 9260 9291 9288 9260
9292 9293 9294 9292 9295 9296 9297 9295 9292 9298 9293 9292 9295 9299 9296 9295 9292 9300 9301 9292 9295 9302 9303 9295 9292 9304 9300 9292 9295 9305 9302 9295
9292 9306 9307 9292 9295 9308 9309 9295 9292 9310 9306 9292 9295 9311 9308 9295 9292 9312 9313 9292 9295 9314 9315 9295 9292 9316 9312 9292 9295 9317 9314 9295
9292 9318 9319 9292 9295 9320 9321 9295 9292 9322 9318 9292 9295 9323 9320 9295 9292 9324 9325 9292 9295 9326 9327 9295 9292 9328 9324 9292 9295 9329 9326 9295
9292 9330 9331 9292 9295 9332 9333 9295 9292 9334 9330 9292 9295 9335 9332 9295 9292 9336 9337 9292 9295 9338 9339 9295 9292 9340 9336 9292 9295 9341 9338 9295
9292 9342 9343 9292 9295 9344 9345 9295 9292 9346 9342 9292 9295 9347 9344 9295 9292 9348 9349 9292 9295 9350 9351 9295 9292 9352 9348 9292 9295 9353 9350 9295
9292 9354 9355 9292 9295 9356 9357 9295 9358 9359 9354 9358 9360 9361 9356 9360 9358 9362 9363 9358 9360 9364 9365 9360 9358 9366 9362 9358 9360 9367 9364 9360
9358 9368 9369 9358 9360 9370 9371 9360 9358 9372 9368 9358 9360 9373 9370 9360 9358 9374 9375 9358 9360 9376 9377 9360 9358 9378 9374 9358 9360 9379 9376 9360
9358 9380 9381 9358 9360 9382 9383 9360 9358 9384 9380 9358 9360 9385 9382 9360 9358 9386 9387 9358 9360 9388 9389 9360 9358 9390 9386 9358 9360 9391 9388 9360
9392 9393 9394 9392 9395 9396 9397 9395 9392 9398 9393 9392 9395 9399 9396 9395 9392 9400 9401 9392 9395 9402 9403 9395 9392 9404 9400 9392 9395 9405 9402 9395
9392 9406 9407 9392 9395 9408 9409 9395 9392 9410 9406 9392 9395 9411 9408 9395 9392 9412 9413 9392 9395 9414 9415 9395 9392 9416 9412 9392 9395 9417 9414 9395
9392 9418 9419 9392 9395 9420 9421 9395 9392 9422 9418 9392 9395 9423 9420 9395 9392 9424 9425 9392 9395 9426 9427 9395 9392 9428 9424 9392 9395 9429 9426 9395
9392 9430 9431 9392 9395 9432 9433 9395 9392 9434 9430 9392 9395 9435 9432 9395 9392 9436 9437 9392 9395 9438 9439 9395 9392 9440 9436 9392 9395 9441 9438 9395
9392 9442 9443 9392 9395 9444 9445 9395 9392 9446 9442 9392 9395 9447 9444 9395 9392 9448 9449 9392 9395 9450 9451 9395 9392 9452 9448 9392 9395 9453 9450 9395
9392 9454 9455 9392 9395 9456 9457 9395 9458 9459 9454 9458 9460 9461 9456 9460 9458 9462 9463 9458 9460 9464 9465 9460 9458 9466 9462 9458 9460 9467 9464 9460
9458 9468 9469 9458 9460 9470 9471 9460 9458 9472 9468 9458 9460 9473 9470 9460 9458 9474 9475 9458 9460 9476 9477 9460 9458 9478 9474 9458 9460 9479 9476 9460
9458 9480 9481 9458 9460 9482 9483 9460 9458 9484 9480 9458 9460 9485 9482 9460 9458 9486 9487 9458 9460 9488 9489 9460 9458 9490 9486 9458 9460 9491 9488 9460
9492 9493 9494 9492 9495 9496 9497 9495 9492 9498 9493 9492 9495 9499 9496 9495 9492 9500 9501 9492 9495 9502 9503 9495 9492 9504 9500 9492 9495 9505 9502 9495
9492 9506 9507 9492 9495 9508 9509 9495 9492 9510 9506 9492 9495 9511 9508 9495 9492 9512 9513 9492 9495 9514 9515 9495 9492 9516 9512 9492 9495 9517 9514 9495
9492 9518 9519 9492 9495 9520 9521 9495 9492 9522 9518 9492 9495 9523 9520 9495 9492 9524 9525 9492 9495 9526 9527 9495 9492 9528 9524 9492 9495 9529 9526 9495
9492 9530 9531 9492 9495 9532 9533 9495 9492 9534 9530 9492 9495 9535 9532 9495 9492 9536 9537 9492 9495 9538 9539 9495 9492 9540 9536 9492 9495 9541 9538 9495
9492 9542 9543 9492 9495 9544 9545 9495 9492 9546 9542 9492 9495 9547 9544 9495 9492 9548 9549 9492 9495 9550 9551 9495 9492 9552 9548 9492 9495 9553 9550 9495
9492 9554 9555 9492 9495 9556 9557 9495 9558 9559 9554 9558 9560 9561 9556 9560 9558 9562 9563 9558 9560 9564 9565 9560 9558 9566 9562 9558 9560 9567 9564 9560
9558 9568 9569 9558 9560 9570 9571 9560 9558 9572 9568 9558 9560 9573 9570 9560 9558 9574 9575 9558 9560 9576 9577 9560 9558 9578 9574 9558 9560 9579 9576 9560
9558 9580 9581 9558 9560 9582 9583 9560 9558 9584 9580 9558 9560 9585 9582 9560 9558 9586 9587 9558 9560 9588 9589 9560 9558 9590 9586 9558 9560 9591 9588 9560
9592 9593 9594 9592 9595 9596 9597 9595 9592 9598 9593 9592 9595 9599 9596 9595 9592 9600 9601 9592 9595 9602 9603 9595 9592 9604 9600 9592 9595 9605 9602 9595
9592 9606 9607 9592 9595 9608 9609 9595 9592 9610 9606 9592 9595 9611 9608 9595 9592 9612 9613 9592 9595 9614 9615 9595 9592 9616 9612 9592 9595 9617 9614 9595
9592 9618 9619 9592 9595 9620 9621 9595 9592 9622 9618 9592 9595 9623 9620 9595 9592 9624 9625 9592 9595 9626 9627 9595 9592 9628 9624 9592 9595 9629 9626 9595
9592 9630 9631 9592 9595 9632 9633 9595 9592 9634 9630 9592 9595 9635 9632 9595 9592 9636 9637 9592 9595 9638 9639 9595 9592 9640 9636 9592 9595 9641 9638 9595
9592 9642 9643 9592 9595 9644 9645 9595 9592 9646 9642 9592 9595 9647 9644 9595 9592 9648 9649 9592 9595 9650 9651 9595 9592 9652 9648 9592 9595 9653 9650 9595
9592 9654 9655 9592 9595 9656 9657 9595 9658 9659 9654 9658 9660 9661 9656 9660 9658 9662 9663 9658 9660 9664 9665 9660 9658 9666 9662 9658 9660 9667 9664 9660
9658 9668 9669 9658 9660 9670 9671 9660 9658 9672 9668 9658 9660 9673 9670 9660 9658 9674 9675 9658 9660 9676 9677 9660 9658 9678 9674 9658 9660 9679 9676 9660
9658 9680 9681 9658 9660 9682 9683 9660 9658 9684 9680 9658 9660 9685 9682 9660 9658 9686 9687 9658 9660 9688 9689 9660 9658 9690 9686 9658 9660 9691 9688 9660
9692 9693 9694 9692 9695 9696 9697 9695 9692 9698 9693 9692 9695 9699 9696 9695 9692 9700 9701 9692 9695 9702 9703 9695 9692 9704 9700 9692 9695 9705 9702 9695
9692 9706 9707 9692 9695 9708 9709 9695 9692 9710 9706 9692 9695 9711 9708 9695 9692 9712 9713 9692 9695 9714 9715 9695 9692 9716 9712 9692 9695 9717 9714 9695
9692 9718 9719 9692 9695 9720 9721 9695 9692 9722 9718 9692 9695 9723 9720 9695 9692 9724 9725 9692 9695 9726 9727 9695 9692 9728 9724 9692 9695 9729 9726 9695
9692 9730 9731 9692 9695 9732 9733 9695 9692 9734 9730 9692 9695 9735 9732 9695 9692 9736 9737 9692 9695 9738 9739 9695 9692 9740 9736 9692 9695 9715 9738 9695
9692 9741 9742 9692 9695 9743 9744 9695 9692 9745 9741 9692 9695 9746 9743 9695 9692 9747 9748 9692 9695 9749 9750 9695 9692 9751 9747 9692 9695 9752 9749 9695
9692 9753 9754 9692 9695 9755 9756 9695 9757 9758 9753 9757 9695 9759 9755 9760 9757 9761 9762 9757 9760 9763 9764 9760 9757 9765 9761 9757 9760 9766 9763 9760
9757 9767 9768 9757 9760 9769 9770 9760 9757 9771 9767 9757 9760 9772 9769 9760 9757 9773 9774 9757 9760 9775 9776 9760 9757 9777 9773 9757 9760 9778 9775 9760
9757 9779 9780 9757 9760 9781 9782 9760 9757 9783 9779 9757 9760 9784 9781 9760 9757 9785 9786 9757 9760 9787 9788 9760 9757 9789 9785 9757 9760 9790 9787 9760
9791 9792 9793 9791 9794 9795 9796 9794 9791 9797 9792 9791 9794 9798 9795 9794 9791 9799 9800 9791 9794 9801 9802 9794 9791 9803 9799 9791 9794 9804 9801 9794
9791 9805 9806 9791 9794 9807 9808 9794 9791 9809 9805 9791 9794 9810 9807 9794 9791 9811 9812 9791 9794 9813 9814 9794 9791 9815 9811 9791 9794 9816 9813 9794
9791 9817 9818 9791 9794 9819 9820 9794 9791 9821 9817 9791 9794 9822 9819 9794 9791 9823 9824 9791 9794 9825 9826 9794 9791 9827 9823 9791 9794 9828 9825 9794
9791 9829 9830 9791 9794 9831 9832 9794 9791 9833 9829 9791 9794 9834 9831 9794 9791 9835 9836 9791 9794 9837 9838 9794 9791 9839 9835 9791 9794 9840 9837 9794
9791 9841 9842 9791 9794 9843 9844 9794 9791 9845 9841 9791 9794 9846 9843 9794 9791 9847 9848 9791 9794 9849 9850 9794 9791 9851 9847 9791 9794 9852 9849 9794
9791 9853 9854 9791 9794 9855 9856 9794 9857 9858 9853 9857 9859 9860 9855 9859 9857 9861 9862 9857 9859 9863 9864 9859 9857 9865 9861 9857 9859 9866 9863 9859
9857 9867 9868 9857 9859 9869 9870 9859 9857 9871 9867 9857 9859 9872 9869 9859 9857 9873 9874 9857 9859 9875 9876 9859 9857 9877 9873 9857 9859 9878 9875 9859
9857 9879 9880 9857 9859 9881 9882 9859 9857 9883 9879 9857 9859 9884 9881 9859 9857 9885 9886 9857 9859 9887 9888 9859 9857 9889 9885 9857 9859 9890 9887 9859
9891 9892 9893 9891 9894 9895 9896 9894 9891 9897 9892 9891 9894 9898 9895 9894 9891 9899 9900 9891 9894 9901 9902 9894 9891 9903 9899 9891 9894 9904 9901 9894
9891 9905 9906 9891 9894 9907 9908 9894 9891 9909 9905 9891 9894 9910 9907 9894 9891 9911 9912 9891 9894 9913 9914 9894 9891 9915 9911 9891 9894 9916 9913 9894
9891 9917 9918 9891 9894 9919 9920 9894 9891 9921 9917 9891 9894 9922 9919 9894 9891 9923 9924 9891 9894 9925 9926 9894 9891 9927 9923 9891 9894 9928 9925 9894
9891 9929 9930 9891 9894 9931 9932 9894 9891 9933 9929 9891 9894 9934 9931 9894 9891 9935 9936 9891 9894 9937 9938 9894 9891 9939 9935 9891 9894 9940 9937 9894
9891 9941 9942 9891 9894 9943 9944 9894 9891 9945 9941 9891 9894 9946 9943 9894 9891 9947 9948 9891 9894 9949 9950 9894 9891 9951 9947 9891 9894 9952 9949 9894
9891 9953 9954 9891 9894 9955 9956 9894 9957 9958 9953 9957 9959 9960 9955 9959 9957 9961 9962 9957 9959 9963 9964 9959 9957 9965 9961 9957 9959 9966 9963 9959
9957 9967 9968 9957 9959 9969 9970 9959 9957 9971 9967 9957 9959 9972 9969 9959 9957 9973 9974 9957 9959 9975 9976 9959 9957 9977 9973 9957 9959 9978 9975 9959
9957 9979 9980 9957 9959 9981 9982 9959 9957 9983 9979 9957 9959 9984 9981 9959 9957 9985 9986 9957 9959 9987 9988 9959 9957 9989 9985 9957 9959 9990 9987 9959
9991 9992 9993 9991 9994 9995 9996 9994 9991 9997 9992 9991 9994 9998 9995 9994 9991 9999 10000 9991 9994 10001 10002 9994 9991 10003 9999 9991 9994 10004 10001 9994
9991 10005 10006 9991 9994 10007 10008 9994 9991 10009 10005 9991 9994 10010 10007 9994 9991 10011 10012 9991 9994 10013 10014 9994 9991 10015 10011 9991 9994 10016 10013 9994
9991 10017 10018 9991 9994 10019 10020 9994 9991 10021 10017 9991 9994 10022 10019 9994 9991 10023 10024 9991 9994 10025 10026 9994 9991 10027 10023 9991 9994 10028 10025 9994
9991 10029 10030 9991 9994 10031 10032 9994 9991 10033 10029 9991 9994 10034 10031 9994 9991 10035 10036 9991 9994 10037 10038 9994 9991 10039 10035 9991 9994 10040 10037 9994
9991 10041 10042 9991 9994 10043 10044 9994 9991 10045 10041 9991 9994 10046 10043 9994 9991 10047 10048 9991 9994 10049 10050 9994 9991 10051 10047 9991 9994 10052 10049 9994
9991 10053 10054 9991 9994 10055 10056 9994 10057 10058 10053 10057 10059 10060 10055 10059 10057 10061 10062 10057 10059 10063 10064 10059 10057 10065 10061 10057 10059 10066 10063 10059
10057 10067 10068 10057 10059 10069 10070 10059 10057 10071 10067 10057 10059 10072 10069 10059 10057 10073 10074 10057 10059 10075 10076 10059 10057 10077 10073 10057 10059 10078 10075 10059
10057 10079 10080 10057 10059 10081 10082 10059 10057 10083 10079 10057 10059 10084 10081 10059 10057 10085 10086 10057 10059 10087 10088 10059 10057 10089 10085 10057 10059 10090 10087 10059
10091 10092 10093 10091 10094 10095 10096 10094 10091 10097 10092 10091 10094 10098 10095 10094 10091 10099 10100 10091 10094 10101 10102 10094 10091 10103 10099 10091 10094 10104 10101 10094
10091 10105 10106 10091 10094 10107 10108 10094 10091 10109 10105 10091 10094 10110 10107 10094 10091 10111 10112 10091 10094 10113 10114 10094 10091 10115 10111 10091 10094 10116 10113 10094
10091 10117 10118 10091 10094 10119 10120 10094 10091 10121 10117 10091 10094 10122 10119 10094 10091 10123 10124 10091 10094 10125 10126 10094 10091 10127 10123 10091 10094 10128 10125 10094
10091 10129 10130 10091 10094 10131 10132 10094 10091 10133 10129 10091 10094 10134 10131 10094 10091 10135 10136 10091 10094 10137 10138 10094 10091 10139 10135 10091 10094 10140 10137 10094
10091 10141 10142 10091 10094 10143 10144 10094 10091 10145 10141 10091 10094 10146 10143 10094 10091 10147 10148 10091 10094 10149 10150 10094 10091 10151 10147 10091 10094 10152 10149 10094
10091 10153 10154 10091 10094 10155 10156 10094 10157 10158 10153 10157 10159 10160 10155 10159 10157 10161 10162 10157 10159 10163 10164 10159 10157 10165 10161 10157 10159 10166 10163 10159
10157 10167 10168 10157 10159 10169 10170 10159 10157 10142 10167 10157 10159 10171 10169 10159 10157 10172 10173 10157 10159 10174 10175 10159 10157 10176 10172 10157 10159 10177 10174 10159
10157 10178 10179 10157 10159 10180 10181 10159 10157 10182 10178 10157 10159 10183 10180 10159 10157 10184 10185 10157 10159 10186 10187 10159 10157 10188 10184 10157 10159 10164 10186 10159
10189 10190 10191 10189 10192 10193 10194 10192 10189 10195 10190 10189 10192 10196 10193 10192 10189 10197 10198 10189 10192 10199 10200 10192 10189 10201 10197 10189 10192 10202 10199 10192
10189 10203 10204 10189 10192 10205 10206 10192 10189 10207 10203 10189 10192 10208 10205 10192 10189 10209 10210 10189 10192 10211 10212 10192 10189 10213 10209 10189 10192 10214 10211 10192
10189 10215 10216 10189 10192 10217 10218 10192 10189 10219 10215 10189 10192 10220 10217 10192 10189 10221 10222 10189 10192 10223 10224 10192 10189 10225 10221 10189 10192 10226 10223 10192
10189 10227 10228 10189 10192 10229 10230 10192 10189 10231 10227 10189 10192 10232 10229 10192 10189 10233 10234 10189 10192 10235 10236 10192 10189 10237 10233 10189 10192 10238 10235 10192
10189 10239 10240 10189 10192 10241 10242 10192 10189 10243 10239 10189 10192 10244 10241 10192 10189 10245 10246 10189 10192 10247 10248 10192 10189 10249 10245 10189 10192 10250 10247 10192
10189 10251 10252 10189 10192 10253 10254 10192 10255 10256 10251 10255 10257 10258 10253 10257 10255 10259 10260 10255 10257 10261 10262 10257 10255 10263 10259 10255 10257 10264 10261 10257
10255 10265 10266 10255 10257 10267 10268 10257 10255 10269 10265 10255 10257 10270 10267 10257 10255 10271 10272 10255 10257 10273 10274 10257 10255 10275 10271 10255 10257 10276 10273 10257
10255 10277 10278 10255 10257 10279 10280 10257 10255 10281 10277 10255 10257 10282 10279 10257 10255 10283 10284 10255 10257 10285 10286 10257 10255 10287 10283 10255 10257 10288 10285 10257
10289 10290 10291 10289 10292 10293 10294 10292 10289 10295 10290 10289 10292 10296 10293 10292 10289 10297 10298 10289 10292 10299 10300 10292 10289 10301 10297 10289 10292 10302 10299 10292
10289 10303 10304 10289 10292 10305 10306 10292 10289 10307 10303 10289 10292 10308 10305 10292 10289 10309 10310 10289 10292 10311 10312 10292 10289 10313 10309 10289 10292 10314 10311 10292
10289 10315 10316 10289 10292 10317 10318 10292 10289 10291 10315 10289 10292 10319 10317 10292 10289 10320 10321 10289 10292 10322 10323 10292 10289 10324 10320 10289 10292 10325 10322 10292
10289 10326 10327 10289 10292 10328 10329 10292 10289 10330 10326 10289 10292 10331 10328 10292 10289 10332 10333 10289 10292 10334 10335 10292 10289 10336 10332 10289 10292 10337 10334 10292
10289 10338 10339 10289 10292 10340 10341 10292 10289 10342 10338 10289 10292 10343 10340 10292 10289 10344 10345 10289 10292 10346 10347 10292 10289 10348 10344 10289 10292 10349 10346 10292
10289 10350 10351 10289 10292 10352 10353 10292 10354 10355 10350 10354 10292 10356 10352 10357 10354 10358 10359 10354 10357 10360 10361 10357 10354 10362 10358 10354 10357 10363 10360 10357
10354 10364 10365 10354 10357 10366 10367 10357 10354 10368 10364 10354 10357 10369 10366 10357 10354 10370 10371 10354 10357 10372 10373 10357 10354 10374 10370 10354 10357 10375 10372 10357
10354 10376 10377 10354 10357 10378 10379 10357 10354 10380 10376 10354 10357 10381 10378 10357 10354 10382 10383 10354 10357 10384 10385 10357 10354 10386 10382 10354 10357 10387 10384 10357
		</DataArray>
		<DataArray type = "Int32" Name = "offsets" format = "ascii">
8 16 24 32 40 48 56 64 72 80 88 96 104 112 120 128 136 144 152 160 168 176 184 192 200 208 216 224 232 240 248 256
264 272 280 288 296 304 312 320 328 336 344 352 360 368 376 384 392 400 408 416 424 432 440 448 456 464 472 480 488 496 504 512
520 528 536 544 552 560 568 576 584 592 600 608 616 624 632 640 648 656 664 672 680 688 696 704 712 720 728 736 744 752 760 768
776 784 792 800 808 816 824 832 840 848 856 864 872 880 888 896 904 912 920 928 936 944 952 960 968 976 984 992 1000 1008 1016 1024
1032 1040 1048 1056 1064 1072 1080 1088 1096 1104 1112 1120 1128 1136 1144 1152 1160 1168 1176 1184 1192 1200 1208 1216 1224 1232 1240 1248 1256 1264 1272 1280
1288 1296 1304 1312 1320 1328 1336 1344 1352 1360 1368 1376 1384 1392 1400 1408 1416 1424 1432 1440 1448 1456 1464 1472 1480 1488 1496 1504 1512 1520 1528 1536
1544 1552 1560 1568 1576 1584 1592 1600 1608 1616 1624 1632 1640 1648 1656 1664 1672 1680 1688 1696 1704 1712 1720 1728 1736 1744 1752 1760 1768 1776 1784 1792
1800 1808 1816 1824 1832 1840 1848 1856 1864 1872 1880 1888 1896 1904 1912 1920 1928 1936 1944 1952 1960 1968 1976 1984 1992 2000 2008 2016 2024 2032 2040 2048
2056 2064 2072 2080 2088 2096 2104 2112 2120 2128 2136 2144 2152 2160 2168 2176 2184 2192 2200 2208 2216 2224 2232 2240 2248 2256 2264 2272 2280 2288 2296 2304
2312 2320 2328 2336 2344 2352 2360 2368 2376 2384 2392 2400 2408 2416 2424 2432 2440 2448 2456 2464 2472 2480 2488 2496 2504 2512 2520 2528 2536 2544 2552 2560
2568 2576 2584 2592 2600 2608 2616 2624 2632 2640 2648 2656 2664 2672 2680 2688 2696 2704 2712 2720 2728 2736 2744 2752 2760 2768 2776 2784 2792 2800 2808 2816
2824 2832 2840 2848 2856 2864 2872 2880 2888 2896 2904 2912 2920 2928 2936 2944 2952 2960 2968 2976 2984 2992 3000 3008 3016 3024 3032 3040 3048 3056 3064 3072
3080 3088 3096 3104 3112 3120 3128 3136 3144 3152 3160 3168 3176 3184 3192 3200 3208 3216 3224 3232 3240 3248 3256 3264 3272 3280 3288 3296 3304 3312 3320 3328
3336 3344 3352 3360 3368 3376 3384 3392 3400 3408 3416 3424 3432 3440 3448 3456 3464 3472 3480 3488 3496 3504 3512 3520 3528 3536 3544 3552 3560 3568 3576 3584
3592 3600 3608 3616 3624 3632 3640 3648 3656 3664 3672 3680 3688 3696 3704 3712 3720 3728 3736 3744 3752 3760 3768 3776 3784 3792 3800 3808 3816 3824 3832 3840
3848 3856 3864 3872 3880 3888 3896 3904 3912 3920 3928 3936 3944 3952 3960 3968 3976 3984 3992 4000 4008 4016 4024 4032 4040 4048 4056 4064 4072 4080 4088 4096
4104 4112 4120 4128 4136 4144 4152 4160 4168 4176 4184 4192 4200 4208 4216 4224 4232 4240 4248 4256 4264 4272 4280 4288 4296 4304 4312 4320 4328 4336 4344 4352
4360 4368 4376 4384 4392 4400 4408 4416 4424 4432 4440 4448 4456 4464 4472 4480 4488 4496 4504 4512 4520 4528 4536 4544 4552 4560 4568 4576 4584 4592 4600 4608
4616 4624 4632 4640 4648 4656 4664 4672 4680 4688 4696 4704 4712 4720 4728 4736 4744 4752 4760 4768 4776 4784 4792 4800 4808 4816 4824 4832 4840 4848 4856 4864
4872 4880 4888 4896 4904 4912 4920 4928 4936 4944 4952 4960 4968 4976 4984 4992 5000 5008 5016 5024 5032 5040 5048 5056 5064 5072 5080 5088 5096 5104 5112 5120
5128 5136 5144 5152 5160 5168 5176 5184 5192 5200 5208 5216 5224 5232 5240 5248 5256 5264 5272 5280 5288 5296 5304 5312 5320 5328 5336 5344 5352 5360 5368 5376
5384 5392 5400 5408 5416 5424 5432 5440 5448 5456 5464 5472 5480 5488 5496 5504 5512 5520 5528 5536 5544 5552 5560 5568 5576 5584 5592 5600 5608 5616 5624 5632
5640 5648 5656 5664 5672 5680 5688 5696 5704 5712 5720 5728 5736 5744 5752 5760 5768 5776 5784 5792 5800 5808 5816 5824 5832 5840 5848 5856 5864 5872 5880 5888
5896 5904 5912 5920 5928 5936 5944 5952 5960 5968 5976 5984 5992 6000 6008 6016 6024 6032 6040 6048 6056 6064 6072 6080 6088 6096 6104 6112 6120 6128 6136 6144
6152 6160 6168 6176 6184 6192 6200 6208 6216 6224 6232 6240 6248 6256 6264 6272 6280 6288 6296 6304 6312 6320 6328 6336 6344 6352 6360 6368 6376 6384 6392 6400
6408 6416 6424 6432 6440 6448 6456 6464 6472 6480 6488 6496 6504 6512 6520 6528 6536 6544 6552 6560 6568 6576 6584 6592 6600 6608 6616 6624 6632 6640 6648 6656
6664 6672 6680 6688 6696 6704 6712 6720 6728 6736 6744 6752 6760 6768 6776 6784 6792 6800 6808 6816 6824 6832 6840 6848 6856 6864 6872 6880 6888 6896 6904 6912
6920 6928 6936 6944 6952 6960 6968 6976 6984 6992 7000 7008 7016 7024 7032 7040 7048 7056 7064 7072 7080 7088 7096 7104 7112 7120 7128 7136 7144 7152 7160 7168
7176 7184 7192 7200 7208 7216 7224 7232 7240 7248 7256 7264 7272 7280 7288 7296 7304 7312 7320 7328 7336 7344 7352 7360 7368 7376 7384 7392 7400 7408 7416 7424
7432 7440 7448 7456 7464 7472 7480 7488 7496 7504 7512 7520 7528 7536 7544 7552 7560 7568 7576 7584 7592 7600 7608 7616 7624 7632 7640 7648 7656 7664 7672 7680
7688 7696 7704 7712 7720 7728 7736 7744 7752 7760 7768 7776 7784 7792 7800 7808 7816 7824 7832 7840 7848 7856 7864 7872 7880 7888 7896 7904 7912 7920 7928 7936
7944 7952 7960 7968 7976 7984 7992 8000 8008 8016 8024 8032 8040 8048 8056 8064 8072 8080 8088 8096 8104 8112 8120 8128 8136 8144 8152 8160 8168 8176 8184 8192
8200 8208 8216 8224 8232 8240 8248 8256 8264 8272 8280 8288 8296 8304 8312 8320 8328 8336 8344 8352 8360 8368 8376 8384 8392 8400 8408 8416 8424 8432 8440 8448
8456 8464 8472 8480 8488 8496 8504 8512 8520 8528 8536 8544 8552 8560 8568 8576 8584 8592 8600 8608 8616 8624 8632 8640 8648 8656 8664 8672 8680 8688 8696 8704
8712 8720 8728 8736 8744 8752 8760 8768 8776 8784 8792 8800 8808 8816 8824 8832 8840 8848 8856 8864 8872 8880 8888 8896 8904 8912 8920 8928 8936 8944 8952 8960
8968 8976 8984 8992 9000 9008 9016 9024 9032 9040 9048 9056 9064 9072 9080 9088 9096 9104 9112 9120 9128 9136 9144 9152 9160 9168 9176 9184 9192 9200 9208 9216
9224 9232 9240 9248 9256 9264 9272 9280 9288 9296 9304 9312 9320 9328 9336 9344 9352 9360 9368 9376 9384 9392 9400 9408 9416 9424 9432 9440 9448 9456 9464 9472
9480 9488 9496 9504 9512 9520 9528 9536 9544 9552 9560 9568 9576 9584 9592 9600 9608 9616 9624 9632 9640 9648 9656 9664 9672 9680 9688 9696 9704 9712 9720 9728
9736 9744 9752 9760 9768 9776 9784 9792 9800 9808 9816 9824 9832 9840 9848 9856 9864 9872 9880 9888 9896 9904 9912 9920 9928 9936 9944 9952 9960 9968 9976 9984
9992 10000 10008 10016 10024 10032 10040 10048 10056 10064 10072 10080 10088 10096 10104 10112 10120 10128 10136 10144 10152 10160 10168 10176 10184 10192 10200 10208 10216 10224 10232 10240
10248 10256 10264 10272 10280 10288 10296 10304 10312 10320 10328 10336 10344 10352 10360 10368 10376 10384 10392 10400 10408 10416 10424 10432 10440 10448 10456 10464 10472 10480 10488 10496
10504 10512 10520 10528 10536 10544 10552 10560 10568 10576 10584 10592 10600 10608 10616 10624 10632 10640 10648 10656 10664 10672 10680 10688 10696 10704 10712 10720 10728 10736 10744 10752
10760 10768 10776 10784 10792 10800 10808 10816 10824 10832 10840 10848 10856 10864 10872 10880 10888 10896 10904 10912 10920 10928 10936 10944 10952 10960 10968 10976 10984 10992 11000 11008
11016 11024 11032 11040 11048 11056 11064 11072 11080 11088 11096 11104 11112 11120 11128 11136 11144 11152 11160 11168 11176 11184 11192 11200 11208 11216 11224 11232 11240 11248 11256 11264
11272 11280 11288 11296 11304 11312 11320 11328 11336 11344 11352 11360 11368 11376 11384 11392 11400 11408 11416 11424 11432 11440 11448 11456 11464 11472 11480 11488 11496 11504 11512 11520
11528 11536 11544 11552 11560 11568 11576 11584 11592 11600 11608 11616 11624 11632 11640 11648 11656 11664 11672 11680 11688 11696 11704 11712 11720 11728 11736 11744 11752 11760 11768 11776
11784 11792 11800 11808 11816 11824 11832 11840 11848 11856 11864 11872 11880 11888 11896 11904 11912 11920 11928 11936 11944 11952 11960 11968 11976 11984 11992 12000 12008 12016 12024 12032
12040 12048 12056 12064 12072 12080 12088 12096 12104 12112 12120 12128 12136 12144 12152 12160 12168 12176 12184 12192 12200 12208 12216 12224 12232 12240 12248 12256 12264 12272 12280 12288
12296 12304 12312 12320 12328 12336 12344 12352 12360 12368 12376 12384 12392 12400 12408 12416 12424 12432 12440 12448 12456 12464 12472 12480 12488 12496 12504 12512 12520 12528 12536 12544
12552 12560 12568 12576 12584 12592 12600 12608 12616 12624 12632 12640 12648 12656 12664 12672 12680 12688 12696 12704 12712 12720 12728 12736 12744 12752 12760 12768 12776 12784 12792 12800
12808 12816 12824 12832 12840 12848 12856 12864 12872 12880 12888 12896 12904 12912 12920 12928 12936 12944 12952 12960 12968 12976 12984 12992 13000 13008 13016 13024 13032 13040 13048 13056
13064 13072 13080 13088 13096 13104 13112 13120 13128 13136 13144 13152 13160 13168 13176 13184 13192 13200 13208 13216 13224 13232 13240 13248 13256 13264 13272 13280 13288 13296 13304 13312
13320 13328 13336 13344 13352 13360 13368 13376 13384 13392 13400 13408 13416 13424 13432 13440 13448 13456 13464 13472 13480 13488 13496 13504 13512 13520 13528 13536 13544 13552 13560 13568
13576 13584 13592 13600 13608 13616 13624 13632 13640 13648 13656 13664 13672 13680 13688 13696 13704 13712 13720 13728 13736 13744 13752 13760 13768 13776 13784 13792 13800 13808 13816 13824
13832 13840 13848 13856 13864 13872 13880 13888 13896 13904 13912 13920 13928 13936 13944 13952 13960 13968 13976 13984 13992 14000 14008 14016 14024 14032 14040 14048 14056 14064 14072 14080
14088 14096 14104 14112 14120 14128 14136 14144 14152 14160 14168 14176 14184 14192 14200 14208 14216 14224 14232 14240 14248 14256 14264 14272 14280 14288 14296 14304 14312 14320 14328 14336
14344 14352 14360 14368 14376 14384 14392 14400 14408 14416 14424 14432 14440 14448 14456 14464 14472 14480 14488 14496 14504 14512 14520 14528 14536 14544 14552 14560 14568 14576 14584 14592
14600 14608 14616 14624 14632 14640 14648 14656 14664 14672 14680 14688 14696 14704 14712 14720 14728 14736 14744 14752 14760 14768 14776 14784 14792 14800 14808 14816 14824 14832 14840 14848
14856 14864 14872 14880 14888 14896 14904 14912 14920 14928 14936 14944 14952 14960 14968 14976 14984 14992 15000 15008 15016 15024 15032 15040 15048 15056 15064 15072 15080 15088 15096 15104
15112 15120 15128 15136 15144 15152 15160 15168 15176 15184 15192 15200 15208 15216 15224 15232 15240 15248 15256 15264 15272 15280 15288 15296 15304 15312 15320 15328 15336 15344 15352 15360
15368 15376 15384 15392 15400 15408 15416 15424 15432 15440 15448 15456 15464 15472 15480 15488 15496 15504 15512 15520 15528 15536 15544 15552 15560 15568 15576 15584 15592 15600 15608 15616
15624 15632 15640 15648 15656 15664 15672 15680 15688 15696 15704 15712 15720 15728 15736 15744 15752 15760 15768 15776 15784 15792 15800 15808 15816 15824 15832 15840 15848 15856 15864 15872
15880 15888 15896 15904 15912 15920 15928 15936 15944 15952 15960 15968 15976 15984 15992 16000 16008 16016 16024 16032 16040 16048 16056 16064 16072 16080 16088 16096 16104 16112 16120 16128
16136 16144 16152 16160 16168 16176 16184 16192 16200 16208 16216 16224 16232 16240 16248 16256 16264 16272 16280 16288 16296 16304 16312 16320 16328 16336 16344 16352 16360 16368 16376 16384
16392 16400 16408 16416 16424 16432 16440 16448 16456 16464 16472 16480 16488 16496 16504 16512 16520 16528 16536 16544 16552 16560 16568 16576 16584 16592 16600 16608 16616 16624 16632 16640
16648 16656 16664 16672 16680 16688 16696 16704 16712 16720 16728 16736 16744 16752 16760 16768 16776 16784 16792 16800 16808 16816 16824 16832 16840 16848 16856 16864 16872 16880 16888 16896
16904 16912 16920 16928 16936 16944 16952 16960 16968 16976 16984 16992 17000 17008 17016 17024 17032 17040 17048 17056 17064 17072 17080 17088 17096 17104 17112 17120 17128 17136 17144 17152
17160 17168 17176 17184 17192 17200 17208 17216 17224 17232 17240 17248 17256 17264 17272 17280 17288 17296 17304 17312 17320 17328 17336 17344 17352 17360 17368 17376 17384 17392 17400 17408
17416 17424 17432 17440 17448 17456 17464 17472 17480 17488 17496 17504 17512 17520 17528 17536 17544 17552 17560 17568 17576 17584 17592 17600 17608 17616 17624 17632 17640 17648 17656 17664
17672 17680 17688 17696 17704 17712 17720 17728 17736 17744 17752 17760 17768 17776 17784 17792 17800 17808 17816 17824 17832 17840 17848 17856 17864 17872 17880 17888 17896 17904 17912 17920
17928 17936 17944 17952 17960 17968 17976 17984 17992 18000 18008 18016 18024 18032 18040 18048 18056 18064 18072 18080 18088 18096 18104 18112 18120 18128 18136 18144 18152 18160 18168 18176
18184 18192 18200 18208 18216 18224 18232 18240 18248 18256 18264 18272 18280 18288 18296 18304 18312 18320 18328 18336 18344 18352 18360 18368 18376 18384 18392 18400 18408 18416 18424 18432
18440 18448 18456 18464 18472 18480 18488 18496 18504 18512 18520 18528 18536 18544 18552 18560 18568 18576 18584 18592 18600 18608 18616 18624 18632 18640 18648 18656 18664 18672 18680 18688
18696 18704 18712 18720 18728 18736 18744 18752 18760 18768 18776 18784 18792 18800 18808 18816 18824 18832 18840 18848 18856 18864 18872 18880 18888 18896 18904 18912 18920 18928 18936 18944
18952 18960 18968 18976 18984 18992 19000 19008 19016 19024 19032 19040 19048 19056 19064 19072 19080 19088 19096 19104 19112 19120 19128 19136 19144 19152 19160 19168 19176 19184 19192 19200
19208 19216 19224 19232 19240 19248 19256 19264 19272 19280 19288 19296 19304 19312 19320 19328 19336 19344 19352 19360 19368 19376 19384 19392 19400 19408 19416 19424 19432 19440 19448 19456
19464 19472 19480 19488 19496 19504 19512 19520 19528 19536 19544 19552 19560 19568 19576 19584 19592 19600 19608 19616 19624 19632 19640 19648 19656 19664 19672 19680 19688 19696 19704 19712
19720 19728 19736 19744 19752 19760 19768 19776 19784 19792 19800 19808 19816 19824 19832 19840 19848 19856 19864 19872 19880 19888 19896 19904 19912 19920 19928 19936 19944 19952 19960 19968
19976 19984 19992 20000 20008 20016 20024 20032 20040 20048 20056 20064 20072 20080 20088 20096 20104 20112 20120 20128 20136 20144 20152 20160 20168 20176 20184 20192 20200 20208 20216 20224
20232 20240 20248 20256 20264 20272 20280 20288 20296 20304 20312 20320 20328 20336 20344 20352 20360 20368 20376 20384 20392 20400 20408 20416 20424 20432 20440 20448 20456 20464 20472 20480
20488 20496 20504 20512 20520 20528 20536 20544 20552 20560 20568 20576 20584 20592 20600 20608 20616 20624 20632 20640 20648 20656 20664 20672 20680 20688 20696 20704 20712 20720 20728 20736
20744 20752 20760 20768 20776 20784 20792 20800 20808 20816 20824 20832 20840 20848 20856 20864 20872 20880 20888 20896 20904 20912 20920 20928 20936 20944 20952 20960 20968 20976 20984 20992
21000 21008 21016 21024 21032 21040 21048 21056 21064 21072 21080 21088 21096 21104 21112 21120 21128 21136 21144 21152 21160 21168 21176 21184 21192 21200 21208 21216 21224 21232 21240 21248
21256 21264 21272 21280 21288 21296 21304 21312 21320 21328 21336 21344 21352 21360 21368 21376 21384 21392 21400 21408 21416 21424 21432 21440 21448 21456 21464 21472 21480 21488 21496 21504
21512 21520 21528 21536 21544 21552 21560 21568 21576 21584 21592 21600 21608 21616 21624 21632 21640 21648 21656 21664 21672 21680 21688 21696 21704 21712 21720 21728 21736 21744 21752 21760
21768 21776 21784 21792 21800 21808 21816 21824 21832 21840 21848 21856 21864 21872 21880 21888 21896 21904 21912 21920 21928 21936 21944 21952 21960 21968 21976 21984 21992 22000 22008 22016
22024 22032 22040 22048 22056 22064 22072 22080 22088 22096 22104 22112 22120 22128 22136 22144 22152 22160 22168 22176 22184 22192 22200 22208 22216 22224 22232 22240 22248 22256 22264 22272
22280 22288 22296 22304 22312 22320 22328 22336 22344 22352 22360 22368 22376 22384 22392 22400 22408 22416 22424 22432 22440 22448 22456 22464 22472 22480 22488 22496 22504 22512 22520 22528
22536 22544 22552 22560 22568 22576 22584 22592 22600 22608 22616 22624 22632 22640 22648 22656 22664 22672 22680 22688 22696 22704 22712 22720 22728 22736 22744 22752 22760 22768 22776 22784
22792 22800 22808 22816 22824 22832 22840 22848 22856 22864 22872 22880 22888 22896 22904 22912 22920 22928 22936 22944 22952 22960 22968 22976 22984 22992 23000 23008 23016 23024 23032 23040
23048 23056 23064 23072 23080 23088 23096 23104 23112 23120 23128 23136 23144 23152 23160 23168 23176 23184 23192 23200 23208 23216 23224 23232 23240 23248 23256 23264 23272 23280 23288 23296
23304 23312 23320 23328 23336 23344 23352 23360 23368 23376 23384 23392 23400 23408 23416 23424 23432 23440 23448 23456 23464 23472 23480 23488 23496 23504 23512 23520 23528 23536 23544 23552
23560 23568 23576 23584 23592 23600 23608 23616 23624 23632 23640 23648 23656 23664 23672 23680 23688 23696 23704 23712 23720 23728 23736 23744 23752 23760 23768 23776 23784 23792 23800 23808
23816 23824 23832 23840 23848 23856 23864 23872 23880 23888 23896 23904 23912 23920 23928 23936 23944 23952 23960 23968 23976 23984 23992 24000 24008 24016 24024 24032 24040 24048 24056 24064
24072 24080 24088 24096 24104 24112 24120 24128 24136 24144 24152 24160 24168 24176 24184 24192 24200 24208 24216 24224 24232 24240 24248 24256 24264 24272 24280 24288 24296 24304 24312 24320
24328 24336 24344 24352 24360 24368 24376 24384 24392 24400 24408 24416 24424 24432 24440 24448 24456 24464 24472 24480 24488 24496 24504 24512 24520 24528 24536 24544 24552 24560 24568 24576
24584 24592 24600 24608 24616 24624 24632 24640 24648 24656 24664 24672 24680 24688 24696 24704 24712 24720 24728 24736 24744 24752 24760 24768 24776 24784 24792 24800 24808 24816 24824 24832
24840 24848 24856 24864 24872 24880 24888 24896 24904 24912 24920 24928 24936 24944 24952 24960 24968 24976 24984 24992 25000 25008 25016 25024 25032 25040 25048 25056 25064 25072 25080 25088
25096 25104 25112 25120 25128 25136 25144 25152 25160 25168 25176 25184 25192 25200 25208 25216 25224 25232 25240 25248 25256 25264 25272 25280 25288 25296 25304 25312 25320 25328 25336 25344
25352 25360 25368 25376 25384 25392 25400 25408 25416 25424 25432 25440 25448 25456 25464 25472 25480 25488 25496 25504 25512 25520 25528 25536 25544 25552 25560 25568 25576 25584 25592 25600
25608 25616 25624 25632 25640 25648 25656 25664 25672 25680 25688 25696 25704 25712 25720 25728 25736 25744 25752 25760 25768 25776 25784 25792 25800 25808 25816 25824 25832 25840 25848 25856
25864 25872 25880 25888 25896 25904 25912 25920 25928 25936 25944 25952 25960 25968 25976 25984 25992 26000 26008 26016 26024 26032 26040 26048 26056 26064 26072 26080 26088 26096 26104 26112
26120 26128 26136 26144 26152 26160 26168 26176 26184 26192 26200 26208 26216 26224 26232 26240 26248 26256 26264 26272 26280 26288 26296 26304 26312 26320 26328 26336 26344 26352 26360 26368
26376 26384 26392 26400 26408 26416 26424 26432 26440 26448 26456 26464 26472 26480 26488 26496 26504 26512 26520 26528 26536 26544 26552 26560 26568 26576 26584 26592 26600 26608 26616 26624

		</DataArray>
		<DataArray type = "UInt8" Name = "types" format = "ascii">
12 12 12 12 12 12 12 12 12 12 12 12 12 12 12 12 12 12 12 12 12 12 12 12 12 12 12 12 12 12 12 12
12 12 12 12 12 12 12 12 12 12 12 12 12 12 12 12 12 12 12 12 12 12 12 12 12 12 12 12 12 12 12 12
12 12 12 12 12 12 12 12 12 12 12 12 12 12 12 12 12 12 12 12 12 12 12 12 12 12 12 12 12 12 12 12
12 12 12 12 12 12 12 12 12 12 12 12 12 12 12 12 12 12 12 12 12 12 12 12 12 12 12 12 12 12 12 12
12 12 12 12 12 12 12 12 12 12 12 12 12 12 12 12 12 12 12 12 12 12 12 12 12 12 12 12 12 12 12 12
12 12 12 12 12 12 12 12 12 12 12 12 12 12 12 12 12 12 12 12 12 12 12 12 12 12 12 12 12 12 12 12
12 12 12 12 12 12 12 12 12 12 12 12 12 12 12 12 12 12 12 12 12 12 12 12 12 12 12 12 12 12 12 12
12 12 12 12 12 12 12 12 12 12 12 12 12 12 12 12 12 12 12 12 12 12 12 12 12 12 12 12 12 12 12 12
12 12 12 12 12 12 12 12 12 12 12 12 12 12 12 12 12 12 12 12 12 12 12 12 12 12 12 12 12 12 12 12
12 12 12 12 12 12 12 12 12 12 12 12 12 12 12 12 12 12 12 12 12 12 12 12 12 12 12 12 12 12 12 12
12 12 12 12 12 12 12 12 12 12 12 12 12 12 12 12 12 12 12 12 12 12 12 12 12 12 12 12 12 12 12 12
12 12 12 12 12 12 12 12 12 12 12 12 12 12 12 12 12 12 12 12 12 12 12 12 12 12 12 12 12 12 12 12
12 12 12 12 12 12 12 12 12 12 12 12 12 12 12 12 12 12 12 12 12 12 12 12 12 12 12 12 12 12 12 12
12 12 12 12 12 12 12 12 12 12 12 12 12 12 12 12 12 12 12 12 12 12 12 12 12 12 12 12 12 12 12 12
12 12 12 12 12 12 12 12 12 12 12 12 12 12 12 12 12 12 12 12 12 12 12 12 12 12 12 12 12 12 12 12
12 12 12 12 12 12 12 12 12 12 12 12 12 12 12 12 12 12 12 12 12 12 12 12 12 12 12 12 12 12 12 12
12 12 12 12 12 12 12 12 12 12 12 12 12 12 12 12 12 12 12 12 12 12 12 12 12 12 12 12 12 12 12 12
12 12 12 12 12 12 12 12 12 12 12 12 12 12 12 12 12 12 12 12 12 12 12 12 12 12 12 12 12 12 12 12
12 12 12 12 12 12 12 12 12 12 12 12 12 12 12 12 12 12 12 12 12 12 12 12 12 12 12 12 12 12 12 12
12 12 12 12 12 12 12 12 12 12 12 12 12 12 12 12 12 12 12 12 12 12 12 12 12 12 12 12 12 12 12 12
12 12 12 12 12 12 12 12 12 12 12 12 12 12 12 12 12 12 12 12 12 12 12 12 12 12 12 12 12 12 12 12
12 12 12 12 12 12 12 12 12 12 12 12 12 12 12 12 12 12 12 12 12 12 12 12 12 12 12 12 12 12 12 12
12 12 12 12 12 12 12 12 12 12 12 12 12 12 12 12 12 12 12 12 12 12 12 12 12 12 12 12 12 12 12 12
12 12 12 12 12 12 12 12 12 12 12 12 12 12 12 12 12 12 12 12 12 12 12 12 12 12 12 12 12 12 12 12
12 12 12 12 12 12 12 12 12 12 12 12 12 12 12 12 12 12 12 12 12 12 12 12 12 12 12 12 12 12 12 12
12 12 12 12 12 12 12 12 12 12 12 12 12 12 12 12 12 12 12 12 12 12 12 12 12 12 12 12 12 12 12 12
12 12 12 12 12 12 12 12 12 12 12 12 12 12 12 12 12 12 12 12 12 12 12 12 12 12 12 12 12 12 12 12
12 12 12 12 12 12 12 12 12 12 12 12 12 12 12 12 12 12 12 12 12 12 12 12 12 12 12 12 12 12 12 12
12 12 12 12 12 12 12 12 12 12 12 12 12 12 12 12 12 12 12 12 12 12 12 12 12 12 12 12 12 12 12 12
12 12 12 12 12 12 12 12 12 12 12 12 12 12 12 12 12 12 12 12 12 12 12 12 12 12 12 12 12 12 12 12
12 12 12 12 12 12 12 12 12 12 12 12 12 12 12 12 12 12 12 12 12 12 12 12 12 12 12 12 12 12 12 12
12 12 12 12 12 12 12 12 12 12 12 12 12 12 12 12 12 12 12 12 12 12 12 12 12 12 12 12 12 12 12 12
12 12 12 12 12 12 12 12 12 12 12 12 12 12 12 12 12 12 12 12 12 12 12 12 12 12 12 12 12 12 12 12
12 12 12 12 12 12 12 12 12 12 12 12 12 12 12 12 12 12 12 12 12 12 12 12 12 12 12 12 12 12 12 12
12 12 12 12 12 12 12 12 12 12 12 12 12 12 12 12 12 12 12 12 12 12 12 12 12 12 12 12 12 12 12 12
12 12 12 12 12 12 12 12 12 12 12 12 12 12 12 12 12 12 12 12 12 12 12 12 12 12 12 12 12 12 12 12
12 12 12 12 12 12 12 12 12 12 12 12 12 12 12 12 12 12 12 12 12 12 12 12 12 12 12 12 12 12 12 12
12 12 12 12 12 12 12 12 12 12 12 12 12 12 12 12 12 12 12 12 12 12 12 12 12 12 12 12 12 12 12 12
12 12 12 12 12 12 12 12 12 12 12 12 12 12 12 12 12 12 12 12 12 12 12 12 12 12 12 12 12 12 12 12
12 12 12 12 12 12 12 12 12 12 12 12 12 12 12 12 12 12 12 12 12 12 12 12 12 12 12 12 12 12 12 12
12 12 12 12 12 12 12 12 12 12 12 12 12 12 12 12 12 12 12 12 12 12 12 12 12 12 12 12 12 12 12 12
12 12 12 12 12 12 12 12 12 12 12 12 12 12 12 12 12 12 12 12 12 12 12 12 12 12 12 12 12 12 12 12
12 12 12 12 12 12 12 12 12 12 12 12 12 12 12 12 12 12 12 12 12 12 12 12 12 12 12 12 12 12 12 12
12 12 12 12 12 12 12 12 12 12 12 12 12 12 12 12 12 12 12 12 12 12 12 12 12 12 12 12 12 12 12 12
12 12 12 12 12 12 12 12 12 12 12 12 12 12 12 12 12 12 12 12 12 12 12 12 12 12 12 12 12 12 12 12
12 12 12 12 12 12 12 12 12 12 12 12 12 12 12 12 12 12 12 12 12 12 12 12 12 12 12 12 12 12 12 12
12 12 12 12 12 12 12 12 12 12 12 12 12 12 12 12 12 12 12 12 12 12 12 12 12 12 12 12 12 12 12 12
12 12 12 12 12 12 12 12 12 12 12 12 12 12 12 12 12 12 12 12 12 12 12 12 12 12 12 12 12 12 12 12
12 12 12 12 12 12 12 12 12 12 12 12 12 12 12 12 12 12 12 12 12 12 12 12 12 12 12 12 12 12 12 12
12 12 12 12 12 12 12 12 12 12 12 12 12 12 12 12 12 12 12 12 12 12 12 12 12 12 12 12 12 12 12 12
12 12 12 12 12 12 12 12 12 12 12 12 12 12 12 12 12 12 12 12 12 12 12 12 12 12 12 12 12 12 12 12
12 12 12 12 12 12 12 12 12 12 12 12 12 12 12 12 12 12 12 12 12 12 12 12 12 12 12 12 12 12 12 12
12 12 12 12 12 12 12 12 12 12 12 12 12 12 12 12 12 12 12 12 12 12 12 12 12 12 12 12 12 12 12 12
12 12 12 12 12 12 12 12 12 12 12 12 12 12 12 12 12 12 12 12 12 12 12 12 12 12 12 12 12 12 12 12
12 12 12 12 12 12 12 12 12 12 12 12 12 12 12 12 12 12 12 12 12 12 12 12 12 12 12 12 12 12 12 12
12 12 12 12 12 12 12 12 12 12 12 12 12 12 12 12 12 12 12 12 12 12 12 12 12 12 12 12 12 12 12 12
12 12 12 12 12 12 12 12 12 12 12 12 12 12 12 12 12 12 12 12 12 12 12 12 12 12 12 12 12 12 12 12
12 12 12 12 12 12 12 12 12 12 12 12 12 12 12 12 12 12 12 12 12 12 12 12 12 12 12 12 12 12 12 12
12 12 12 12 12 12 12 12 12 12 12 12 12 12 12 12 12 12 12 12 12 12 12 12 12 12 12 12 12 12 12 12
12 12 12 12 12 12 12 12 12 12 12 12 12 12 12 12 12 12 12 12 12 12 12 12 12 12 12 12 12 12 12 12
12 12 12 12 12 12 12 12 12 12 12 12 12 12 12 12 12 12 12 12 12 12 12 12 12 12 12 12 12 12 12 12
12 12 12 12 12 12 12 12 12 12 12 12 12 12 12 12 12 12 12 12 12 12 12 12 12 12 12 12 12 12 12 12
12 12 12 12 12 12 12 12 12 12 12 12 12 12 12 12 12 12 12 12 12 12 12 12 12 12 12 12 12 12 12 12
12 12 12 12 12 12 12 12 12 12 12 12 12 12 12 12 12 12 12 12 12 12 12 12 12 12 12 12 12 12 12 12
12 12 12 12 12 12 12 12 12 12 12 12 12 12 12 12 12 12 12 12 12 12 12 12 12 12 12 12 12 12 12 12
12 12 12 12 12 12 12 12 12 12 12 12 12 12 12 12 12 12 12 12 12 12 12 12 12 12 12 12 12 12 12 12
12 12 12 12 12 12 12 12 12 12 12 12 12 12 12 12 12 12 12 12 12 12 12 12 12 12 12 12 12 12 12 12
12 12 12 12 12 12 12 12 12 12 12 12 12 12 12 12 12 12 12 12 12 12 12 12 12 12 12 12 12 12 12 12
12 12 12 12 12 12 12 12 12 12 12 12 12 12 12 12 12 12 12 12 12 12 12 12 12 12 12 12 12 12 12 12
12 12 12 12 12 12 12 12 12 12 12 12 12 12 12 12 12 12 12 12 12 12 12 12 12 12 12 12 12 12 12 12
12 12 12 12 12 12 12 12 12 12 12 12 12 12 12 12 12 12 12 12 12 12 12 12 12 12 12 12 12 12 12 12
12 12 12 12 12 12 12 12 12 12 12 12 12 12 12 12 12 12 12 12 12 12 12 12 12 12 12 12 12 12 12 12
12 12 12 12 12 12 12 12 12 12 12 12 12 12 12 12 12 12 12 12 12 12 12 12 12 12 12 12 12 12 12 12
12 12 12 12 12 12 12 12 12 12 12 12 12 12 12 12 12 12 12 12 12 12 12 12 12 12 12 12 12 12 12 12
12 12 12 12 12 12 12 12 12 12 12 12 12 12 12 12 12 12 12 12 12 12 12 12 12 12 12 12 12 12 12 12
12 12 12 12 12 12 12 12 12 12 12 12 12 12 12 12 12 12 12 12 12 12 12 12 12 12 12 12 12 12 12 12
12 12 12 12 12 12 12 12 12 12 12 12 12 12 12 12 12 12 12 12 12 12 12 12 12 12 12 12 12 12 12 12
12 12 12 12 12 12 12 12 12 12 12 12 12 12 12 12 12 12 12 12 12 12 12 12 12 12 12 12 12 12 12 12
12 12 12 12 12 12 12 12 12 12 12 12 12 12 12 12 12 12 12 12 12 12 12 12 12 12 12 12 12 12 12 12
12 12 12 12 12 12 12 12 12 12 12 12 12 12 12 12 12 12 12 12 12 12 12 12 12 12 12 12 12 12 12 12
12 12 12 12 12 12 12 12 12 12 12 12 12 12 12 12 12 12 12 12 12 12 12 12 12 12 12 12 12 12 12 12
12 12 12 12 12 12 12 12 12 12 12 12 12 12 12 12 12 12 12 12 12 12 12 12 12 12 12 12 12 12 12 12
12 12 12 12 12 12 12 12 12 12 12 12 12 12 12 12 12 12 12 12 12 12 12 12 12 12 12 12 12 12 12 12
12 12 12 12 12 12 12 12 12 12 12 12 12 12 12 12 12 12 12 12 12 12 12 12 12 12 12 12 12 12 12 12
12 12 12 12 12 12 12 12 12 12 12 12 12 12 12 12 12 12 12 12 12 12 12 12 12 12 12 12 12 12 12 12
12 12 12 12 12 12 12 12 12 12 12 12 12 12 12 12 12 12 12 12 12 12 12 12 12 12 12 12 12 12 12 12
12 12 12 12 12 12 12 12 12 12 12 12 12 12 12 12 12 12 12 12 12 12 12 12 12 12 12 12 12 12 12 12
12 12 12 12 12 12 12 12 12 12 12 12 12 12 12 12 12 12 12 12 12 12 12 12 12 12 12 12 12 12 12 12
12 12 12 12 12 12 12 12 12 12 12 12 12 12 12 12 12 12 12 12 12 12 12 12 12 12 12 12 12 12 12 12
12 12 12 12 12 12 12 12 12 12 12 12 12 12 12 12 12 12 12 12 12 12 12 12 12 12 12 12 12 12 12 12
12 12 12 12 12 12 12 12 12 12 12 12 12 12 12 12 12 12 12 12 12 12 12 12 12 12 12 12 12 12 12 12
12 12 12 12 12 12 12 12 12 12 12 12 12 12 12 12 12 12 12 12 12 12 12 12 12 12 12 12 12 12 12 12
12 12 12 12 12 12 12 12 12 12 12 12 12 12 12 12 12 12 12 12 12 12 12 12 12 12 12 12 12 12 12 12
12 12 12 12 12 12 12 12 12 12 12 12 12 12 12 12 12 12 12 12 12 12 12 12 12 12 12 12 12 12 12 12
12 12 12 12 12 12 12 12 12 12 12 12 12 12 12 12 12 12 12 12 12 12 12 12 12 12 12 12 12 12 12 12
12 12 12 12 12 12 12 12 12 12 12 12 12 12 12 12 12 12 12 12 12 12 12 12 12 12 12 12 12 12 12 12
12 12 12 12 12 12 12 12 12 12 12 12 12 12 12 12 12 12 12 12 12 12 12 12 12 12 12 12 12 12 12 12
12 12 12 12 12 12 12 12 12 12 12 12 12 12 12 12 12 12 12 12 12 12 12 12 12 12 12 12 12 12 12 12
12 12 12 12 12 12 12 12 12 12 12 12 12 12 12 12 12 12 12 12 12 12 12 12 12 12 12 12 12 12 12 12
12 12 12 12 12 12 12 12 12 12 12 12 12 12 12 12 12 12 12 12 12 12 12 12 12 12 12 12 12 12 12 12
12 12 12 12 12 12 12 12 12 12 12 12 12 12 12 12 12 12 12 12 12 12 12 12 12 12 12 12 12 12 12 12
12 12 12 12 12 12 12 12 12 12 12 12 12 12 12 12 12 12 12 12 12 12 12 12 12 12 12 12 12 12 12 12
12 12 12 12 12 12 12 12 12 12 12 12 12 12 12 12 12 12 12 12 12 12 12 12 12 12 12 12 12 12 12 12
12 12 12 12 12 12 12 12 12 12 12 12 12 12 12 12 12 12 12 12 12 12 12 12 12 12 12 12 12 12 12 12

		</DataArray>
	</Cells>
	<CellData Scalars = "alpha">
		<DataArray type = "Int32" Name = "subType" format = "ascii">
0 0 0 0 0 0 0 0 0 0 0 0 0 0 0 0 0 0 0 0 0 0 0 0 0 0 0 0 0 0 0 0
0 0 0 0 0 0 0 0 0 0 0 0 0 0 0 0 0 0 0 0 0 0 0 0 0 0 0 0 0 0 0 0
0 0 0 0 0 0 0 0 0 0 0 0 0 0 0 0 0 0 0 0 0 0 0 0 0 0 0 0 0 0 0 0
0 0 0 0 0 0 0 0 0 0 0 0 0 0 0 0 0 0 0 0 0 0 0 0 0 0 0 0 0 0 0 0
0 0 0 0 0 0 0 0 0 0 0 0 0 0 0 0 0 0 0 0 0 0 0 0 0 0 0 0 0 0 0 0
0 0 0 0 0 0 0 0 0 0 0 0 0 0 0 0 0 0 0 0 0 0 0 0 0 0 0 0 0 0 0 0
0 0 0 0 0 0 0 0 0 0 0 0 0 0 0 0 0 0 0 0 0 0 0 0 0 0 0 0 0 0 0 0
0 0 0 0 0 0 0 0 0 0 0 0 0 0 0 0 0 0 0 0 0 0 0 0 0 0 0 0 0 0 0 0
0 0 0 0 0 0 0 0 0 0 0 0 0 0 0 0 0 0 0 0 0 0 0 0 0 0 0 0 0 0 0 0
0 0 0 0 0 0 0 0 0 0 0 0 0 0 0 0 0 0 0 0 0 0 0 0 0 0 0 0 0 0 0 0
0 0 0 0 0 0 0 0 0 0 0 0 0 0 0 0 0 0 0 0 0 0 0 0 0 0 0 0 0 0 0 0
0 0 0 0 0 0 0 0 0 0 0 0 0 0 0 0 0 0 0 0 0 0 0 0 0 0 0 0 0 0 0 0
0 0 0 0 0 0 0 0 0 0 0 0 0 0 0 0 0 0 0 0 0 0 0 0 0 0 0 0 0 0 0 0
0 0 0 0 0 0 0 0 0 0 0 0 0 0 0 0 0 0 0 0 0 0 0 0 0 0 0 0 0 0 0 0
0 0 0 0 0 0 0 0 0 0 0 0 0 0 0 0 0 0 0 0 0 0 0 0 0 0 0 0 0 0 0 0
0 0 0 0 0 0 0 0 0 0 0 0 0 0 0 0 0 0 0 0 0 0 0 0 0 0 0 0 0 0 0 0
0 0 0 0 0 0 0 0 0 0 0 0 0 0 0 0 0 0 0 0 0 0 0 0 0 0 0 0 0 0 0 0
0 0 0 0 0 0 0 0 0 0 0 0 0 0 0 0 0 0 0 0 0 0 0 0 0 0 0 0 0 0 0 0
0 0 0 0 0 0 0 0 0 0 0 0 0 0 0 0 0 0 0 0 0 0 0 0 0 0 0 0 0 0 0 0
0 0 0 0 0 0 0 0 0 0 0 0 0 0 0 0 0 0 0 0 0 0 0 0 0 0 0 0 0 0 0 0
0 0 0 0 0 0 0 0 0 0 0 0 0 0 0 0 0 0 0 0 0 0 0 0 0 0 0 0 0 0 0 0
0 0 0 0 0 0 0 0 0 0 0 0 0 0 0 0 0 0 0 0 0 0 0 0 0 0 0 0 0 0 0 0
0 0 0 0 0 0 0 0 0 0 0 0 0 0 0 0 0 0 0 0 0 0 0 0 0 0 0 0 0 0 0 0
0 0 0 0 0 0 0 0 0 0 0 0 0 0 0 0 0 0 0 0 0 0 0 0 0 0 0 0 0 0 0 0
0 0 0 0 0 0 0 0 0 0 0 0 0 0 0 0 0 0 0 0 0 0 0 0 0 0 0 0 0 0 0 0
0 0 0 0 0 0 0 0 0 0 0 0 0 0 0 0 0 0 0 0 0 0 0 0 0 0 0 0 0 0 0 0
0 0 0 0 0 0 0 0 0 0 0 0 0 0 0 0 0 0 0 0 0 0 0 0 0 0 0 0 0 0 0 0
0 0 0 0 0 0 0 0 0 0 0 0 0 0 0 0 0 0 0 0 0 0 0 0 0 0 0 0 0 0 0 0
0 0 0 0 0 0 0 0 0 0 0 0 0 0 0 0 0 0 0 0 0 0 0 0 0 0 0 0 0 0 0 0
0 0 0 0 0 0 0 0 0 0 0 0 0 0 0 0 0 0 0 0 0 0 0 0 0 0 0 0 0 0 0 0
0 0 0 0 0 0 0 0 0 0 0 0 0 0 0 0 0 0 0 0 0 0 0 0 0 0 0 0 0 0 0 0
0 0 0 0 0 0 0 0 0 0 0 0 0 0 0 0 0 0 0 0 0 0 0 0 0 0 0 0 0 0 0 0
0 0 0 0 0 0 0 0 0 0 0 0 0 0 0 0 0 0 0 0 0 0 0 0 0 0 0 0 0 0 0 0
0 0 0 0 0 0 0 0 0 0 0 0 0 0 0 0 0 0 0 0 0 0 0 0 0 0 0 0 0 0 0 0
0 0 0 0 0 0 0 0 0 0 0 0 0 0 0 0 0 0 0 0 0 0 0 0 0 0 0 0 0 0 0 0
0 0 0 0 0 0 0 0 0 0 0 0 0 0 0 0 0 0 0 0 0 0 0 0 0 0 0 0 0 0 0 0
0 0 0 0 0 0 0 0 0 0 0 0 0 0 0 0 0 0 0 0 0 0 0 0 0 0 0 0 0 0 0 0
0 0 0 0 0 0 0 0 0 0 0 0 0 0 0 0 0 0 0 0 0 0 0 0 0 0 0 0 0 0 0 0
0 0 0 0 0 0 0 0 0 0 0 0 0 0 0 0 0 0 0 0 0 0 0 0 0 0 0 0 0 0 0 0
0 0 0 0 0 0 0 0 0 0 0 0 0 0 0 0 0 0 0 0 0 0 0 0 0 0 0 0 0 0 0 0
0 0 0 0 0 0 0 0 0 0 0 0 0 0 0 0 0 0 0 0 0 0 0 0 0 0 0 0 0 0 0 0
0 0 0 0 0 0 0 0 0 0 0 0 0 0 0 0 0 0 0 0 0 0 0 0 0 0 0 0 0 0 0 0
0 0 0 0 0 0 0 0 0 0 0 0 0 0 0 0 0 0 0 0 0 0 0 0 0 0 0 0 0 0 0 0
0 0 0 0 0 0 0 0 0 0 0 0 0 0 0 0 0 0 0 0 0 0 0 0 0 0 0 0 0 0 0 0
0 0 0 0 0 0 0 0 0 0 0 0 0 0 0 0 0 0 0 0 0 0 0 0 0 0 0 0 0 0 0 0
0 0 0 0 0 0 0 0 0 0 0 0 0 0 0 0 0 0 0 0 0 0 0 0 0 0 0 0 0 0 0 0
0 0 0 0 0 0 0 0 0 0 0 0 0 0 0 0 0 0 0 0 0 0 0 0 0 0 0 0 0 0 0 0
0 0 0 0 0 0 0 0 0 0 0 0 0 0 0 0 0 0 0 0 0 0 0 0 0 0 0 0 0 0 0 0
0 0 0 0 0 0 0 0 0 0 0 0 0 0 0 0 0 0 0 0 0 0 0 0 0 0 0 0 0 0 0 0
0 0 0 0 0 0 0 0 0 0 0 0 0 0 0 0 0 0 0 0 0 0 0 0 0 0 0 0 0 0 0 0
0 0 0 0 0 0 0 0 0 0 0 0 0 0 0 0 0 0 0 0 0 0 0 0 0 0 0 0 0 0 0 0
0 0 0 0 0 0 0 0 0 0 0 0 0 0 0 0 0 0 0 0 0 0 0 0 0 0 0 0 0 0 0 0
0 0 0 0 0 0 0 0 0 0 0 0 0 0 0 0 0 0 0 0 0 0 0 0 0 0 0 0 0 0 0 0
0 0 0 0 0 0 0 0 0 0 0 0 0 0 0 0 0 0 0 0 0 0 0 0 0 0 0 0 0 0 0 0
0 0 0 0 0 0 0 0 0 0 0 0 0 0 0 0 0 0 0 0 0 0 0 0 0 0 0 0 0 0 0 0
0 0 0 0 0 0 0 0 0 0 0 0 0 0 0 0 0 0 0 0 0 0 0 0 0 0 0 0 0 0 0 0
0 0 0 0 0 0 0 0 0 0 0 0 0 0 0 0 0 0 0 0 0 0 0 0 0 0 0 0 0 0 0 0
0 0 0 0 0 0 0 0 0 0 0 0 0 0 0 0 0 0 0 0 0 0 0 0 0 0 0 0 0 0 0 0
0 0 0 0 0 0 0 0 0 0 0 0 0 0 0 0 0 0 0 0 0 0 0 0 0 0 0 0 0 0 0 0
0 0 0 0 0 0 0 0 0 0 0 0 0 0 0 0 0 0 0 0 0 0 0 0 0 0 0 0 0 0 0 0
0 0 0 0 0 0 0 0 0 0 0 0 0 0 0 0 0 0 0 0 0 0 0 0 0 0 0 0 0 0 0 0
0 0 0 0 0 0 0 0 0 0 0 0 0 0 0 0 0 0 0 0 0 0 0 0 0 0 0 0 0 0 0 0
0 0 0 0 0 0 0 0 0 0 0 0 0 0 0 0 0 0 0 0 0 0 0 0 0 0 0 0 0 0 0 0
0 0 0 0 0 0 0 0 0 0 0 0 0 0 0 0 0 0 0 0 0 0 0 0 0 0 0 0 0 0 0 0
0 0 0 0 0 0 0 0 0 0 0 0 0 0 0 0 0 0 0 0 0 0 0 0 0 0 0 0 0 0 0 0
0 0 0 0 0 0 0 0 0 0 0 0 0 0 0 0 0 0 0 0 0 0 0 0 0 0 0 0 0 0 0 0
0 0 0 0 0 0 0 0 0 0 0 0 0 0 0 0 0 0 0 0 0 0 0 0 0 0 0 0 0 0 0 0
0 0 0 0 0 0 0 0 0 0 0 0 0 0 0 0 0 0 0 0 0 0 0 0 0 0 0 0 0 0 0 0
0 0 0 0 0 0 0 0 0 0 0 0 0 0 0 0 0 0 0 0 0 0 0 0 0 0 0 0 0 0 0 0
0 0 0 0 0 0 0 0 0 0 0 0 0 0 0 0 0 0 0 0 0 0 0 0 0 0 0 0 0 0 0 0
0 0 0 0 0 0 0 0 0 0 0 0 0 0 0 0 0 0 0 0 0 0 0 0 0 0 0 0 0 0 0 0
0 0 0 0 0 0 0 0 0 0 0 0 0 0 0 0 0 0 0 0 0 0 0 0 0 0 0 0 0 0 0 0
0 0 0 0 0 0 0 0 0 0 0 0 0 0 0 0 0 0 0 0 0 0 0 0 0 0 0 0 0 0 0 0
0 0 0 0 0 0 0 0 0 0 0 0 0 0 0 0 0 0 0 0 0 0 0 0 0 0 0 0 0 0 0 0
0 0 0 0 0 0 0 0 0 0 0 0 0 0 0 0 0 0 0 0 0 0 0 0 0 0 0 0 0 0 0 0
0 0 0 0 0 0 0 0 0 0 0 0 0 0 0 0 0 0 0 0 0 0 0 0 0 0 0 0 0 0 0 0
0 0 0 0 0 0 0 0 0 0 0 0 0 0 0 0 0 0 0 0 0 0 0 0 0 0 0 0 0 0 0 0
0 0 0 0 0 0 0 0 0 0 0 0 0 0 0 0 0 0 0 0 0 0 0 0 0 0 0 0 0 0 0 0
0 0 0 0 0 0 0 0 0 0 0 0 0 0 0 0 0 0 0 0 0 0 0 0 0 0 0 0 0 0 0 0
0 0 0 0 0 0 0 0 0 0 0 0 0 0 0 0 0 0 0 0 0 0 0 0 0 0 0 0 0 0 0 0
0 0 0 0 0 0 0 0 0 0 0 0 0 0 0 0 0 0 0 0 0 0 0 0 0 0 0 0 0 0 0 0
0 0 0 0 0 0 0 0 0 0 0 0 0 0 0 0 0 0 0 0 0 0 0 0 0 0 0 0 0 0 0 0
0 0 0 0 0 0 0 0 0 0 0 0 0 0 0 0 0 0 0 0 0 0 0 0 0 0 0 0 0 0 0 0
0 0 0 0 0 0 0 0 0 0 0 0 0 0 0 0 0 0 0 0 0 0 0 0 0 0 0 0 0 0 0 0
0 0 0 0 0 0 0 0 0 0 0 0 0 0 0 0 0 0 0 0 0 0 0 0 0 0 0 0 0 0 0 0
0 0 0 0 0 0 0 0 0 0 0 0 0 0 0 0 0 0 0 0 0 0 0 0 0 0 0 0 0 0 0 0
0 0 0 0 0 0 0 0 0 0 0 0 0 0 0 0 0 0 0 0 0 0 0 0 0 0 0 0 0 0 0 0
0 0 0 0 0 0 0 0 0 0 0 0 0 0 0 0 0 0 0 0 0 0 0 0 0 0 0 0 0 0 0 0
0 0 0 0 0 0 0 0 0 0 0 0 0 0 0 0 0 0 0 0 0 0 0 0 0 0 0 0 0 0 0 0
0 0 0 0 0 0 0 0 0 0 0 0 0 0 0 0 0 0 0 0 0 0 0 0 0 0 0 0 0 0 0 0
0 0 0 0 0 0 0 0 0 0 0 0 0 0 0 0 0 0 0 0 0 0 0 0 0 0 0 0 0 0 0 0
0 0 0 0 0 0 0 0 0 0 0 0 0 0 0 0 0 0 0 0 0 0 0 0 0 0 0 0 0 0 0 0
0 0 0 0 0 0 0 0 0 0 0 0 0 0 0 0 0 0 0 0 0 0 0 0 0 0 0 0 0 0 0 0
0 0 0 0 0 0 0 0 0 0 0 0 0 0 0 0 0 0 0 0 0 0 0 0 0 0 0 0 0 0 0 0
0 0 0 0 0 0 0 0 0 0 0 0 0 0 0 0 0 0 0 0 0 0 0 0 0 0 0 0 0 0 0 0
0 0 0 0 0 0 0 0 0 0 0 0 0 0 0 0 0 0 0 0 0 0 0 0 0 0 0 0 0 0 0 0
0 0 0 0 0 0 0 0 0 0 0 0 0 0 0 0 0 0 0 0 0 0 0 0 0 0 0 0 0 0 0 0
0 0 0 0 0 0 0 0 0 0 0 0 0 0 0 0 0 0 0 0 0 0 0 0 0 0 0 0 0 0 0 0
0 0 0 0 0 0 0 0 0 0 0 0 0 0 0 0 0 0 0 0 0 0 0 0 0 0 0 0 0 0 0 0
0 0 0 0 0 0 0 0 0 0 0 0 0 0 0 0 0 0 0 0 0 0 0 0 0 0 0 0 0 0 0 0
0 0 0 0 0 0 0 0 0 0 0 0 0 0 0 0 0 0 0 0 0 0 0 0 0 0 0 0 0 0 0 0
0 0 0 0 0 0 0 0 0 0 0 0 0 0 0 0 0 0 0 0 0 0 0 0 0 0 0 0 0 0 0 0
0 0 0 0 0 0 0 0 0 0 0 0 0 0 0 0 0 0 0 0 0 0 0 0 0 0 0 0 0 0 0 0
0 0 0 0 0 0 0 0 0 0 0 0 0 0 0 0 0 0 0 0 0 0 0 0 0 0 0 0 0 0 0 0
		</DataArray>
		<DataArray type = "Int32" Name = "index" format = "ascii">
2 2 2 2 2 2 2 2 2 2 2 2 2 2 2 2 2 2 2 2 2 2 2 2 2 2 2 2 2 2 2 2
3 3 3 3 3 3 3 3 3 3 3 3 3 3 3 3 3 3 3 3 3 3 3 3 3 3 3 3 3 3 3 3
4 4 4 4 4 4 4 4 4 4 4 4 4 4 4 4 4 4 4 4 4 4 4 4 4 4 4 4 4 4 4 4
5 5 5 5 5 5 5 5 5 5 5 5 5 5 5 5 5 5 5 5 5 5 5 5 5 5 5 5 5 5 5 5
6 6 6 6 6 6 6 6 6 6 6 6 6 6 6 6 6 6 6 6 6 6 6 6 6 6 6 6 6 6 6 6
7 7 7 7 7 7 7 7 7 7 7 7 7 7 7 7 7 7 7 7 7 7 7 7 7 7 7 7 7 7 7 7
8 8 8 8 8 8 8 8 8 8 8 8 8 8 8 8 8 8 8 8 8 8 8 8 8 8 8 8 8 8 8 8
9 9 9 9 9 9 9 9 9 9 9 9 9 9 9 9 9 9 9 9 9 9 9 9 9 9 9 9 9 9 9 9
10 10 10 10 10 10 10 10 10 10 10 10 10 10 10 10 10 10 10 10 10 10 10 10 10 10 10 10 10 10 10 10
11 11 11 11 11 11 11 11 11 11 11 11 11 11 11 11 11 11 11 11 11 11 11 11 11 11 11 11 11 11 11 11
12 12 12 12 12 12 12 12 12 12 12 12 12 12 12 12 12 12 12 12 12 12 12 12 12 12 12 12 12 12 12 12
13 13 13 13 13 13 13 13 13 13 13 13 13 13 13 13 13 13 13 13 13 13 13 13 13 13 13 13 13 13 13 13
14 14 14 14 14 14 14 14 14 14 14 14 14 14 14 14 14 14 14 14 14 14 14 14 14 14 14 14 14 14 14 14
15 15 15 15 15 15 15 15 15 15 15 15 15 15 15 15 15 15 15 15 15 15 15 15 15 15 15 15 15 15 15 15
16 16 16 16 16 16 16 16 16 16 16 16 16 16 16 16 16 16 16 16 16 16 16 16 16 16 16 16 16 16 16 16
17 17 17 17 17 17 17 17 17 17 17 17 17 17 17 17 17 17 17 17 17 17 17 17 17 17 17 17 17 17 17 17
18 18 18 18 18 18 18 18 18 18 18 18 18 18 18 18 18 18 18 18 18 18 18 18 18 18 18 18 18 18 18 18
19 19 19 19 19 19 19 19 19 19 19 19 19 19 19 19 19 19 19 19 19 19 19 19 19 19 19 19 19 19 19 19
20 20 20 20 20 20 20 20 20 20 20 20 20 20 20 20 20 20 20 20 20 20 20 20 20 20 20 20 20 20 20 20
21 21 21 21 21 21 21 21 21 21 21 21 21 21 21 21 21 21 21 21 21 21 21 21 21 21 21 21 21 21 21 21
22 22 22 22 22 22 22 22 22 22 22 22 22 22 22 22 22 22 22 22 22 22 22 22 22 22 22 22 22 22 22 22
23 23 23 23 23 23 23 23 23 23 23 23 23 23 23 23 23 23 23 23 23 23 23 23 23 23 23 23 23 23 23 23
24 24 24 24 24 24 24 24 24 24 24 24 24 24 24 24 24 24 24 24 24 24 24 24 24 24 24 24 24 24 24 24
25 25 25 25 25 25 25 25 25 25 25 25 25 25 25 25 25 25 25 25 25 25 25 25 25 25 25 25 25 25 25 25
26 26 26 26 26 26 26 26 26 26 26 26 26 26 26 26 26 26 26 26 26 26 26 26 26 26 26 26 26 26 26 26
27 27 27 27 27 27 27 27 27 27 27 27 27 27 27 27 27 27 27 27 27 27 27 27 27 27 27 27 27 27 27 27
28 28 28 28 28 28 28 28 28 28 28 28 28 28 28 28 28 28 28 28 28 28 28 28 28 28 28 28 28 28 28 28
29 29 29 29 29 29 29 29 29 29 29 29 29 29 29 29 29 29 29 29 29 29 29 29 29 29 29 29 29 29 29 29
30 30 30 30 30 30 30 30 30 30 30 30 30 30 30 30 30 30 30 30 30 30 30 30 30 30 30 30 30 30 30 30
31 31 31 31 31 31 31 31 31 31 31 31 31 31 31 31 31 31 31 31 31 31 31 31 31 31 31 31 31 31 31 31
32 32 32 32 32 32 32 32 32 32 32 32 32 32 32 32 32 32 32 32 32 32 32 32 32 32 32 32 32 32 32 32
33 33 33 33 33 33 33 33 33 33 33 33 33 33 33 33 33 33 33 33 33 33 33 33 33 33 33 33 33 33 33 33
34 34 34 34 34 34 34 34 34 34 34 34 34 34 34 34 34 34 34 34 34 34 34 34 34 34 34 34 34 34 34 34
35 35 35 35 35 35 35 35 35 35 35 35 35 35 35 35 35 35 35 35 35 35 35 35 35 35 35 35 35 35 35 35
36 36 36 36 36 36 36 36 36 36 36 36 36 36 36 36 36 36 36 36 36 36 36 36 36 36 36 36 36 36 36 36
37 37 37 37 37 37 37 37 37 37 37 37 37 37 37 37 37 37 37 37 37 37 37 37 37 37 37 37 37 37 37 37
38 38 38 38 38 38 38 38 38 38 38 38 38 38 38 38 38 38 38 38 38 38 38 38 38 38 38 38 38 38 38 38
39 39 39 39 39 39 39 39 39 39 39 39 39 39 39 39 39 39 39 39 39 39 39 39 39 39 39 39 39 39 39 39
40 40 40 40 40 40 40 40 40 40 40 40 40 40 40 40 40 40 40 40 40 40 40 40 40 40 40 40 40 40 40 40
41 41 41 41 41 41 41 41 41 41 41 41 41 41 41 41 41 41 41 41 41 41 41 41 41 41 41 41 41 41 41 41
42 42 42 42 42 42 42 42 42 42 42 42 42 42 42 42 42 42 42 42 42 42 42 42 42 42 42 42 42 42 42 42
43 43 43 43 43 43 43 43 43 43 43 43 43 43 43 43 43 43 43 43 43 43 43 43 43 43 43 43 43 43 43 43
44 44 44 44 44 44 44 44 44 44 44 44 44 44 44 44 44 44 44 44 44 44 44 44 44 44 44 44 44 44 44 44
45 45 45 45 45 45 45 45 45 45 45 45 45 45 45 45 45 45 45 45 45 45 45 45 45 45 45 45 45 45 45 45
46 46 46 46 46 46 46 46 46 46 46 46 46 46 46 46 46 46 46 46 46 46 46 46 46 46 46 46 46 46 46 46
47 47 47 47 47 47 47 47 47 47 47 47 47 47 47 47 47 47 47 47 47 47 47 47 47 47 47 47 47 47 47 47
48 48 48 48 48 48 48 48 48 48 48 48 48 48 48 48 48 48 48 48 48 48 48 48 48 48 48 48 48 48 48 48
49 49 49 49 49 49 49 49 49 49 49 49 49 49 49 49 49 49 49 49 49 49 49 49 49 49 49 49 49 49 49 49
50 50 50 50 50 50 50 50 50 50 50 50 50 50 50 50 50 50 50 50 50 50 50 50 50 50 50 50 50 50 50 50
51 51 51 51 51 51 51 51 51 51 51 51 51 51 51 51 51 51 51 51 51 51 51 51 51 51 51 51 51 51 51 51
52 52 52 52 52 52 52 52 52 52 52 52 52 52 52 52 52 52 52 52 52 52 52 52 52 52 52 52 52 52 52 52
53 53 53 53 53 53 53 53 53 53 53 53 53 53 53 53 53 53 53 53 53 53 53 53 53 53 53 53 53 53 53 53
54 54 54 54 54 54 54 54 54 54 54 54 54 54 54 54 54 54 54 54 54 54 54 54 54 54 54 54 54 54 54 54
55 55 55 55 55 55 55 55 55 55 55 55 55 55 55 55 55 55 55 55 55 55 55 55 55 55 55 55 55 55 55 55
56 56 56 56 56 56 56 56 56 56 56 56 56 56 56 56 56 56 56 56 56 56 56 56 56 56 56 56 56 56 56 56
57 57 57 57 57 57 57 57 57 57 57 57 57 57 57 57 57 57 57 57 57 57 57 57 57 57 57 57 57 57 57 57
58 58 58 58 58 58 58 58 58 58 58 58 58 58 58 58 58 58 58 58 58 58 58 58 58 58 58 58 58 58 58 58
59 59 59 59 59 59 59 59 59 59 59 59 59 59 59 59 59 59 59 59 59 59 59 59 59 59 59 59 59 59 59 59
60 60 60 60 60 60 60 60 60 60 60 60 60 60 60 60 60 60 60 60 60 60 60 60 60 60 60 60 60 60 60 60
61 61 61 61 61 61 61 61 61 61 61 61 61 61 61 61 61 61 61 61 61 61 61 61 61 61 61 61 61 61 61 61
62 62 62 62 62 62 62 62 62 62 62 62 62 62 62 62 62 62 62 62 62 62 62 62 62 62 62 62 62 62 62 62
63 63 63 63 63 63 63 63 63 63 63 63 63 63 63 63 63 63 63 63 63 63 63 63 63 63 63 63 63 63 63 63
64 64 64 64 64 64 64 64 64 64 64 64 64 64 64 64 64 64 64 64 64 64 64 64 64 64 64 64 64 64 64 64
65 65 65 65 65 65 65 65 65 65 65 65 65 65 65 65 65 65 65 65 65 65 65 65 65 65 65 65 65 65 65 65
66 66 66 66 66 66 66 66 66 66 66 66 66 66 66 66 66 66 66 66 66 66 66 66 66 66 66 66 66 66 66 66
67 67 67 67 67 67 67 67 67 67 67 67 67 67 67 67 67 67 67 67 67 67 67 67 67 67 67 67 67 67 67 67
68 68 68 68 68 68 68 68 68 68 68 68 68 68 68 68 68 68 68 68 68 68 68 68 68 68 68 68 68 68 68 68
69 69 69 69 69 69 69 69 69 69 69 69 69 69 69 69 69 69 69 69 69 69 69 69 69 69 69 69 69 69 69 69
70 70 70 70 70 70 70 70 70 70 70 70 70 70 70 70 70 70 70 70 70 70 70 70 70 70 70 70 70 70 70 70
71 71 71 71 71 71 71 71 71 71 71 71 71 71 71 71 71 71 71 71 71 71 71 71 71 71 71 71 71 71 71 71
72 72 72 72 72 72 72 72 72 72 72 72 72 72 72 72 72 72 72 72 72 72 72 72 72 72 72 72 72 72 72 72
73 73 73 73 73 73 73 73 73 73 73 73 73 73 73 73 73 73 73 73 73 73 73 73 73 73 73 73 73 73 73 73
74 74 74 74 74 74 74 74 74 74 74 74 74 74 74 74 74 74 74 74 74 74 74 74 74 74 74 74 74 74 74 74
75 75 75 75 75 75 75 75 75 75 75 75 75 75 75 75 75 75 75 75 75 75 75 75 75 75 75 75 75 75 75 75
76 76 76 76 76 76 76 76 76 76 76 76 76 76 76 76 76 76 76 76 76 76 76 76 76 76 76 76 76 76 76 76
77 77 77 77 77 77 77 77 77 77 77 77 77 77 77 77 77 77 77 77 77 77 77 77 77 77 77 77 77 77 77 77
78 78 78 78 78 78 78 78 78 78 78 78 78 78 78 78 78 78 78 78 78 78 78 78 78 78 78 78 78 78 78 78
79 79 79 79 79 79 79 79 79 79 79 79 79 79 79 79 79 79 79 79 79 79 79 79 79 79 79 79 79 79 79 79
80 80 80 80 80 80 80 80 80 80 80 80 80 80 80 80 80 80 80 80 80 80 80 80 80 80 80 80 80 80 80 80
81 81 81 81 81 81 81 81 81 81 81 81 81 81 81 81 81 81 81 81 81 81 81 81 81 81 81 81 81 81 81 81
82 82 82 82 82 82 82 82 82 82 82 82 82 82 82 82 82 82 82 82 82 82 82 82 82 82 82 82 82 82 82 82
83 83 83 83 83 83 83 83 83 83 83 83 83 83 83 83 83 83 83 83 83 83 83 83 83 83 83 83 83 83 83 83
84 84 84 84 84 84 84 84 84 84 84 84 84 84 84 84 84 84 84 84 84 84 84 84 84 84 84 84 84 84 84 84
85 85 85 85 85 85 85 85 85 85 85 85 85 85 85 85 85 85 85 85 85 85 85 85 85 85 85 85 85 85 85 85
86 86 86 86 86 86 86 86 86 86 86 86 86 86 86 86 86 86 86 86 86 86 86 86 86 86 86 86 86 86 86 86
87 87 87 87 87 87 87 87 87 87 87 87 87 87 87 87 87 87 87 87 87 87 87 87 87 87 87 87 87 87 87 87
88 88 88 88 88 88 88 88 88 88 88 88 88 88 88 88 88 88 88 88 88 88 88 88 88 88 88 88 88 88 88 88
89 89 89 89 89 89 89 89 89 89 89 89 89 89 89 89 89 89 89 89 89 89 89 89 89 89 89 89 89 89 89 89
90 90 90 90 90 90 90 90 90 90 90 90 90 90 90 90 90 90 90 90 90 90 90 90 90 90 90 90 90 90 90 90
91 91 91 91 91 91 91 91 91 91 91 91 91 91 91 91 91 91 91 91 91 91 91 91 91 91 91 91 91 91 91 91
92 92 92 92 92 92 92 92 92 92 92 92 92 92 92 92 92 92 92 92 92 92 92 92 92 92 92 92 92 92 92 92
93 93 93 93 93 93 93 93 93 93 93 93 93 93 93 93 93 93 93 93 93 93 93 93 93 93 93 93 93 93 93 93
94 94 94 94 94 94 94 94 94 94 94 94 94 94 94 94 94 94 94 94 94 94 94 94 94 94 94 94 94 94 94 94
95 95 95 95 95 95 95 95 95 95 95 95 95 95 95 95 95 95 95 95 95 95 95 95 95 95 95 95 95 95 95 95
96 96 96 96 96 96 96 96 96 96 96 96 96 96 96 96 96 96 96 96 96 96 96 96 96 96 96 96 96 96 96 96
97 97 97 97 97 97 97 97 97 97 97 97 97 97 97 97 97 97 97 97 97 97 97 97 97 97 97 97 97 97 97 97
98 98 98 98 98 98 98 98 98 98 98 98 98 98 98 98 98 98 98 98 98 98 98 98 98 98 98 98 98 98 98 98
99 99 99 99 99 99 99 99 99 99 99 99 99 99 99 99 99 99 99 99 99 99 99 99 99 99 99 99 99 99 99 99
100 100 100 100 100 100 100 100 100 100 100 100 100 100 100 100 100 100 100 100 100 100 100 100 100 100 100 100 100 100 100 100
101 101 101 101 101 101 101 101 101 101 101 101 101 101 101 101 101 101 101 101 101 101 101 101 101 101 101 101 101 101 101 101
102 102 102 102 102 102 102 102 102 102 102 102 102 102 102 102 102 102 102 102 102 102 102 102 102 102 102 102 102 102 102 102
103 103 103 103 103 103 103 103 103 103 103 103 103 103 103 103 103 103 103 103 103 103 103 103 103 103 103 103 103 103 103 103
104 104 104 104 104 104 104 104 104 104 104 104 104 104 104 104 104 104 104 104 104 104 104 104 104 104 104 104 104 104 104 104
105 105 105 105 105 105 105 105 105 105 105 105 105 105 105 105 105 105 105 105 105 105 105 105 105 105 105 105 105 105 105 105
		</DataArray>
	</CellData>
  </Piece>
 </UnstructuredGrid>
</VTKFile>
