<?xml version = "1."?>
<VTKFile type = "UnstructuredGrid" version = "0.1" byte_order = "LittleEndian">
 <UnstructuredGrid>  <Piece NumberOfPoints = "17316" NumberOfCells = "5616" >
	<Points>
		<DataArray type = "Float32" NumberOfComponents = "3" format = "ascii">
0.84609 15.05 15.05 0.84609 14.9421 15.1579 0.84609 15.05 15.2129 -0.05 15.05 15.05 -0.05 14.9421 15.1579 -0.05 15.05 15.2129 0.84609 14.8871 15.05 -0.05 14.8871 15.05 0.84609 15.1579 15.1579 0.84609 15.2129 15.05 -0.05 15.1579 15.1579 -0.05 15.2129 15.05 0.84609 15.05 15.2129 -0.05 15.05 15.2129 0.84609 15.1579 14.9421 0.84609 15.05 14.8871 -0.05 15.1579 14.9421 -0.05 15.05 14.8871 0.84609 15.2129 15.05 -0.05 15.2129 15.05 0.84609 14.9421 14.9421 0.84609 14.8871 15.05 -0.05 14.9421 14.9421 -0.05 14.8871 15.05 0.84609 15.05 14.8871 -0.05 15.05 14.8871 0.05 2.69405 2.75303 0.0545623 2.58618 2.64513 0.0512404 2.69405 2.59011 1.66166 2.74994 2.76531 1.66622 2.64208 2.65741 1.6629 2.74994 2.60238
0.0556465 2.53122 2.75308 1.6673 2.58711 2.76535 0.0470812 2.80192 2.64508 0.0443535 2.85688 2.75299 1.65874 2.85781 2.65735 1.65601 2.91277 2.76526 0.0512404 2.69405 2.59011 1.6629 2.74994 2.60238 0.0454377 2.80192 2.86093 0.0487596 2.69405 2.91596 1.65709 2.85781 2.87321 1.66042 2.74994 2.92823 0.0443535 2.85688 2.75299 1.65601 2.91277 2.76526 0.0529188 2.58618 2.86099 0.0556465 2.53122 2.75308 1.66458 2.64208 2.87326 1.6673 2.58711 2.76535 0.0487596 2.69405 2.91596 1.66042 2.74994 2.92823 1.60469 15.05 15.05 1.60469 14.8507 15.2493 1.60469 15.05 15.3509 -0.05 14.8507 15.2493 -0.05 15.05 15.3509 1.60469 14.7491 15.05 -0.05 14.7491 15.05 1.60469 15.2493 15.2493 1.60469 15.3509 15.05 -0.05 15.2493 15.2493 -0.05 15.3509 15.05 1.60469 15.05 15.3509
-0.05 15.05 15.3509 1.60469 15.2493 14.8507 1.60469 15.05 14.7491 -0.05 15.2493 14.8507 -0.05 15.05 14.7491 -0.05 15.05 15.05 1.60469 15.3509 15.05 -0.05 15.3509 15.05 1.60469 14.8507 14.8507 1.60469 14.7491 15.05 -0.05 14.8507 14.8507 -0.05 14.7491 15.05 1.60469 15.05 14.7491 -0.05 15.05 14.7491 0.05 15.0389 1.94538 1.11715 15.05 15.05 1.11715 14.9094 15.1906 1.11715 15.05 15.2622 -0.05 14.9094 15.1906 -0.05 15.05 15.2622 1.11715 14.8378 15.05 -0.05 14.8378 15.05 1.11715 15.1906 15.1906 1.11715 15.2622 15.05 -0.05 15.1906 15.1906 -0.05 15.2622 15.05 1.11715 15.05 15.2622 -0.05 15.05 15.2622 1.11715 15.1906 14.9094 1.11715 15.05 14.8378 -0.05 15.1906 14.9094 -0.05 15.05 14.8378
1.11715 15.2622 15.05 -0.05 15.2622 15.05 1.11715 14.9094 14.9094 1.11715 14.8378 15.05 -0.05 14.9094 14.9094 -0.05 14.8378 15.05 1.11715 15.05 14.8378 -0.05 15.05 14.8378 0.05 21.1621 1.53146 -0.0905806 21.2604 1.63196 0.05 21.3105 1.68317 0.05 21.233 1.46215 -0.0905806 21.3313 1.56265 0.05 21.3814 1.61386 -0.16221 21.1621 1.53146 -0.16221 21.233 1.46215 0.190581 21.2604 1.63196 0.26221 21.1621 1.53146 0.190581 21.3313 1.56265 0.26221 21.233 1.46215 0.05 21.3105 1.68317 0.05 21.3814 1.61386 0.190581 21.0638 1.43096 0.05 21.0138 1.37975 0.190581 21.1347 1.36165 0.05 21.0846 1.31044 0.26221 21.1621 1.53146 0.26221 21.233 1.46215 -0.0905806 21.0638 1.43096 -0.16221 21.1621 1.53146 -0.0905806 21.1347 1.36165 -0.16221 21.233 1.46215
0.05 21.0138 1.37975 0.05 21.0846 1.31044 0.856768 15.05 15.05 0.856768 14.9408 15.1592 0.856768 15.05 15.2149 -0.05 14.9408 15.1592 -0.05 15.05 15.2149 -0.05 15.05 15.05 0.856768 14.8851 15.05 -0.05 14.8851 15.05 0.856768 15.1592 15.1592 0.856768 15.2149 15.05 -0.05 15.1592 15.1592 -0.05 15.2149 15.05 0.856768 15.05 15.2149 -0.05 15.05 15.2149 0.856768 15.1592 14.9408 0.856768 15.05 14.8851 -0.05 15.1592 14.9408 -0.05 15.05 14.8851 0.856768 15.2149 15.05 -0.05 15.2149 15.05 0.856768 14.9408 14.9408 0.856768 14.8851 15.05 -0.05 14.9408 14.9408 -0.05 14.8851 15.05 0.856768 15.05 14.8851 -0.05 15.05 14.8851 0.05 27.2552 0.742911 0.0812023 27.1505 0.633657 0.0498074 27.2552 0.578044 0.349038 27.3447 0.742561
0.38024 27.2401 0.633307 0.348845 27.3447 0.577695 0.0972933 27.0972 0.742856 0.396331 27.1868 0.742506 0.0185425 27.3598 0.63373 0.00270671 27.4131 0.742966 0.317581 27.4493 0.63338 0.301745 27.5027 0.742617 0.0498073 27.2552 0.578044 0.348845 27.3447 0.577695 0.0187977 27.3598 0.852165 0.0501927 27.2552 0.907778 0.317836 27.4493 0.851816 0.349231 27.3447 0.907428 0.00270671 27.4131 0.742966 0.301745 27.5027 0.742617 0.0814575 27.1505 0.852092 0.0972933 27.0972 0.742856 0.380496 27.2401 0.851742 0.396331 27.1868 0.742506 0.0501927 27.2552 0.907778 0.349231 27.3447 0.907428 0.811237 15.05 15.05 0.811237 14.9463 15.1537 0.811237 15.05 15.2066 -0.05 14.9463 15.1537 -0.05 15.05 15.2066 0.811237 14.8934 15.05 -0.05 14.8934 15.05 0.811237 15.1537 15.1537 0.811237 15.2066 15.05 -0.05 15.1537 15.1537
-0.05 15.2066 15.05 0.811237 15.05 15.2066 -0.05 15.05 15.2066 0.811237 15.1537 14.9463 0.811237 15.05 14.8934 -0.05 15.1537 14.9463 -0.05 15.05 14.8934 0.811237 15.2066 15.05 -0.05 15.05 15.05 -0.05 15.2066 15.05 0.811237 14.9463 14.9463 0.811237 14.8934 15.05 -0.05 14.9463 14.9463 -0.05 14.8934 15.05 0.811237 15.05 14.8934 -0.05 15.05 14.8934 0.05 8.36966 2.599 -0.0354516 8.48114 2.64135 0.05 8.46958 2.71957 1.54071 10.0375 1.217 1.45525 10.1489 1.25935 1.54071 10.1374 1.33757 -0.0789914 8.43802 2.54236 1.41171 10.1058 1.16036 0.135452 8.39057 2.7164 0.178991 8.30131 2.65564 1.62616 10.0584 1.3344 1.6697 9.96912 1.27364 0.05 8.46958 2.71957 1.54071 10.1374 1.33757 0.135452 8.25819 2.55665 0.05 8.26975 2.47843
1.62616 9.92601 1.17465 1.54071 9.93757 1.09643 0.178991 8.30131 2.65564 1.6697 9.96912 1.27364 -0.0354516 8.34876 2.4816 -0.0789914 8.43802 2.54236 1.45525 10.0166 1.0996 1.41171 10.1058 1.16036 0.05 8.26975 2.47843 1.54071 9.93757 1.09643 0.690789 15.05 15.05 0.690789 14.9608 15.1392 0.690789 15.05 15.1847 -0.05 14.9608 15.1392 -0.05 15.05 15.1847 0.690789 14.9153 15.05 -0.05 14.9153 15.05 0.690789 15.1392 15.1392 0.690789 15.1847 15.05 -0.05 15.1392 15.1392 -0.05 15.1847 15.05 0.690789 15.05 15.1847 -0.05 15.05 15.1847 0.690789 15.1392 14.9608 0.690789 15.05 14.9153 -0.05 15.1392 14.9608 -0.05 15.05 14.9153 0.690789 15.1847 15.05 -0.05 15.1847 15.05 0.690789 14.9608 14.9608 0.690789 14.9153 15.05 -0.05 14.9608 14.9608
-0.05 14.9153 15.05 0.690789 15.05 14.9153 -0.05 15.05 14.9153 0.05 28.201 4.94035 0.0841156 28.122 4.84809 0.0392129 28.201 4.80609 1.35038 28.8842 4.83587 1.38449 28.8052 4.74361 1.33959 28.8842 4.70161 0.112285 28.0817 4.93534 1.41266 28.7649 4.83086 0.00159237 28.28 4.85472 -0.0122855 28.3203 4.94535 1.30197 28.9632 4.75024 1.28809 29.0035 4.84087 0.0392129 28.201 4.80609 1.33959 28.8842 4.70161 0.0158844 28.28 5.0326 0.0607871 28.201 5.0746 1.31626 28.9632 4.92812 1.36116 28.8842 4.97012 -0.0122855 28.3203 4.94535 1.28809 29.0035 4.84087 0.0984076 28.122 5.02597 0.112285 28.0817 4.93534 1.39878 28.8052 4.92149 1.41266 28.7649 4.83086 0.0607871 28.201 5.0746 1.36116 28.8842 4.97012 0.333362 15.05 15.05 0.333362 15.0038 15.0962 0.333362 15.05 15.1197
-0.05 15.05 15.05 -0.05 15.0038 15.0962 -0.05 15.05 15.1197 0.333362 14.9803 15.05 -0.05 14.9803 15.05 0.333362 15.0962 15.0962 0.333362 15.1197 15.05 -0.05 15.0962 15.0962 -0.05 15.1197 15.05 0.333362 15.05 15.1197 -0.05 15.05 15.1197 0.333362 15.0962 15.0038 0.333362 15.05 14.9803 -0.05 15.0962 15.0038 -0.05 15.05 14.9803 0.333362 15.1197 15.05 -0.05 15.1197 15.05 0.333362 15.0038 15.0038 0.333362 14.9803 15.05 -0.05 15.0038 15.0038 -0.05 14.9803 15.05 0.333362 15.05 14.9803 -0.05 15.05 14.9803 0.05 21.8635 5.3191 0.0622468 21.8174 5.27457 0.0675122 21.8635 5.25163 4.299 21.927 6.42201 4.31125 21.8808 6.37748 4.31651 21.927 6.35454 0.0509747 21.7939 5.31935 4.29997 21.8573 6.42226 0.0609554 21.9097 5.27424
0.0490253 21.9332 5.31885 4.30996 21.9731 6.37715 4.29803 21.9967 6.42176 0.0675122 21.8635 5.25163 4.31651 21.927 6.35454 0.0377532 21.9097 5.36363 0.0324878 21.8635 5.38657 4.28675 21.9731 6.46654 4.28149 21.927 6.48948 0.0490253 21.9332 5.31885 4.29803 21.9967 6.42176 0.0390446 21.8174 5.36396 0.0509747 21.7939 5.31935 4.28804 21.8808 6.46687 4.29997 21.8573 6.42226 0.0324878 21.8635 5.38657 4.28149 21.927 6.48948 1.08124 15.05 15.05 1.08124 14.9137 15.1863 1.08124 15.05 15.2557 -0.05 14.9137 15.1863 -0.05 15.05 15.2557 1.08124 14.8443 15.05 -0.05 14.8443 15.05 1.08124 15.1863 15.1863 1.08124 15.2557 15.05 -0.05 15.1863 15.1863 -0.05 15.2557 15.05 1.08124 15.05 15.2557 -0.05 15.05 15.2557 1.08124 15.1863 14.9137 1.08124 15.05 14.8443
-0.05 15.1863 14.9137 -0.05 15.05 14.8443 -0.05 15.05 15.05 1.08124 15.2557 15.05 -0.05 15.2557 15.05 1.08124 14.9137 14.9137 1.08124 14.8443 15.05 -0.05 14.9137 14.9137 -0.05 14.8443 15.05 1.08124 15.05 14.8443 -0.05 15.05 14.8443 0.05 15.4274 6.52031 0.397758 15.05 15.05 0.397758 14.9961 15.1039 0.397758 15.05 15.1314 -0.05 14.9961 15.1039 -0.05 15.05 15.1314 0.397758 14.9686 15.05 -0.05 14.9686 15.05 0.397758 15.1039 15.1039 0.397758 15.1314 15.05 -0.05 15.1039 15.1039 -0.05 15.1314 15.05 0.397758 15.05 15.1314 -0.05 15.05 15.1314 0.397758 15.1039 14.9961 0.397758 15.05 14.9686 -0.05 15.1039 14.9961 -0.05 15.05 14.9686 0.397758 15.1314 15.05 -0.05 15.1314 15.05 0.397758 14.9961 14.9961
0.397758 14.9686 15.05 -0.05 14.9961 14.9961 -0.05 14.9686 15.05 0.397758 15.05 14.9686 -0.05 15.05 14.9686 0.05 2.17102 6.6425 0.0267702 2.1194 6.59139 0.0382697 2.17102 6.56194 3.88225 0.999 6.0845 3.85902 0.947381 6.03338 3.87052 0.999 6.00394 0.0266644 2.0931 6.6459 3.85892 0.92108 6.0879 0.0576881 2.22264 6.58688 0.0733356 2.24894 6.63911 3.88994 1.05062 6.02888 3.90559 1.07692 6.0811 0.0382697 2.17102 6.56194 3.87052 0.999 6.00394 0.0732298 2.22264 6.69362 0.0617303 2.17102 6.72307 3.90548 1.05062 6.13562 3.89398 0.999 6.16506 0.0733356 2.24894 6.63911 3.90559 1.07692 6.0811 0.0423119 2.1194 6.69812 0.0266644 2.0931 6.6459 3.87456 0.947381 6.14012 3.85892 0.92108 6.0879 0.0617303 2.17102 6.72307 3.89398 0.999 6.16506 0.78267 15.05 15.05
0.78267 14.9497 15.1503 0.78267 15.05 15.2014 -0.05 14.9497 15.1503 -0.05 15.05 15.2014 -0.05 15.05 15.05 0.78267 14.8986 15.05 -0.05 14.8986 15.05 0.78267 15.1503 15.1503 0.78267 15.2014 15.05 -0.05 15.1503 15.1503 -0.05 15.2014 15.05 0.78267 15.05 15.2014 -0.05 15.05 15.2014 0.78267 15.1503 14.9497 0.78267 15.05 14.8986 -0.05 15.1503 14.9497 -0.05 15.05 14.8986 0.78267 15.2014 15.05 -0.05 15.2014 15.05 0.78267 14.9497 14.9497 0.78267 14.8986 15.05 -0.05 14.9497 14.9497 -0.05 14.8986 15.05 0.78267 15.05 14.8986 -0.05 15.05 14.8986 0.05 25.433 7.36893 0.404621 15.05 15.05 0.404621 14.9952 15.1048 0.404621 15.05 15.1327 -0.05 14.9952 15.1048 -0.05 15.05 15.1327 0.404621 14.9673 15.05
-0.05 14.9673 15.05 0.404621 15.1048 15.1048 0.404621 15.1327 15.05 -0.05 15.1048 15.1048 -0.05 15.1327 15.05 0.404621 15.05 15.1327 -0.05 15.05 15.1327 0.404621 15.1048 14.9952 0.404621 15.05 14.9673 -0.05 15.1048 14.9952 -0.05 15.05 14.9673 0.404621 15.1327 15.05 -0.05 15.1327 15.05 0.404621 14.9952 14.9952 0.404621 14.9673 15.05 -0.05 14.9952 14.9952 -0.05 14.9673 15.05 0.404621 15.05 14.9673 -0.05 15.05 14.9673 0.05 8.67888 7.15 0.0665421 8.6243 7.09762 0.081011 8.67888 7.07338 2.3498 8.48269 8.08081 2.36634 8.4281 8.02843 2.38081 8.48269 8.00419 0.0439598 8.59648 7.14756 2.34376 8.40029 8.07836 0.0745449 8.73347 7.10086 0.0560402 8.76128 7.15244 2.37434 8.53727 8.03167 2.35584 8.56509 8.08325 0.081011 8.67888 7.07338
2.38081 8.48269 8.00419 0.0334579 8.73347 7.20238 0.018989 8.67888 7.22662 2.33326 8.53727 8.13318 2.31879 8.48269 8.15743 0.0560402 8.76128 7.15244 2.35584 8.56509 8.08325 0.0254551 8.6243 7.19914 0.0439598 8.59648 7.14756 2.32525 8.4281 8.12994 2.34376 8.40029 8.07836 0.018989 8.67888 7.22662 2.31879 8.48269 8.15743 1.46199 15.05 15.05 1.46199 14.8679 15.2321 1.46199 15.05 15.3249 -0.05 15.05 15.05 -0.05 14.8679 15.2321 -0.05 15.05 15.3249 1.46199 14.7751 15.05 -0.05 14.7751 15.05 1.46199 15.2321 15.2321 1.46199 15.3249 15.05 -0.05 15.2321 15.2321 -0.05 15.3249 15.05 1.46199 15.05 15.3249 -0.05 15.05 15.3249 1.46199 15.2321 14.8679 1.46199 15.05 14.7751 -0.05 15.2321 14.8679 -0.05 15.05 14.7751 1.46199 15.3249 15.05
-0.05 15.3249 15.05 1.46199 14.8679 14.8679 1.46199 14.7751 15.05 -0.05 14.8679 14.8679 -0.05 14.7751 15.05 1.46199 15.05 14.7751 -0.05 15.05 14.7751 0.05 18.3428 8.97756 1.50832 15.05 15.05 1.50832 14.8623 15.2377 1.50832 15.05 15.3333 -0.05 14.8623 15.2377 -0.05 15.05 15.3333 1.50832 14.7667 15.05 -0.05 14.7667 15.05 1.50832 15.2377 15.2377 1.50832 15.3333 15.05 -0.05 15.2377 15.2377 -0.05 15.3333 15.05 1.50832 15.05 15.3333 -0.05 15.05 15.3333 1.50832 15.2377 14.8623 1.50832 15.05 14.7667 -0.05 15.2377 14.8623 -0.05 15.05 14.7667 1.50832 15.3333 15.05 -0.05 15.3333 15.05 1.50832 14.8623 14.8623 1.50832 14.7667 15.05 -0.05 14.8623 14.8623 -0.05 14.7667 15.05 1.50832 15.05 14.7667
-0.05 15.05 14.7667 0.05 5.75892 12.0519 -0.0700387 5.57153 11.9072 -0.143002 5.75892 11.8445 1.16337 5.84558 11.016 1.04333 5.65819 10.8713 0.970364 5.84558 10.8085 0.0618008 5.47605 12.0409 1.17517 5.56271 11.005 -0.0856738 5.94631 11.9217 0.0381992 6.04179 12.0629 1.02769 6.03297 10.8858 1.15157 6.12845 11.0269 -0.143002 5.75892 11.8445 0.970364 5.84558 10.8085 0.170039 5.94631 12.1966 0.243002 5.75892 12.2593 1.28341 6.03297 11.1606 1.35637 5.84558 11.2234 0.0381993 6.04179 12.0629 1.15157 6.12845 11.0269 0.185674 5.57153 12.182 0.0618007 5.47605 12.0409 1.29904 5.65819 11.1461 1.17517 5.56271 11.005 0.243002 5.75892 12.2593 1.35637 5.84558 11.2234 0.877857 15.05 15.05 0.877857 14.9382 15.1618 0.877857 15.05 15.2187 -0.05 15.05 15.05 -0.05 14.9382 15.1618
-0.05 15.05 15.2187 0.877857 14.8813 15.05 -0.05 14.8813 15.05 0.877857 15.1618 15.1618 0.877857 15.2187 15.05 -0.05 15.1618 15.1618 -0.05 15.2187 15.05 0.877857 15.05 15.2187 -0.05 15.05 15.2187 0.877857 15.1618 14.9382 0.877857 15.05 14.8813 -0.05 15.1618 14.9382 -0.05 15.05 14.8813 0.877857 15.2187 15.05 -0.05 15.2187 15.05 0.877857 14.9382 14.9382 0.877857 14.8813 15.05 -0.05 14.9382 14.9382 -0.05 14.8813 15.05 0.877857 15.05 14.8813 -0.05 15.05 14.8813 0.05 22.95 10.957 0.114427 22.8383 10.8656 0.151331 22.95 10.8221 2.97398 22.8394 13.1537 3.03841 22.7277 13.0623 3.07531 22.8394 13.0188 0.0459238 22.7814 10.9539 2.96991 22.6708 13.1507 0.119828 23.0617 10.8697 0.0540762 23.1186 10.9601 3.04381 22.9511 13.0664
2.97806 23.008 13.1568 0.151331 22.95 10.8221 3.07531 22.8394 13.0188 -0.0144274 23.0617 11.0484 -0.051331 22.95 11.0919 2.90956 22.9511 13.2451 2.87265 22.8394 13.2886 0.0540762 23.1186 10.9601 2.97806 23.008 13.1568 -0.019828 22.8383 11.0443 0.0459238 22.7814 10.9539 2.90415 22.7277 13.241 2.96991 22.6708 13.1507 -0.051331 22.95 11.0919 2.87265 22.8394 13.2886 0.398436 15.05 15.05 0.398436 14.996 15.104 0.398436 15.05 15.1315 -0.05 14.996 15.104 -0.05 15.05 15.1315 0.398436 14.9685 15.05 -0.05 14.9685 15.05 0.398436 15.104 15.104 0.398436 15.1315 15.05 -0.05 15.104 15.104 -0.05 15.1315 15.05 0.398436 15.05 15.1315 -0.05 15.05 15.1315 0.398436 15.104 14.996 0.398436 15.05 14.9685 -0.05 15.104 14.996 -0.05 15.05 14.9685
-0.05 15.05 15.05 0.398436 15.1315 15.05 -0.05 15.1315 15.05 0.398436 14.996 14.996 0.398436 14.9685 15.05 -0.05 14.996 14.996 -0.05 14.9685 15.05 0.398436 15.05 14.9685 -0.05 15.05 14.9685 0.05 28.699 11.7192 0.0400795 28.6532 11.6589 0.0760097 28.699 11.6419 2.75821 26.9113 12.6308 2.74828 26.8655 12.5704 2.78422 26.9113 12.5535 0.00901514 28.6299 11.7054 2.71722 26.8421 12.617 0.0943812 28.7448 11.6772 0.0909849 28.7681 11.733 2.80259 26.957 12.5887 2.79919 26.9804 12.6446 0.0760097 28.699 11.6419 2.78422 26.9113 12.5535 0.0599205 28.7448 11.7795 0.0239903 28.699 11.7965 2.76813 26.957 12.6911 2.7322 26.9113 12.708 0.0909849 28.7681 11.733 2.79919 26.9804 12.6446 0.00561881 28.6532 11.7613 0.00901514 28.6299 11.7054 2.71382 26.8655 12.6728
2.71722 26.8421 12.617 0.0239903 28.699 11.7965 2.7322 26.9113 12.708 0.851935 15.05 15.05 0.851935 14.9414 15.1586 0.851935 15.05 15.214 -0.05 14.9414 15.1586 -0.05 15.05 15.214 0.851935 14.886 15.05 -0.05 14.886 15.05 0.851935 15.1586 15.1586 0.851935 15.214 15.05 -0.05 15.1586 15.1586 -0.05 15.214 15.05 0.851935 15.05 15.214 -0.05 15.05 15.214 0.851935 15.1586 14.9414 0.851935 15.05 14.886 -0.05 15.1586 14.9414 -0.05 15.05 14.886 0.851935 15.214 15.05 -0.05 15.214 15.05 0.851935 14.9414 14.9414 0.851935 14.886 15.05 -0.05 14.9414 14.9414 -0.05 14.886 15.05 0.851935 15.05 14.886 -0.05 15.05 14.886 0.05 12.2623 13.433 0.535277 15.05 15.05 0.535277 14.9795 15.1205 0.535277 15.05 15.1564
-0.05 14.9795 15.1205 -0.05 15.05 15.1564 -0.05 15.05 15.05 0.535277 14.9436 15.05 -0.05 14.9436 15.05 0.535277 15.1205 15.1205 0.535277 15.1564 15.05 -0.05 15.1205 15.1205 -0.05 15.1564 15.05 0.535277 15.05 15.1564 -0.05 15.05 15.1564 0.535277 15.1205 14.9795 0.535277 15.05 14.9436 -0.05 15.1205 14.9795 -0.05 15.05 14.9436 0.535277 15.1564 15.05 -0.05 15.1564 15.05 0.535277 14.9795 14.9795 0.535277 14.9436 15.05 -0.05 14.9795 14.9795 -0.05 14.9436 15.05 0.535277 15.05 14.9436 -0.05 15.05 14.9436 0.05 16.1326 12.9298 0.0915966 16.0674 12.8668 0.0729508 16.1326 12.8259 3.42433 17.5671 13.6751 3.46593 17.502 13.6121 3.44728 17.5671 13.5712 0.0898404 16.0343 12.9386 3.46417 17.4689 13.6839 0.0388113 16.1977 12.8552
0.0101596 16.2308 12.921 3.41315 17.6322 13.6005 3.38449 17.6654 13.6663 0.0729508 16.1326 12.8259 3.44728 17.5671 13.5712 0.00840336 16.1977 12.9928 0.0270492 16.1326 13.0337 3.38274 17.6322 13.7381 3.40138 17.5671 13.779 0.0101596 16.2308 12.921 3.38449 17.6654 13.6663 0.0611887 16.0674 13.0045 0.0898404 16.0343 12.9386 3.43552 17.502 13.7498 3.46417 17.4689 13.6839 0.0270492 16.1326 13.0337 3.40138 17.5671 13.779 0.585305 15.05 15.05 0.585305 14.9735 15.1265 0.585305 15.05 15.1655 -0.05 14.9735 15.1265 -0.05 15.05 15.1655 0.585305 14.9345 15.05 -0.05 14.9345 15.05 0.585305 15.1265 15.1265 0.585305 15.1655 15.05 -0.05 15.1265 15.1265 -0.05 15.1655 15.05 0.585305 15.05 15.1655 -0.05 15.05 15.1655 0.585305 15.1265 14.9735 0.585305 15.05 14.9345
-0.05 15.1265 14.9735 -0.05 15.05 14.9345 0.585305 15.1655 15.05 -0.05 15.05 15.05 -0.05 15.1655 15.05 0.585305 14.9735 14.9735 0.585305 14.9345 15.05 -0.05 14.9735 14.9735 -0.05 14.9345 15.05 0.585305 15.05 14.9345 -0.05 15.05 14.9345 0.05 1.999 15.05 -0.0265207 2.07465 15.0385 0.05 2.1132 15.0326 0.05 1.79148 13.6855 -0.0265207 1.86713 13.674 0.05 1.90568 13.6682 -0.06551 1.999 15.05 -0.06551 1.79148 13.6855 0.126521 2.07465 15.0385 0.16551 1.999 15.05 0.126521 1.86713 13.674 0.16551 1.79148 13.6855 0.05 2.1132 15.0326 0.05 1.90568 13.6682 0.126521 1.92335 15.0615 0.05 1.8848 15.0674 0.126521 1.71583 13.697 0.05 1.67728 13.7029 0.16551 1.999 15.05 0.16551 1.79148 13.6855 -0.0265207 1.92335 15.0615
-0.06551 1.999 15.05 -0.0265207 1.71583 13.697 -0.06551 1.79148 13.6855 0.05 1.8848 15.0674 0.05 1.67728 13.7029 1.15927 15.05 15.05 1.15927 14.9043 15.1957 1.15927 15.05 15.2699 -0.05 14.9043 15.1957 -0.05 15.05 15.2699 1.15927 14.8301 15.05 -0.05 14.8301 15.05 1.15927 15.1957 15.1957 1.15927 15.2699 15.05 -0.05 15.1957 15.1957 -0.05 15.2699 15.05 1.15927 15.05 15.2699 -0.05 15.05 15.2699 1.15927 15.1957 14.9043 1.15927 15.05 14.8301 -0.05 15.1957 14.9043 -0.05 15.05 14.8301 1.15927 15.2699 15.05 -0.05 15.2699 15.05 1.15927 14.9043 14.9043 1.15927 14.8301 15.05 -0.05 14.9043 14.9043 -0.05 14.8301 15.05 1.15927 15.05 14.8301 -0.05 15.05 14.8301 0.05 28.9649 16.1318 0.02539 28.8193 15.9881
0.021064 28.9649 15.9138 0.651656 28.942 16.0519 0.627046 28.7964 15.9082 0.62272 28.942 15.834 0.0417865 28.7452 16.1329 0.643443 28.7223 16.053 0.0362722 29.1104 15.9867 0.0582135 29.1846 16.1307 0.637928 29.0875 15.9068 0.65987 29.1617 16.0508 0.021064 28.9649 15.9138 0.62272 28.942 15.834 0.07461 29.1104 16.2754 0.078936 28.9649 16.3497 0.676266 29.0875 16.1956 0.680592 28.942 16.2699 0.0582135 29.1846 16.1307 0.65987 29.1617 16.0508 0.0637278 28.8193 16.2769 0.0417865 28.7452 16.1329 0.665384 28.7964 16.197 0.643443 28.7223 16.053 0.078936 28.9649 16.3497 0.680592 28.942 16.2699 1.27057 15.05 15.05 1.27057 14.8909 15.2091 1.27057 15.05 15.2901 -0.05 15.05 15.05 -0.05 14.8909 15.2091 -0.05 15.05 15.2901 1.27057 14.8099 15.05 -0.05 14.8099 15.05
1.27057 15.2091 15.2091 1.27057 15.2901 15.05 -0.05 15.2091 15.2091 -0.05 15.2901 15.05 1.27057 15.05 15.2901 -0.05 15.05 15.2901 1.27057 15.2091 14.8909 1.27057 15.05 14.8099 -0.05 15.2091 14.8909 -0.05 15.05 14.8099 1.27057 15.2901 15.05 -0.05 15.2901 15.05 1.27057 14.8909 14.8909 1.27057 14.8099 15.05 -0.05 14.8909 14.8909 -0.05 14.8099 15.05 1.27057 15.05 14.8099 -0.05 15.05 14.8099 0.05 5.66522 15.4367 1.08426 15.05 15.05 1.08426 14.9134 15.1866 1.08426 15.05 15.2562 -0.05 14.9134 15.1866 -0.05 15.05 15.2562 1.08426 14.8438 15.05 -0.05 14.8438 15.05 1.08426 15.1866 15.1866 1.08426 15.2562 15.05 -0.05 15.1866 15.1866 -0.05 15.2562 15.05 1.08426 15.05 15.2562 -0.05 15.05 15.2562
1.08426 15.1866 14.9134 1.08426 15.05 14.8438 -0.05 15.1866 14.9134 -0.05 15.05 14.8438 1.08426 15.2562 15.05 -0.05 15.2562 15.05 1.08426 14.9134 14.9134 1.08426 14.8438 15.05 -0.05 14.9134 14.9134 -0.05 14.8438 15.05 1.08426 15.05 14.8438 -0.05 15.05 14.8438 0.05 0.937537 21.007 -0.065044 1.08336 20.9538 0.05 1.1416 21.0367 1.905 1.35576 18.1411 1.78996 1.50159 18.0879 1.905 1.55983 18.1709 -0.123662 0.953599 20.8969 1.73134 1.37183 18.031 0.165044 1.06208 21.0996 0.223662 0.921475 21.117 2.02005 1.48031 18.2337 2.07867 1.3397 18.2512 0.05 1.1416 21.0367 1.905 1.55983 18.1709 0.165044 0.791711 21.0602 0.05 0.73347 20.9772 2.02005 1.20994 18.1943 1.905 1.1517 18.1113 0.223662 0.921475 21.117 2.07867 1.3397 18.2512
-0.065044 0.812991 20.9143 -0.123662 0.953599 20.8969 1.78996 1.23122 18.0485 1.73134 1.37183 18.031 0.05 0.73347 20.9772 1.905 1.1517 18.1113 1.31997 15.05 15.05 1.31997 14.885 15.215 1.31997 15.05 15.2991 -0.05 15.05 15.05 -0.05 14.885 15.215 -0.05 15.05 15.2991 1.31997 14.8009 15.05 -0.05 14.8009 15.05 1.31997 15.215 15.215 1.31997 15.2991 15.05 -0.05 15.215 15.215 -0.05 15.2991 15.05 1.31997 15.05 15.2991 -0.05 15.05 15.2991 1.31997 15.215 14.885 1.31997 15.05 14.8009 -0.05 15.215 14.885 -0.05 15.05 14.8009 1.31997 15.2991 15.05 -0.05 15.2991 15.05 1.31997 14.885 14.885 1.31997 14.8009 15.05 -0.05 14.885 14.885 -0.05 14.8009 15.05 1.31997 15.05 14.8009 -0.05 15.05 14.8009
0.05 18.0946 18.9683 0.0738164 17.9372 18.7977 0.0120567 18.0946 18.7221 0.147703 18.1257 18.9532 0.171519 17.9683 18.7826 0.109759 18.1257 18.7071 0.123895 17.857 18.9569 0.221598 17.8881 18.9419 -0.0240882 18.252 18.8128 -0.0238948 18.3322 18.9797 0.0736145 18.2831 18.7977 0.073808 18.3633 18.9646 0.0120567 18.0946 18.7221 0.109759 18.1257 18.7071 0.0261836 18.252 19.1389 0.0879433 18.0946 19.2145 0.123886 18.2831 19.1239 0.185646 18.1257 19.1994 -0.0238948 18.3322 18.9797 0.073808 18.3633 18.9646 0.124088 17.9372 19.1238 0.123895 17.857 18.9569 0.221791 17.9683 19.1088 0.221598 17.8881 18.9419 0.0879433 18.0946 19.2145 0.185646 18.1257 19.1994 0.970584 15.05 15.05 0.970584 14.9271 15.1729 0.970584 15.05 15.2356 -0.05 14.9271 15.1729 -0.05 15.05 15.2356 0.970584 14.8644 15.05
-0.05 14.8644 15.05 0.970584 15.1729 15.1729 0.970584 15.2356 15.05 -0.05 15.1729 15.1729 -0.05 15.2356 15.05 0.970584 15.05 15.2356 -0.05 15.05 15.2356 0.970584 15.1729 14.9271 0.970584 15.05 14.8644 -0.05 15.1729 14.9271 -0.05 15.05 14.8644 -0.05 15.05 15.05 0.970584 15.2356 15.05 -0.05 15.2356 15.05 0.970584 14.9271 14.9271 0.970584 14.8644 15.05 -0.05 14.9271 14.9271 -0.05 14.8644 15.05 0.970584 15.05 14.8644 -0.05 15.05 14.8644 0.05 7.27691 16.8433 0.140856 7.15516 16.7588 0.167323 7.27691 16.6995 1.68979 7.57161 18.1815 1.78064 7.44986 18.0969 1.80711 7.57161 18.0377 0.0698263 7.09312 16.8595 1.70961 7.38782 18.1976 0.114587 7.39866 16.7373 0.0301737 7.4607 16.8271 1.75437 7.69336 18.0755 1.66996 7.7554 18.1653
0.167323 7.27691 16.6995 1.80711 7.57161 18.0377 -0.0408557 7.39866 16.9278 -0.0673226 7.27691 16.987 1.59893 7.69336 18.266 1.57246 7.57161 18.3252 0.0301737 7.4607 16.8271 1.66996 7.7554 18.1653 -0.0145874 7.15516 16.9492 0.0698263 7.09312 16.8595 1.6252 7.44986 18.2874 1.70961 7.38782 18.1976 -0.0673226 7.27691 16.987 1.57246 7.57161 18.3252 0.728738 15.05 15.05 0.728738 14.9562 15.1438 0.728738 15.05 15.1916 -0.05 14.9562 15.1438 -0.05 15.05 15.1916 0.728738 14.9084 15.05 -0.05 14.9084 15.05 0.728738 15.1438 15.1438 0.728738 15.1916 15.05 -0.05 15.1438 15.1438 -0.05 15.1916 15.05 0.728738 15.05 15.1916 -0.05 15.05 15.1916 0.728738 15.1438 14.9562 0.728738 15.05 14.9084 -0.05 15.1438 14.9562 -0.05 15.05 14.9084 0.728738 15.1916 15.05
-0.05 15.1916 15.05 0.728738 14.9562 14.9562 0.728738 14.9084 15.05 -0.05 14.9562 14.9562 -0.05 14.9084 15.05 0.728738 15.05 14.9084 -0.05 15.05 14.9084 0.05 25.4448 17.15 0.0153169 25.3545 17.0592 0.0361717 25.4448 17.0091 0.672201 25.2671 17.0889 0.637518 25.1768 16.9981 0.658373 25.2671 16.948 0.0114734 25.3086 17.1538 0.633675 25.1309 17.0927 0.0663616 25.535 17.0541 0.0885266 25.581 17.1462 0.688563 25.3573 16.9931 0.710728 25.4033 17.0852 0.0361717 25.4448 17.0091 0.658373 25.2671 16.948 0.0846831 25.535 17.2408 0.0638283 25.4448 17.2909 0.706885 25.3573 17.1798 0.68603 25.2671 17.2299 0.0885266 25.581 17.1462 0.710728 25.4033 17.0852 0.0336384 25.3545 17.2459 0.0114734 25.3086 17.1538 0.65584 25.1768 17.1848 0.633675 25.1309 17.0927 0.0638283 25.4448 17.2909
0.68603 25.2671 17.2299 0.954955 15.05 15.05 0.954955 14.929 15.171 0.954955 15.05 15.2327 -0.05 15.05 15.05 -0.05 14.929 15.171 -0.05 15.05 15.2327 0.954955 14.8673 15.05 -0.05 14.8673 15.05 0.954955 15.171 15.171 0.954955 15.2327 15.05 -0.05 15.171 15.171 -0.05 15.2327 15.05 0.954955 15.05 15.2327 -0.05 15.05 15.2327 0.954955 15.171 14.929 0.954955 15.05 14.8673 -0.05 15.171 14.929 -0.05 15.05 14.8673 0.954955 15.2327 15.05 -0.05 15.2327 15.05 0.954955 14.929 14.929 0.954955 14.8673 15.05 -0.05 14.929 14.929 -0.05 14.8673 15.05 0.954955 15.05 14.8673 -0.05 15.05 14.8673 0.05 12.6463 20.4622 -0.0483845 12.709 20.337 0.05 12.7992 20.3622 2.15931 11.0357 17.999 2.06092 11.0985 17.8737
2.15931 11.1887 17.899 -0.0985139 12.588 20.3731 2.01079 10.9775 17.9099 0.148385 12.7862 20.455 0.198514 12.7045 20.5513 2.25769 11.1756 17.9918 2.30782 11.094 18.0881 0.05 12.7992 20.3622 2.15931 11.1887 17.899 0.148385 12.5836 20.5875 0.05 12.4934 20.5622 2.25769 10.973 18.1243 2.15931 10.8828 18.099 0.198514 12.7045 20.5513 2.30782 11.094 18.0881 -0.0483845 12.5064 20.4695 -0.0985139 12.588 20.3731 2.06092 10.8958 18.0062 2.01079 10.9775 17.9099 0.05 12.4934 20.5622 2.15931 10.8828 18.099 1.4695 15.05 15.05 1.4695 14.867 15.233 1.4695 15.05 15.3263 -0.05 14.867 15.233 -0.05 15.05 15.3263 1.4695 14.7737 15.05 -0.05 14.7737 15.05 1.4695 15.233 15.233 1.4695 15.3263 15.05 -0.05 15.233 15.233 -0.05 15.3263 15.05
1.4695 15.05 15.3263 -0.05 15.05 15.3263 1.4695 15.233 14.867 1.4695 15.05 14.7737 -0.05 15.233 14.867 -0.05 15.05 14.7737 -0.05 15.05 15.05 1.4695 15.3263 15.05 -0.05 15.3263 15.05 1.4695 14.867 14.867 1.4695 14.7737 15.05 -0.05 14.867 14.867 -0.05 14.7737 15.05 1.4695 15.05 14.7737 -0.05 15.05 14.7737 0.05 19.7415 22.65 -0.133019 19.9239 22.6644 0.05 20.0169 22.6718 0.05 19.7534 22.499 -0.133019 19.9359 22.5134 0.05 20.0288 22.5208 -0.226272 19.7415 22.65 -0.226272 19.7534 22.499 0.233019 19.9239 22.6644 0.326272 19.7415 22.65 0.233019 19.9359 22.5134 0.326272 19.7534 22.499 0.05 20.0169 22.6718 0.05 20.0288 22.5208 0.233019 19.559 22.6356 0.05 19.4661 22.6282 0.233019 19.571 22.4846
0.05 19.478 22.4772 0.326272 19.7415 22.65 0.326272 19.7534 22.499 -0.133019 19.559 22.6356 -0.226272 19.7415 22.65 -0.133019 19.571 22.4846 -0.226272 19.7534 22.499 0.05 19.4661 22.6282 0.05 19.478 22.4772 0.492986 15.05 15.05 0.492986 14.9846 15.1154 0.492986 15.05 15.1487 -0.05 14.9846 15.1154 -0.05 15.05 15.1487 0.492986 14.9513 15.05 -0.05 14.9513 15.05 0.492986 15.1154 15.1154 0.492986 15.1487 15.05 -0.05 15.1154 15.1154 -0.05 15.1487 15.05 0.492986 15.05 15.1487 -0.05 15.05 15.1487 0.492986 15.1154 14.9846 0.492986 15.05 14.9513 -0.05 15.1154 14.9846 -0.05 15.05 14.9513 0.492986 15.1487 15.05 -0.05 15.1487 15.05 0.492986 14.9846 14.9846 0.492986 14.9513 15.05 -0.05 14.9846 14.9846 -0.05 14.9513 15.05
0.492986 15.05 14.9513 -0.05 15.05 14.9513 0.05 24.25 21.3629 1.33753 15.05 15.05 1.33753 14.8829 15.2171 1.33753 15.05 15.3023 -0.05 14.8829 15.2171 -0.05 15.05 15.3023 -0.05 15.05 15.05 1.33753 14.7977 15.05 -0.05 14.7977 15.05 1.33753 15.2171 15.2171 1.33753 15.3023 15.05 -0.05 15.2171 15.2171 -0.05 15.3023 15.05 1.33753 15.05 15.3023 -0.05 15.05 15.3023 1.33753 15.2171 14.8829 1.33753 15.05 14.7977 -0.05 15.2171 14.8829 -0.05 15.05 14.7977 1.33753 15.3023 15.05 -0.05 15.3023 15.05 1.33753 14.8829 14.8829 1.33753 14.7977 15.05 -0.05 14.8829 14.8829 -0.05 14.7977 15.05 1.33753 15.05 14.7977 -0.05 15.05 14.7977 0.05 3.72291 23.5476 0.105531 3.58321 23.3652 -0.00169807 3.72291 23.3007
1.56768 4.74098 23.2298 1.62321 4.60128 23.0475 1.51599 4.74098 22.9829 0.185523 3.51203 23.5192 1.70321 4.5301 23.2015 -0.0740266 3.86262 23.4028 -0.0855233 3.9338 23.576 1.44366 4.88069 23.085 1.43216 4.95187 23.2582 -0.00169808 3.72291 23.3007 1.51599 4.74098 22.9829 -0.00553083 3.86262 23.73 0.101698 3.72291 23.7945 1.51215 4.88069 23.4122 1.61938 4.74098 23.4768 -0.0855233 3.9338 23.576 1.43216 4.95187 23.2582 0.174027 3.58321 23.6924 0.185523 3.51203 23.5192 1.69171 4.60128 23.3746 1.70321 4.5301 23.2015 0.101698 3.72291 23.7945 1.61938 4.74098 23.4768 0.334018 15.05 15.05 0.334018 15.0037 15.0963 0.334018 15.05 15.1198 -0.05 15.0037 15.0963 -0.05 15.05 15.1198 0.334018 14.9802 15.05 -0.05 14.9802 15.05 0.334018 15.0963 15.0963 0.334018 15.1198 15.05
-0.05 15.0963 15.0963 -0.05 15.1198 15.05 0.334018 15.05 15.1198 -0.05 15.05 15.1198 0.334018 15.0963 15.0037 0.334018 15.05 14.9802 -0.05 15.0963 15.0037 -0.05 15.05 14.9802 0.334018 15.1198 15.05 -0.05 15.05 15.05 -0.05 15.1198 15.05 0.334018 15.0037 15.0037 0.334018 14.9802 15.05 -0.05 15.0037 15.0037 -0.05 14.9802 15.05 0.334018 15.05 14.9802 -0.05 15.05 14.9802 0.05 26.7243 23.5728 0.0770109 26.7625 23.5271 0.0987961 26.7742 23.5728 1.02917 25.7675 23.35 1.05618 25.8058 23.3043 1.07797 25.8174 23.35 0.0419776 26.7321 23.5039 1.02115 25.7753 23.281 0.08764 26.7521 23.6184 0.0580224 26.7164 23.6417 1.06681 25.7954 23.3956 1.03719 25.7597 23.4189 0.0987961 26.7742 23.5728 1.07797 25.8174 23.35 0.0229891 26.686 23.6184
0.00120392 26.6743 23.5728 1.00216 25.7292 23.3956 0.980376 25.7176 23.35 0.0580224 26.7164 23.6417 1.03719 25.7597 23.4189 0.01236 26.6964 23.5271 0.0419776 26.7321 23.5039 0.991532 25.7396 23.3043 1.02115 25.7753 23.281 0.00120392 26.6743 23.5728 0.980376 25.7176 23.35 0.505881 15.05 15.05 0.505881 14.983 15.117 0.505881 15.05 15.1511 -0.05 14.983 15.117 -0.05 15.05 15.1511 0.505881 14.9489 15.05 -0.05 14.9489 15.05 0.505881 15.117 15.117 0.505881 15.1511 15.05 -0.05 15.117 15.117 -0.05 15.1511 15.05 0.505881 15.05 15.1511 -0.05 15.05 15.1511 0.505881 15.117 14.983 0.505881 15.05 14.9489 -0.05 15.117 14.983 -0.05 15.05 14.9489 0.505881 15.1511 15.05 -0.05 15.1511 15.05 0.505881 14.983 14.983 0.505881 14.9489 15.05
-0.05 14.983 14.983 -0.05 14.9489 15.05 0.505881 15.05 14.9489 -0.05 15.05 14.9489 0.05 29.6342 23.3663 1.41895 15.05 15.05 1.41895 14.8731 15.2269 1.41895 15.05 15.3171 -0.05 14.8731 15.2269 -0.05 15.05 15.3171 -0.05 15.05 15.05 1.41895 14.7829 15.05 -0.05 14.7829 15.05 1.41895 15.2269 15.2269 1.41895 15.3171 15.05 -0.05 15.2269 15.2269 -0.05 15.3171 15.05 1.41895 15.05 15.3171 -0.05 15.05 15.3171 1.41895 15.2269 14.8731 1.41895 15.05 14.7829 -0.05 15.2269 14.8731 -0.05 15.05 14.7829 1.41895 15.3171 15.05 -0.05 15.3171 15.05 1.41895 14.8731 14.8731 1.41895 14.7829 15.05 -0.05 14.8731 14.8731 -0.05 14.7829 15.05 1.41895 15.05 14.7829 -0.05 15.05 14.7829 0.05 14.5455 27.4715
-0.0797659 14.3702 27.3489 -0.117902 14.5455 27.2638 1.22095 14.3408 26.525 1.09118 14.1655 26.4023 1.05305 14.3408 26.3172 0.0220173 14.2809 27.4941 1.19296 14.0762 26.5476 -0.0426911 14.7208 27.3189 0.0779827 14.8102 27.4489 1.12826 14.5161 26.3724 1.24893 14.6054 26.5023 -0.117902 14.5455 27.2638 1.05305 14.3408 26.3172 0.179766 14.7208 27.5941 0.217902 14.5455 27.6792 1.35071 14.5161 26.6476 1.38885 14.3408 26.7327 0.0779827 14.8102 27.4489 1.24893 14.6054 26.5023 0.142691 14.3702 27.6241 0.0220173 14.2809 27.4941 1.31364 14.1655 26.6775 1.19296 14.0762 26.5476 0.217902 14.5455 27.6792 1.38885 14.3408 26.7327 0.518188 15.05 15.05 0.518188 14.9816 15.1184 0.518188 15.05 15.1533 -0.05 14.9816 15.1184 -0.05 15.05 15.1533 0.518188 14.9467 15.05 -0.05 14.9467 15.05
0.518188 15.1184 15.1184 0.518188 15.1533 15.05 -0.05 15.1184 15.1184 -0.05 15.1533 15.05 0.518188 15.05 15.1533 -0.05 15.05 15.1533 0.518188 15.1184 14.9816 0.518188 15.05 14.9467 -0.05 15.1184 14.9816 -0.05 15.05 14.9467 0.518188 15.1533 15.05 -0.05 15.05 15.05 -0.05 15.1533 15.05 0.518188 14.9816 14.9816 0.518188 14.9467 15.05 -0.05 14.9816 14.9816 -0.05 14.9467 15.05 0.518188 15.05 14.9467 -0.05 15.05 14.9467 0.05 9.28383 25.1349 0.650131 15.05 15.05 0.650131 14.9657 15.1343 0.650131 15.05 15.1773 -0.05 14.9657 15.1343 -0.05 15.05 15.1773 0.650131 14.9227 15.05 -0.05 14.9227 15.05 0.650131 15.1343 15.1343 0.650131 15.1773 15.05 -0.05 15.1343 15.1343 -0.05 15.1773 15.05 0.650131 15.05 15.1773
-0.05 15.05 15.1773 0.650131 15.1343 14.9657 0.650131 15.05 14.9227 -0.05 15.1343 14.9657 -0.05 15.05 14.9227 0.650131 15.1773 15.05 -0.05 15.1773 15.05 0.650131 14.9657 14.9657 0.650131 14.9227 15.05 -0.05 14.9657 14.9657 -0.05 14.9227 15.05 0.650131 15.05 14.9227 -0.05 15.05 14.9227 0.05 22.3528 26.4472 0.095841 22.2785 26.366 0.0590775 22.3528 26.3203 3.12132 24.0081 26.6668 3.16716 23.9338 26.5855 3.1304 24.0081 26.5398 0.110121 22.2407 26.4515 3.18144 23.8959 26.6711 0.016186 22.4271 26.3603 -0.0101206 22.4649 26.4429 3.08751 24.0823 26.5798 3.0612 24.1202 26.6625 0.0590775 22.3528 26.3203 3.1304 24.0081 26.5398 0.00415905 22.4271 26.5285 0.0409225 22.3528 26.5742 3.07548 24.0823 26.7481 3.11224 24.0081 26.7938 -0.0101206 22.4649 26.4429
3.0612 24.1202 26.6625 0.083814 22.2785 26.5342 0.110121 22.2407 26.4515 3.15513 23.9338 26.7538 3.18144 23.8959 26.6711 0.0409225 22.3528 26.5742 3.11224 24.0081 26.7938 0.83782 15.05 15.05 0.83782 14.9431 15.1569 0.83782 15.05 15.2114 -0.05 14.9431 15.1569 -0.05 15.05 15.2114 -0.05 15.05 15.05 0.83782 14.8886 15.05 -0.05 14.8886 15.05 0.83782 15.1569 15.1569 0.83782 15.2114 15.05 -0.05 15.1569 15.1569 -0.05 15.2114 15.05 0.83782 15.05 15.2114 -0.05 15.05 15.2114 0.83782 15.1569 14.9431 0.83782 15.05 14.8886 -0.05 15.1569 14.9431 -0.05 15.05 14.8886 0.83782 15.2114 15.05 -0.05 15.2114 15.05 0.83782 14.9431 14.9431 0.83782 14.8886 15.05 -0.05 14.9431 14.9431 -0.05 14.8886 15.05 0.83782 15.05 14.8886
-0.05 15.05 14.8886 0.05 1.46267 26.284 -0.00903131 1.36005 26.1899 0.00445732 1.46267 26.1291 0.121043 1.44096 26.2631 0.0620113 1.33834 26.169 0.0754999 1.44096 26.1082 0.00643341 1.30776 26.2968 0.077476 1.28606 26.2759 0.0486909 1.56528 26.1729 0.0935666 1.61757 26.2711 0.119734 1.54358 26.152 0.164609 1.59586 26.2502 0.00445733 1.46267 26.1291 0.0754999 1.44096 26.1082 0.109031 1.56528 26.3781 0.0955427 1.46267 26.4388 0.180074 1.54358 26.3572 0.166585 1.44096 26.4179 0.0935666 1.61757 26.2711 0.164609 1.59586 26.2502 0.0513091 1.36005 26.395 0.00643341 1.30776 26.2968 0.122352 1.33834 26.3741 0.077476 1.28606 26.2759 0.0955427 1.46267 26.4388 0.166585 1.44096 26.4179 0.0494684 15.05 15.05 0.0494684 15.038 15.062 0.0494684 15.05 15.0681 -0.05 15.038 15.062 -0.05 15.05 15.0681
0.0494684 15.0319 15.05 -0.05 15.0319 15.05 0.0494684 15.062 15.062 0.0494684 15.0681 15.05 -0.05 15.062 15.062 -0.05 15.0681 15.05 0.0494684 15.05 15.0681 -0.05 15.05 15.0681 0.0494684 15.062 15.038 0.0494684 15.05 15.0319 -0.05 15.062 15.038 -0.05 15.05 15.0319 0.0494684 15.0681 15.05 -0.05 15.05 15.05 -0.05 15.0681 15.05 0.0494684 15.038 15.038 0.0494684 15.0319 15.05 -0.05 15.038 15.038 -0.05 15.0319 15.05 0.0494684 15.05 15.0319 -0.05 15.05 15.0319 0.05 7.94949 26.5501 0.0395645 7.93925 26.5416 0.0428825 7.94949 26.5335 5.17909 4.55839 24.3544 5.16866 4.54815 24.3458 5.17198 4.55839 24.3377 0.0413648 7.93403 26.5538 5.17046 4.54294 24.3581 0.0510054 7.95973 26.5367 0.0586352 7.96494 26.5464 5.1801 4.56863 24.3409
5.18773 4.57384 24.3507 0.0428825 7.94949 26.5335 5.17198 4.55839 24.3377 0.0604355 7.95973 26.5587 0.0571175 7.94949 26.5668 5.18953 4.56863 24.3629 5.18621 4.55839 24.371 0.0586352 7.96494 26.5464 5.18773 4.57384 24.3507 0.0489946 7.93925 26.5636 0.0413648 7.93403 26.5538 5.17809 4.54815 24.3678 5.17046 4.54294 24.3581 0.0571175 7.94949 26.5668 5.18621 4.55839 24.371 0.533884 15.05 15.05 0.533884 14.9797 15.1203 0.533884 15.05 15.1562 -0.05 14.9797 15.1203 -0.05 15.05 15.1562 0.533884 14.9438 15.05 -0.05 14.9438 15.05 0.533884 15.1203 15.1203 0.533884 15.1562 15.05 -0.05 15.1203 15.1203 -0.05 15.1562 15.05 0.533884 15.05 15.1562 -0.05 15.05 15.1562 0.533884 15.1203 14.9797 0.533884 15.05 14.9438 -0.05 15.1203 14.9797 -0.05 15.05 14.9438
0.533884 15.1562 15.05 -0.05 15.1562 15.05 0.533884 14.9797 14.9797 0.533884 14.9438 15.05 -0.05 14.9797 14.9797 -0.05 14.9438 15.05 0.533884 15.05 14.9438 -0.05 15.05 14.9438 0.05 6.86422 29.5588 0.924229 15.05 15.05 0.924229 14.9327 15.1673 0.924229 15.05 15.2271 -0.05 14.9327 15.1673 -0.05 15.05 15.2271 -0.05 15.05 15.05 0.924229 14.8729 15.05 -0.05 14.8729 15.05 0.924229 15.1673 15.1673 0.924229 15.2271 15.05 -0.05 15.1673 15.1673 -0.05 15.2271 15.05 0.924229 15.05 15.2271 -0.05 15.05 15.2271 0.924229 15.1673 14.9327 0.924229 15.05 14.8729 -0.05 15.1673 14.9327 -0.05 15.05 14.8729 0.924229 15.2271 15.05 -0.05 15.2271 15.05 0.924229 14.9327 14.9327 0.924229 14.8729 15.05 -0.05 14.9327 14.9327
-0.05 14.8729 15.05 0.924229 15.05 14.8729 -0.05 15.05 14.8729 0.05 29.201 29.2346 -0.0673432 29.1883 29.1179 0.05 29.1818 29.0585 0.05 29.099 29.2457 -0.0673432 29.0863 29.129 0.05 29.0798 29.0696 -0.127133 29.201 29.2346 -0.127133 29.099 29.2457 0.167343 29.1883 29.1179 0.227133 29.201 29.2346 0.167343 29.0863 29.129 0.227133 29.099 29.2457 0.05 29.1818 29.0585 0.05 29.0798 29.0696 0.167343 29.2137 29.3512 0.05 29.2202 29.4107 0.167343 29.1117 29.3623 0.05 29.1182 29.4218 0.227133 29.201 29.2346 0.227133 29.099 29.2457 -0.0673432 29.2137 29.3512 -0.127133 29.201 29.2346 -0.0673432 29.1117 29.3623 -0.127133 29.099 29.2457 0.05 29.2202 29.4107 0.05 29.1182 29.4218 0.540252 15.05 15.05 0.540252 14.9789 15.1211 0.540252 15.05 15.1573
-0.05 14.9789 15.1211 -0.05 15.05 15.1573 0.540252 14.9427 15.05 -0.05 14.9427 15.05 0.540252 15.1211 15.1211 0.540252 15.1573 15.05 -0.05 15.1211 15.1211 -0.05 15.1573 15.05 0.540252 15.05 15.1573 -0.05 15.05 15.1573 0.540252 15.1211 14.9789 0.540252 15.05 14.9427 -0.05 15.1211 14.9789 -0.05 15.05 14.9427 0.540252 15.1573 15.05 -0.05 15.05 15.05 -0.05 15.1573 15.05 0.540252 14.9789 14.9789 0.540252 14.9427 15.05 -0.05 14.9789 14.9789 -0.05 14.9427 15.05 0.540252 15.05 14.9427 -0.05 15.05 14.9427 0.05 2.001 29.6242 0.0161811 1.93751 29.5539 0.047218 2.001 29.5169 0.110137 1.97069 29.6226 0.0763179 1.9072 29.5524 0.107355 1.97069 29.5153 0.00173158 1.90516 29.6254 0.0618683 1.87485 29.6238 0.0801329 2.06449 29.5523
0.0982684 2.09684 29.6229 0.14027 2.03419 29.5507 0.158405 2.06654 29.6213 0.047218 2.001 29.5169 0.107355 1.97069 29.5153 0.0838189 2.06449 29.6944 0.052782 2.001 29.7314 0.143956 2.03419 29.6928 0.112919 1.97069 29.7299 0.0982684 2.09684 29.6229 0.158405 2.06654 29.6213 0.0198671 1.93751 29.6961 0.00173158 1.90516 29.6254 0.0800038 1.9072 29.6945 0.0618683 1.87485 29.6238 0.052782 2.001 29.7314 0.112919 1.97069 29.7299 0.343731 15.05 15.05 0.343731 15.0026 15.0974 0.343731 15.05 15.1216 -0.05 15.0026 15.0974 -0.05 15.05 15.1216 0.343731 14.9784 15.05 -0.05 14.9784 15.05 0.343731 15.0974 15.0974 0.343731 15.1216 15.05 -0.05 15.0974 15.0974 -0.05 15.1216 15.05 0.343731 15.05 15.1216 -0.05 15.05 15.1216 0.343731 15.0974 15.0026 0.343731 15.05 14.9784
-0.05 15.0974 15.0026 -0.05 15.05 14.9784 0.343731 15.1216 15.05 -0.05 15.1216 15.05 0.343731 15.0026 15.0026 0.343731 14.9784 15.05 -0.05 15.0026 15.0026 -0.05 14.9784 15.05 0.343731 15.05 14.9784 -0.05 15.05 14.9784 0.05 20.501 29.8046 0.0675758 20.4543 29.7597 0.0641181 20.501 29.7344 0.194786 20.5275 29.8337 0.212362 20.4809 29.7888 0.208904 20.5275 29.7635 0.062413 20.4305 29.8071 0.207199 20.4571 29.8362 0.0511296 20.5477 29.7564 0.037587 20.5715 29.8021 0.195915 20.5742 29.7855 0.182373 20.598 29.8312 0.0641181 20.501 29.7344 0.208904 20.5275 29.7635 0.0324242 20.5477 29.8494 0.0358819 20.501 29.8747 0.17721 20.5742 29.8785 0.180668 20.5275 29.9039 0.037587 20.5715 29.8021 0.182373 20.598 29.8312 0.0488704 20.4543 29.8527 0.062413 20.4305 29.8071
0.193656 20.4809 29.8818 0.207199 20.4571 29.8362 0.0358819 20.501 29.8747 0.180668 20.5275 29.9039 1.099 5.94925 16.3178 0.96964 5.86924 16.4284 1.099 5.79781 16.4496 1.68979 7.57161 18.1815 1.56043 7.4916 18.2921 1.68979 7.42018 18.3133 0.903728 5.97991 16.353 1.49452 7.60227 18.2167 1.22836 5.82862 16.3818 1.29427 5.9186 16.2825 1.81915 7.45098 18.2455 1.88506 7.54096 18.1462 1.099 5.79781 16.4496 1.68979 7.42018 18.3133 1.22836 6.02926 16.2071 1.099 6.10069 16.1859 1.81915 7.65163 18.0708 1.68979 7.72305 18.0496 1.29427 5.9186 16.2825 1.88506 7.54096 18.1462 0.96964 6.06988 16.2538 0.903728 5.97991 16.353 1.56043 7.69224 18.1175 1.49452 7.60227 18.2167 1.099 6.10069 16.1859 1.68979 7.72305 18.0496 1.03413 5.81901 16.437 0.969867 5.94925 16.4715
0.05 5.66522 15.4367 -0.014869 5.53498 15.5559 -0.079133 5.66522 15.5904 1.13021 5.75266 16.344 0.0812115 5.46862 15.4629 0.992778 6.07949 16.4022 1.06779 6.14585 16.2915 -0.0562218 5.79545 15.5211 0.0187885 5.86181 15.4104 0.969867 5.94925 16.4715 -0.079133 5.66522 15.5904 1.16387 6.07949 16.1985 1.22813 5.94925 16.164 0.114869 5.79545 15.3174 0.179133 5.66522 15.2829 1.06779 6.14585 16.2915 0.0187885 5.86181 15.4104 1.20522 5.81901 16.2333 1.13021 5.75266 16.344 0.156222 5.53498 15.3522 0.0812115 5.46862 15.4629 1.22813 5.94925 16.164 0.179133 5.66522 15.2829 0.05 22.699 21.7676 0.0155638 22.6907 21.7342 0.05 22.6865 21.7172 0.05 19.7534 22.499 0.0155638 19.7451 22.4656 0.05 19.7409 22.4486 -0.00198226 22.699 21.7676 -0.00198226 19.7534 22.499 0.0844362 22.6907 21.7342
0.101982 22.699 21.7676 0.0844362 19.7451 22.4656 0.101982 19.7534 22.499 0.05 22.6865 21.7172 0.05 19.7409 22.4486 0.0844362 22.7073 21.801 0.05 22.7115 21.8181 0.0844362 19.7617 22.5324 0.05 19.766 22.5495 0.101982 22.699 21.7676 0.101982 19.7534 22.499 0.0155638 22.7073 21.801 -0.00198226 22.699 21.7676 0.0155638 19.7617 22.5324 -0.00198226 19.7534 22.499 0.05 22.7115 21.8181 0.05 19.766 22.5495 0.0155638 22.7077 21.8009 0.05 22.7121 21.8179 0.05 24.25 21.3629 0.0155638 24.2587 21.3963 0.05 24.2631 21.4132 -0.00198226 22.699 21.7676 -0.00198226 24.25 21.3629 0.0844362 22.7077 21.8009 0.101982 22.699 21.7676 0.0844362 24.2587 21.3963 0.101982 24.25 21.3629 0.05 22.7121 21.8179 0.05 24.2631 21.4132 0.0844362 22.6903 21.7343 0.05 22.6859 21.7173
0.0844362 24.2413 21.3296 0.05 24.2369 21.3126 0.101982 22.699 21.7676 0.101982 24.25 21.3629 0.0155638 22.6903 21.7343 -0.00198226 22.699 21.7676 0.0155638 24.2413 21.3296 -0.00198226 24.25 21.3629 0.05 22.6859 21.7173 0.05 24.2369 21.3126 0.558037 18.999 1.401 0.509487 18.9984 1.35168 0.558037 18.9889 1.32781 0.05 15.0389 1.94538 0.00145041 15.0383 1.89605 0.05 15.0288 1.87219 0.48475 19.0082 1.39973 -0.0232868 15.0481 1.94411 0.606586 18.9862 1.35336 0.631324 18.9898 1.40227 0.0985496 15.0261 1.89774 0.123287 15.0297 1.94665 0.558037 18.9889 1.32781 0.05 15.0288 1.87219 0.606586 18.9996 1.45032 0.558037 19.0091 1.47419 0.0985496 15.0394 1.9947 0.05 15.0489 2.01857 0.631324 18.9898 1.40227 0.123287 15.0297 1.94665 0.509487 19.0118 1.44864 0.48475 19.0082 1.39973
0.0014504 15.0517 1.99302 -0.0232868 15.0481 1.94411 0.558037 19.0091 1.47419 0.05 15.0489 2.01857 0.510314 18.9868 1.44963 0.558037 18.997 1.47485 0.05 21.233 1.46215 0.00227741 21.2208 1.51077 0.05 21.231 1.536 0.485998 18.9826 1.40055 -0.0220385 21.2166 1.4617 0.605759 19.0085 1.45022 0.630075 19.0154 1.40145 0.0977226 21.2425 1.51137 0.122038 21.2494 1.4626 0.558037 18.997 1.47485 0.05 21.231 1.536 0.605759 19.0112 1.35238 0.558037 19.001 1.32715 0.0977226 21.2452 1.41352 0.05 21.235 1.3883 0.630075 19.0154 1.40145 0.122038 21.2494 1.4626 0.510314 18.9895 1.35178 0.485998 18.9826 1.40055 0.0022774 21.2235 1.41293 -0.0220385 21.2166 1.4617 0.558037 19.001 1.32715 0.05 21.235 1.3883 2.099 14.9521 4.099 2.01075 14.8336 4.17818 1.96939 14.9521 4.22231
-0.0382465 14.9204 2.02456 -0.0796105 15.0389 2.06869 2.0954 14.7732 4.09522 0.0464002 14.8601 1.9416 2.01552 15.0705 4.1832 2.1026 15.1309 4.10278 -0.033477 15.1573 2.02958 0.0535998 15.2177 1.94916 1.96939 14.9521 4.22231 -0.0796105 15.0389 2.06869 2.18725 15.0705 4.01982 2.22861 14.9521 3.97569 0.138246 15.1573 1.8662 0.17961 15.0389 1.82207 0.05 15.0389 1.94538 2.1026 15.1309 4.10278 0.0535998 15.2177 1.94916 2.18248 14.8336 4.0148 2.0954 14.7732 4.09522 0.133477 14.9204 1.86118 0.0464002 14.8601 1.9416 2.22861 14.9521 3.97569 0.17961 15.0389 1.82207 2.17812 14.8349 4.18897 2.23556 14.9521 4.21457 0.05 15.4274 6.52031 0.129122 15.3102 6.61027 0.186564 15.4274 6.63587 2.08187 14.7751 4.11924 0.0328725 15.2505 6.54055 2.20081 15.0693 4.16215 2.11613 15.129 4.07876
0.151815 15.5446 6.58346 0.0671275 15.6043 6.50007 2.23556 14.9521 4.21457 0.186564 15.4274 6.63587 2.01988 15.0693 4.00903 1.96244 14.9521 3.98343 -0.0291221 15.5446 6.43034 -0.0865643 15.4274 6.40474 2.11613 15.129 4.07876 0.0671275 15.6043 6.50007 1.99719 14.8349 4.03585 2.08187 14.7751 4.11924 -0.0518146 15.3102 6.45716 0.0328726 15.2505 6.54055 1.96244 14.9521 3.98343 -0.0865643 15.4274 6.40474 1.03541 26.55 6.81152 0.968707 26.5986 6.85827 1.03541 26.6154 6.88878 1.35038 28.8842 4.83587 1.28367 28.9328 4.88261 1.35038 28.9496 4.91313 0.93472 26.558 6.80482 1.24969 28.8921 4.82916 1.10211 26.5881 6.86714 1.1361 26.5421 6.81822 1.41708 28.9223 4.89149 1.45107 28.8763 4.84257 1.03541 26.6154 6.88878 1.35038 28.9496 4.91313 1.10211 26.5015 6.76478 1.03541 26.4846 6.73426
1.41708 28.8356 4.78912 1.35038 28.8188 4.7586 1.1361 26.5421 6.81822 1.45107 28.8763 4.84257 0.968707 26.512 6.7559 0.93472 26.558 6.80482 1.28367 28.8461 4.78024 1.24969 28.8921 4.82916 1.03541 26.4846 6.73426 1.35038 28.8188 4.7586 1.07015 26.4881 6.74872 1.11132 26.4831 6.81152 0.05 25.433 7.36893 0.0847395 25.371 7.30613 0.125908 25.366 7.36893 1.01194 26.5234 6.71672 0.0265321 25.4064 7.27413 1.10124 26.5233 6.87432 1.05888 26.5766 6.90632 0.115833 25.4062 7.43173 0.0734679 25.4596 7.46373 1.11132 26.4831 6.81152 0.125908 25.366 7.36893 1.00067 26.612 6.87432 0.959501 26.617 6.81152 0.0152605 25.495 7.43173 -0.0259081 25.4999 7.36893 1.05888 26.5766 6.90632 0.0734679 25.4596 7.46373 0.969577 26.5768 6.74872 1.01194 26.5234 6.71672 -0.0158326 25.4597 7.30613
0.0265321 25.4064 7.27413 0.959501 26.617 6.81152 -0.0259081 25.4999 7.36893 0.05 16.499 7.401 -0.0542618 16.4312 7.48024 0.05 16.3967 7.52062 0.05 18.3428 8.97756 -0.0542618 18.2751 9.0568 0.05 18.2405 9.09718 -0.107386 16.499 7.401 -0.107386 18.3428 8.97756 0.154262 16.4312 7.48024 0.207386 16.499 7.401 0.154262 18.2751 9.0568 0.207386 18.3428 8.97756 0.05 16.3967 7.52062 0.05 18.2405 9.09718 0.154262 16.5668 7.32176 0.05 16.6013 7.28138 0.154262 18.4106 8.89832 0.05 18.4451 8.85794 0.207386 16.499 7.401 0.207386 18.3428 8.97756 -0.0542619 16.5668 7.32176 -0.107386 16.499 7.401 -0.0542619 18.4106 8.89832 -0.107386 18.3428 8.97756 0.05 16.6013 7.28138 0.05 18.4451 8.85794 -0.0542618 16.5652 7.32045 0.05 16.5989 7.27941 0.05 15.4274 6.52031
-0.0542618 15.4936 6.43976 0.05 15.5273 6.39872 -0.107386 16.499 7.401 -0.107386 15.4274 6.52031 0.154262 16.5652 7.32045 0.207386 16.499 7.401 0.154262 15.4936 6.43976 0.207386 15.4274 6.52031 0.05 16.5989 7.27941 0.05 15.5273 6.39872 0.154262 16.4328 7.48155 0.05 16.3991 7.52259 0.154262 15.3612 6.60086 0.05 15.3275 6.6419 0.207386 16.499 7.401 0.207386 15.4274 6.52031 -0.0542619 16.4328 7.48155 -0.107386 16.499 7.401 -0.0542619 15.3612 6.60086 -0.107386 15.4274 6.52031 0.05 16.3991 7.52259 0.05 15.3275 6.6419 1.99124 7.201 10.201 1.82974 7.35275 10.2654 1.99124 7.41181 10.3284 2.3498 8.48269 8.08081 2.18829 8.63443 8.14522 2.3498 8.6935 8.20824 1.74744 7.21925 10.1708 2.106 8.50094 8.05061 2.15274 7.32856 10.3054 2.23503 7.18275 10.2312
2.5113 8.61025 8.18523 2.59359 8.46443 8.111 1.99124 7.41181 10.3284 2.3498 8.6935 8.20824 2.15274 7.04926 10.1366 1.99124 6.99019 10.0736 2.5113 8.33094 8.01639 2.3498 8.27188 7.95337 2.23503 7.18275 10.2312 2.59359 8.46443 8.111 1.82974 7.07344 10.0966 1.74744 7.21925 10.1708 2.18829 8.35513 7.97638 2.106 8.50094 8.05061 1.99124 6.99019 10.0736 2.3498 8.27188 7.95337 1.84666 7.18177 10.0221 1.99124 7.07407 9.98989 1.16337 5.84558 11.016 1.01879 5.82635 10.8371 1.16337 5.71865 10.8048 1.773 7.29891 10.1421 0.945124 5.94349 10.9571 2.13582 7.05205 10.1001 2.20948 7.10309 10.2599 1.30794 5.69663 10.9151 1.38161 5.74767 11.0748 1.99124 7.07407 9.98989 1.16337 5.71865 10.8048 2.13582 7.22023 10.3799 1.99124 7.32793 10.4121 1.30794 5.86481 11.1948
1.16337 5.97251 11.2271 2.20948 7.10309 10.2599 1.38161 5.74767 11.0748 1.84666 7.34995 10.3019 1.773 7.29891 10.1421 1.01879 5.99453 11.1168 0.945124 5.94349 10.9571 1.99124 7.32793 10.4121 1.16337 5.97251 11.2271 0.05 24.601 9.15 -0.00315193 24.5282 9.15677 0.05 24.5127 9.11113 2.97398 22.8394 13.1537 2.92083 22.7666 13.1605 2.97398 22.7511 13.1149 -0.0302342 24.5794 9.19909 2.89375 22.8178 13.2028 0.103152 24.5568 9.09173 0.130234 24.6226 9.10091 3.02713 22.7952 13.0955 3.05422 22.861 13.1046 0.05 24.5127 9.11113 2.97398 22.7511 13.1149 0.103152 24.6738 9.14323 0.05 24.6893 9.18887 3.02713 22.9123 13.1469 2.97398 22.9278 13.1926 0.130234 24.6226 9.10091 3.05422 22.861 13.1046 -0.00315194 24.6452 9.20827 -0.0302342 24.5794 9.19909 2.92083 22.8836 13.212
2.89375 22.8178 13.2028 0.05 24.6893 9.18887 2.97398 22.9278 13.1926 -0.013934 24.6589 9.17706 0.05 24.6884 9.19085 0.05 25.433 7.36893 -0.013934 25.4909 7.39599 0.05 25.5204 7.40978 -0.04651 24.601 9.15 -0.04651 25.433 7.36893 0.113934 24.6589 9.17706 0.14651 24.601 9.15 0.113934 25.4909 7.39599 0.14651 25.433 7.36893 0.05 24.6884 9.19085 0.05 25.5204 7.40978 0.113934 24.5431 9.12294 0.05 24.5136 9.10915 0.113934 25.375 7.34187 0.05 25.3455 7.32809 0.14651 24.601 9.15 0.14651 25.433 7.36893 -0.013934 24.5431 9.12294 -0.04651 24.601 9.15 -0.013934 25.375 7.34187 -0.04651 25.433 7.36893 0.05 24.5136 9.10915 0.05 25.3455 7.32809 2.76619 25.701 12.7747 2.68465 25.6844 12.6944 2.76619 25.6848 12.6524 2.89245 22.8229 13.0735
2.97398 22.8232 13.0314 2.64311 25.6922 12.7759 2.8509 22.8306 13.1549 2.84772 25.6961 12.6929 2.88926 25.7098 12.7735 3.05552 22.8345 13.0719 3.09706 22.8482 13.1526 2.76619 25.6848 12.6524 2.97398 22.8232 13.0314 2.84772 25.7176 12.855 2.76619 25.7172 12.897 3.05552 22.856 13.234 2.97398 22.8556 13.276 2.97398 22.8394 13.1537 2.88926 25.7098 12.7735 3.09706 22.8482 13.1526 2.68465 25.7059 12.8565 2.64311 25.6922 12.7759 2.89245 22.8443 13.2355 2.8509 22.8306 13.1549 2.76619 25.7172 12.897 2.97398 22.8556 13.276 2.68444 25.7101 12.8559 2.76619 25.7156 12.8972 2.75821 26.9113 12.6308 2.67646 26.9204 12.712 2.75821 26.9258 12.7533 2.64279 25.7002 12.7748 2.63481 26.9105 12.6309 2.84793 25.7112 12.8558 2.88958 25.7018 12.7746 2.83995 26.9214 12.7119
2.8816 26.9121 12.6307 2.76619 25.7156 12.8972 2.75821 26.9258 12.7533 2.84793 25.6919 12.6935 2.76619 25.6864 12.6522 2.83995 26.9021 12.5495 2.75821 26.8967 12.5082 2.88958 25.7018 12.7746 2.8816 26.9121 12.6307 2.68444 25.6908 12.6936 2.64279 25.7002 12.7748 2.67646 26.9011 12.5497 2.63481 26.9105 12.6309 2.76619 25.6864 12.6522 2.75821 26.8967 12.5082 0.05 2.999 13.2885 -0.00186904 3.04523 13.321 0.05 3.05008 13.3525 1.16337 5.84558 11.016 1.1115 5.89181 11.0484 1.16337 5.89666 11.0799 -0.0282976 3.0177 13.2736 1.08507 5.86428 11.001 0.101869 3.02045 13.3408 0.128298 2.9803 13.3034 1.21524 5.86703 11.0682 1.24166 5.82688 11.0309 0.05 3.05008 13.3525 1.16337 5.89666 11.0799 0.101869 2.95277 13.256 0.05 2.94792 13.2245 1.21524 5.79935 10.9835
1.16337 5.7945 10.952 0.128298 2.9803 13.3034 1.24166 5.82688 11.0309 -0.00186905 2.97755 13.2362 -0.0282976 3.0177 13.2736 1.1115 5.82413 10.9637 1.08507 5.86428 11.001 0.05 2.94792 13.2245 1.16337 5.7945 10.952 -0.004238 2.98206 13.237 0.05 2.97343 13.2107 0.05 1.79148 13.6855 -0.004238 1.77454 13.634 0.05 1.76591 13.6078 -0.0318736 2.999 13.2885 -0.0318736 1.79148 13.6855 0.104238 2.98206 13.237 0.131874 2.999 13.2885 0.104238 1.77454 13.634 0.131874 1.79148 13.6855 0.05 2.97343 13.2107 0.05 1.76591 13.6078 0.104238 3.01594 13.34 0.05 3.02457 13.3663 0.104238 1.80842 13.7371 0.05 1.81705 13.7633 0.131874 2.999 13.2885 0.131874 1.79148 13.6855 -0.00423801 3.01594 13.34 -0.0318736 2.999 13.2885 -0.00423801 1.80842 13.7371 -0.0318736 1.79148 13.6855
0.05 3.02457 13.3663 0.05 1.81705 13.7633 0.05 5.67364 13.95 -0.0752679 5.81014 13.9105 0.05 5.8755 13.9618 1.0381 5.98208 10.9764 1.16337 6.04744 11.0278 -0.139095 5.67783 13.8785 0.974272 5.84977 10.9444 0.175268 5.80459 14.0052 0.239095 5.66945 14.0215 1.28863 5.97653 11.0712 1.35246 5.84139 11.0875 0.05 5.8755 13.9618 1.16337 6.04744 11.0278 0.175268 5.53714 13.9895 0.05 5.47178 13.9382 1.28863 5.70908 11.0555 1.16337 5.64372 11.0041 1.16337 5.84558 11.016 0.239095 5.66945 14.0215 1.35246 5.84139 11.0875 -0.0752679 5.54269 13.8948 -0.139095 5.67783 13.8785 1.0381 5.71463 10.9607 0.974272 5.84977 10.9444 0.05 5.47178 13.9382 1.16337 5.64372 11.0041 -0.0839546 5.53969 13.9492 0.05 5.47143 13.9489 0.05 5.66522 15.4367 -0.0839546 5.53126 15.4359
0.05 5.46301 15.4355 -0.152208 5.67364 13.95 -0.152208 5.66522 15.4367 0.183955 5.53969 13.9492 0.252208 5.67364 13.95 0.183955 5.53126 15.4359 0.252208 5.66522 15.4367 0.05 5.47143 13.9489 0.05 5.46301 15.4355 0.183955 5.80759 13.9508 0.05 5.87584 13.9511 0.183955 5.79917 15.4374 0.05 5.86742 15.4378 0.252208 5.67364 13.95 0.252208 5.66522 15.4367 -0.0839547 5.80759 13.9508 -0.152208 5.67364 13.95 -0.0839547 5.79917 15.4374 -0.152208 5.66522 15.4367 0.05 5.87584 13.9511 0.05 5.86742 15.4378 0.701 11.4404 16.199 0.738238 11.3856 16.1565 0.766318 11.4404 16.1461 2.15931 11.0357 17.999 2.19654 10.9809 17.9565 2.22462 11.0357 17.9461 0.691894 11.3576 16.1878 2.1502 10.9529 17.9878 0.750303 11.4953 16.1714 0.710106 11.5232 16.2102 2.20861 11.0906 17.9714
2.16841 11.1185 18.0102 0.766318 11.4404 16.1461 2.22462 11.0357 17.9461 0.663762 11.4953 16.2415 0.635683 11.4404 16.2519 2.12207 11.0906 18.0415 2.09399 11.0357 18.0519 0.710106 11.5232 16.2102 2.16841 11.1185 18.0102 0.651697 11.3856 16.2266 0.691894 11.3576 16.1878 2.11 10.9809 18.0266 2.1502 10.9529 17.9878 0.635683 11.4404 16.2519 2.09399 11.0357 18.0519 0.646677 11.4903 16.2266 0.701 11.521 16.2229 0.05 12.2623 13.433 -0.00432351 12.3122 13.4606 0.05 12.3429 13.457 0.618997 11.4351 16.2167 -0.0320027 12.2571 13.4508 0.755324 11.4973 16.2031 0.783003 11.4457 16.1813 0.104324 12.3192 13.4371 0.132003 12.2676 13.4153 0.701 11.521 16.2229 0.05 12.3429 13.457 0.755324 11.3905 16.1714 0.701 11.3598 16.1751 0.104324 12.2124 13.4054 0.05 12.1817 13.4091
0.783003 11.4457 16.1813 0.132003 12.2676 13.4153 0.646677 11.3835 16.1949 0.618997 11.4351 16.2167 -0.00432352 12.2055 13.4289 -0.0320027 12.2571 13.4508 0.701 11.3598 16.1751 0.05 12.1817 13.4091 0.05 3.401 15.954 -0.033783 3.29356 15.9246 0.05 3.29233 15.8523 1.905 1.35576 18.1411 1.82122 1.24833 18.1117 1.905 1.2471 18.0395 -0.0764725 3.34749 16.0112 1.77853 1.30225 18.1983 0.133783 3.36446 15.8487 0.176473 3.45451 15.8967 1.98879 1.31923 18.0359 2.03148 1.40928 18.0839 0.05 3.29233 15.8523 1.905 1.2471 18.0395 0.133783 3.50844 15.9834 0.05 3.50966 16.0556 1.98879 1.4632 18.1705 1.905 1.46443 18.2427 0.176473 3.45451 15.8967 2.03148 1.40928 18.0839 -0.033783 3.43754 16.0592 -0.0764725 3.34749 16.0112 1.82122 1.3923 18.2463 1.77853 1.30225 18.1983
0.05 3.50966 16.0556 1.905 1.46443 18.2427 -0.0485568 3.42295 16.05 0.05 3.43414 16.099 0.05 5.66522 15.4367 -0.0485568 5.68717 15.5327 0.05 5.69835 15.5817 -0.0987741 3.401 15.954 -0.0987741 5.66522 15.4367 0.148557 3.42295 16.05 0.198774 3.401 15.954 0.148557 5.68717 15.5327 0.198774 5.66522 15.4367 0.05 3.43414 16.099 0.05 5.69835 15.5817 0.148557 3.37905 15.8579 0.05 3.36786 15.8089 0.148557 5.64326 15.3406 0.05 5.63208 15.2916 0.198774 3.401 15.954 0.198774 5.66522 15.4367 -0.0485569 3.37905 15.8579 -0.0987741 3.401 15.954 -0.0485569 5.64326 15.3406 -0.0987741 5.66522 15.4367 0.05 3.36786 15.8089 0.05 5.63208 15.2916 1.46332 24.7603 18.05 1.54868 24.8032 17.9626 1.56397 24.855 18.05 2.48446 23.6755 18.5147 2.56982 23.7184 18.4273
2.58511 23.7702 18.5147 1.49153 24.7303 17.918 2.51267 23.6455 18.3828 1.5113 24.8429 18.1374 1.4351 24.7903 18.182 2.53244 23.7581 18.6021 2.45624 23.7055 18.6467 1.56397 24.855 18.05 2.58511 23.7702 18.5147 1.37795 24.7174 18.1374 1.36266 24.6656 18.05 2.39909 23.6326 18.6021 2.3838 23.5808 18.5147 1.4351 24.7903 18.182 2.45624 23.7055 18.6467 1.41533 24.6777 17.9626 1.49153 24.7303 17.918 2.43647 23.5929 18.4273 2.51267 23.6455 18.3828 1.36266 24.6656 18.05 2.3838 23.5808 18.5147 1.38929 24.8162 18.1404 1.46332 24.8826 18.1145 0.672201 25.2671 17.0889 0.598174 25.3229 17.1793 0.672201 25.3893 17.1534 1.35157 24.7223 18.122 0.560455 25.2291 17.1609 1.53734 24.8664 18.045 1.57506 24.7983 17.978 0.746229 25.3732 17.084 0.783948 25.305 17.017
1.46332 24.8826 18.1145 0.672201 25.3893 17.1534 1.53734 24.7044 17.9596 1.46332 24.638 17.9855 0.746229 25.2112 16.9985 0.672201 25.1448 17.0245 1.57506 24.7983 17.978 0.783948 25.305 17.017 1.38929 24.6542 18.055 1.35157 24.7223 18.122 0.598174 25.1609 17.0939 0.560455 25.2291 17.1609 1.46332 24.638 17.9855 0.672201 25.1448 17.0245 1.15093 19.0607 19.801 1.02475 18.9169 19.7864 1.15093 18.8624 19.8519 0.05 19.7534 22.499 -0.0761717 19.6096 22.4844 0.05 19.5551 22.5499 0.960466 19.042 19.7281 -0.140459 19.7347 22.4261 1.2771 18.9417 19.883 1.34138 19.0795 19.8739 0.176172 19.6344 22.581 0.240459 19.7721 22.5719 1.15093 18.8624 19.8519 0.05 19.5551 22.5499 1.2771 19.2045 19.8156 1.15093 19.2591 19.7501 0.176172 19.8972 22.5136 0.05 19.9518 22.4481
1.34138 19.0795 19.8739 0.240459 19.7721 22.5719 1.02475 19.1797 19.719 0.960466 19.042 19.7281 -0.0761717 19.8724 22.417 -0.140459 19.7347 22.4261 1.15093 19.2591 19.7501 0.05 19.9518 22.4481 1.12346 18.9502 19.9554 1.01874 19.0607 19.9574 0.147703 18.1257 18.9532 0.120234 18.0152 19.1077 0.015519 18.1257 19.1097 1.24164 18.8939 19.8777 0.238422 17.9588 19.0299 1.00326 19.1713 19.8538 1.06021 19.2276 19.7243 3.83346e-05 18.2362 19.0061 0.0569833 18.2925 18.8766 1.01874 19.0607 19.9574 0.015519 18.1257 19.1097 1.17839 19.1713 19.6466 1.28311 19.0607 19.6446 0.175171 18.2362 18.7988 0.279886 18.1257 18.7968 1.06021 19.2276 19.7243 0.0569833 18.2925 18.8766 1.29859 18.9502 19.7482 1.24164 18.8939 19.8777 0.295367 18.0152 18.9004 0.238422 17.9588 19.0299 1.28311 19.0607 19.6446
0.279886 18.1257 18.7968 0.203977 1.94057 21.8592 0.111955 1.93257 21.9671 0.203977 1.87392 21.9954 1.56768 4.74098 23.2298 1.47566 4.73298 23.3377 1.56768 4.67433 23.366 0.065068 1.99514 21.8859 1.42878 4.79556 23.2565 0.295998 1.86026 21.9317 0.342886 1.886 21.8325 1.65971 4.66068 23.3023 1.70659 4.68641 23.2031 0.203977 1.87392 21.9954 1.56768 4.67433 23.366 0.295998 1.94857 21.7513 0.203977 2.00722 21.723 1.65971 4.74899 23.1219 1.56768 4.80763 23.0937 0.342886 1.886 21.8325 1.70659 4.68641 23.2031 0.111955 2.02087 21.7867 0.065068 1.99514 21.8859 1.47566 4.82129 23.1573 1.42878 4.79556 23.2565 0.203977 2.00722 21.723 1.56768 4.80764 23.0937 0.112451 2.03336 21.8027 0.203977 2.09034 21.8356 1.905 1.35576 18.1411 1.81348 1.44856 18.0846 1.905 1.50554 18.1175
0.0658165 1.93087 21.7975 1.76684 1.34606 18.0794 0.295502 2.04621 21.8845 0.342137 1.95027 21.9209 1.99653 1.46141 18.1664 2.04316 1.36547 18.2028 0.203977 2.09034 21.8356 1.905 1.50554 18.1175 0.295502 1.84778 21.9157 0.203977 1.7908 21.8828 1.99653 1.26297 18.1976 1.905 1.20599 18.1647 0.342137 1.95027 21.9209 2.04316 1.36547 18.2028 0.112451 1.83492 21.8339 0.0658165 1.93087 21.7975 1.81348 1.25012 18.1158 1.76684 1.34606 18.0794 0.203977 1.7908 21.8828 1.905 1.20599 18.1647 0.449886 24.9503 22.301 0.407936 24.9254 22.3435 0.449886 24.8958 22.3435 1.02917 25.7675 23.35 0.987222 25.7426 23.3925 1.02917 25.713 23.3924 0.386562 24.9672 22.3228 0.965848 25.7845 23.3717 0.491836 24.9029 22.3147 0.513211 24.9333 22.2792 1.07112 25.7202 23.3637 1.0925 25.7506 23.3282
0.449886 24.8958 22.3435 1.02917 25.713 23.3924 0.491836 24.9751 22.2585 0.449886 25.0048 22.2585 1.07112 25.7924 23.3074 1.02917 25.822 23.3075 0.513211 24.9333 22.2792 1.0925 25.7506 23.3282 0.407936 24.9976 22.2873 0.386562 24.9672 22.3228 0.987222 25.8148 23.3362 0.965848 25.7845 23.3717 0.449886 25.0048 22.2585 1.02917 25.822 23.3075 0.406585 24.9958 22.2855 0.449886 25.0056 22.2597 0.05 24.25 21.3629 0.00669894 24.2955 21.3474 0.05 24.3054 21.3216 0.384522 24.9636 22.3189 -0.0153641 24.2634 21.3808 0.493187 24.9781 22.2618 0.51525 24.9369 22.2831 0.0933011 24.2778 21.3237 0.115364 24.2366 21.345 0.449886 25.0056 22.2597 0.05 24.3054 21.3216 0.493187 24.9047 22.3165 0.449886 24.8949 22.3423 0.0933011 24.2045 21.3785 0.05 24.1946 21.4043 0.51525 24.9369 22.2831
0.115364 24.2366 21.345 0.406585 24.9224 22.3402 0.384522 24.9636 22.3189 0.00669893 24.2222 21.4022 -0.0153641 24.2634 21.3808 0.449886 24.8949 22.3423 0.05 24.1946 21.4043 0.05 17.301 24.201 0.0009936 17.3289 24.2413 0.05 17.3432 24.2618 0.05 19.7534 22.499 0.0009936 19.7814 22.5393 0.05 19.7956 22.5598 -0.0239764 17.301 24.201 -0.0239764 19.7534 22.499 0.0990064 17.3289 24.2413 0.123976 17.301 24.201 0.0990064 19.7814 22.5393 0.123976 19.7534 22.499 0.05 17.3432 24.2618 0.05 19.7956 22.5598 0.0990064 17.2731 24.1607 0.05 17.2588 24.1402 0.0990064 19.7255 22.4587 0.05 19.7112 22.4382 0.123976 17.301 24.201 0.123976 19.7534 22.499 0.000993589 17.2731 24.1607 -0.0239764 17.301 24.201 0.000993589 19.7255 22.4587 -0.0239764 19.7534 22.499 0.05 17.2588 24.1402
0.05 19.7112 22.4382 0.00320625 17.2593 24.1714 0.05 17.2553 24.1428 1.22095 14.3408 26.525 1.17415 14.2991 26.4954 1.22095 14.2951 26.4668 -0.0206364 17.2837 24.2146 1.15031 14.3235 26.5385 0.0967938 17.2822 24.1535 0.120636 17.3183 24.1874 1.26774 14.322 26.4774 1.29158 14.3581 26.5114 0.05 17.2553 24.1428 1.22095 14.2951 26.4668 0.0967937 17.3427 24.2306 0.05 17.3467 24.2592 1.26774 14.3825 26.5545 1.22095 14.3865 26.5831 0.120636 17.3183 24.1874 1.29158 14.3581 26.5114 0.00320624 17.3198 24.2485 -0.0206364 17.2837 24.2146 1.17415 14.3596 26.5725 1.15031 14.3235 26.5385 0.05 17.3467 24.2592 1.22095 14.3865 26.5831 0.401 10.601 25.0408 0.345379 10.5906 25.0977 0.401 10.5694 25.1204 1.16533 14.3304 26.5819 1.22095 14.3092 26.6046 0.317039 10.6169 25.0471
1.13699 14.3567 26.5313 0.456621 10.5695 25.0894 0.484961 10.5851 25.0345 1.27657 14.3093 26.5735 1.30491 14.3249 26.5186 0.401 10.5694 25.1204 1.22095 14.3092 26.6046 0.456621 10.6114 24.9838 0.401 10.6326 24.9611 1.27657 14.3512 26.468 1.22095 14.3724 26.4453 0.484961 10.5851 25.0345 1.30491 14.3249 26.5186 0.345379 10.6325 24.9922 0.317039 10.6169 25.0471 1.16533 14.3723 26.4764 1.13699 14.3567 26.5313 0.401 10.6326 24.9611 1.22095 14.3724 26.4453 0.346141 10.6115 24.9831 0.401 10.5949 24.9553 0.05 9.28383 25.1349 -0.00485938 9.29433 25.0772 0.05 9.27772 25.0494 0.318188 10.623 25.0392 -0.0328116 9.30578 25.1333 0.455859 10.5824 24.9852 0.483812 10.579 25.0424 0.104859 9.26524 25.0793 0.132812 9.26187 25.1365 0.401 10.5949 24.9553 0.05 9.27772 25.0494
0.455859 10.5905 25.0984 0.401 10.6071 25.1263 0.104859 9.27333 25.1925 0.05 9.28993 25.2204 0.483812 10.579 25.0424 0.132812 9.26187 25.1365 0.346141 10.6196 25.0964 0.318188 10.623 25.0392 -0.0048594 9.30242 25.1905 -0.0328116 9.30578 25.1333 0.401 10.6071 25.1263 0.05 9.28993 25.2204 0.575909 21.8594 24.9295 0.489262 21.9351 24.8827 0.575909 21.9596 24.8427 0.05 19.7534 22.499 -0.0366463 19.8291 22.4522 0.05 19.8536 22.4122 0.445114 21.8734 24.9457 -0.0807947 19.7674 22.5152 0.662555 21.9165 24.8613 0.706703 21.8454 24.9133 0.136646 19.8105 22.4308 0.180795 19.7394 22.4828 0.575909 21.9596 24.8427 0.05 19.8536 22.4122 0.662555 21.7838 24.9763 0.575909 21.7593 25.0163 0.136646 19.6778 22.5458 0.05 19.6533 22.5858 0.706703 21.8454 24.9133 0.180795 19.7394 22.4828
0.489262 21.8024 24.9977 0.445114 21.8734 24.9457 -0.0366463 19.6964 22.5672 -0.0807947 19.7674 22.5152 0.575909 21.7593 25.0163 0.05 19.6533 22.5858 0.666877 21.7874 24.8853 0.650621 21.8594 24.82 3.12132 24.0081 26.6668 3.21229 23.936 26.6226 3.19603 24.0081 26.5573 0.638514 21.7507 24.9722 3.18393 23.8993 26.7095 0.583929 21.9315 24.8287 0.513303 21.9682 24.8868 3.12934 24.0801 26.566 3.05871 24.1168 26.6241 0.650621 21.8594 24.82 3.19603 24.0081 26.5573 0.484941 21.9315 24.9737 0.501196 21.8594 25.039 3.03035 24.0801 26.711 3.04661 24.0081 26.7763 0.513303 21.9682 24.8868 3.05871 24.1168 26.6241 0.567888 21.7874 25.0303 0.638514 21.7507 24.9722 3.1133 23.936 26.7676 3.18393 23.8993 26.7095 0.501196 21.8594 25.039 3.04661 24.0081 26.7763 0.05 2.35 25.55
-0.0269899 2.43409 25.5863 0.05 2.43894 25.6417 1.56768 4.74098 23.2298 1.49069 4.82507 23.2661 1.56768 4.82992 23.3215 -0.0662183 2.38799 25.5131 1.45147 4.77898 23.193 0.12699 2.38375 25.6351 0.166218 2.31201 25.5869 1.64467 4.77473 23.315 1.6839 4.70299 23.2667 0.05 2.43894 25.6417 1.56768 4.82992 23.3215 0.12699 2.26591 25.5137 0.05 2.26106 25.4583 1.64467 4.6569 23.1935 1.56768 4.65205 23.1382 0.166218 2.31201 25.5869 1.6839 4.70299 23.2667 -0.02699 2.31625 25.4649 -0.0662183 2.38799 25.5131 1.49069 4.70724 23.1447 1.45147 4.77898 23.193 0.05 2.26106 25.4583 1.56768 4.65205 23.1382 -0.0344423 2.2937 25.4866 0.05 2.27118 25.4495 0.121043 1.44096 26.2631 0.0366003 1.38466 26.1997 0.121043 1.36214 26.1626 -0.0774678 2.34383 25.5548 -0.00642519 1.43479 26.2679
0.134442 2.30187 25.4802 0.177468 2.35617 25.5452 0.205485 1.39283 26.1933 0.24851 1.44713 26.2582 0.05 2.27118 25.4495 0.121043 1.36214 26.1626 0.134442 2.4063 25.6134 0.05 2.42882 25.6505 0.205485 1.49726 26.3264 0.121043 1.51978 26.3635 0.177468 2.35617 25.5452 0.24851 1.44713 26.2582 -0.0344423 2.39813 25.6198 -0.0774678 2.34383 25.5548 0.0366003 1.48909 26.3328 -0.00642519 1.43479 26.2679 0.05 2.42882 25.6505 0.121043 1.51978 26.3635 0.499 7.24264 26.875 0.455604 7.19817 26.8417 0.463339 7.24264 26.8087 5.17909 4.55839 24.3544 5.1357 4.51392 24.3211 5.14343 4.55839 24.2882 0.469154 7.17551 26.891 5.14925 4.49126 24.3704 0.495148 7.28712 26.8204 0.528846 7.30978 26.8589 5.17524 4.60286 24.2999 5.20894 4.62552 24.3383 0.463339 7.24264 26.8087 5.14343 4.55839 24.2882
0.542396 7.28712 26.9082 0.534661 7.24264 26.9412 5.22249 4.60286 24.3876 5.21475 4.55839 24.4206 0.528846 7.30978 26.8589 5.20894 4.62552 24.3383 0.502852 7.19817 26.9295 0.469154 7.17551 26.891 5.18295 4.51392 24.4089 5.14925 4.49126 24.3704 0.534661 7.24264 26.9412 5.21475 4.55839 24.4206 0.449849 7.19445 26.8599 0.499 7.16817 26.8645 0.05 6.86422 29.5588 0.000849253 6.81602 29.5437 0.05 6.78975 29.5483 0.424806 7.24436 26.8628 -0.0241943 6.86593 29.5466 0.548151 7.19217 26.8761 0.573194 7.24093 26.8871 0.0991508 6.81375 29.5599 0.124194 6.8625 29.5709 0.499 7.16817 26.8645 0.05 6.78975 29.5483 0.548151 7.29084 26.89 0.499 7.31711 26.8855 0.0991507 6.91241 29.5738 0.05 6.93869 29.5693 0.573194 7.24093 26.8871 0.124194 6.8625 29.5709 0.449849 7.29311 26.8739
0.424806 7.24436 26.8628 0.000849242 6.91469 29.5577 -0.0241943 6.86593 29.5466 0.499 7.31711 26.8855 0.05 6.93869 29.5693 1.45 17.599 11.299 1.39134 17.6531 11.3517 1.45 17.6962 11.3302 0.05 18.3428 8.97756 -0.00865545 18.397 9.03028 0.05 18.4401 9.00872 1.36146 17.5835 11.3474 -0.0385419 18.3273 9.02599 1.50866 17.6737 11.2876 1.53854 17.6145 11.2506 0.108655 18.4175 8.96612 0.138542 18.3583 8.92913 1.45 17.6962 11.3302 0.05 18.4401 9.00872 1.50866 17.5449 11.2463 1.45 17.5018 11.2678 0.108655 18.2887 8.92484 0.05 18.2456 8.9464 1.53854 17.6145 11.2506 0.138542 18.3583 8.92913 1.39134 17.5243 11.3104 1.36146 17.5835 11.3474 -0.00865546 18.2681 8.989 -0.0385419 18.3273 9.02599 1.45 17.5018 11.2678 0.05 18.2456 8.9464 1.50158 17.5314 11.2552
1.52853 17.599 11.2337 3.42433 17.5671 13.6751 3.47591 17.4995 13.6314 3.50287 17.5671 13.6099 1.44933 17.4969 11.2982 3.42366 17.465 13.6743 1.50247 17.6666 11.2563 1.45067 17.7011 11.2998 3.4768 17.6348 13.6324 3.42501 17.6692 13.6759 1.52853 17.599 11.2337 3.50287 17.5671 13.6099 1.39842 17.6666 11.3428 1.37147 17.599 11.3643 3.37275 17.6348 13.7189 3.3458 17.5671 13.7404 1.45067 17.7011 11.2998 3.42501 17.6692 13.6759 1.39753 17.5314 11.3417 1.44933 17.4969 11.2982 3.37186 17.4995 13.7178 3.42366 17.465 13.6743 1.37147 17.599 11.3643 3.3458 17.5671 13.7404 0.05 1.999 15.05 -0.0153957 1.91692 15.0722 0.05 1.88691 15.0267 1.905 1.35576 18.1411 1.83961 1.27368 18.1633 1.905 1.24367 18.1178 -0.0487165 1.98718 15.1068 1.80629 1.34395 18.1979
0.115396 1.93257 14.9969 0.148717 2.01082 14.9932 1.9704 1.28933 18.088 2.00372 1.36758 18.0843 0.05 1.88691 15.0267 1.905 1.24367 18.1178 0.115396 2.08108 15.0278 0.05 2.11109 15.0733 1.9704 1.43785 18.1189 1.905 1.46786 18.1644 0.148717 2.01082 14.9932 2.00372 1.36758 18.0843 -0.0153958 2.06543 15.1031 -0.0487165 1.98718 15.1068 1.83961 1.42219 18.1942 1.80629 1.34395 18.1979 0.05 2.11109 15.0733 1.905 1.46786 18.1644 -0.0258474 2.07399 15.0386 0.05 2.11219 15.0328 0.05 1.79148 13.6855 -0.0258474 1.86646 13.6741 0.05 1.90467 13.6683 -0.0644936 1.999 15.05 -0.0644936 1.79148 13.6855 0.125847 2.07399 15.0386 0.164494 1.999 15.05 0.125847 1.86646 13.6741 0.164494 1.79148 13.6855 0.05 2.11219 15.0328 0.05 1.90467 13.6683 0.125847 1.92401 15.0614
0.05 1.88581 15.0672 0.125847 1.71649 13.6969 0.05 1.67829 13.7028 0.164494 1.999 15.05 0.164494 1.79148 13.6855 -0.0258474 1.92401 15.0614 -0.0644936 1.999 15.05 -0.0258474 1.71649 13.6969 -0.0644936 1.79148 13.6855 0.05 1.88581 15.0672 0.05 1.67829 13.7028 0.714327 20.65 16.2823 0.677101 20.6981 16.2891 0.714327 20.7035 16.3198 2.97398 22.8394 13.1537 2.93676 22.8875 13.1605 2.97398 22.8929 13.1912 0.658134 20.6691 16.2551 2.91779 22.8585 13.1265 0.751552 20.6728 16.3252 0.770519 20.6309 16.3096 3.01121 22.8622 13.1966 3.03018 22.8204 13.181 0.714327 20.7035 16.3198 2.97398 22.8929 13.1912 0.751552 20.6019 16.2756 0.714327 20.5965 16.2449 3.01121 22.7914 13.147 2.97398 22.7859 13.1163 0.770519 20.6309 16.3096 3.03018 22.8204 13.181 0.677101 20.6272 16.2395
0.658134 20.6691 16.2551 2.93676 22.8166 13.1109 2.91779 22.8585 13.1265 0.714327 20.5965 16.2449 2.97398 22.7859 13.1163 0.671577 20.6231 16.2478 0.714327 20.6025 16.2375 0.147703 18.1257 18.9532 0.104953 18.0988 18.9187 0.147703 18.0782 18.9084 0.649795 20.6568 16.2751 0.0831714 18.1325 18.946 0.757076 20.614 16.2574 0.778858 20.6432 16.2896 0.190452 18.0897 18.9283 0.212234 18.1188 18.9605 0.714327 20.6025 16.2375 0.147703 18.0782 18.9084 0.757076 20.6769 16.3168 0.714327 20.6975 16.3272 0.190452 18.1526 18.9877 0.147703 18.1731 18.9981 0.778858 20.6432 16.2896 0.212234 18.1188 18.9605 0.671577 20.686 16.3073 0.649795 20.6568 16.2751 0.104953 18.1616 18.9782 0.0831714 18.1325 18.946 0.714327 20.6975 16.3272 0.147703 18.1731 18.9981 1.099 24.1704 16.3471 1.01042 24.2449 16.264
1.099 24.3108 16.2886 2.8854 22.914 13.0706 2.97398 22.9798 13.0952 0.965284 24.1425 16.2802 2.84027 22.8115 13.0868 1.18758 24.2819 16.3526 1.23272 24.1983 16.414 3.06256 22.9509 13.1593 3.1077 22.8673 13.2206 1.099 24.3108 16.2886 2.97398 22.9798 13.0952 1.18758 24.0959 16.4302 1.099 24.03 16.4056 3.06256 22.7649 13.2368 2.97398 22.699 13.2122 2.97398 22.8394 13.1537 1.23272 24.1983 16.414 3.1077 22.8673 13.2206 1.01042 24.0589 16.3415 0.965284 24.1425 16.2802 2.8854 22.728 13.1482 2.84027 22.8115 13.0868 1.099 24.03 16.4056 2.97398 22.699 13.2122 1.0031 24.0883 16.4132 1.099 24.0852 16.4731 0.672201 25.2671 17.0889 0.576306 25.185 17.1551 0.672201 25.1818 17.2149 0.954244 24.1318 16.3209 0.527445 25.2284 17.0628 1.1949 24.1396 16.4479
1.24376 24.2091 16.3732 0.768096 25.2362 17.1897 0.816957 25.3057 17.1151 1.099 24.0852 16.4731 0.672201 25.1818 17.2149 1.1949 24.2525 16.281 1.099 24.2556 16.2211 0.768096 25.3491 17.0228 0.672201 25.3523 16.963 1.24376 24.2091 16.3732 0.816957 25.3057 17.1151 1.0031 24.2013 16.2463 0.954244 24.1318 16.3209 0.576306 25.2979 16.9882 0.527445 25.2284 17.0628 1.099 24.2556 16.2211 0.672201 25.3523 16.963 0.865109 11.599 1.27164 0.785564 11.5652 1.34823 0.865109 11.5753 1.39262 0.05 15.0389 1.94538 -0.0295454 15.005 2.02197 0.05 15.0152 2.06636 0.745034 11.5716 1.26628 -0.0700757 15.0115 1.94001 0.944655 11.6015 1.35534 0.985185 11.6264 1.27701 0.129545 15.0413 2.02908 0.170076 15.0663 1.95075 0.865109 11.5753 1.39262 0.05 15.0152 2.06636 0.944655 11.6328 1.19505
0.865109 11.6227 1.15066 0.129545 15.0727 1.86879 0.05 15.0626 1.8244 0.985185 11.6264 1.27701 0.170076 15.0663 1.95075 0.785564 11.5965 1.18794 0.745034 11.5716 1.26628 -0.0295454 15.0364 1.86168 -0.0700757 15.0115 1.94001 0.865109 11.6227 1.15066 0.05 15.0626 1.8244 0.790149 11.5695 1.18889 0.865109 11.6033 1.14844 1.54071 10.0375 1.217 1.46574 10.0079 1.13425 1.54071 10.0418 1.0938 0.751955 11.5501 1.26993 1.42755 9.98858 1.21529 0.94007 11.6342 1.19116 0.978264 11.6479 1.27335 1.61567 10.0727 1.13652 1.65386 10.0864 1.21871 0.865109 11.6033 1.14844 1.54071 10.0418 1.0938 0.94007 11.6285 1.3544 0.865109 11.5947 1.39485 1.61567 10.067 1.29975 1.54071 10.0332 1.3402 0.978264 11.6479 1.27335 1.65386 10.0864 1.21871 0.790149 11.5638 1.35213 0.751955 11.5501 1.26993
1.46574 10.0022 1.29748 1.42755 9.98858 1.21529 0.865109 11.5947 1.39485 1.54071 10.0332 1.3402 2.33459 2.65499 4.37273 2.21689 2.77943 4.42935 2.33459 2.84722 4.38408 1.66166 2.74994 2.76531 1.54395 2.87439 2.82193 1.66166 2.94218 2.77666 2.15691 2.65061 4.44685 1.48398 2.74556 2.83943 2.45229 2.78523 4.33114 2.51227 2.65936 4.2986 1.77936 2.88019 2.72372 1.83933 2.75432 2.69118 2.33459 2.84722 4.38408 1.66166 2.94218 2.77666 2.45229 2.53054 4.3161 2.33459 2.46275 4.36137 1.77936 2.6255 2.70868 1.66166 2.55771 2.75395 2.51227 2.65936 4.2986 1.83933 2.75432 2.69118 2.21689 2.52474 4.41431 2.15691 2.65061 4.44685 1.54395 2.61969 2.80689 1.48398 2.74556 2.83943 2.33459 2.46275 4.36137 1.66166 2.55771 2.75395 2.22762 2.51497 4.33398 2.33459 2.51658 4.23883
3.88225 0.999 6.0845 3.77528 0.858983 6.04576 3.88225 0.860597 5.95061 2.17312 2.58203 4.44814 3.72078 0.926045 6.15991 2.44156 2.61163 4.23407 2.49606 2.72794 4.29731 3.98922 0.955643 5.94584 4.04372 1.07196 6.00909 2.33459 2.51658 4.23883 3.88225 0.860597 5.95061 2.44156 2.795 4.41147 2.33459 2.79339 4.50662 3.98922 1.13902 6.12324 3.88225 1.1374 6.21839 2.49606 2.72794 4.29731 4.04372 1.07196 6.00909 2.22762 2.69834 4.51138 2.17312 2.58203 4.44814 3.77528 1.04236 6.22315 3.72078 0.926045 6.15991 2.33459 2.79339 4.50662 3.88225 1.1374 6.21839 0.915666 23.801 7.15515 0.873523 23.7463 7.10059 0.895767 23.801 7.06332 4.299 21.927 6.42201 4.25686 21.8722 6.36745 4.2791 21.927 6.33018 0.871949 23.7184 7.16462 4.25528 21.8443 6.43148 0.931444 23.8557 7.08804
0.959383 23.8836 7.14568 4.31478 21.9817 6.3549 4.34272 22.0096 6.41254 0.895767 23.801 7.06332 4.2791 21.927 6.33018 0.957809 23.8557 7.20971 0.935565 23.801 7.24698 4.34114 21.9817 6.47657 4.3189 21.927 6.51384 0.959383 23.8836 7.14568 4.34272 22.0096 6.41254 0.899887 23.7463 7.22226 0.871949 23.7184 7.16462 4.28322 21.8722 6.48912 4.25528 21.8443 6.43148 0.935565 23.801 7.24698 4.3189 21.927 6.51384 0.860574 23.7642 7.2131 0.915666 23.7888 7.24832 0.05 25.433 7.36893 -0.00509168 25.3962 7.42689 0.05 25.4208 7.4621 0.832504 23.7576 7.14947 -0.0331623 25.3896 7.36325 0.970758 23.8216 7.22063 0.998828 23.8444 7.16083 0.105092 25.4536 7.43441 0.133162 25.4763 7.37461 0.915666 23.7888 7.24832 0.05 25.4208 7.4621 0.970758 23.8378 7.09719 0.915666 23.8132 7.06198
0.105092 25.4698 7.31097 0.05 25.4452 7.27576 0.998828 23.8444 7.16083 0.133162 25.4763 7.37461 0.860574 23.7804 7.08967 0.832504 23.7576 7.14947 -0.00509169 25.4123 7.30345 -0.0331623 25.3896 7.36325 0.915666 23.8132 7.06198 0.05 25.4452 7.27576 0.7465 20.5754 9.80748 0.670134 20.5268 9.89122 0.7465 20.4664 9.88125 2.97398 22.8394 13.1537 2.89762 22.7908 13.2375 2.97398 22.7304 13.2275 0.631224 20.611 9.86012 2.85871 22.875 13.2064 0.822867 20.4796 9.82148 0.861777 20.5398 9.75484 3.05035 22.7436 13.1677 3.08926 22.8038 13.1011 0.746501 20.4664 9.88125 2.97398 22.7304 13.2275 0.822867 20.6241 9.72374 0.7465 20.6844 9.73372 3.05035 22.8881 13.07 2.97398 22.9484 13.08 0.861777 20.5398 9.75484 3.08926 22.8038 13.1011 0.670134 20.6712 9.79349 0.631224 20.611 9.86012
2.89762 22.9352 13.1397 2.85871 22.875 13.2064 0.7465 20.6844 9.73372 2.97398 22.9484 13.08 0.662802 20.6287 9.73427 0.7465 20.6213 9.68409 0.05 18.3428 8.97756 -0.0336987 18.3962 8.90435 0.05 18.3887 8.85417 0.620155 20.6101 9.82035 -0.0763453 18.3775 8.99043 0.830199 20.5829 9.71721 0.872846 20.5408 9.79461 0.133699 18.3503 8.88729 0.176345 18.3082 8.96469 0.746501 20.6213 9.68409 0.05 18.3887 8.85417 0.830199 20.5221 9.88069 0.7465 20.5296 9.93087 0.133699 18.2895 9.05077 0.05 18.297 9.10095 0.872846 20.5408 9.79461 0.176345 18.3082 8.96469 0.662802 20.568 9.89775 0.620155 20.6101 9.82035 -0.0336987 18.3354 9.06783 -0.0763453 18.3775 8.99043 0.7465 20.5296 9.93087 0.05 18.297 9.10095 0.05 15.399 19.3636 0.00179562 15.4079 19.411 0.05 15.4098 19.4356
0.147703 18.1257 18.9532 0.0994984 18.1345 19.0007 0.147703 18.1365 19.0252 -0.0227657 15.4016 19.3632 0.074937 18.1282 18.9529 0.0982044 15.4045 19.4115 0.122766 15.3965 19.3639 0.195907 18.1312 19.0012 0.220468 18.1231 18.9536 0.05 15.4098 19.4356 0.147703 18.1365 19.0252 0.0982044 15.3901 19.3161 0.05 15.3882 19.2916 0.195907 18.1168 18.9058 0.147703 18.1148 18.8812 0.122766 15.3965 19.3639 0.220468 18.1231 18.9536 0.00179561 15.3935 19.3156 -0.0227657 15.4016 19.3632 0.0994983 18.1202 18.9053 0.074937 18.1282 18.9529 0.05 15.3882 19.2916 0.147703 18.1148 18.8812 0.00620238 15.3941 19.3115 0.05 15.4207 19.2941 2.15931 11.0357 17.999 2.11551 11.0308 17.9469 2.15931 11.0575 17.9295 -0.0161136 15.3699 19.3545 2.09319 11.0066 17.9899 0.0937976 15.4327 19.3236 0.116114 15.4281 19.3727
2.2031 11.0694 17.959 2.22542 11.0648 18.0081 0.05 15.4207 19.2941 2.15931 11.0575 17.9295 0.0937976 15.4039 19.4156 0.05 15.3773 19.4331 2.2031 11.0406 18.0511 2.15931 11.014 18.0685 0.116114 15.4281 19.3727 2.22542 11.0648 18.0081 0.00620237 15.3653 19.4036 -0.0161136 15.3699 19.3545 2.11551 11.002 18.039 2.09319 11.0066 17.9899 0.05 15.3773 19.4331 2.15931 11.014 18.0685 0.958305 24.299 20.25 0.915957 24.2547 20.2286 0.906295 24.299 20.2042 2.48446 23.6755 18.5147 2.44211 23.6312 18.4934 2.43245 23.6755 18.469 0.946389 24.2321 20.2635 2.47254 23.6086 18.5283 0.931744 24.3433 20.2107 0.970221 24.3659 20.2364 2.45789 23.7198 18.4754 2.49637 23.7424 18.5012 0.906295 24.299 20.2042 2.43245 23.6755 18.469 1.00065 24.3433 20.2713 1.01031 24.299 20.2957
2.5268 23.7198 18.5361 2.53647 23.6755 18.5605 0.970221 24.3659 20.2364 2.49637 23.7424 18.5012 0.984866 24.2547 20.2893 0.946389 24.2321 20.2635 2.51102 23.6312 18.554 2.47254 23.6086 18.5283 1.01031 24.299 20.2957 2.53647 23.6755 18.5605 0.994842 24.2531 20.2778 1.01197 24.299 20.2938 0.05 24.25 21.3629 0.0865374 24.2041 21.3907 0.103661 24.25 21.4067 0.959798 24.2298 20.2481 0.0514929 24.1808 21.3611 0.992864 24.3449 20.2802 0.956812 24.3682 20.2518 0.0845594 24.2959 21.3932 0.0485071 24.3192 21.3648 1.01197 24.299 20.2938 0.103661 24.25 21.4067 0.921767 24.3449 20.2222 0.904644 24.299 20.2062 0.0134626 24.2959 21.3351 -0.0036612 24.25 21.3191 0.956812 24.3682 20.2518 0.0485071 24.3192 21.3648 0.923746 24.2531 20.2198 0.959798 24.2298 20.2481 0.0154406 24.2041 21.3327
0.0514929 24.1808 21.3611 0.904644 24.299 20.2062 -0.0036612 24.25 21.3191 1.61164 6.599 20.101 1.54387 6.54114 20.0657 1.61164 6.51103 20.0488 1.56768 4.74098 23.2298 1.49991 4.68313 23.1945 1.56768 4.65302 23.1776 1.50934 6.59963 20.0999 1.46538 4.74161 23.2288 1.67941 6.54031 20.0671 1.71394 6.59837 20.1021 1.63545 4.68229 23.1959 1.66999 4.74035 23.2309 1.61164 6.51103 20.0488 1.56768 4.65302 23.1776 1.67941 6.65686 20.1363 1.61164 6.68697 20.1532 1.63545 4.79884 23.2651 1.56768 4.82895 23.2821 1.71394 6.59837 20.1021 1.66999 4.74035 23.2309 1.54387 6.65769 20.1349 1.50934 6.59963 20.0999 1.49991 4.79968 23.2637 1.46538 4.74161 23.2288 1.61164 6.68697 20.1532 1.56768 4.82895 23.2821 1.54391 6.66057 20.1294 1.61164 6.69026 20.1472 1.68979 7.57161 18.1815
1.62206 7.63318 18.2099 1.68979 7.66287 18.2277 1.5094 6.60068 20.0977 1.58755 7.57329 18.1782 1.67937 6.65835 20.1338 1.71388 6.59732 20.1043 1.75752 7.63096 18.2143 1.79203 7.56993 18.1848 1.61164 6.69026 20.1472 1.68979 7.66287 18.2277 1.67937 6.53743 20.0726 1.61164 6.50774 20.0548 1.75752 7.51004 18.153 1.68979 7.48035 18.1352 1.71388 6.59732 20.1043 1.79203 7.56993 18.1848 1.54391 6.53965 20.0682 1.5094 6.60068 20.0977 1.62206 7.51227 18.1486 1.58755 7.57329 18.1782 1.61164 6.50774 20.0548 1.68979 7.48035 18.1352 0.664257 12.701 22.739 0.618953 12.6615 22.7627 0.664257 12.6377 22.7664 1.22095 14.3408 26.525 1.17564 14.3013 26.5487 1.22095 14.2775 26.5524 0.595869 12.7047 22.7474 1.15256 14.3445 26.5334 0.709561 12.6566 22.7515 0.732645 12.6973 22.7305
1.26625 14.2964 26.5375 1.28934 14.3371 26.5165 0.664257 12.6377 22.7664 1.22095 14.2775 26.5524 0.709561 12.7405 22.7152 0.664257 12.7643 22.7115 1.26625 14.3803 26.5012 1.22095 14.4041 26.4975 0.732645 12.6973 22.7305 1.28934 14.3371 26.5165 0.618953 12.7454 22.7264 0.595869 12.7047 22.7474 1.17564 14.3852 26.5124 1.15256 14.3445 26.5334 0.664257 12.7643 22.7115 1.22095 14.4041 26.4975 0.620441 12.7398 22.7115 0.664257 12.7661 22.7161 2.15931 11.0357 17.999 2.11549 11.0745 17.9715 2.15931 11.1008 17.9761 0.598116 12.6945 22.7204 2.09316 11.0292 17.9804 0.708073 12.7485 22.7361 0.730398 12.7075 22.7575 2.20312 11.0832 17.9961 2.22545 11.0423 18.0176 0.664257 12.7661 22.7161 2.15931 11.1008 17.9761 0.708073 12.6622 22.7664 0.664257 12.6359 22.7618 2.20312 10.9969 18.0265
2.15931 10.9706 18.0219 0.730398 12.7075 22.7575 2.22545 11.0423 18.0176 0.620441 12.6535 22.7418 0.598116 12.6945 22.7204 2.11549 10.9883 18.0019 2.09316 11.0292 17.9804 0.664257 12.6359 22.7618 2.15931 10.9706 18.0219 0.799 8.699 25.3207 0.83515 8.75181 25.2583 0.864545 8.76834 25.3207 5.17909 4.55839 24.3544 5.21524 4.6112 24.292 5.24464 4.62773 24.3544 0.788024 8.70938 25.2265 5.16812 4.56877 24.2602 0.849692 8.73806 25.3831 0.809976 8.68862 25.4149 5.22979 4.59745 24.4168 5.19007 4.54801 24.4486 0.864545 8.76834 25.3207 5.24464 4.62773 24.3544 0.76285 8.64619 25.3831 0.733455 8.62966 25.3207 5.14294 4.50558 24.4168 5.11355 4.48905 24.3544 0.809976 8.68862 25.4149 5.19007 4.54801 24.4486 0.748308 8.65994 25.2583 0.788024 8.70938 25.2265 5.1284 4.51933 24.292
5.16812 4.56877 24.2602 0.733455 8.62966 25.3207 5.11355 4.48905 24.3544 0.76966 8.64172 25.2586 0.74028 8.6238 25.3207 0.05 9.28383 25.1349 0.0206597 9.22655 25.0729 -0.00871981 9.20863 25.1349 0.81343 8.68773 25.227 0.0644299 9.27256 25.0412 0.750541 8.65664 25.3827 0.78457 8.71027 25.4143 0.00154126 9.24147 25.1969 0.0355701 9.2951 25.2285 0.74028 8.6238 25.3207 -0.00871981 9.20863 25.1349 0.82834 8.75628 25.3827 0.85772 8.7742 25.3207 0.0793403 9.34111 25.1969 0.10872 9.35903 25.1349 0.78457 8.71027 25.4143 0.0355701 9.2951 25.2285 0.847459 8.74136 25.2586 0.81343 8.68773 25.227 0.0984587 9.32618 25.0729 0.0644299 9.27256 25.0412 0.85772 8.7742 25.3207 0.10872 9.35903 25.1349 0.801 10.901 11.499 0.747085 10.9364 11.4495 0.801 10.9718 11.4489 2.3498 8.48269 8.08081
2.29588 8.5181 8.03132 2.3498 8.55353 8.03069 0.719614 10.8836 11.4744 2.26841 8.4653 8.05623 0.854915 10.9594 11.4821 0.882386 10.9184 11.5236 2.40371 8.54113 8.06389 2.43118 8.50007 8.10538 0.801 10.9718 11.4489 2.3498 8.55353 8.03069 0.854915 10.8656 11.5485 0.801 10.8302 11.5491 2.40371 8.44728 8.13029 2.3498 8.41185 8.13092 0.882386 10.9184 11.5236 2.43118 8.50007 8.10538 0.747085 10.8426 11.5159 0.719614 10.8836 11.4744 2.29588 8.42424 8.09773 2.26841 8.4653 8.05623 0.801 10.8302 11.5491 2.3498 8.41185 8.13092 0.74621 10.844 11.5179 0.801 10.83 11.5489 0.05 12.2623 13.433 -0.00478953 12.2053 13.4519 0.05 12.1914 13.483 0.718294 10.8859 11.4775 -0.0327062 12.2472 13.4116 0.85579 10.864 11.5463 0.883706 10.9161 11.5205 0.10479 12.2253 13.4803
0.132706 12.2774 13.4545 0.801 10.83 11.5489 0.05 12.1914 13.483 0.85579 10.958 11.4801 0.801 10.972 11.4491 0.10479 12.3193 13.4142 0.05 12.3333 13.3831 0.883706 10.9161 11.5205 0.132706 12.2774 13.4545 0.74621 10.938 11.4517 0.718294 10.8859 11.4775 -0.00478954 12.2993 13.3857 -0.0327062 12.2472 13.4116 0.801 10.972 11.4491 0.05 12.3333 13.3831 1.04999 0.973712 13.001 1.01744 0.928587 12.9697 1.0011 0.973712 12.9536 3.51666 0.955492 10.4585 3.48412 0.910367 10.4272 3.46777 0.955492 10.411 1.04974 0.905595 13.0013 3.51642 0.887375 10.4587 1.01776 1.01884 12.9694 1.05023 1.04183 13.0007 3.48444 1.00062 10.4269 3.51691 1.02361 10.4582 1.0011 0.973712 12.9536 3.46777 0.955492 10.411 1.08254 1.01884 13.0323 1.09888 0.973712 13.0484 3.54921 1.00062 10.4897
3.56556 0.955492 10.5059 1.05023 1.04183 13.0007 3.51691 1.02361 10.4582 1.08221 0.928587 13.0326 1.04974 0.905595 13.0013 3.54889 0.910367 10.4901 3.51642 0.887375 10.4587 1.09888 0.973712 13.0484 3.56556 0.955492 10.5059 1.05465 0.936307 13.0525 1.08847 0.973712 13.0572 0.05 1.79148 13.6855 0.0546614 1.75407 13.737 0.0884785 1.79148 13.7417 1.01855 0.917247 13.0225 0.0185581 1.73501 13.7071 1.09631 1.01112 13.024 1.08143 1.03018 12.9795 0.0963195 1.82889 13.7085 0.0814419 1.84794 13.664 1.08847 0.973712 13.0572 0.0884785 1.79148 13.7417 1.04533 1.01112 12.9495 1.01151 0.973712 12.9448 0.0453386 1.82889 13.634 0.0115215 1.79148 13.6293 1.08143 1.03018 12.9795 0.0814419 1.84794 13.664 1.00367 0.936307 12.978 1.01855 0.917247 13.0225 0.00368052 1.75407 13.6626 0.0185581 1.73501 13.7071
1.01151 0.973712 12.9448 0.0115215 1.79148 13.6293 0.771852 26.8752 16.6444 0.692159 26.8929 16.7224 0.771852 26.9084 16.7602 0.651656 28.942 16.0519 0.571963 28.9597 16.1299 0.651656 28.9752 16.1677 0.651553 26.8687 16.6463 0.531357 28.9355 16.0538 0.851545 26.9015 16.7199 0.892151 26.8816 16.6426 0.731349 28.9683 16.1274 0.771955 28.9484 16.0501 0.771852 26.9084 16.7602 0.651656 28.9752 16.1677 0.851545 26.8575 16.5664 0.771852 26.842 16.5286 0.731349 28.9243 15.974 0.651656 28.9088 15.9361 0.892151 26.8816 16.6426 0.771955 28.9484 16.0501 0.692159 26.8489 16.5689 0.651553 26.8687 16.6463 0.571963 28.9157 15.9764 0.531357 28.9355 16.0538 0.771852 26.842 16.5286 0.651656 28.9088 15.9361 0.692177 26.8585 16.5662 0.771852 26.8431 16.5283 0.672201 25.2671 17.0889 0.592526 25.2504 17.0107
0.672201 25.235 16.9728 0.65158 26.8821 16.6425 0.551929 25.274 17.087 0.851528 26.8493 16.5687 0.892125 26.8683 16.6463 0.751877 25.2412 17.0133 0.792474 25.2601 17.0909 0.771852 26.8431 16.5283 0.672201 25.235 16.9728 0.851528 26.8919 16.7226 0.771852 26.9073 16.7605 0.751877 25.2837 17.1671 0.672201 25.2992 17.2051 0.892125 26.8683 16.6463 0.792474 25.2601 17.0909 0.692176 26.901 16.7201 0.65158 26.8821 16.6425 0.592526 25.2929 17.1646 0.551929 25.274 17.087 0.771852 26.9073 16.7605 0.672201 25.2992 17.2051 0.20213 24.75 0.252022 0.143719 24.7332 0.195966 0.20213 24.7213 0.168577 0.05 21.233 1.46215 -0.00841065 21.2163 1.40609 0.05 21.2043 1.3787 0.113957 24.7534 0.250849 -0.0381724 21.2364 1.46097 0.260541 24.7287 0.19752 0.290302 24.7466 0.253195 0.108411 21.2117 1.40765
0.138172 21.2296 1.46332 0.20213 24.7213 0.168577 0.05 21.2043 1.3787 0.26054 24.7668 0.308078 0.20213 24.7787 0.335467 0.108411 21.2498 1.5182 0.05 21.2617 1.54559 0.290302 24.7466 0.253195 0.138172 21.2296 1.46332 0.143719 24.7713 0.306523 0.113957 24.7534 0.250849 -0.00841067 21.2543 1.51665 -0.0381724 21.2364 1.46097 0.20213 24.7787 0.335467 0.05 21.2617 1.54559 0.143761 24.7423 0.310067 0.20213 24.7336 0.338732 0.349038 27.3447 0.742561 0.290669 27.337 0.800607 0.349038 27.3283 0.829272 0.11402 24.7548 0.252932 0.260928 27.3495 0.743472 0.260499 24.7359 0.308861 0.29024 24.7452 0.251111 0.407407 27.3307 0.7994 0.437148 27.3399 0.741651 0.20213 24.7336 0.338732 0.349038 27.3283 0.829272 0.260499 24.7577 0.193977 0.20213 24.7664 0.165312 0.407407 27.3524 0.684516 0.349038 27.3611 0.655851
0.29024 24.7452 0.251111 0.437148 27.3399 0.741651 0.143761 24.7641 0.195183 0.11402 24.7548 0.252932 0.290669 27.3588 0.685723 0.260928 27.3495 0.743472 0.20213 24.7664 0.165312 0.349038 27.3611 0.655851 1.299 3.999 8.301 1.24184 3.95036 8.33122 1.299 3.92759 8.34957 1.16337 5.84558 11.016 1.1062 5.79694 11.0462 1.16337 5.77417 11.0645 1.21271 3.997 8.29805 1.07707 5.84357 11.013 1.35616 3.95302 8.33513 1.38529 4.001 8.30395 1.22053 5.7996 11.0501 1.24966 5.84758 11.0189 1.299 3.92759 8.34957 1.16337 5.77417 11.0645 1.35616 4.04764 8.27078 1.299 4.07041 8.25243 1.22053 5.89422 10.9857 1.16337 5.91699 10.9674 1.38529 4.001 8.30395 1.24966 5.84758 11.0189 1.24184 4.04498 8.26687 1.21271 3.997 8.29805 1.1062 5.89156 10.9818 1.07707 5.84357 11.013
1.299 4.07041 8.25243 1.16337 5.91699 10.9674 1.25196 4.0068 8.23563 1.299 4.05032 8.23154 3.88225 0.999 6.0845 3.83522 1.0068 6.01912 3.88225 1.05032 6.01504 1.228 3.95945 8.27178 3.81125 0.959451 6.05528 1.34604 4.0592 8.27434 1.37 4.03855 8.33022 3.92929 1.0592 6.05784 3.95325 1.03855 6.11372 1.299 4.05032 8.23154 3.88225 1.05032 6.01504 1.34603 3.9912 8.36637 1.299 3.94768 8.37046 3.92929 0.991201 6.14987 3.88225 0.947678 6.15396 1.37 4.03855 8.33022 3.95325 1.03855 6.11372 1.25196 3.9388 8.32766 1.228 3.95945 8.27178 3.83522 0.938802 6.11116 3.81125 0.959451 6.05528 1.299 3.94768 8.37046 3.88225 0.947678 6.15396 2.999 5.52313 23.7079 3.01897 5.37495 23.8905 2.91919 5.52313 23.9469 1.56768 4.74098 23.2298 1.58765 4.59281 23.4125
1.48787 4.74098 23.4688 3.10896 5.29945 23.7446 1.67764 4.51731 23.2666 2.87328 5.6713 23.8419 2.88904 5.7468 23.6712 1.44197 4.88916 23.3638 1.45772 4.96466 23.1931 2.91919 5.52313 23.9469 1.48787 4.74098 23.4688 2.97903 5.6713 23.5253 3.07881 5.52313 23.4689 1.54771 4.88916 23.0472 1.6475 4.74098 22.9909 2.88904 5.7468 23.6712 1.45772 4.96466 23.1931 3.12472 5.37495 23.5739 3.10896 5.29945 23.7446 1.6934 4.59281 23.0959 1.67764 4.51731 23.2666 3.07881 5.52313 23.4689 1.6475 4.74098 22.9909 2.98395 5.36949 23.5294 3.07062 5.52313 23.4664 5.17909 4.55839 24.3544 5.16405 4.40475 24.1758 5.25072 4.55839 24.1128 2.90466 5.2912 23.6799 5.08476 4.32647 24.3264 3.10894 5.67677 23.5664 3.09334 5.75505 23.7359 5.28904 4.71203 24.2129 5.27343 4.79031 24.3823
3.07062 5.52313 23.4664 5.25072 4.55839 24.1128 3.01405 5.67677 23.8864 2.92738 5.52313 23.9494 5.19414 4.71203 24.5329 5.10747 4.55839 24.5959 3.09334 5.75505 23.7359 5.27343 4.79031 24.3823 2.88906 5.36949 23.8494 2.90466 5.2912 23.6799 5.06915 4.40475 24.4958 5.08476 4.32647 24.3264 2.92738 5.52313 23.9494 5.10747 4.55839 24.5959 0.876131 28.0716 2.601 0.824787 28.0259 2.62851 0.876131 27.9973 2.62801 1.35038 28.8842 4.83587 1.29903 28.8385 4.86338 1.35038 28.8099 4.86287 0.798627 28.0769 2.61553 1.27287 28.8895 4.85039 0.927475 28.0189 2.60927 0.953635 28.0663 2.58647 1.40172 28.8315 4.84413 1.42788 28.8789 4.82134 0.876131 27.9973 2.62801 1.35038 28.8099 4.86287 0.927475 28.1173 2.57349 0.876131 28.1459 2.57399 1.40172 28.9299 4.80835 1.35038 28.9585 4.80886
0.953635 28.0663 2.58647 1.42788 28.8789 4.82134 0.824787 28.1243 2.59273 0.798627 28.0769 2.61553 1.29903 28.9369 4.8276 1.27287 28.8895 4.85039 0.876131 28.1459 2.57399 1.35038 28.9585 4.80886 0.825512 28.1252 2.59438 0.876131 28.1452 2.57221 0.349038 27.3447 0.742561 0.298419 27.3983 0.735943 0.349038 27.4183 0.713774 0.799721 28.079 2.6198 0.272628 27.3521 0.761357 0.92675 28.1155 2.56948 0.952541 28.0642 2.5822 0.399657 27.3886 0.711039 0.425448 27.3374 0.723765 0.876131 28.1452 2.57221 0.349038 27.4183 0.713774 0.92675 28.018 2.60762 0.876131 27.998 2.62979 0.399657 27.2911 0.74918 0.349038 27.2711 0.771349 0.952541 28.0642 2.5822 0.425448 27.3374 0.723765 0.825512 28.0277 2.63252 0.799721 28.079 2.6198 0.298419 27.3008 0.774084 0.272628 27.3521 0.761357 0.876131 27.998 2.62979
0.349038 27.2711 0.771349 1.48052 20.8504 7.999 1.397 20.8573 7.89475 1.48052 20.7984 7.866 0.05 18.3428 8.97756 -0.0335192 18.3498 8.87331 0.05 18.2909 8.84456 1.35445 20.9128 7.97464 -0.0760743 18.4052 8.9532 1.56404 20.7746 7.92703 1.6066 20.7879 8.02336 0.133519 18.2671 8.90559 0.176074 18.2804 9.00192 1.48052 20.7984 7.866 0.05 18.2909 8.84456 1.56404 20.8434 8.10325 1.48052 20.9023 8.132 0.133519 18.3359 9.08181 0.05 18.3947 9.11056 1.6066 20.7879 8.02336 0.176074 18.2804 9.00192 1.397 20.9261 8.07097 1.35445 20.9128 7.97464 -0.0335192 18.4186 9.04953 -0.0760743 18.4052 8.9532 1.48052 20.9023 8.132 0.05 18.3947 9.11056 1.46044 20.7606 7.90185 1.41081 20.8504 7.8744 4.299 21.927 6.42201 4.27892 21.8372 6.32487 4.22929 21.927 6.29741
1.51993 20.7149 7.97695 4.3384 21.7915 6.39996 1.40824 20.9401 7.93107 1.44112 20.9858 8.02105 4.22671 22.0167 6.35408 4.2596 22.0624 6.44406 1.41081 20.8504 7.8744 4.22929 21.927 6.29741 1.5006 20.9401 8.09614 1.55024 20.8504 8.1236 4.31908 22.0167 6.51915 4.36871 21.927 6.54661 1.44112 20.9858 8.02105 4.2596 22.0624 6.44406 1.55281 20.7606 8.06693 1.51993 20.7149 7.97695 4.37129 21.8372 6.48994 4.3384 21.7915 6.39996 1.55024 20.8504 8.1236 4.36871 21.927 6.54661 3.02491 9.601 18.1486 2.91389 9.67186 18.0145 3.02491 9.59775 17.948 1.68979 7.57161 18.1815 1.57877 7.64247 18.0474 1.68979 7.56836 17.9809 2.85733 9.71122 18.1468 1.52221 7.68183 18.1797 3.13592 9.52583 18.0169 3.19248 9.49078 18.1504 1.8008 7.49644 18.0498 1.85737 7.46139 18.1833
3.02491 9.59775 17.948 1.68979 7.56836 17.9809 3.13592 9.53014 18.2826 3.02491 9.60425 18.3491 1.8008 7.50075 18.3155 1.68979 7.57486 18.382 3.19248 9.49078 18.1504 1.85737 7.46139 18.1833 2.91389 9.67617 18.2802 2.85733 9.71122 18.1468 1.57877 7.64678 18.3131 1.52221 7.68183 18.1797 3.02491 9.60425 18.3491 1.68979 7.57486 18.382 2.91097 9.54678 18.2878 3.02491 9.6218 18.3481 2.15931 11.0357 17.999 2.04537 10.9815 18.1383 2.15931 11.0565 18.1985 2.85291 9.49835 18.1593 1.98731 10.9331 18.0097 3.13885 9.68278 18.2736 3.1969 9.70365 18.1379 2.27325 11.1175 18.1241 2.3313 11.1384 17.9883 3.02491 9.6218 18.3481 2.15931 11.0565 18.1985 3.13885 9.65523 18.0093 3.02491 9.5802 17.9491 2.27325 11.09 17.8597 2.15931 11.0149 17.7995 3.1969 9.70365 18.1379
2.3313 11.1384 17.9883 2.91097 9.51922 18.0235 2.85291 9.49835 18.1593 2.04537 10.954 17.8739 1.98731 10.9331 18.0097 3.02491 9.5802 17.9491 2.15931 11.0149 17.7995 2.18346 8.21701 4.699 2.10249 8.1365 4.70931 2.18346 8.09501 4.70858 2.3498 8.48269 8.08081 2.26883 8.40218 8.09111 2.3498 8.36069 8.09039 2.06123 8.21748 4.70498 2.22757 8.48316 8.08678 2.26443 8.13588 4.70139 2.30568 8.21654 4.69303 2.43077 8.40156 8.0832 2.47203 8.48222 8.07483 2.18346 8.09501 4.70858 2.3498 8.36069 8.09039 2.26443 8.29751 4.68869 2.18346 8.339 4.68942 2.43077 8.56319 8.0705 2.3498 8.60468 8.07122 2.30568 8.21654 4.69303 2.47203 8.48222 8.07483 2.10249 8.29814 4.69661 2.06123 8.21748 4.70498 2.26883 8.56382 8.07841 2.22757 8.48316 8.08678 2.18346 8.339 4.68942
2.3498 8.60468 8.07122 2.10345 8.28278 4.74816 2.18346 8.32545 4.7557 1.54071 10.0375 1.217 1.4607 10.1033 1.26616 1.54071 10.1459 1.2737 2.06269 8.20785 4.71651 1.41994 10.0283 1.23451 2.26346 8.29491 4.72496 2.30423 8.22616 4.68149 1.62071 10.1154 1.24296 1.66147 10.0466 1.19949 2.18346 8.32545 4.7557 1.54071 10.1459 1.2737 2.26346 8.15123 4.64984 2.18346 8.10856 4.6423 1.62071 9.9717 1.16784 1.54071 9.92903 1.1603 2.30423 8.22616 4.68149 1.66147 10.0466 1.19949 2.10345 8.1391 4.67304 2.06269 8.20785 4.71651 1.4607 9.95957 1.19104 1.41994 10.0283 1.23451 2.18346 8.10856 4.6423 1.54071 9.92903 1.1603 1.66063 21.8616 8.64958 1.56389 21.7692 8.69786 1.66063 21.7132 8.68179 2.97398 22.8394 13.1537 2.87725 22.747 13.202 2.97398 22.691 13.1859
1.5146 21.8705 8.69024 2.82795 22.8483 13.1944 1.75737 21.7575 8.64398 1.80666 21.8528 8.60892 3.07072 22.7353 13.1481 3.12001 22.8306 13.1131 1.66063 21.7132 8.68179 2.97398 22.691 13.1859 1.75737 21.9541 8.6013 1.66063 22.01 8.61737 3.07072 22.9319 13.1054 2.97398 22.9878 13.1215 1.80666 21.8528 8.60892 3.12001 22.8306 13.1131 1.56389 21.9658 8.65518 1.5146 21.8705 8.69024 2.87724 22.9436 13.1593 2.82795 22.8483 13.1944 1.66063 22.01 8.61737 2.97398 22.9878 13.1215 1.59719 21.7611 8.57149 1.56267 21.8616 8.53356 4.299 21.927 6.42201 4.23556 21.8264 6.34392 4.20105 21.927 6.30599 1.66282 21.7098 8.64773 4.3012 21.7752 6.42016 1.59428 21.9622 8.57395 1.65843 22.0134 8.65143 4.23265 22.0275 6.34638 4.29681 22.0788 6.42386 1.56267 21.8616 8.53356
4.20105 21.927 6.30599 1.72407 21.9622 8.72767 1.75858 21.8616 8.7656 4.36244 22.0275 6.5001 4.39696 21.927 6.53803 1.65843 22.0134 8.65143 4.29681 22.0788 6.42386 1.72698 21.7611 8.72521 1.66282 21.7098 8.64773 4.36535 21.8264 6.49764 4.3012 21.7752 6.42016 1.75858 21.8616 8.7656 4.39696 21.927 6.53803 1.21577 25.1447 24.3497 1.17261 25.0825 24.3547 1.21577 25.072 24.314 3.12132 24.0081 26.6668 3.07817 23.9459 26.6718 3.12132 23.9354 26.6311 1.15063 25.1235 24.3929 3.05618 23.9869 26.71 1.25892 25.1106 24.2975 1.28091 25.1659 24.3065 3.16447 23.9739 26.6146 3.18646 24.0292 26.6236 1.21577 25.072 24.314 3.12132 23.9354 26.6311 1.25892 25.2069 24.3447 1.21577 25.2174 24.3854 3.16447 24.0702 26.6618 3.12132 24.0807 26.7025 1.28091 25.1659 24.3065
3.18646 24.0292 26.6236 1.17261 25.1788 24.4019 1.15063 25.1235 24.3929 3.07817 24.0422 26.719 3.05618 23.9869 26.71 1.21577 25.2174 24.3854 3.12132 24.0807 26.7025 1.16279 25.1858 24.3852 1.21577 25.2134 24.3925 1.02917 25.7675 23.35 0.976193 25.8086 23.3854 1.02917 25.8362 23.3928 1.13579 25.138 24.3605 0.949199 25.7608 23.3607 1.26875 25.1946 24.3709 1.29574 25.1514 24.3389 1.08215 25.8175 23.3712 1.10915 25.7742 23.3392 1.21577 25.2134 24.3925 1.02917 25.8362 23.3928 1.26875 25.1036 24.3142 1.21577 25.076 24.3069 1.08215 25.7264 23.3145 1.02917 25.6988 23.3071 1.29574 25.1514 24.3389 1.10915 25.7742 23.3392 1.16279 25.0947 24.3285 1.13579 25.138 24.3605 0.976193 25.7175 23.3287 0.949199 25.7608 23.3607 1.21577 25.076 24.3069 1.02917 25.6988 23.3071
1.599 18.301 15.499 1.56016 18.2598 15.4806 1.599 18.2375 15.4958 0.147703 18.1257 18.9532 0.108859 18.0844 18.9348 0.147703 18.0622 18.95 1.54036 18.3022 15.4744 0.0890669 18.1269 18.9287 1.63784 18.2581 15.5131 1.65764 18.2998 15.5236 0.186547 18.0828 18.9674 0.206339 18.1244 18.9778 1.599 18.2375 15.4958 0.147703 18.0622 18.95 1.63784 18.3422 15.5174 1.599 18.3645 15.5022 0.186547 18.1669 18.9717 0.147703 18.1892 18.9565 1.65764 18.2998 15.5236 0.206339 18.1244 18.9778 1.56016 18.3439 15.4849 1.54036 18.3022 15.4744 0.108859 18.1686 18.9391 0.0890669 18.1269 18.9287 1.599 18.3645 15.5022 0.147703 18.1892 18.9565 1.56107 18.2605 15.4773 1.55405 18.301 15.454 3.42433 17.5671 13.6751 3.38641 17.5266 13.6535 3.37939 17.5671 13.6301 1.5867 18.2398 15.5113
3.41203 17.506 13.6874 1.57738 18.3415 15.4611 1.6113 18.3622 15.4867 3.40271 17.6077 13.6372 3.43664 17.6283 13.6628 1.55405 18.301 15.454 3.37939 17.5671 13.6301 1.63693 18.3415 15.5207 1.64395 18.301 15.544 3.46226 17.6077 13.6968 3.46928 17.5671 13.7201 1.6113 18.3622 15.4867 3.43664 17.6283 13.6628 1.62062 18.2605 15.5369 1.5867 18.2398 15.5113 3.44596 17.5266 13.7131 3.41203 17.506 13.6874 1.64395 18.301 15.544 3.46928 17.5671 13.7201 2.2342 22.8799 0.538422 2.1916 22.9603 0.450967 2.14906 22.9843 0.538422 4.97188 25.1124 1.25794 4.92928 25.1929 1.17049 4.88673 25.2169 1.25794 2.25504 22.8969 0.406407 4.99272 25.1294 1.12593 2.16399 22.9378 0.625877 2.21337 22.8629 0.670437 4.90167 25.1704 1.3454 4.95104 25.0954 1.38996 2.14906 22.9843 0.538422
4.88673 25.2169 1.25794 2.2768 22.7995 0.625877 2.31935 22.7755 0.538422 5.01448 25.032 1.3454 5.05702 25.008 1.25794 2.21337 22.8629 0.670437 4.95104 25.0954 1.38996 2.30441 22.822 0.450967 2.25504 22.8969 0.406407 5.04209 25.0545 1.17049 4.99272 25.1294 1.12593 2.31935 22.7755 0.538422 5.05702 25.008 1.25794 2.31586 22.8066 0.600794 2.28668 22.8799 0.662507 0.05 21.233 1.46215 0.131651 21.1597 1.52452 0.102477 21.233 1.58623 2.30498 22.7692 0.508489 0.120778 21.1224 1.43222 2.22208 22.9532 0.640453 2.16343 22.9905 0.568355 0.0378767 21.3063 1.56418 -0.0207776 21.3437 1.49208 2.28668 22.8799 0.662507 0.102477 21.233 1.58623 2.15255 22.9532 0.47605 2.18173 22.8799 0.414337 -0.0316514 21.3063 1.39978 -0.00247716 21.233 1.33806 2.16343 22.9905 0.568355 -0.0207776 21.3437 1.49208
2.24633 22.8066 0.436391 2.30498 22.7692 0.508489 0.0621233 21.1597 1.36012 0.120778 21.1224 1.43222 2.18173 22.8799 0.414337 -0.00247715 21.233 1.33806 2.201 26.201 0.447659 2.19634 26.1257 0.362451 2.2351 26.201 0.331065 4.96721 25.0371 1.17274 5.00597 25.1124 1.14135 2.15986 26.0873 0.435629 4.93074 24.9988 1.24591 2.25084 26.2763 0.378389 2.24214 26.3147 0.459688 5.02172 25.1877 1.18867 5.01302 25.2261 1.26997 2.2351 26.201 0.331065 5.00597 25.1124 1.14135 2.20566 26.2763 0.532866 2.1669 26.201 0.564252 4.97654 25.1877 1.34315 4.93778 25.1124 1.37454 4.97188 25.1124 1.25794 2.24214 26.3147 0.459688 5.01302 25.2261 1.26997 2.15116 26.1257 0.516928 2.15986 26.0873 0.435629 4.92204 25.0371 1.32721 4.93074 24.9988 1.24591 2.1669 26.201 0.564252 4.93778 25.1124 1.37454
2.17227 26.1323 0.53372 2.2201 26.201 0.567624 0.349038 27.3447 0.742561 0.320313 27.276 0.828623 0.368141 27.3447 0.862527 2.13854 26.0973 0.457605 0.286574 27.241 0.752508 2.25504 26.2697 0.520541 2.26346 26.3047 0.437712 0.403073 27.4134 0.815444 0.411502 27.4484 0.732615 2.2201 26.201 0.567624 0.368141 27.3447 0.862527 2.22973 26.2697 0.361597 2.1819 26.201 0.327693 0.377763 27.4134 0.6565 0.329935 27.3447 0.622596 2.26346 26.3047 0.437712 0.411502 27.4484 0.732615 2.14696 26.1323 0.374776 2.13854 26.0973 0.457605 0.295003 27.276 0.669679 0.286574 27.241 0.752508 2.1819 26.201 0.327693 0.329935 27.3447 0.622596 1.499 29.7652 22.901 1.51837 29.7154 22.9473 1.52208 29.7652 22.9729 0.05 29.6342 23.3663 0.069375 29.5844 23.4126 0.0730828 29.6342 23.4382 1.50516 29.69 22.899
0.0561642 29.559 23.3643 1.51021 29.8151 22.9499 1.49284 29.8404 22.903 0.0612079 29.6841 23.4152 0.0438358 29.7095 23.3683 1.52208 29.7652 22.9729 0.0730828 29.6342 23.4382 1.47962 29.8151 22.8547 1.47592 29.7652 22.8291 0.030625 29.6841 23.32 0.0269172 29.6342 23.2944 1.49284 29.8404 22.903 0.0438358 29.7095 23.3683 1.48779 29.7154 22.8521 1.50516 29.69 22.899 0.0387921 29.5844 23.3174 0.0561642 29.559 23.3643 1.47592 29.7652 22.8291 0.0269172 29.6342 23.2944 1.47557 29.7158 22.8562 1.4746 29.7652 22.8296 2.24512 29.6427 22.6462 2.22169 29.5932 22.6014 2.22072 29.6427 22.5748 1.48803 29.6906 22.9047 2.23415 29.5681 22.65 1.49011 29.8146 22.8512 1.50997 29.8398 22.8973 2.23623 29.6921 22.5964 2.2561 29.7173 22.6425 1.4746 29.7652 22.8296 2.22072 29.6427 22.5748
1.52243 29.8146 22.9458 1.5234 29.7652 22.9724 2.26856 29.6921 22.6911 2.26952 29.6427 22.7177 1.50997 29.8398 22.8973 2.2561 29.7173 22.6425 1.50789 29.7158 22.9508 1.48803 29.6906 22.9047 2.25401 29.5932 22.696 2.23415 29.5681 22.65 1.5234 29.7652 22.9724 2.26952 29.6427 22.7177 2.001 28.3499 10.2155 1.94035 28.2876 10.1974 2.001 28.2684 10.167 2.75821 26.9113 12.6308 2.69755 26.8489 12.6127 2.75821 26.8298 12.5822 1.90944 28.3373 10.2367 2.66665 26.8986 12.652 2.06165 28.3043 10.1693 2.09256 28.3625 10.1943 2.81886 26.8657 12.5846 2.84976 26.9239 12.6096 2.001 28.2684 10.167 2.75821 26.8298 12.5822 2.06165 28.4122 10.2336 2.001 28.4313 10.264 2.81886 26.9736 12.6489 2.75821 26.9927 12.6793 2.09256 28.3625 10.1943 2.84976 26.9239 12.6096
1.94035 28.3955 10.2617 1.90944 28.3373 10.2367 2.69755 26.9569 12.677 2.66665 26.8986 12.652 2.001 28.4313 10.264 2.75821 26.9927 12.6793 1.94628 28.4187 10.2283 2.001 28.4259 10.2722 2.48518 28.8631 9.52693 2.43047 28.9319 9.53974 2.48518 28.9391 9.5836 1.9184 28.3777 10.1782 2.40258 28.8909 9.48959 2.05572 28.3818 10.2778 2.0836 28.3221 10.2528 2.5399 28.895 9.58921 2.56778 28.8353 9.56427 2.001 28.4259 10.2722 2.48518 28.9391 9.5836 2.05572 28.2811 10.2027 2.001 28.2739 10.1588 2.5399 28.7943 9.51413 2.48518 28.7871 9.47027 2.0836 28.3221 10.2528 2.56778 28.8353 9.56427 1.94628 28.318 10.1532 1.9184 28.3777 10.1782 2.43047 28.8312 9.46466 2.40258 28.8909 9.48959 2.001 28.2739 10.1588 2.48518 28.7871 9.47027 2.001 23.4499 17.199
1.90735 23.5418 17.1626 2.001 23.5936 17.1773 2.97398 22.8394 13.1537 2.88033 22.9313 13.1173 2.97398 22.9831 13.132 1.85963 23.4449 17.1658 2.83261 22.8344 13.1205 2.09465 23.5484 17.2067 2.14237 23.4549 17.2322 3.06764 22.9379 13.1614 3.11536 22.8444 13.187 2.001 23.5936 17.1773 2.97398 22.9831 13.132 2.09465 23.3581 17.2354 2.001 23.3062 17.2207 3.06764 22.7476 13.1901 2.97398 22.6957 13.1754 2.14237 23.4549 17.2322 3.11536 22.8444 13.187 1.90735 23.3514 17.1913 1.85963 23.4449 17.1658 2.88033 22.7409 13.1461 2.83261 22.8344 13.1205 2.001 23.3062 17.2207 2.97398 22.6957 13.1754 1.91049 23.3606 17.2476 2.001 23.3067 17.2236 2.48446 23.6755 18.5147 2.39394 23.5862 18.5633 2.48446 23.5323 18.5393 1.86437 23.4583 17.2478 2.34782 23.6839 18.5635
2.09151 23.3495 17.183 2.13763 23.4416 17.1502 2.57497 23.5751 18.4987 2.62109 23.6671 18.466 2.001 23.3067 17.2236 2.48446 23.5323 18.5393 2.09151 23.5393 17.1504 2.001 23.5932 17.1744 2.57497 23.7648 18.4662 2.48446 23.8187 18.4902 2.13763 23.4416 17.1502 2.62109 23.6671 18.466 1.91049 23.5503 17.215 1.86437 23.4583 17.2478 2.39394 23.7759 18.5308 2.34782 23.6839 18.5635 2.001 23.5932 17.1744 2.48446 23.8187 18.4902 1.25 20.7501 29.8659 1.25122 20.7173 29.8289 1.23456 20.7501 29.8154 3.72755 21.6955 29.1069 3.72876 21.6627 29.0699 3.7121 21.6955 29.0564 1.26728 20.7006 29.8606 3.74483 21.646 29.1016 1.22832 20.7829 29.836 1.23272 20.7996 29.8711 3.70587 21.7283 29.077 3.71027 21.7451 29.1121 1.23456 20.7501 29.8154 3.7121 21.6955 29.0564
1.24878 20.7829 29.9028 1.26544 20.7501 29.9163 3.72633 21.7283 29.1438 3.74299 21.6955 29.1573 1.23272 20.7996 29.8711 3.71027 21.7451 29.1121 1.27168 20.7173 29.8957 1.26728 20.7006 29.8606 3.74923 21.6627 29.1367 3.74483 21.646 29.1016 1.26544 20.7501 29.9163 3.74299 21.6955 29.1573 1.25614 20.7159 29.901 1.24839 20.7501 29.9186 0.194786 20.5275 29.8337 0.200923 20.4934 29.8688 0.193179 20.5275 29.8864 1.26087 20.6985 29.8662 0.205657 20.4759 29.834 1.24173 20.7843 29.9005 1.23913 20.8017 29.8655 0.186519 20.5617 29.8684 0.183914 20.5791 29.8333 1.24839 20.7501 29.9186 0.193179 20.5275 29.8864 1.24386 20.7843 29.8307 1.25161 20.7501 29.8132 0.188648 20.5617 29.7985 0.196393 20.5275 29.781 1.23913 20.8017 29.8655 0.183914 20.5791 29.8333 1.25827 20.7159 29.8312
1.26087 20.6985 29.8662 0.203052 20.4934 29.799 0.205657 20.4759 29.834 1.25161 20.7501 29.8132 0.196393 20.5275 29.781 1.999 27.6501 13.95 1.95598 27.5961 13.9557 1.999 27.5871 13.9887 0.651656 28.942 16.0519 0.608636 28.8879 16.0576 0.651656 28.8789 16.0907 1.93406 27.6316 13.9198 0.586716 28.9234 16.0217 2.04202 27.6207 13.9957 2.06394 27.6687 13.9802 0.694676 28.9125 16.0976 0.716596 28.9605 16.0821 1.999 27.5871 13.9887 0.651656 28.8789 16.0907 2.04202 27.7042 13.9443 1.999 27.7132 13.9113 0.694676 28.996 16.0463 0.651656 29.005 16.0132 2.06394 27.6687 13.9802 0.716596 28.9605 16.0821 1.95598 27.6796 13.9043 1.93406 27.6316 13.9198 0.608636 28.9714 16.0062 0.586716 28.9234 16.0217 1.999 27.7132 13.9113 0.651656 29.005 16.0132 1.95519 27.6822 13.9069
1.999 27.7147 13.9138 2.75821 26.9113 12.6308 2.7144 26.9433 12.5876 2.75821 26.9758 12.5946 1.93287 27.6339 13.921 2.69208 26.895 12.6018 2.04281 27.7037 13.9452 2.06513 27.6664 13.979 2.80201 26.9648 12.626 2.82433 26.9275 12.6597 1.999 27.7147 13.9138 2.75821 26.9758 12.5946 2.04281 27.6181 13.9931 1.999 27.5856 13.9862 2.80201 26.8792 12.6739 2.75821 26.8467 12.6669 2.06513 27.6664 13.979 2.82433 26.9275 12.6597 1.95519 27.5966 13.9548 1.93287 27.6339 13.921 2.7144 26.8577 12.6355 2.69208 26.895 12.6018 1.999 27.5856 13.9862 2.75821 26.8467 12.6669 1.85378 4.15 17.392 1.76973 4.1268 17.3112 1.85378 4.11714 17.2694 1.905 1.35576 18.1411 1.82096 1.33256 18.0603 1.905 1.32291 18.0185 1.72691 4.14783 17.3926 1.77813 1.35359 18.1417
1.93782 4.12967 17.3104 1.98065 4.15217 17.3914 1.98905 1.33543 18.0595 2.03187 1.35793 18.1405 1.85378 4.11714 17.2694 1.905 1.32291 18.0185 1.93782 4.1732 17.4728 1.85378 4.18286 17.5146 1.98905 1.37897 18.2219 1.905 1.38862 18.2637 1.98065 4.15217 17.3914 2.03187 1.35793 18.1405 1.76973 4.17033 17.4736 1.72691 4.14783 17.3926 1.82096 1.37609 18.2227 1.77813 1.35359 18.1417 1.85378 4.18286 17.5146 1.905 1.38862 18.2637 1.76981 4.12728 17.473 1.85378 4.12147 17.5156 1.68979 7.57161 18.1815 1.60582 7.54889 18.2625 1.68979 7.54308 18.3051 1.72702 4.14423 17.3907 1.56304 7.56584 18.1801 1.93774 4.13492 17.4748 1.98053 4.15577 17.3933 1.77376 7.55653 18.2643 1.81654 7.57738 18.1828 1.85378 4.12147 17.5156 1.68979 7.54308 18.3051 1.93774 4.17272 17.311
1.85378 4.17853 17.2683 1.77376 7.59433 18.1004 1.68979 7.60014 18.0578 1.98053 4.15577 17.3933 1.81654 7.57738 18.1828 1.76981 4.16508 17.3092 1.72702 4.14423 17.3907 1.60582 7.58669 18.0987 1.56304 7.56584 18.1801 1.85378 4.17853 17.2683 1.68979 7.60014 18.0578 2.56761 6.799 3.6279 2.49751 6.82789 3.69656 2.56761 6.8642 3.71548 1.54071 10.0375 1.217 1.47061 10.0664 1.28566 1.54071 10.1027 1.30458 2.46179 6.77741 3.64397 1.43489 10.0159 1.23307 2.6377 6.85649 3.67527 2.67342 6.82059 3.61183 1.6108 10.095 1.26437 1.64652 10.0591 1.20093 2.56761 6.8642 3.71548 1.54071 10.1027 1.30458 2.6377 6.77011 3.55923 2.56761 6.7338 3.54032 1.6108 10.0086 1.14834 1.54071 9.97228 1.12942 2.67342 6.82059 3.61183 1.64652 10.0591 1.20093 2.49751 6.74151 3.58053
2.46179 6.77741 3.64397 1.47061 9.97999 1.16963 1.43489 10.0159 1.23307 2.56761 6.7338 3.54032 1.54071 9.97228 1.12942 2.50321 6.73677 3.57847 2.56761 6.74933 3.53067 3.601 4.999 4.54753 3.5366 4.93677 4.4981 3.601 4.94933 4.4503 2.47039 6.75474 3.65051 3.50379 4.95474 4.57014 2.63201 6.79541 3.54851 2.66482 6.84326 3.60529 3.6654 4.99541 4.46814 3.69821 5.04326 4.52491 2.56761 6.74933 3.53067 3.601 4.94933 4.4503 2.63201 6.86123 3.67733 2.56761 6.84867 3.72513 3.6654 5.06123 4.59696 3.601 5.04867 4.64475 2.66482 6.84326 3.60529 3.69821 5.04326 4.52491 2.50321 6.80259 3.70729 2.47039 6.75474 3.65051 3.5366 5.00259 4.62692 3.50379 4.95474 4.57014 2.56761 6.84867 3.72513 3.601 5.04867 4.64475 2.75821 4.32783 3.45381 2.67205 4.41898 3.38214
2.75821 4.3895 3.31249 1.66166 2.74994 2.76531 1.5755 2.84109 2.69363 1.66166 2.81161 2.62398 2.62816 4.40375 3.48694 1.5316 2.82587 2.79843 2.84436 4.31838 3.33824 2.88826 4.25191 3.42068 1.74781 2.7405 2.64974 1.79171 2.67402 2.73218 2.75821 4.3895 3.31249 1.66166 2.81161 2.62398 2.84436 4.23668 3.52549 2.75821 4.26616 3.59514 1.74781 2.65879 2.83698 1.66166 2.68828 2.90663 2.88826 4.25191 3.42068 1.79171 2.67402 2.73218 2.67205 4.33727 3.56938 2.62816 4.40375 3.48694 1.5755 2.75939 2.88087 1.5316 2.82587 2.79843 2.75821 4.26616 3.59514 1.66166 2.68828 2.90663 2.67283 4.2701 3.55503 2.75821 4.19641 3.53446 3.51562 4.94127 4.64875 3.601 4.86758 4.62817 2.62933 4.3721 3.52596 3.47212 5.04327 4.61967 2.84359 4.21144 3.45944 2.88709 4.28356 3.38167
3.68638 4.88261 4.55316 3.72988 4.95473 4.47538 2.75821 4.19641 3.53446 3.601 4.86758 4.62817 2.84359 4.38556 3.35259 2.75821 4.45925 3.37316 3.68638 5.05673 4.44631 3.601 5.13042 4.46688 3.601 4.999 4.54753 2.88709 4.28356 3.38167 3.72988 4.95473 4.47538 2.67283 4.44422 3.44818 2.62933 4.3721 3.52596 3.51562 5.11539 4.54189 3.47212 5.04327 4.61967 2.75821 4.45925 3.37316 3.601 5.13042 4.46688 1.699 1.65685 29.8347 1.67399 1.61637 29.8002 1.67427 1.65685 29.777 4.52009 0.94539 28.6248 4.49508 0.904902 28.5903 4.49536 0.94539 28.5672 1.68598 1.59574 29.8403 4.50707 0.884272 28.6304 1.69124 1.69734 29.7928 1.71202 1.71797 29.8291 4.51233 0.985878 28.5829 4.53311 1.00651 28.6193 1.67427 1.65685 29.777 4.49536 0.94539 28.5672 1.72401 1.69734 29.8692
1.72373 1.65685 29.8923 4.54509 0.985878 28.6593 4.54482 0.94539 28.6825 1.71202 1.71797 29.8291 4.53311 1.00651 28.6193 1.70676 1.61637 29.8766 1.68598 1.59574 29.8403 4.52785 0.904902 28.6667 4.50707 0.884272 28.6304 1.72373 1.65685 29.8923 4.54482 0.94539 28.6825 1.68559 1.61607 29.8748 1.6907 1.65685 29.8969 0.110137 1.97069 29.6226 0.0967225 1.92991 29.6627 0.101836 1.97069 29.6848 1.68705 1.59528 29.8331 0.0981882 1.90912 29.621 1.70142 1.69764 29.8769 1.71095 1.71842 29.8363 0.112553 2.01148 29.6648 0.122085 2.03226 29.6242 1.6907 1.65685 29.8969 0.101836 1.97069 29.6848 1.71241 1.69764 29.7945 1.7073 1.65685 29.7725 0.123551 2.01148 29.5825 0.118437 1.97069 29.5604 1.71095 1.71842 29.8363 0.122085 2.03226 29.6242 1.69658 1.61607 29.7924 1.68705 1.59528 29.8331
0.10772 1.92991 29.5803 0.0981882 1.90912 29.621 1.7073 1.65685 29.7725 0.118437 1.97069 29.5604 3.76182 10.355 6.74028 3.66695 10.3375 6.61592 3.76182 10.2572 6.60368 2.3498 8.48269 8.08081 2.25492 8.4652 7.95645 2.3498 8.38488 7.94421 3.61861 10.4264 6.68916 2.20658 8.55409 8.02968 3.8567 10.2429 6.68366 3.90504 10.2836 6.79141 2.44467 8.37059 8.02418 2.49302 8.41128 8.13193 3.76182 10.2572 6.60368 2.3498 8.38488 7.94421 3.8567 10.3724 6.86464 3.76182 10.4528 6.87688 2.44467 8.50017 8.20516 2.3498 8.58049 8.2174 3.90504 10.2836 6.79141 2.49302 8.41128 8.13193 3.66695 10.4671 6.7969 3.61861 10.4264 6.68916 2.25492 8.59478 8.13743 2.20658 8.55409 8.02968 3.76182 10.4528 6.87688 2.3498 8.58049 8.2174 3.66165 10.4373 6.82947 3.76182 10.4101 6.89896
4.26486 11.3364 6.399 4.16469 11.4188 6.48819 4.26486 11.3916 6.55768 3.61061 10.4241 6.71624 4.11365 11.4056 6.37496 3.862 10.3457 6.86133 3.91304 10.2858 6.76432 4.36503 11.3272 6.52005 4.41607 11.2673 6.42304 3.76182 10.4101 6.89896 4.26486 11.3916 6.55768 3.862 10.2726 6.65109 3.76182 10.2998 6.5816 4.36503 11.2541 6.30981 4.26486 11.2813 6.24032 3.91304 10.2858 6.76432 4.41607 11.2673 6.42304 3.66165 10.3642 6.61924 3.61061 10.4241 6.71624 4.16469 11.3457 6.27795 4.11365 11.4056 6.37496 3.76182 10.2998 6.5816 4.26486 11.2813 6.24032 3.28711 22.3453 27.801 3.17077 22.4032 27.9028 3.28711 22.4446 27.9466 3.12132 24.0081 26.6668 3.00499 24.0659 26.7686 3.12132 24.1073 26.8124 3.1115 22.3333 27.8092 2.94571 23.9961 26.6749 3.40344 22.419 27.892
3.46272 22.3572 27.7928 3.23765 24.0817 26.7578 3.29693 24.02 26.6586 3.28711 22.4446 27.9466 3.12132 24.1073 26.8124 3.40344 22.2874 27.6992 3.28711 22.246 27.6554 3.23765 23.9502 26.565 3.12132 23.9088 26.5212 3.46272 22.3572 27.7928 3.29693 24.02 26.6586 3.17077 22.2716 27.71 3.1115 22.3333 27.8092 3.00499 23.9344 26.5758 2.94571 23.9961 26.6749 3.28711 22.246 27.6554 3.12132 23.9088 26.5212 3.17536 22.2258 27.7792 3.28711 22.1875 27.7225 3.72755 21.6955 29.1069 3.6158 21.576 29.0851 3.72755 21.5378 29.0284 3.11843 22.3226 27.8466 3.55887 21.6728 29.1525 3.39885 22.2558 27.7188 3.45579 22.368 27.7554 3.83929 21.606 29.0246 3.89623 21.7182 29.0612 3.28711 22.1875 27.7225 3.72755 21.5378 29.0284 3.39885 22.4648 27.8228 3.28711 22.5031 27.8795
3.83929 21.8151 29.1286 3.72755 21.8533 29.1853 3.45579 22.368 27.7554 3.89623 21.7182 29.0612 3.17536 22.4348 27.8832 3.11843 22.3226 27.8466 3.6158 21.785 29.1891 3.55887 21.6728 29.1525 3.28711 22.5031 27.8795 3.72755 21.8533 29.1853 2.00124 26.9392 29.2147 1.98853 26.8954 29.1718 1.99208 26.9392 29.1485 5.26358 26.4348 28.7635 5.25086 26.391 28.7206 5.25442 26.4348 28.6973 1.99121 26.8731 29.2161 5.25355 26.3687 28.7649 2.00182 26.983 29.1699 2.01127 27.0053 29.2133 5.26415 26.4786 28.7187 5.27361 26.501 28.7622 1.99208 26.9392 29.1485 5.25442 26.4348 28.6973 2.01396 26.983 29.2577 2.01041 26.9392 29.281 5.2763 26.4786 28.8065 5.27274 26.4348 28.8298 2.01127 27.0053 29.2133 5.27361 26.501 28.7622 2.00067 26.8954 29.2596 1.99121 26.8731 29.2161
5.26301 26.391 28.8084 5.25355 26.3687 28.7649 2.01041 26.9392 29.281 5.27274 26.4348 28.8298 1.96804 26.9098 29.1704 1.95161 26.8943 29.2147 0.05 29.099 29.2457 0.0168019 29.0696 29.2014 0.00036316 29.0542 29.2457 2.00077 26.9397 29.1478 0.0495235 29.0995 29.1788 1.96868 26.9091 29.259 2.00172 26.9387 29.2816 0.0174333 29.0689 29.29 0.0504765 29.0985 29.3126 1.95161 26.8943 29.2147 0.00036316 29.0542 29.2457 2.03444 26.9685 29.259 2.05088 26.984 29.2147 0.0831981 29.1284 29.29 0.0996368 29.1438 29.2457 2.00172 26.9387 29.2816 0.0504765 29.0985 29.3126 2.03381 26.9692 29.1704 2.00077 26.9397 29.1478 0.0825667 29.1291 29.2014 0.0495235 29.0995 29.1788 2.05088 26.984 29.2147 0.0996368 29.1438 29.2457 2.74521 13.599 6.799 2.69852 13.5403 6.86537 2.73421 13.599 6.90534
0.05 15.4274 6.52031 0.0033094 15.3687 6.58668 0.0390037 15.4274 6.62665 2.68573 13.5104 6.79285 -0.00948438 15.3388 6.51416 2.77733 13.6577 6.87352 2.8047 13.6876 6.80515 0.0821214 15.4861 6.59483 0.109484 15.516 6.52646 2.73421 13.599 6.90534 0.0390037 15.4274 6.62665 2.7919 13.6577 6.73263 2.75621 13.599 6.69266 0.0966906 15.4861 6.45393 0.0609963 15.4274 6.41396 2.8047 13.6876 6.80515 0.109484 15.516 6.52646 2.71309 13.5403 6.72448 2.68573 13.5104 6.79285 0.0178786 15.3687 6.44578 -0.00948439 15.3388 6.51416 2.75621 13.599 6.69266 0.0609963 15.4274 6.41396 2.68614 13.5729 6.72246 2.74521 13.6176 6.69372 4.26486 11.3364 6.399 4.20579 11.3103 6.32246 4.26486 11.355 6.29372 2.65604 13.5409 6.78873 4.17569 11.2784 6.38873 2.80428 13.6498 6.73606 2.83438 13.6571 6.80927
4.32393 11.3872 6.33606 4.35403 11.3945 6.40927 2.74521 13.6176 6.69372 4.26486 11.355 6.29372 2.80428 13.6251 6.87554 2.74521 13.5804 6.90428 4.32393 11.3626 6.47554 4.26486 11.3178 6.50428 2.83438 13.6571 6.80927 4.35403 11.3945 6.40927 2.68614 13.5482 6.86194 2.65604 13.5409 6.78873 4.20579 11.2856 6.46194 4.17569 11.2784 6.38873 2.74521 13.5804 6.90428 4.26486 11.3178 6.50428 2.099 12.662 13.4544 2.09549 12.6009 13.3852 2.12712 12.662 13.3599 5.94555 11.1448 14.599 5.94204 11.0837 14.5298 5.97367 11.1448 14.5045 2.06559 12.5698 13.4444 5.91214 11.0526 14.5891 2.13976 12.7231 13.3984 2.13241 12.7542 13.4643 5.98631 11.2059 14.543 5.97897 11.237 14.6089 2.12712 12.662 13.3599 5.97367 11.1448 14.5045 2.10251 12.7231 13.5236 2.07088 12.662 13.5489
5.94906 11.2059 14.6682 5.91743 11.1448 14.6935 2.13241 12.7542 13.4643 5.97897 11.237 14.6089 2.05824 12.6009 13.5104 2.06559 12.5698 13.4444 5.90479 11.0837 14.655 5.91214 11.0526 14.5891 2.07088 12.662 13.5489 5.91743 11.1448 14.6935 2.11082 12.5979 13.5198 2.09797 12.662 13.553 0.05 12.2623 13.433 0.0618214 12.1982 13.4985 0.0489732 12.2623 13.5316 2.11787 12.5652 13.4546 0.0688714 12.1656 13.4332 2.08582 12.7261 13.5195 2.08013 12.7587 13.4542 0.0368182 12.3264 13.4982 0.0311286 12.3591 13.4328 2.09797 12.662 13.553 0.0489732 12.2623 13.5316 2.08718 12.7261 13.3889 2.10003 12.662 13.3558 0.0381786 12.3264 13.3676 0.0510268 12.2623 13.3344 2.08013 12.7587 13.4542 0.0311286 12.3591 13.4328 2.11218 12.5979 13.3892 2.11787 12.5652 13.4546 0.0631818 12.1982 13.3679
0.0688714 12.1656 13.4332 2.10003 12.662 13.3558 0.0510268 12.2623 13.3344 2.101 21.701 19.4264 2.05478 21.6701 19.376 2.101 21.6334 19.3835 0.05 19.7534 22.499 0.00378392 19.7226 22.4486 0.05 19.6858 22.4561 2.03124 21.7221 19.3932 -0.0197643 19.7745 22.4658 2.14722 21.6422 19.42 2.17076 21.6799 19.4596 0.0962161 19.6947 22.4926 0.119764 19.7324 22.5322 2.101 21.6334 19.3835 0.05 19.6858 22.4561 2.14722 21.7319 19.4768 2.101 21.7686 19.4693 0.0962161 19.7843 22.5494 0.05 19.8211 22.5419 2.17076 21.6799 19.4596 0.119764 19.7324 22.5322 2.05478 21.7598 19.4328 2.03124 21.7221 19.3932 0.00378391 19.8122 22.5054 -0.0197643 19.7745 22.4658 2.101 21.7686 19.4693 0.05 19.8211 22.5419 2.04875 21.7316 19.4707 2.101 21.7346 19.4991 2.48446 23.6755 18.5147
2.43221 23.7061 18.559 2.48446 23.7091 18.5874 2.02213 21.7136 19.4206 2.40558 23.6881 18.5089 2.15325 21.7149 19.4784 2.17987 21.6884 19.4322 2.5367 23.6894 18.5668 2.56333 23.6629 18.5206 2.101 21.7346 19.4991 2.48446 23.7091 18.5874 2.15325 21.6704 19.3821 2.101 21.6674 19.3537 2.5367 23.6449 18.4704 2.48446 23.6419 18.442 2.17987 21.6884 19.4322 2.56333 23.6629 18.5206 2.04875 21.6871 19.3744 2.02213 21.7136 19.4206 2.43221 23.6616 18.4627 2.40558 23.6881 18.5089 2.101 21.6674 19.3537 2.48446 23.6419 18.442 2.701 19.2823 23.4499 2.6171 19.1793 23.488 2.701 19.1358 23.4323 5.82447 18.6565 28.6447 5.74057 18.5535 28.6828 5.82447 18.5101 28.6271 2.57435 19.2732 23.525 5.69782 18.6475 28.7198 2.7849 19.1912 23.3885 2.82765 19.2913 23.3749
5.90837 18.5655 28.5833 5.95111 18.6656 28.5697 2.701 19.1358 23.4323 5.82447 18.5101 28.6271 2.7849 19.3853 23.4119 2.701 19.4287 23.4676 5.90837 18.7595 28.6067 5.82447 18.803 28.6624 2.82765 19.2913 23.3749 5.95111 18.6656 28.5697 2.6171 19.3733 23.5113 2.57435 19.2732 23.525 5.74057 18.7476 28.7061 5.69782 18.6475 28.7198 2.701 19.4287 23.4676 5.82447 18.803 28.6624 2.65283 19.1859 23.5364 2.6512 19.2823 23.5887 0.05 19.7534 22.499 0.00183441 19.6571 22.5855 0.000200356 19.7534 22.6378 2.67809 19.1368 23.4417 0.0270925 19.608 22.4908 2.68319 19.3786 23.5473 2.72391 19.4277 23.4581 0.0321851 19.8498 22.5964 0.0729075 19.8989 22.5072 2.6512 19.2823 23.5887 0.000200357 19.7534 22.6378 2.74917 19.3786 23.3634 2.7508 19.2823 23.3111 0.0981656 19.8498 22.4125
0.0997996 19.7534 22.3602 2.72391 19.4277 23.4581 0.0729075 19.8989 22.5072 2.71881 19.1859 23.3525 2.67809 19.1368 23.4417 0.0678149 19.6571 22.4016 0.0270925 19.608 22.4908 2.7508 19.2823 23.3111 0.0997996 19.7534 22.3602 3.04235 0.792599 8.55 2.92043 0.670012 8.59077 3.04235 0.603675 8.56613 3.51666 0.955492 10.4585 3.39474 0.832905 10.4992 3.51666 0.766568 10.4746 2.8583 0.796475 8.59541 3.33261 0.959368 10.5039 3.16428 0.664877 8.5306 3.22641 0.788723 8.50459 3.63859 0.82777 10.4391 3.70072 0.951616 10.4131 3.04235 0.603675 8.56613 3.51666 0.766568 10.4746 3.16428 0.915186 8.50923 3.04235 0.981524 8.53387 3.63859 1.07808 10.4177 3.51666 1.14442 10.4424 3.22641 0.788723 8.50459 3.70072 0.951616 10.4131 2.92043 0.920322 8.5694 2.8583 0.796475 8.59541 3.39474 1.08322 10.4779
3.33261 0.959368 10.5039 3.04235 0.981524 8.53387 3.51666 1.14442 10.4424 2.92341 0.92114 8.52024 3.04235 0.98155 8.56582 3.88225 0.999 6.0845 3.76331 1.12754 6.05474 3.88225 1.18795 6.10032 2.86281 0.797684 8.48926 3.7027 1.00408 6.02376 3.1613 0.914403 8.60072 3.2219 0.787514 8.61074 4.0012 1.1208 6.13521 4.0618 0.993915 6.14524 3.04235 0.98155 8.56582 3.88225 1.18795 6.10032 3.1613 0.664058 8.57976 3.04235 0.603649 8.53418 4.00119 0.870459 6.11426 3.88225 0.810049 6.06868 3.2219 0.787514 8.61074 4.0618 0.993915 6.14524 2.92341 0.670795 8.49928 2.86281 0.797684 8.48926 3.76331 0.877196 6.03378 3.7027 1.00408 6.02376 3.04235 0.603649 8.53418 3.88225 0.810049 6.06868 2.199 26.301 22.9406 2.19861 26.2445 22.8839 2.19282 26.301 22.8554 6.13711 26.5608 22.6549
6.13672 26.5044 22.5982 6.13092 26.5608 22.5697 2.20459 26.2158 22.9402 6.1427 26.4756 22.6545 2.1912 26.3575 22.8844 2.19341 26.3862 22.941 6.1293 26.6173 22.5987 6.13151 26.6461 22.6553 2.19282 26.301 22.8554 6.13092 26.5608 22.5697 2.19939 26.3575 22.9973 2.20518 26.301 23.0258 6.13749 26.6173 22.7116 6.14329 26.5608 22.7401 2.19341 26.3862 22.941 6.13151 26.6461 22.6553 2.2068 26.2445 22.9968 2.20459 26.2158 22.9402 6.14491 26.5044 22.7111 6.1427 26.4756 22.6545 2.20518 26.301 23.0258 6.14329 26.5608 22.7401 2.23881 26.249 22.9866 2.22722 26.301 23.0212 1.02917 25.7675 23.35 1.06899 25.7155 23.396 1.05739 25.7675 23.4306 2.23088 26.2225 22.9294 1.06105 25.689 23.3388 2.19657 26.353 23.0014 2.16712 26.3795 22.9517 1.02675 25.8195 23.4108
0.997291 25.846 23.3611 2.22722 26.301 23.0212 1.05739 25.7675 23.4306 2.15919 26.353 22.8946 2.17078 26.301 22.86 0.98936 25.8195 23.3039 1.00096 25.7675 23.2693 2.16712 26.3795 22.9517 0.997291 25.846 23.3611 2.20143 26.249 22.8798 2.23088 26.2225 22.9294 1.0316 25.7155 23.2891 1.06105 25.689 23.3388 2.17078 26.301 22.86 1.00096 25.7675 23.2693 1.95 7.22643 29.8348 1.93249 7.1851 29.7948 1.93838 7.22643 29.7717 5.8096 6.27886 29.1241 5.79208 6.23754 29.0841 5.79797 6.27886 29.061 1.93519 7.16405 29.8375 5.79478 6.21648 29.1268 1.95211 7.26775 29.7912 1.96481 7.28881 29.8321 5.81171 6.32018 29.0805 5.82441 6.34124 29.1213 1.93838 7.22643 29.7717 5.79797 6.27886 29.061 1.96751 7.26775 29.8748 1.96162 7.22643 29.8979 5.82711 6.32018 29.1641
5.82122 6.27886 29.1872 1.96481 7.28881 29.8321 5.82441 6.34124 29.1213 1.94789 7.1851 29.8784 1.93519 7.16405 29.8375 5.80748 6.23754 29.1677 5.79478 6.21648 29.1268 1.96162 7.22643 29.8979 5.82122 6.27886 29.1872 1.95169 7.18465 29.878 1.94077 7.22643 29.8983 0.05 6.86422 29.5588 0.0516875 6.82244 29.602 0.0407741 6.86422 29.6223 1.96177 7.16337 29.8365 0.0617732 6.80116 29.5605 1.93609 7.2682 29.8757 1.93823 7.28949 29.8331 0.036089 6.90599 29.5997 0.0382268 6.92728 29.557 1.94077 7.22643 29.8983 0.0407741 6.86422 29.6223 1.94831 7.2682 29.7916 1.95923 7.22643 29.7713 0.0483125 6.90599 29.5156 0.0592259 6.86422 29.4953 1.93823 7.28949 29.8331 0.0382268 6.92728 29.557 1.96391 7.18465 29.7938 1.96177 7.16337 29.8365 0.063911 6.82244 29.5178 0.0617732 6.80116 29.5605
1.95923 7.22643 29.7713 0.0592259 6.86422 29.4953 2.401 3.201 10.6843 2.34834 3.16951 10.7388 2.401 3.19009 10.7712 1.16337 5.84558 11.016 1.11071 5.81409 11.0705 1.16337 5.83467 11.1029 2.32151 3.16438 10.6797 1.08388 5.80895 11.0114 2.45366 3.21804 10.7449 2.48049 3.23762 10.6889 1.21603 5.86262 11.0766 1.24286 5.8822 11.0205 2.401 3.19009 10.7712 1.16337 5.83467 11.1029 2.45366 3.23249 10.6297 2.401 3.21191 10.5973 1.21603 5.87707 10.9614 1.16337 5.85649 10.929 2.48049 3.23762 10.6889 1.24286 5.8822 11.0205 2.34834 3.18396 10.6236 2.32151 3.16438 10.6797 1.11071 5.82854 10.9553 1.08388 5.80895 11.0114 2.401 3.21191 10.5973 1.16337 5.85649 10.929 2.34895 3.18121 10.6239 2.401 3.20977 10.5971 3.51666 0.955492 10.4585 3.46462 0.9357 10.3981
3.51666 0.964261 10.3713 2.32243 3.16236 10.6804 3.4381 0.916848 10.4546 2.45305 3.23241 10.6291 2.47957 3.23964 10.6882 3.56871 0.986902 10.4033 3.59523 0.994137 10.4624 2.401 3.20977 10.5971 3.51666 0.964261 10.3713 2.45305 3.22079 10.7446 2.401 3.19223 10.7715 3.56871 0.975284 10.5188 3.51666 0.946724 10.5457 2.47957 3.23964 10.6882 3.59523 0.994137 10.4624 2.34895 3.16959 10.7395 2.32243 3.16236 10.6804 3.46462 0.924083 10.5137 3.4381 0.916848 10.4546 2.401 3.19223 10.7715 3.51666 0.946724 10.5457 2.199 1.06829 26.839 2.2252 1.02288 26.8018 2.24084 1.06829 26.7846 4.52009 0.94539 28.6248 4.54629 0.89998 28.5877 4.56193 0.94539 28.5705 2.19672 0.999742 26.8372 4.51781 0.876843 28.6231 2.22823 1.1137 26.8041 2.20128 1.13684 26.8407 4.54931 0.990799 28.59
4.52237 1.01394 28.6266 2.24084 1.06829 26.7846 4.56193 0.94539 28.5705 2.1728 1.1137 26.8761 2.15716 1.06829 26.8933 4.49388 0.990799 28.662 4.47825 0.94539 28.6792 2.20128 1.13684 26.8407 4.52237 1.01394 28.6266 2.16977 1.02288 26.8738 2.19672 0.999742 26.8372 4.49086 0.89998 28.6597 4.51781 0.876843 28.6231 2.15716 1.06829 26.8933 4.47825 0.94539 28.6792 2.1794 1.0235 26.8807 2.18068 1.06829 26.9051 0.121043 1.44096 26.2631 0.101445 1.39617 26.3048 0.102719 1.44096 26.3292 2.18774 1.00068 26.8358 0.109783 1.37335 26.2599 2.19432 1.11307 26.8848 2.21026 1.13589 26.8421 0.116363 1.48574 26.3089 0.132302 1.50856 26.2662 2.18068 1.06829 26.9051 0.102719 1.44096 26.3292 2.2186 1.11307 26.7972 2.21732 1.06829 26.7728 0.14064 1.48574 26.2213 0.139366 1.44096 26.1969
2.21026 1.13589 26.8421 0.132302 1.50856 26.2662 2.20368 1.0235 26.7931 2.18774 1.00068 26.8358 0.125722 1.39617 26.2172 0.109783 1.37335 26.2599 2.21732 1.06829 26.7728 0.139366 1.44096 26.1969 3.16574 3.81202 4.85516 3.06098 3.74654 4.76638 3.16574 3.74699 4.70636 3.88225 0.999 6.0845 3.77749 0.933518 5.99572 3.88225 0.933973 5.9357 3.0076 3.7782 4.86994 3.72412 0.96518 6.09928 3.2705 3.79135 4.74679 3.32388 3.84584 4.84038 3.98701 0.978326 5.97613 4.04039 1.03282 6.06972 3.16574 3.74699 4.70636 3.88225 0.933973 5.9357 3.2705 3.8775 4.94394 3.16574 3.87705 5.00396 3.98701 1.06448 6.17328 3.88225 1.06403 6.2333 3.32388 3.84584 4.84038 4.04039 1.03282 6.06972 3.06098 3.8327 4.96352 3.0076 3.7782 4.86994 3.77749 1.01967 6.19286 3.72412 0.96518 6.09928
3.16574 3.87705 5.00396 3.88225 1.06403 6.2333 3.06436 3.87385 4.95026 3.16574 3.85276 5.01235 3.601 4.999 4.54753 3.49962 5.06082 4.64263 3.601 5.03974 4.70472 3.01271 3.86461 4.84153 3.44797 5.05158 4.5339 3.26712 3.80418 4.96832 3.31877 3.75944 4.86879 3.70238 4.99115 4.66069 3.75403 4.94642 4.56115 3.16574 3.85276 5.01235 3.601 5.03974 4.70472 3.26712 3.7502 4.76005 3.16574 3.77128 4.69797 3.70238 4.93718 4.45242 3.601 4.95826 4.39033 3.31877 3.75944 4.86879 3.75403 4.94642 4.56115 3.06436 3.81987 4.742 3.01271 3.86461 4.84153 3.49962 5.00685 4.43436 3.44797 5.05158 4.5339 3.16574 3.77128 4.69797 3.601 4.95826 4.39033 2.701 27.5071 5.901 2.60816 27.4181 5.81772 2.64936 27.5071 5.74583 5.55756 25.4166 4.95032 5.46472 25.3276 4.86703
5.50592 25.4166 4.79514 2.6125 27.3727 5.93045 5.46906 25.2823 4.97977 2.72542 27.5961 5.77869 2.7895 27.6414 5.87155 5.58198 25.5056 4.82801 5.64607 25.5509 4.92086 2.64936 27.5071 5.74583 5.50592 25.4166 4.79514 2.79384 27.5961 5.98428 2.75264 27.5071 6.05617 5.6504 25.5056 5.0336 5.6092 25.4166 5.10549 2.7895 27.6414 5.87155 5.64607 25.5509 4.92086 2.67658 27.4181 6.02331 2.6125 27.3727 5.93045 5.53314 25.3276 5.07262 5.46906 25.2823 4.97977 2.75264 27.5071 6.05617 5.6092 25.4166 5.10549 2.66032 27.3938 5.80616 2.58424 27.3926 5.901 1.35038 28.8842 4.83587 1.3097 28.771 4.74102 1.23362 28.7697 4.83587 2.75635 27.4506 5.75784 1.40573 28.8278 4.6927 2.58698 27.4686 5.99584 2.64565 27.5635 6.04416 1.23636 28.8457 4.93071 1.29502 28.9406 4.97903
2.58424 27.3926 5.901 1.23362 28.7697 4.83587 2.74168 27.6203 5.99584 2.81776 27.6216 5.901 1.39106 28.9975 4.93071 1.46714 28.9987 4.83587 2.64565 27.5635 6.04416 1.29502 28.9406 4.97903 2.81502 27.5455 5.80616 2.75635 27.4506 5.75784 1.4644 28.9227 4.74102 1.40573 28.8278 4.6927 2.81776 27.6216 5.901 1.46714 28.9987 4.83586 2.35012 28.4363 8.199 2.30278 28.4834 8.21934 2.35012 28.5101 8.20884 1.30303 28.9313 4.85621 1.35038 28.9581 4.8457 2.27865 28.4335 8.21987 1.27891 28.8814 4.85674 2.39746 28.487 8.19169 2.42158 28.4391 8.17813 1.39772 28.935 4.82855 1.42184 28.887 4.81499 2.35012 28.5101 8.20884 1.35038 28.9581 4.8457 2.39746 28.3892 8.17866 2.35012 28.3624 8.18916 1.39772 28.8371 4.81552 1.35038 28.8104 4.82603 2.42158 28.4391 8.17813
1.42184 28.887 4.81499 2.30278 28.3855 8.20631 2.27865 28.4335 8.21987 1.30303 28.8334 4.84318 1.27891 28.8814 4.85674 2.35012 28.3624 8.18916 1.35038 28.8104 4.82603 2.30099 28.3907 8.21863 2.35012 28.3654 8.2218 2.48518 28.8631 9.52693 2.43606 28.8176 9.54656 2.48518 28.7922 9.54973 2.27596 28.4385 8.20584 2.41103 28.8653 9.53377 2.39924 28.3878 8.20957 2.42427 28.4341 8.19216 2.53431 28.8146 9.53751 2.55934 28.8609 9.5201 2.35012 28.3654 8.2218 2.48518 28.7922 9.54973 2.39924 28.4818 8.17937 2.35012 28.5072 8.1762 2.53431 28.9086 9.5073 2.48518 28.934 9.50414 2.42427 28.4341 8.19216 2.55934 28.8609 9.5201 2.30099 28.4847 8.18843 2.27596 28.4385 8.20584 2.43606 28.9115 9.51636 2.41103 28.8653 9.53377 2.35012 28.5072 8.1762 2.48518 28.934 9.50414
2.499 17.399 18.7347 2.4887 17.3221 18.6545 2.50987 17.399 18.6161 5.72124 16.6596 19.03 5.71094 16.5826 18.9499 5.73211 16.6596 18.9114 2.47258 17.2829 18.7322 5.69482 16.5435 19.0276 2.5237 17.4759 18.6577 2.52542 17.5151 18.7371 5.74594 16.7365 18.9531 5.74766 16.7757 19.0325 2.50987 17.399 18.6161 5.73211 16.6596 18.9114 2.5093 17.4759 18.8148 2.48813 17.399 18.8533 5.73154 16.7365 19.1102 5.71037 16.6596 19.1486 2.52542 17.5151 18.7371 5.74766 16.7757 19.0325 2.4743 17.3221 18.8116 2.47258 17.2829 18.7322 5.69653 16.5826 19.107 5.69482 16.5435 19.0276 2.48813 17.399 18.8533 5.71037 16.6596 19.1486 2.4832 17.3236 18.8154 2.51002 17.399 18.8532 0.147703 18.1257 18.9532 0.131901 18.0503 19.0339 0.158726 18.1257 19.0718 2.46412 17.2852 18.7379
0.112825 18.0119 18.9565 2.52941 17.4744 18.8111 2.53388 17.5128 18.7314 0.17811 18.2011 19.0297 0.18258 18.2395 18.95 2.51002 17.399 18.8532 0.158726 18.1257 19.0718 2.5148 17.4744 18.654 2.48798 17.399 18.6161 0.163505 18.2011 18.8725 0.136679 18.1257 18.8347 2.53388 17.5128 18.7314 0.18258 18.2395 18.95 2.46859 17.3236 18.6583 2.46412 17.2852 18.7379 0.117295 18.0503 18.8768 0.112825 18.0119 18.9565 2.48798 17.399 18.6161 0.136679 18.1257 18.8347 4.27332 11.4346 24.8538 4.18093 11.3892 24.764 4.17278 11.3291 24.8538 1.22095 14.3408 26.525 1.12856 14.2954 26.4352 1.12041 14.2352 26.525 4.2344 11.4717 24.7183 1.18203 14.3779 26.3894 4.2325 11.3401 24.9436 4.31224 11.3976 24.9893 1.18013 14.2463 26.6147 1.25987 14.3037 26.6605 4.17278 11.3291 24.8538
1.12041 14.2352 26.525 4.36571 11.4801 24.9436 4.37386 11.5402 24.8538 1.31333 14.3862 26.6147 1.32148 14.4464 26.525 4.31224 11.3976 24.9893 1.25987 14.3037 26.6605 4.31414 11.5291 24.764 4.2344 11.4717 24.7183 1.26176 14.4353 26.4352 1.18203 14.3779 26.3894 4.37386 11.5402 24.8538 1.32148 14.4464 26.525 4.21599 11.3404 24.7732 4.16525 11.4346 24.7559 5.88757 11.9767 23.0715 5.83024 11.8825 22.9909 5.7795 11.9767 22.9736 4.29484 11.2924 24.83 5.90909 11.8345 23.0477 4.18747 11.5289 24.8047 4.2518 11.5769 24.8776 5.80172 12.0709 23.0224 5.86604 12.1189 23.0952 4.16525 11.4346 24.7559 5.7795 11.9767 22.9736 4.33065 11.5289 24.9344 4.38139 11.4346 24.9517 5.9449 12.0709 23.1521 5.99563 11.9767 23.1694 4.2518 11.5769 24.8776 5.86604 12.1189 23.0952
4.35917 11.3404 24.9029 4.29484 11.2924 24.83 5.97341 11.8825 23.1206 5.90909 11.8345 23.0477 4.38139 11.4346 24.9517 5.99563 11.9767 23.1694 3.36882 24.3165 27.1308 3.26046 24.2962 27.2828 3.36882 24.1941 27.2895 5.26358 26.4348 28.7635 5.15522 26.4146 28.9156 5.26358 26.3125 28.9223 3.20525 24.4083 27.2015 5.10001 26.5266 28.8343 3.47718 24.1746 27.1891 3.53239 24.2247 27.06 5.37194 26.293 28.8219 5.42715 26.3431 28.6928 3.36882 24.1941 27.2895 5.26358 26.3125 28.9223 3.47718 24.3368 26.9787 3.36882 24.4389 26.972 5.37194 26.4551 28.6115 5.26358 26.5572 28.6048 3.53239 24.2247 27.06 5.42715 26.3431 28.6928 3.26046 24.4584 27.0725 3.20525 24.4083 27.2015 5.15522 26.5767 28.7052 5.10001 26.5266 28.8343 3.36882 24.4389 26.972 5.26358 26.5572 28.6048
3.24746 24.4569 27.1022 3.36882 24.4834 27.0198 3.12132 24.0081 26.6668 2.99996 24.1485 26.6382 3.12132 24.175 26.5558 3.18562 24.3615 27.1986 2.93812 24.0531 26.7346 3.49018 24.3972 27.0124 3.55202 24.2714 27.063 3.24268 24.0888 26.5484 3.30452 23.963 26.599 3.36882 24.4834 27.0198 3.12132 24.175 26.5558 3.49018 24.1761 27.1594 3.36882 24.1495 27.2418 3.24268 23.8676 26.6954 3.12132 23.8411 26.7778 3.55202 24.2714 27.063 3.30452 23.963 26.599 3.24746 24.2357 27.2492 3.18562 24.3615 27.1986 2.99996 23.9273 26.7852 2.93812 24.0531 26.7346 3.36882 24.1495 27.2418 3.12132 23.8411 26.7778 2.93233 16.1324 25.4712 2.89123 16.1111 25.5255 2.93233 16.0727 25.5186 5.82447 18.6565 28.6447 5.78336 18.6353 28.6991 5.82447 18.5969 28.6922 2.87028 16.1599 25.5058
5.76242 18.6841 28.6794 2.97344 16.0746 25.4796 2.99439 16.1048 25.4365 5.86558 18.5988 28.6532 5.88652 18.629 28.6101 2.93233 16.0727 25.5186 5.82447 18.5969 28.6922 2.97344 16.1536 25.4168 2.93233 16.192 25.4237 5.86558 18.6778 28.5904 5.82447 18.7162 28.5973 2.99439 16.1048 25.4365 5.88652 18.629 28.6101 2.89123 16.1901 25.4627 2.87028 16.1599 25.5058 5.78336 18.7143 28.6363 5.76242 18.6841 28.6794 2.93233 16.192 25.4237 5.82447 18.7162 28.5973 2.95519 16.0832 25.4247 2.98745 16.0797 25.4712 1.22095 14.3408 26.525 1.24381 14.2916 26.4785 1.27606 14.2882 26.525 2.91173 16.1108 25.401 1.20034 14.3192 26.4548 2.98249 16.1118 25.5176 2.95294 16.1539 25.5413 1.27111 14.3202 26.5714 1.24155 14.3624 26.5951 2.98745 16.0797 25.4712 1.27606 14.2882 26.525
2.90947 16.1815 25.5176 2.87722 16.185 25.4712 1.19809 14.39 26.5714 1.16583 14.3934 26.525 2.95294 16.1539 25.5413 1.24155 14.3624 26.5951 2.88217 16.1529 25.4247 2.91173 16.1108 25.401 1.17079 14.3614 26.4785 1.20034 14.3192 26.4548 2.87722 16.185 25.4712 1.16583 14.3934 26.525 3.46334 11.341 11.4327 3.40336 11.3979 11.4041 3.46334 11.412 11.3722 2.3498 8.48269 8.08081 2.28982 8.5396 8.0522 2.3498 8.55374 8.02021 3.3728 11.3558 11.4502 2.25926 8.49754 8.09822 3.52331 11.3782 11.3811 3.55387 11.3261 11.4153 2.40977 8.51992 8.02913 2.44033 8.46784 8.06339 3.46334 11.412 11.3722 2.3498 8.55374 8.02021 3.52331 11.2841 11.4613 3.46334 11.2699 11.4933 2.40977 8.42578 8.10941 2.3498 8.41163 8.1414 3.55387 11.3261 11.4153 2.44033 8.46784 8.06339
3.40336 11.3037 11.4844 3.3728 11.3558 11.4502 2.28982 8.44545 8.13248 2.25926 8.49754 8.09822 3.46334 11.2699 11.4933 2.3498 8.41163 8.1414 3.51016 11.2792 11.3922 3.53683 11.341 11.3751 5.94555 11.1448 14.599 5.99238 11.083 14.5585 6.01904 11.1448 14.5414 3.46053 11.2477 11.4292 5.94275 11.0516 14.5954 3.51388 11.4028 11.3969 3.46614 11.4342 11.4363 5.99609 11.2066 14.5632 5.94836 11.2381 14.6026 3.53683 11.341 11.3751 6.01904 11.1448 14.5414 3.41651 11.4028 11.4733 3.38985 11.341 11.4904 5.89873 11.2066 14.6395 5.87206 11.1448 14.6566 3.46614 11.4342 11.4363 5.94836 11.2381 14.6026 3.41279 11.2792 11.4685 3.46053 11.2477 11.4292 5.89501 11.083 14.6348 5.94275 11.0516 14.5954 3.38985 11.341 11.4904 5.87206 11.1448 14.6566 3.301 9.401 25.699
3.23501 9.39609 25.6245 3.301 9.42945 25.5965 5.17909 4.55839 24.3544 5.1131 4.55348 24.2799 5.17909 4.58684 24.2519 3.20139 9.36513 25.689 5.07948 4.52252 24.3444 3.36699 9.44361 25.6377 3.40061 9.43687 25.709 5.24508 4.601 24.2931 5.27871 4.59426 24.3643 3.301 9.42945 25.5965 5.17909 4.58684 24.2519 3.36699 9.40591 25.7735 3.301 9.37255 25.8015 5.24508 4.5633 24.4288 5.17909 4.52994 24.4568 3.40061 9.43687 25.709 5.27871 4.59426 24.3643 3.23501 9.35839 25.7603 3.20139 9.36513 25.689 5.1131 4.51578 24.4156 5.07948 4.52252 24.3444 3.301 9.37255 25.8015 5.17909 4.52994 24.4568 3.23594 9.36273 25.764 3.301 9.38346 25.8039 1.22095 14.3408 26.525 1.15589 14.3025 26.59 1.22095 14.3233 26.6298 3.20279 9.36077 25.6923 1.12274 14.3006 26.5182
3.36606 9.41603 25.7729 3.39921 9.44123 25.7057 1.28601 14.3558 26.5989 1.31915 14.381 26.5317 3.301 9.38346 25.8039 1.22095 14.3233 26.6298 3.36606 9.43927 25.634 3.301 9.41854 25.5941 1.28601 14.3791 26.4599 1.22095 14.3583 26.4201 3.39921 9.44123 25.7057 1.31915 14.381 26.5317 3.23594 9.38597 25.6251 3.20279 9.36077 25.6923 1.15589 14.3258 26.451 1.12274 14.3006 26.5182 3.301 9.41854 25.5941 1.22095 14.3583 26.4201 2.899 16.701 1.601 2.96492 16.6086 1.70055 2.91834 16.701 1.76097 0.05 15.0389 1.94538 0.115923 14.9465 2.04493 0.0693367 15.0389 2.10535 2.97918 16.5616 1.59131 0.130175 14.8995 1.93569 2.8587 16.7934 1.71339 2.81882 16.8404 1.61069 0.00969677 15.1313 2.05777 -0.0301755 15.1783 1.95507 2.91834 16.701 1.76097 0.0693367 15.0389 2.10535
2.83308 16.7934 1.50145 2.87966 16.701 1.44103 -0.0159228 15.1313 1.84583 0.0306633 15.0389 1.78541 2.81882 16.8404 1.61069 -0.0301755 15.1783 1.95507 2.9393 16.6086 1.48861 2.97918 16.5616 1.59131 0.0903032 14.9465 1.83299 0.130175 14.8995 1.93569 2.87966 16.701 1.44103 0.0306633 15.0389 1.78541 2.95195 16.5971 1.50517 2.94364 16.701 1.44617 5.199 17.2613 2.26412 5.25195 17.1574 2.1683 5.24364 17.2613 2.1093 2.93429 16.5441 1.61117 5.23429 17.1044 2.2743 2.90519 16.8049 1.49169 2.86371 16.8579 1.59083 5.20519 17.3653 2.15482 5.16371 17.4182 2.25395 2.94364 16.701 1.44617 5.24364 17.2613 2.1093 2.84605 16.8049 1.69683 2.85436 16.701 1.75583 5.14605 17.3653 2.35995 5.15436 17.2613 2.41895 2.86371 16.8579 1.59083 5.16371 17.4182 2.25395 2.89281 16.5971 1.71031
2.93429 16.5441 1.61117 5.19281 17.1574 2.37343 5.23429 17.1044 2.2743 2.85436 16.701 1.75583 5.15436 17.2613 2.41895 3.32354 12.599 20.6719 3.35583 12.5418 20.6225 3.38346 12.599 20.6079 5.88757 11.9767 23.0715 5.91986 11.9195 23.0221 5.94749 11.9767 23.0074 3.31236 12.5126 20.6614 5.87639 11.8904 23.061 3.37064 12.6562 20.6364 3.33471 12.6854 20.6823 5.93467 12.0339 23.036 5.89874 12.0631 23.0819 3.38346 12.599 20.6079 5.94749 11.9767 23.0074 3.29124 12.6562 20.7212 3.26361 12.599 20.7359 5.85527 12.0339 23.1208 5.82764 11.9767 23.1355 3.33471 12.6854 20.6823 5.89874 12.0631 23.0819 3.27644 12.5418 20.7074 3.31236 12.5126 20.6614 5.84047 11.9195 23.107 5.87639 11.8904 23.061 3.26361 12.599 20.7359 5.82764 11.9767 23.1355 3.26916 12.6595 20.6602
3.32354 12.6747 20.6276 2.15931 11.0357 17.999 2.10493 11.0962 17.9873 2.15931 11.1114 17.9547 3.24145 12.6146 20.6985 2.07722 11.0513 18.0256 3.37792 12.6388 20.6249 3.40563 12.5834 20.6452 2.21369 11.0756 17.952 2.2414 11.0202 17.9724 3.32354 12.6747 20.6276 2.15931 11.1114 17.9547 3.37792 12.5385 20.6836 3.32354 12.5233 20.7162 2.21369 10.9753 18.0107 2.15931 10.96 18.0433 3.40563 12.5834 20.6452 2.2414 11.0202 17.9724 3.26916 12.5592 20.7189 3.24145 12.6146 20.6985 2.10493 10.9959 18.046 2.07722 11.0513 18.0256 3.32354 12.5233 20.7162 2.15931 10.96 18.0433 2.85048 28.7249 22.5285 2.82263 28.6793 22.4728 2.85364 28.7249 22.4462 6.13711 26.5608 22.6549 6.10925 26.5153 22.5993 6.14027 26.5608 22.5727 2.80527 28.6561 22.5267 6.0919 26.4921 22.6532
2.88252 28.7704 22.4751 2.89569 28.7936 22.5302 6.16915 26.6064 22.6016 6.18231 26.6296 22.6566 2.85364 28.7249 22.4462 6.14027 26.5608 22.5727 2.87833 28.7704 22.5841 2.84732 28.7249 22.6107 6.16496 26.6064 22.7105 6.13394 26.5608 22.7372 2.89569 28.7936 22.5302 6.18231 26.6296 22.6566 2.81844 28.6793 22.5818 2.80527 28.6561 22.5267 6.10506 26.5153 22.7082 6.0919 26.4921 22.6532 2.84732 28.7249 22.6107 6.13394 26.5608 22.7372 2.80485 28.6883 22.5787 2.85048 28.7144 22.6101 2.24512 29.6427 22.6462 2.19949 29.6061 22.6965 2.24512 29.6322 22.7278 2.7816 28.6802 22.5227 2.17625 29.598 22.6405 2.89611 28.7476 22.5863 2.91936 28.7696 22.5342 2.29075 29.6653 22.7041 2.314 29.6874 22.6519 2.85048 28.7144 22.6101 2.24512 29.6322 22.7278 2.89611 28.7614 22.4782
2.85048 28.7354 22.4468 2.29075 29.6792 22.5959 2.24512 29.6531 22.5646 2.91936 28.7696 22.5342 2.314 29.6874 22.6519 2.80485 28.7022 22.4706 2.7816 28.6802 22.5227 2.19949 29.62 22.5883 2.17625 29.598 22.6405 2.85048 28.7354 22.4468 2.24512 29.6531 22.5646 3.36421 7.801 26.801 3.2913 7.8231 26.7176 3.36421 7.87361 26.7048 5.17909 4.55839 24.3544 5.10618 4.58049 24.271 5.17909 4.631 24.2581 3.25415 7.76175 26.7714 5.06903 4.51914 24.3247 3.43712 7.8751 26.7569 3.47427 7.84025 26.8306 5.25201 4.63249 24.3102 5.28916 4.59764 24.384 3.36421 7.87361 26.7048 5.17909 4.631 24.2581 3.43712 7.7789 26.8844 3.36421 7.72839 26.8972 5.25201 4.53629 24.4377 5.17909 4.48578 24.4506 3.47427 7.84025 26.8306 5.28916 4.59764 24.384 3.2913 7.7269 26.8451
3.25415 7.76175 26.7714 5.10618 4.48429 24.3985 5.06903 4.51914 24.3247 3.36421 7.72839 26.8972 5.17909 4.48578 24.4506 3.3954 7.72821 26.7205 3.44724 7.801 26.7136 5.8096 6.27886 29.1241 5.84078 6.20607 29.0435 5.89262 6.27886 29.0367 3.32826 7.69112 26.7668 5.77365 6.16898 29.0899 3.44303 7.87379 26.7657 3.40016 7.91088 26.8352 5.88841 6.35165 29.0888 5.84555 6.38874 29.1582 3.44724 7.801 26.7136 5.89262 6.27886 29.0367 3.33302 7.87379 26.8815 3.28118 7.801 26.8884 5.77841 6.35165 29.2046 5.72657 6.27886 29.2115 3.40016 7.91088 26.8352 5.84555 6.38874 29.1582 3.28539 7.72821 26.8363 3.32826 7.69112 26.7668 5.73078 6.20607 29.1593 5.77365 6.16898 29.0899 3.28118 7.801 26.8884 5.72657 6.27886 29.2115 3.40857 21.899 3.699 3.34316 21.9616 3.73953
3.40857 21.9631 3.78332 4.97188 25.1124 1.25794 4.90647 25.1751 1.29847 4.97188 25.1765 1.34226 3.30984 21.9295 3.67586 4.87314 25.1429 1.23481 3.47398 21.9213 3.77018 3.50731 21.8685 3.72214 5.03729 25.1347 1.32913 5.07061 25.082 1.28108 3.40857 21.9631 3.78332 4.97188 25.1765 1.34226 3.47398 21.8364 3.65847 3.40857 21.835 3.61468 5.03729 25.0498 1.21741 4.97188 25.0484 1.17363 3.50731 21.8685 3.72214 5.07061 25.082 1.28108 3.34316 21.8767 3.62782 3.30984 21.9295 3.67586 4.90647 25.0902 1.18676 4.87314 25.1429 1.23481 3.40857 21.835 3.61468 4.97188 25.0484 1.17363 3.3419 21.8291 3.72152 3.40857 21.7931 3.70009 4.299 21.927 6.42201 4.23233 21.8571 6.44453 4.299 21.8211 6.4231 3.30793 21.8993 3.73191 4.19836 21.9273 6.45492 3.47524 21.8286 3.67792
3.50921 21.8987 3.66609 4.36567 21.8566 6.40093 4.39964 21.9266 6.3891 3.40857 21.7931 3.70009 4.299 21.8211 6.4231 3.47524 21.9689 3.67648 3.40857 22.0049 3.69791 4.36567 21.9969 6.39949 4.299 22.0329 6.42092 3.50921 21.8987 3.66609 4.39964 21.9266 6.3891 3.3419 21.9694 3.72008 3.30793 21.8993 3.73191 4.23233 21.9973 6.44309 4.19836 21.9273 6.45492 3.40857 22.0049 3.69791 4.299 22.0329 6.42092 3.25639 6.45875 5.73795 3.18685 6.39061 5.76991 3.25639 6.37598 5.80946 2.3498 8.48269 8.08081 2.28026 8.41455 8.11276 2.3498 8.39992 8.15231 3.15142 6.43866 5.71469 2.24483 8.46259 8.05755 3.32592 6.41723 5.80073 3.36135 6.47885 5.76121 2.41934 8.44117 8.14358 2.45477 8.50278 8.10407 3.25639 6.37598 5.80946 2.3498 8.39992 8.15231 3.32592 6.52689 5.706
3.25639 6.54152 5.66645 2.41934 8.55083 8.04885 2.3498 8.56545 8.0093 3.36135 6.47885 5.76121 2.45477 8.50278 8.10407 3.18685 6.50027 5.67518 3.15142 6.43866 5.71469 2.28026 8.52421 8.01803 2.24483 8.46259 8.05755 3.25639 6.54152 5.66645 2.3498 8.56545 8.0093 3.18511 6.49444 5.67356 3.25639 6.52788 5.65319 3.601 4.999 4.54753 3.52973 5.03469 4.48313 3.601 5.06812 4.46276 3.1488 6.4435 5.72551 3.49341 4.98375 4.53509 3.32766 6.51465 5.69004 3.36397 6.47401 5.75039 3.67227 5.0549 4.49962 3.70859 5.01425 4.55997 3.25639 6.52788 5.65319 3.601 5.06812 4.46276 3.32766 6.42307 5.80235 3.25639 6.38963 5.82272 3.67227 4.96331 4.61192 3.601 4.92988 4.63229 3.36397 6.47401 5.75039 3.70859 5.01425 4.55997 3.18511 6.40285 5.78586 3.1488 6.4435 5.72551
3.52973 4.9431 4.59544 3.49341 4.98375 4.53509 3.25639 6.38963 5.82272 3.601 4.92988 4.63229 3.07558 25.201 19.4655 3.15292 25.1211 19.4253 3.16664 25.201 19.3781 6.13711 26.5608 22.6549 6.21445 26.4809 22.6147 6.22817 26.5608 22.5675 3.10127 25.0804 19.4922 6.1628 26.4402 22.6817 3.11888 25.2809 19.3898 3.04988 25.3216 19.4387 6.18041 26.6407 22.5793 6.11141 26.6815 22.6281 3.16664 25.201 19.3781 6.22817 26.5608 22.5675 2.99823 25.2809 19.5056 2.98451 25.201 19.5529 6.05976 26.6407 22.6951 6.04604 26.5608 22.7423 3.04988 25.3216 19.4387 6.11141 26.6815 22.6281 3.03227 25.1211 19.5411 3.10127 25.0804 19.4922 6.0938 26.4809 22.7305 6.1628 26.4402 22.6817 2.98451 25.201 19.5529 6.04604 26.5608 22.7423 2.99614 25.2674 19.4083 3.07558 25.2678 19.3584
2.48446 23.6755 18.5147 2.40502 23.7419 18.4576 2.48446 23.7423 18.4076 2.95567 25.2345 19.4863 2.36455 23.709 18.5356 3.15501 25.2231 19.3807 3.19548 25.1675 19.4446 2.56389 23.6976 18.4299 2.60436 23.642 18.4939 3.07558 25.2678 19.3584 2.48446 23.7423 18.4076 3.15501 25.1346 19.5226 3.07558 25.1342 19.5726 2.56389 23.6091 18.5719 2.48446 23.6087 18.6218 3.19548 25.1675 19.4446 2.60436 23.642 18.4939 2.99614 25.1789 19.5503 2.95567 25.2345 19.4863 2.40502 23.6534 18.5995 2.36455 23.709 18.5356 3.07558 25.1342 19.5726 2.48446 23.6087 18.6218 4.40199 20.6012 29.2017 4.29584 20.5652 29.0564 4.40199 20.6552 29.0134 5.82447 18.6565 28.6447 5.71832 18.6205 28.4994 5.82447 18.7105 28.4564 4.24176 20.4929 29.1707 5.66424 18.5482 28.6137 4.50813 20.7087 29.0976
4.56222 20.7095 29.2328 5.93062 18.764 28.5405 5.9847 18.7649 28.6758 4.40199 20.6552 29.0134 5.82447 18.7105 28.4564 4.50813 20.6372 29.347 4.40199 20.5473 29.3901 5.93062 18.6926 28.79 5.82447 18.6026 28.833 4.56222 20.7095 29.2328 5.9847 18.7649 28.6758 4.29584 20.4937 29.3059 4.24176 20.4929 29.1707 5.71832 18.5491 28.7489 5.66424 18.5482 28.6137 4.40199 20.5473 29.3901 5.82447 18.6026 28.833 4.2914 20.5448 29.3369 4.40199 20.6181 29.3969 3.72755 21.6955 29.1069 3.61696 21.6391 29.242 3.72755 21.7124 29.302 4.23506 20.4991 29.2106 3.56062 21.5934 29.1157 4.51257 20.6801 29.3252 4.56891 20.7033 29.1929 3.83813 21.7744 29.2303 3.89447 21.7976 29.098 4.40199 20.6181 29.3969 3.72755 21.7124 29.302 4.51257 20.6577 29.0666 4.40199 20.5843 29.0066
3.83813 21.752 28.9717 3.72755 21.6786 28.9117 4.56891 20.7033 29.1929 3.89447 21.7976 29.098 4.2914 20.5224 29.0783 4.23506 20.4991 29.2106 3.61696 21.6167 28.9834 3.56062 21.5934 29.1157 4.40199 20.5843 29.0066 3.72755 21.6786 28.9117 3.16734 14.799 13.2151 3.12512 14.7959 13.2576 3.16734 14.7885 13.2783 3.42433 17.5671 13.6751 3.38212 17.564 13.7176 3.42433 17.5566 13.7383 3.10361 14.8048 13.2161 3.3606 17.5729 13.6761 3.20956 14.7882 13.2563 3.23107 14.7932 13.2142 3.46655 17.5564 13.7163 3.48806 17.5614 13.6742 3.16734 14.7885 13.2783 3.42433 17.5566 13.7383 3.20956 14.8021 13.1727 3.16734 14.8095 13.152 3.46655 17.5703 13.6327 3.42433 17.5776 13.612 3.23107 14.7932 13.2142 3.48806 17.5614 13.6742 3.12512 14.8098 13.1739 3.10361 14.8048 13.2161
3.38212 17.5779 13.6339 3.3606 17.5729 13.6761 3.16734 14.8095 13.152 3.42433 17.5776 13.612 3.13279 14.761 13.1842 3.16734 14.7763 13.1553 5.94555 11.1448 14.599 5.911 11.1068 14.5681 5.94555 11.1222 14.5392 3.11518 14.7643 13.2283 5.89339 11.1101 14.6121 3.20189 14.807 13.1668 3.21949 14.8337 13.202 5.9801 11.1528 14.5507 5.99771 11.1795 14.5859 3.16734 14.7763 13.1553 5.94555 11.1222 14.5392 3.20189 14.837 13.2461 3.16734 14.8217 13.275 5.9801 11.1828 14.6299 5.94555 11.1675 14.6588 3.21949 14.8337 13.202 5.99771 11.1795 14.5859 3.13279 14.791 13.2635 3.11518 14.7643 13.2283 5.911 11.1369 14.6473 5.89339 11.1101 14.6121 3.16734 14.8217 13.275 5.94555 11.1675 14.6588 4.04991 21.1704 25.701 3.97174 21.0817 25.6724 4.04991 21.0717 25.6167
5.82447 18.6565 28.6447 5.74629 18.5679 28.6161 5.82447 18.5578 28.5604 3.93191 21.1352 25.7421 5.70646 18.6214 28.6859 4.12809 21.1283 25.6179 4.16792 21.2055 25.6599 5.90264 18.6144 28.5616 5.94248 18.6917 28.6036 4.04991 21.0717 25.6167 5.82447 18.5578 28.5604 4.12809 21.259 25.7296 4.04991 21.2691 25.7853 5.90264 18.7452 28.6733 5.82447 18.7553 28.729 4.16792 21.2055 25.6599 5.94248 18.6917 28.6036 3.97174 21.2125 25.7841 3.93191 21.1352 25.7421 5.74629 18.6987 28.7278 5.70646 18.6214 28.6859 4.04991 21.2691 25.7853 5.82447 18.7553 28.729 3.96777 21.1186 25.7742 4.04991 21.1286 25.8239 3.12132 24.0081 26.6668 3.03917 23.9563 26.74 3.12132 23.9662 26.7897 3.92591 21.134 25.6886 2.99732 23.9717 26.6544 4.13206 21.1668 25.7906 4.17392 21.2067 25.7134
3.20347 24.0044 26.7564 3.24532 24.0444 26.6792 4.04991 21.1286 25.8239 3.12132 23.9662 26.7897 4.13206 21.2222 25.6278 4.04991 21.2122 25.5781 3.20347 24.0599 26.5936 3.12132 24.0499 26.5439 4.17392 21.2067 25.7134 3.24532 24.0444 26.6792 3.96777 21.174 25.6114 3.92591 21.134 25.6886 3.03917 24.0117 26.5772 2.99732 23.9717 26.6544 4.04991 21.2122 25.5781 3.12132 24.0499 26.5439 3.35927 10.7839 3.201 3.32794 10.7297 3.25013 3.29662 10.7839 3.25842 1.54071 10.0375 1.217 1.50937 9.98323 1.26613 1.47806 10.0375 1.27442 3.37461 10.7021 3.21774 1.55605 9.95559 1.23374 3.3076 10.8382 3.22795 3.34392 10.8658 3.18426 1.48904 10.0917 1.24395 1.52536 10.1194 1.20026 3.29662 10.7839 3.25842 1.47806 10.0375 1.27442 3.3906 10.8382 3.15187 3.42191 10.7839 3.14358
1.57204 10.0917 1.16787 1.60335 10.0375 1.15958 3.34392 10.8658 3.18426 1.52536 10.1194 1.20026 3.41093 10.7297 3.17405 3.37461 10.7021 3.21774 1.59237 9.98323 1.19005 1.55605 9.95559 1.23374 3.42191 10.7839 3.14358 1.60335 10.0375 1.15958 3.30505 10.731 3.22549 3.35927 10.7002 3.21547 4.26486 11.3364 6.399 4.21064 11.2835 6.42349 4.26486 11.2527 6.41347 3.27742 10.7878 3.22351 4.18301 11.3403 6.42151 3.41349 10.7259 3.19567 3.44112 10.7801 3.17849 4.31908 11.2784 6.39367 4.34671 11.3325 6.37649 3.35927 10.7002 3.21547 4.26486 11.2527 6.41347 3.41349 10.8368 3.17651 3.35927 10.8677 3.18653 4.31908 11.3893 6.37451 4.26486 11.4202 6.38453 3.44112 10.7801 3.17849 4.34671 11.3325 6.37649 3.30505 10.842 3.20633 3.27742 10.7878 3.22351 4.21064 11.3945 6.40433
4.18301 11.3403 6.42151 3.35927 10.8677 3.18653 4.26486 11.4202 6.38453 3.05684 19.801 13.4295 2.98605 19.8055 13.5002 3.05684 19.8107 13.536 2.97398 22.8394 13.1537 2.90319 22.8439 13.2244 2.97398 22.8491 13.2602 2.94998 19.7981 13.4298 2.86712 22.8365 13.154 3.12763 19.8093 13.4998 3.1637 19.8039 13.4292 3.04477 22.8477 13.2241 3.08084 22.8423 13.1535 3.05684 19.8107 13.536 2.97398 22.8491 13.2602 3.12763 19.7965 13.3588 3.05684 19.7913 13.323 3.04477 22.8349 13.083 2.97398 22.8298 13.0473 3.1637 19.8039 13.4292 3.08084 22.8423 13.1535 2.98605 19.7927 13.3591 2.94998 19.7981 13.4298 2.90319 22.8311 13.0834 2.86712 22.8365 13.154 3.05684 19.7913 13.323 2.97398 22.8298 13.0473 2.98696 19.7819 13.3604 3.05684 19.7893 13.3232 3.42433 17.5671 13.6751
3.35445 17.548 13.606 3.42433 17.5555 13.5689 2.95135 19.7839 13.4314 3.31884 17.55 13.677 3.12673 19.8046 13.3579 3.16234 19.8181 13.4276 3.49422 17.5708 13.6035 3.52983 17.5843 13.6732 3.05684 19.7893 13.3232 3.42433 17.5555 13.5689 3.12673 19.8201 13.4986 3.05684 19.8127 13.5358 3.49422 17.5862 13.7443 3.42433 17.5788 13.7814 3.16234 19.8181 13.4276 3.52983 17.5843 13.6732 2.98696 19.7974 13.5011 2.95135 19.7839 13.4314 3.35445 17.5635 13.7468 3.31884 17.55 13.677 3.05684 19.8127 13.5358 3.42433 17.5788 13.7814 4.46992 11.0446 27.1251 4.42611 10.9887 27.0552 4.3942 10.9699 27.1251 1.22095 14.3408 26.525 1.17714 14.2849 26.4551 1.14522 14.2662 26.525 4.47952 11.0348 27.0196 1.23054 14.3311 26.4195 4.4134 11.0016 27.1949 4.46032 11.0543 27.2305
1.16443 14.2978 26.5948 1.21135 14.3505 26.6304 4.3942 10.9699 27.1251 1.14522 14.2662 26.525 4.51372 11.1005 27.1949 4.54564 11.1192 27.1251 1.26475 14.3967 26.5948 1.29667 14.4154 26.525 4.46032 11.0543 27.2305 1.21135 14.3505 26.6304 4.52644 11.0876 27.0552 4.47952 11.0348 27.0196 1.27747 14.3838 26.4551 1.23054 14.3311 26.4195 4.54564 11.1192 27.1251 1.29667 14.4154 26.525 4.50626 10.9745 27.0643 4.51491 11.0446 27.0287 8.225 11.471 28.8789 8.26134 11.4009 28.8181 8.26999 11.471 28.7826 4.47978 10.9388 27.1297 8.23486 11.3652 28.8835 4.49319 11.1146 27.0582 4.46006 11.1503 27.1205 8.24827 11.541 28.812 8.21514 11.5767 28.8743 4.51491 11.0446 27.0287 8.26999 11.471 28.7826 4.43358 11.1146 27.1858 4.42493 11.0446 27.2214 8.18866 11.541 28.9397
8.18 11.471 28.9752 4.46006 11.1503 27.1205 8.21514 11.5767 28.8743 4.44664 10.9745 27.1919 4.47978 10.9388 27.1297 8.20172 11.4009 28.9458 8.23486 11.3652 28.8835 4.42493 11.0446 27.2214 8.18 11.471 28.9752 3.601 11.9675 16.101 3.54278 11.9218 16.0343 3.601 11.872 16.0541 2.15931 11.0357 17.999 2.10109 10.99 17.9323 2.15931 10.9402 17.9521 3.51311 11.9939 16.0472 2.07142 11.0621 17.9452 3.65922 11.8868 16.1056 3.68888 11.9411 16.1548 2.21753 10.955 18.0036 2.24719 11.0093 18.0528 3.601 11.872 16.0541 2.15931 10.9402 17.9521 3.65922 12.0133 16.1677 3.601 12.063 16.1479 2.21753 11.0815 18.0657 2.15931 11.1312 18.0459 3.68888 11.9411 16.1548 2.24719 11.0093 18.0528 3.54278 12.0483 16.0964 3.51311 11.9939 16.0472 2.10109 11.1165 17.9944
2.07142 11.0621 17.9452 3.601 12.063 16.1479 2.15931 11.1312 18.0459 3.54618 11.8999 16.0524 3.54362 11.9675 16.0114 5.94555 11.1448 14.599 5.89073 11.0773 14.5504 5.88817 11.1448 14.5094 3.57562 11.8655 16.1173 5.92017 11.0428 14.6153 3.5798 12.0351 16.0309 3.62638 12.0695 16.0847 5.92435 11.2124 14.5289 5.97093 11.2468 14.5827 3.54362 11.9675 16.0114 5.88817 11.1448 14.5094 3.65582 12.0351 16.1496 3.65838 11.9675 16.1906 6.00038 11.2124 14.6476 6.00293 11.1448 14.6886 3.62638 12.0695 16.0847 5.97093 11.2468 14.5827 3.6222 11.8999 16.1711 3.57562 11.8655 16.1173 5.96675 11.0773 14.6691 5.92017 11.0428 14.6153 3.65838 11.9675 16.1906 6.00293 11.1448 14.6886 3.47638 13.299 4.27638 3.41319 13.233 4.31999 3.41559 13.299 4.36574 0.05 15.0389 1.94538
-0.013188 14.9729 1.98899 -0.010792 15.0389 2.03474 3.44179 13.1993 4.25285 0.0154081 14.9392 1.92185 3.45903 13.365 4.35117 3.51097 13.3987 4.29992 0.0326435 15.1049 2.02017 0.0845919 15.1385 1.96891 3.41559 13.299 4.36574 -0.010792 15.0389 2.03474 3.53957 13.365 4.23278 3.53717 13.299 4.18703 0.113188 15.1049 1.90177 0.110792 15.0389 1.85602 3.51097 13.3987 4.29992 0.0845919 15.1385 1.96891 3.49374 13.233 4.2016 3.44179 13.1993 4.25285 0.0673565 14.9729 1.87059 0.0154081 14.9392 1.92185 3.53717 13.299 4.18703 0.110792 15.0389 1.85602 3.40731 13.2336 4.24161 3.47638 13.2196 4.20301 4.26486 11.3364 6.399 4.19579 11.2711 6.36423 4.26486 11.2571 6.32563 3.37211 13.2797 4.29727 4.16059 11.3171 6.41988 3.54546 13.2592 4.21395 3.58065 13.3183 4.2555 4.33393 11.2967 6.33656
4.36913 11.3557 6.37812 3.47638 13.2196 4.20301 4.26486 11.2571 6.32563 3.54546 13.3644 4.31116 3.47638 13.3784 4.34976 4.33393 11.4018 6.43377 4.26486 11.4158 6.47237 3.58065 13.3183 4.2555 4.36913 11.3557 6.37812 3.40731 13.3388 4.33882 3.37211 13.2797 4.29727 4.19579 11.3762 6.46144 4.16059 11.3171 6.41988 3.47638 13.3784 4.34976 4.26486 11.4158 6.47237 3.31953 28.8649 9.75014 3.33447 28.8011 9.68783 3.34788 28.8649 9.65787 4.62239 28.7792 10.1504 4.63733 28.7154 10.0881 4.65074 28.7792 10.0581 3.31374 28.7686 9.74836 4.6166 28.6829 10.1486 3.34214 28.9287 9.69019 3.32532 28.9613 9.75192 4.645 28.843 10.0904 4.62818 28.8755 10.1521 3.34788 28.8649 9.65787 4.65074 28.7792 10.0581 3.30459 28.9287 9.81244 3.29119 28.8649 9.84241 4.60745 28.843 10.2127
4.59405 28.7792 10.2426 3.32532 28.9613 9.75192 4.62818 28.8755 10.1521 3.29692 28.8011 9.81009 3.31374 28.7686 9.74836 4.59978 28.7154 10.2103 4.6166 28.6829 10.1486 3.29119 28.8649 9.84241 4.59405 28.7792 10.2426 3.30314 28.801 9.81195 3.29459 28.8649 9.84338 2.48518 28.8631 9.52693 2.46879 28.7991 9.58874 2.46024 28.8631 9.62018 3.31973 28.7684 9.75019 2.48538 28.7666 9.52699 3.30288 28.9289 9.81188 3.31933 28.9614 9.75009 2.46853 28.927 9.58867 2.48499 28.9596 9.52688 3.29459 28.8649 9.84338 2.46024 28.8631 9.62018 3.33593 28.9289 9.68833 3.34448 28.8649 9.65689 2.50158 28.927 9.46513 2.51013 28.8631 9.43369 3.31933 28.9614 9.75009 2.48499 28.9596 9.52688 3.33619 28.801 9.6884 3.31973 28.7684 9.75019 2.50184 28.7991 9.4652 2.48538 28.7666 9.52699
3.34448 28.8649 9.65689 2.51013 28.8631 9.43369 3.85018 7.27582 10.9551 3.90059 7.18543 11.0563 3.85368 7.27582 11.1096 1.16337 5.84558 11.016 1.21378 5.75519 11.1172 1.16687 5.84558 11.1705 3.92278 7.13937 10.9534 1.23596 5.70913 11.0143 3.80441 7.36621 11.0585 3.77758 7.41227 10.9567 1.11759 5.93597 11.1194 1.09077 5.98203 11.0176 3.85368 7.27582 11.1096 1.16687 5.84558 11.1705 3.79977 7.36621 10.8538 3.84668 7.27582 10.8005 1.11295 5.93597 10.9147 1.15986 5.84558 10.8614 3.77758 7.41227 10.9567 1.09077 5.98203 11.0176 3.89595 7.18543 10.8516 3.92278 7.13937 10.9534 1.20914 5.75519 10.9125 1.23596 5.70913 11.0143 3.84668 7.27582 10.8005 1.15986 5.84558 10.8614 3.88085 7.1787 10.8521 3.937 7.27582 10.8272 5.62582 6.5589 12.1606 5.65649 6.46178 12.0576
5.71264 6.5589 12.0327 3.80966 7.12921 10.9276 5.5853 6.4123 12.1331 3.93454 7.37294 10.8886 3.8907 7.42243 10.9826 5.71018 6.65602 12.0941 5.66634 6.70551 12.1881 3.937 7.27582 10.8272 5.71264 6.5589 12.0327 3.8195 7.37294 11.058 3.76336 7.27582 11.0829 5.59514 6.65602 12.2635 5.539 6.5589 12.2885 3.8907 7.42243 10.9826 5.66634 6.70551 12.1881 3.76582 7.1787 11.0216 3.80966 7.12921 10.9276 5.54146 6.46178 12.2271 5.5853 6.4123 12.1331 3.76336 7.27582 11.0829 5.539 6.5589 12.2885 3.45004 14.399 18.984 3.41006 14.4403 18.9265 3.3888 14.4605 18.984 5.72124 16.6596 19.03 5.68125 16.7009 18.9725 5.66 16.7211 19.03 3.45092 14.3999 18.8972 5.72212 16.6604 18.9432 3.40888 14.4392 19.0415 3.44915 14.3981 19.0708 5.68008 16.6997 19.0875
5.72035 16.6587 19.1168 3.3888 14.4605 18.984 5.66 16.7211 19.03 3.49002 14.3577 19.0415 3.51128 14.3375 18.984 5.76122 16.6182 19.0875 5.78248 16.598 19.03 3.44915 14.3981 19.0708 5.72035 16.6587 19.1168 3.49119 14.3588 18.9265 3.45092 14.3999 18.8972 5.76239 16.6194 18.9725 5.72212 16.6604 18.9432 3.51128 14.3375 18.984 5.78248 16.598 19.03 3.39607 14.4342 18.9344 3.45004 14.4234 18.9007 2.15931 11.0357 17.999 2.10534 11.071 17.9494 2.15931 11.0601 17.9157 3.36858 14.4278 18.9924 2.07784 11.0645 18.0074 3.504 14.3961 18.9232 3.5315 14.3702 18.9755 2.21327 11.0328 17.9382 2.24077 11.0069 17.9906 3.45004 14.4234 18.9007 2.15931 11.0601 17.9157 3.504 14.3638 19.0336 3.45004 14.3746 19.0673 2.21327 11.0005 18.0486 2.15931 11.0113 18.0823
3.5315 14.3702 18.9755 2.24077 11.0069 17.9906 3.39607 14.4019 19.0447 3.36858 14.4278 18.9924 2.10534 11.0386 18.0598 2.07784 11.0645 18.0074 3.45004 14.3746 19.0673 2.15931 11.0113 18.0823 4.42615 27.9787 11.399 4.48806 27.9215 11.4333 4.48384 27.9787 11.4771 2.75821 26.9113 12.6308 2.82012 26.8541 12.665 2.8159 26.9113 12.7089 4.46191 27.8924 11.3726 2.79397 26.8249 12.6044 4.44068 28.0359 11.4683 4.39039 28.0651 11.4254 2.77274 26.9685 12.7 2.72244 26.9976 12.6572 4.48384 27.9787 11.4771 2.8159 26.9113 12.7089 4.36424 28.0359 11.3647 4.36845 27.9787 11.3209 2.69629 26.9685 12.5965 2.70051 26.9113 12.5526 4.39039 28.0651 11.4254 2.72244 26.9976 12.6572 4.41162 27.9215 11.3297 4.46191 27.8924 11.3726 2.74367 26.8541 12.5615 2.79397 26.8249 12.6044
4.36845 27.9787 11.3209 2.70051 26.9113 12.5526 4.36237 28.0375 11.4266 4.42615 28.0605 11.4514 4.62239 28.7792 10.1504 4.55861 28.8379 10.178 4.62239 28.861 10.2028 4.32987 27.9856 11.3883 4.52611 28.7861 10.1396 4.48993 28.0283 11.4408 4.52243 27.9719 11.4097 4.68617 28.8288 10.1922 4.71867 28.7723 10.1611 4.42615 28.0605 11.4514 4.62239 28.861 10.2028 4.48993 27.92 11.3714 4.42615 27.897 11.3466 4.68617 28.7205 10.1227 4.62239 28.6975 10.0979 4.52243 27.9719 11.4097 4.71867 28.7723 10.1611 4.36237 27.9291 11.3572 4.32987 27.9856 11.3883 4.55861 28.7296 10.1085 4.52611 28.7861 10.1396 4.42615 27.897 11.3466 4.62239 28.6975 10.0979 3.37088 7.03296 10.9239 3.27347 7.10991 10.9981 3.37088 7.17049 10.994 2.3498 8.48269 8.08081 2.25239 8.55964 8.15503
2.3498 8.62022 8.15093 3.22384 7.01159 10.9658 2.20276 8.46132 8.12272 3.46828 7.13822 10.9426 3.51791 7.05433 10.882 2.4472 8.58795 8.0995 2.49683 8.50406 8.0389 3.37088 7.17049 10.994 2.3498 8.62022 8.15093 3.46828 6.95601 10.8497 3.37088 6.89543 10.8538 2.4472 8.40574 8.00659 2.3498 8.34516 8.01068 3.51791 7.05433 10.882 2.49683 8.50406 8.0389 3.27347 6.92769 10.9052 3.22384 7.01159 10.9658 2.25239 8.37742 8.06211 2.20276 8.46132 8.12272 3.37088 6.89543 10.8538 2.3498 8.34516 8.01068 3.4038 6.93238 10.8253 3.44511 7.03296 10.7885 5.62582 6.5589 12.1606 5.65874 6.45833 12.062 5.70005 6.5589 12.0252 3.34634 6.88114 10.9104 5.60128 6.40708 12.1471 3.43631 7.13353 10.8431 3.39542 7.18478 10.9373 5.69125 6.65948 12.0798 5.65036 6.71072 12.174
3.44511 7.03296 10.7885 5.70005 6.5589 12.0252 3.33796 7.13353 11.0225 3.29664 7.03296 11.0592 5.5929 6.65948 12.2592 5.55158 6.5589 12.2959 3.39542 7.18478 10.9373 5.65036 6.71072 12.174 3.30545 6.93238 11.0046 3.34634 6.88114 10.9104 5.56039 6.45833 12.2413 5.60128 6.40708 12.1471 3.29664 7.03296 11.0592 5.55158 6.5589 12.2959 3.901 28.2379 19.1567 3.83505 28.1528 19.1581 3.901 28.1343 19.1071 6.13711 26.5608 22.6549 6.07116 26.4758 22.6563 6.13711 26.4572 22.6052 3.80145 28.2131 19.2085 6.03756 26.536 22.7067 3.96695 28.1857 19.0896 4.00055 28.2627 19.105 6.20305 26.5086 22.5877 6.23665 26.5856 22.6032 3.901 28.1343 19.1071 6.13711 26.4572 22.6052 3.96695 28.3229 19.1554 3.901 28.3415 19.2064 6.20305 26.6459 22.6535 6.13711 26.6644 22.7046
4.00055 28.2627 19.105 6.23665 26.5856 22.6032 3.83505 28.2901 19.2239 3.80145 28.2131 19.2085 6.07116 26.613 22.7221 6.03756 26.536 22.7067 3.901 28.3415 19.2064 6.13711 26.6644 22.7046 3.8399 28.1627 19.2036 3.82162 28.2379 19.2398 0.651656 28.942 16.0519 0.590553 28.8668 16.0988 0.572278 28.942 16.135 3.88814 28.1243 19.1445 0.638798 28.8285 16.0396 3.85693 28.3131 19.2199 3.91386 28.3514 19.169 0.60759 29.0172 16.1151 0.664514 29.0555 16.0642 3.82162 28.2379 19.2398 0.572278 28.942 16.135 3.9621 28.3131 19.1099 3.98038 28.2379 19.0737 0.712759 29.0172 16.005 0.731034 28.942 15.9688 3.91386 28.3514 19.169 0.664514 29.0555 16.0642 3.94507 28.1627 19.0936 3.88814 28.1243 19.1445 0.695723 28.8668 15.9887 0.638798 28.8285 16.0396 3.98038 28.2379 19.0737
0.731034 28.942 15.9688 4.46683 18.3358 20.285 4.48593 18.2446 20.3814 4.53095 18.3358 20.4129 0.05 19.7534 22.499 0.069106 19.6623 22.5955 0.114121 19.7534 22.6269 4.43155 18.1982 20.3026 0.0147197 19.6159 22.5167 4.53268 18.4269 20.358 4.50211 18.4733 20.2673 0.11585 19.8445 22.572 0.0852803 19.891 22.4813 4.53095 18.3358 20.4129 0.114121 19.7534 22.6269 4.44772 18.4269 20.1885 4.40271 18.3358 20.157 0.030894 19.8445 22.4025 -0.0141213 19.7534 22.3711 4.50211 18.4733 20.2673 0.0852803 19.891 22.4813 4.40098 18.2446 20.2119 4.43155 18.1982 20.3026 -0.0158496 19.6623 22.426 0.0147197 19.6159 22.5167 4.40271 18.3358 20.157 -0.0141213 19.7534 22.3711 4.38551 18.3536 20.1799 4.46683 18.4215 20.1704 5.72124 16.6596 19.03 5.63992 16.6774 18.925 5.72124 16.7453 18.9155
4.34408 18.2769 20.2409 5.59849 16.6007 18.986 4.54814 18.4316 20.2383 4.58957 18.3946 20.329 5.80255 16.7554 18.9834 5.84399 16.7184 19.0741 4.46683 18.4215 20.1704 5.72124 16.7453 18.9155 4.54814 18.3179 20.39 4.46683 18.25 20.3995 5.80255 16.6417 19.1351 5.72124 16.5738 19.1446 4.58957 18.3946 20.329 5.84399 16.7184 19.0741 4.38551 18.24 20.3316 4.34408 18.2769 20.2409 5.63992 16.5637 19.0767 5.59849 16.6007 18.986 4.46683 18.25 20.3995 5.72124 16.5738 19.1446 4.44183 23.2898 5.66182 4.32499 23.3863 5.76714 4.44183 23.3523 5.84865 5.55756 25.4166 4.95032 5.44072 25.5131 5.05564 5.55756 25.4791 5.13714 4.26545 23.373 5.63398 5.38118 25.4998 4.92248 4.55868 23.2761 5.80403 4.61821 23.2066 5.68966 5.67441 25.4029 5.09252 5.73394 25.3334 4.97816
4.44183 23.3523 5.84865 5.55756 25.4791 5.13714 4.55868 23.1933 5.5565 4.44183 23.2273 5.475 5.67441 25.3201 4.845 5.55756 25.3541 4.76349 4.61821 23.2066 5.68966 5.73394 25.3334 4.97816 4.32499 23.3035 5.51962 4.26545 23.373 5.63398 5.44072 25.4303 4.80811 5.38118 25.4998 4.92248 4.44183 23.2273 5.475 5.55756 25.3541 4.76349 4.31187 23.2366 5.54206 4.44183 23.1938 5.48978 4.299 21.927 6.42201 4.16904 21.8738 6.30224 4.299 21.831 6.24997 4.24565 23.3055 5.65308 4.10282 21.9427 6.41326 4.57179 23.2158 5.55365 4.63801 23.2741 5.67057 4.42896 21.853 6.31383 4.49518 21.9113 6.43076 4.44183 23.1938 5.48978 4.299 21.831 6.24997 4.57179 23.343 5.78159 4.44183 23.3858 5.83387 4.42896 21.9802 6.54178 4.299 22.0229 6.59405 4.63801 23.2741 5.67057
4.49518 21.9113 6.43076 4.31187 23.3637 5.77 4.24565 23.3055 5.65308 4.16904 22.0009 6.53019 4.10282 21.9427 6.41326 4.44183 23.3858 5.83387 4.299 22.0229 6.59405 3.54922 16.4117 8.31879 3.53563 16.3571 8.37514 3.51035 16.4117 8.39442 0.05 15.4274 6.52031 0.0364094 15.3728 6.57666 0.0111291 15.4274 6.59594 3.56757 16.3292 8.32823 0.0683554 15.3449 6.52974 3.51131 16.4664 8.36264 3.53086 16.4942 8.30936 0.0120899 15.4821 6.56416 0.0316446 15.5099 6.51087 3.51035 16.4117 8.39442 0.0111291 15.4274 6.59594 3.56281 16.4664 8.26244 3.58809 16.4117 8.24316 0.0635906 15.4821 6.46396 0.0888709 15.4274 6.44468 3.53086 16.4942 8.30936 0.0316446 15.5099 6.51087 3.58713 16.3571 8.27494 3.56757 16.3292 8.32823 0.0879101 15.3728 6.47646 0.0683554 15.3449 6.52974 3.58809 16.4117 8.24316
0.0888709 15.4274 6.44468 3.5013 16.3574 8.28563 3.54922 16.3681 8.2458 5.39316 13.85 9.84979 5.34524 13.7957 9.81662 5.39316 13.8064 9.77679 3.47688 16.3734 8.34172 5.32082 13.8116 9.87272 3.59714 16.4082 8.25525 3.62156 16.4501 8.29586 5.44108 13.8465 9.78624 5.4655 13.8884 9.82686 3.54922 16.3681 8.2458 5.39316 13.8064 9.77679 3.59714 16.466 8.35196 3.54922 16.4554 8.39178 5.44108 13.9043 9.88295 5.39316 13.8936 9.92278 3.62156 16.4501 8.29586 5.4655 13.8884 9.82686 3.5013 16.4152 8.38234 3.47688 16.3734 8.34172 5.34524 13.8535 9.91333 5.32082 13.8116 9.87272 3.54922 16.4554 8.39178 5.39316 13.8936 9.92278 3.8498 19.9399 2.24988 3.80626 19.9574 2.29185 3.8498 19.9525 2.31587 4.97188 25.1124 1.25794 4.92834 25.1299 1.29992 4.97188 25.1251 1.32394
3.78408 19.9536 2.24724 4.90615 25.1262 1.25531 3.89334 19.9391 2.29534 3.91553 19.9261 2.25251 5.01542 25.1117 1.30341 5.0376 25.0987 1.26058 3.8498 19.9525 2.31587 4.97188 25.1251 1.32394 3.89334 19.9224 2.2079 3.8498 19.9272 2.18388 5.01542 25.0949 1.21597 4.97188 25.0998 1.19194 3.91553 19.9261 2.25251 5.0376 25.0987 1.26058 3.80626 19.9406 2.20441 3.78408 19.9536 2.24724 4.92834 25.1132 1.21247 4.90615 25.1262 1.25531 3.8498 19.9272 2.18388 4.97188 25.0998 1.19194 3.81004 19.9196 2.20547 3.8498 19.9395 2.18268 5.199 17.2613 2.26412 5.15924 17.2411 2.21971 5.199 17.261 2.19692 3.78978 19.9096 2.25004 5.13898 17.2311 2.26428 3.88956 19.9597 2.20525 3.90982 19.9701 2.24972 5.23876 17.2811 2.2195 5.25902 17.2916 2.26396 3.8498 19.9395 2.18268
5.199 17.261 2.19692 3.88956 19.9601 2.29429 3.8498 19.9402 2.31708 5.23876 17.2816 2.30853 5.199 17.2617 2.33132 3.90982 19.9701 2.24972 5.25902 17.2916 2.26396 3.81004 19.9201 2.2945 3.78978 19.9096 2.25004 5.15924 17.2415 2.30875 5.13898 17.2311 2.26428 3.8498 19.9402 2.31708 5.199 17.2617 2.33132 6.15002 0.976382 13.201 6.10248 0.910135 13.2471 6.07788 0.976382 13.2703 3.51666 0.955492 10.4585 3.46913 0.889246 10.5046 3.44453 0.955492 10.5277 6.1504 0.876381 13.2014 3.51705 0.855491 10.4589 6.10198 1.04263 13.2466 6.14964 1.07638 13.2006 3.46863 1.02174 10.5041 3.51628 1.05549 10.4581 6.07788 0.976382 13.2703 3.44453 0.955492 10.5277 6.19755 1.04263 13.1549 6.22215 0.976382 13.1317 3.5642 1.02174 10.4123 3.5888 0.955492 10.3892 6.14964 1.07638 13.2006
3.51628 1.05549 10.4581 6.19806 0.910135 13.1554 6.1504 0.876381 13.2014 3.5647 0.889246 10.4129 3.51705 0.855491 10.4589 6.22215 0.976382 13.1317 3.5888 0.955492 10.3892 6.08537 0.909087 13.2093 6.15002 0.8768 13.1918 6.47096 0.84493 14.6292 6.40631 0.777635 14.6375 6.47096 0.745348 14.62 6.05243 0.974381 13.2227 6.37337 0.842928 14.6509 6.21467 0.911739 13.1805 6.24761 0.978384 13.1793 6.53561 0.780287 14.6087 6.56855 0.846931 14.6074 6.15002 0.8768 13.1918 6.47096 0.745348 14.62 6.21467 1.04368 13.1927 6.15002 1.07596 13.2102 6.53561 0.912225 14.6208 6.47096 0.944511 14.6383 6.24761 0.978384 13.1793 6.56855 0.846931 14.6074 6.08537 1.04103 13.2215 6.05243 0.974381 13.2227 6.40631 0.909573 14.6496 6.37337 0.842928 14.6509 6.15002 1.07596 13.2102 6.47096 0.944511 14.6383
5.399 0.443561 15.601 5.43281 0.364958 15.6757 5.47031 0.443561 15.6991 1.905 1.35576 18.1411 1.93882 1.27716 18.2158 1.97631 1.35576 18.2392 5.37873 0.324908 15.6157 1.88474 1.23711 18.1558 5.45967 0.522164 15.6562 5.41927 0.562214 15.5863 1.96567 1.43437 18.1963 1.92527 1.47442 18.1264 5.47031 0.443561 15.6991 1.97631 1.35576 18.2392 5.36519 0.522164 15.5263 5.32769 0.443561 15.5029 1.87119 1.43437 18.0664 1.8337 1.35576 18.043 5.41927 0.562214 15.5863 1.92527 1.47442 18.1264 5.33833 0.364958 15.5458 5.37873 0.324908 15.6157 1.84434 1.27716 18.0859 1.88474 1.23711 18.1558 5.32769 0.443561 15.5029 1.8337 1.35576 18.043 5.36095 0.366148 15.5271 5.31755 0.443561 15.5112 6.43291 0.767516 14.5552 6.38951 0.84493 14.5393 5.42302 0.326704 15.5792 6.49498 0.728072 14.6074
5.32913 0.520974 15.5559 5.37498 0.560418 15.6228 6.40109 0.922343 14.5841 6.44694 0.961787 14.6509 5.31755 0.443561 15.5112 6.38951 0.84493 14.5393 5.43705 0.520974 15.6749 5.48045 0.443561 15.6908 6.50901 0.922343 14.7031 6.55241 0.84493 14.719 6.47096 0.84493 14.6292 5.37498 0.560418 15.6228 6.44694 0.961787 14.6509 5.46887 0.366148 15.6461 5.42302 0.326704 15.5792 6.54083 0.767516 14.6743 6.49498 0.728072 14.6074 5.48045 0.443561 15.6908 6.55241 0.84493 14.719 4.18006 23.75 29.301 4.07992 23.81 29.3988 4.18006 23.7819 29.4604 5.26358 26.4348 28.7635 5.16344 26.4948 28.8614 5.26358 26.4668 28.9229 4.02889 23.8087 29.2893 5.11242 26.4935 28.7518 4.28019 23.7323 29.4144 4.33122 23.6913 29.3127 5.36372 26.4171 28.8769 5.41474 26.3762 28.7753 4.18006 23.7819 29.4604
5.26358 26.4668 28.9229 4.28019 23.69 29.2032 4.18006 23.7181 29.1416 5.36372 26.3748 28.6657 5.26358 26.4029 28.6041 4.33122 23.6913 29.3127 5.41474 26.3762 28.7753 4.07992 23.7677 29.1876 4.02889 23.8087 29.2893 5.16344 26.4526 28.6502 5.11242 26.4935 28.7518 4.18006 23.7181 29.1416 5.26358 26.4029 28.6041 4.07486 23.7831 29.196 4.18006 23.7653 29.1392 3.72755 21.6955 29.1069 3.62235 21.7286 29.0018 3.72755 21.7108 28.945 4.02126 23.7847 29.3043 3.56875 21.7302 29.1101 4.28525 23.7372 29.1916 4.33885 23.7153 29.2977 3.83274 21.6827 28.9975 3.88634 21.6609 29.1036 4.18006 23.7653 29.1392 3.72755 21.7108 28.945 4.28525 23.7169 29.406 4.18006 23.7347 29.4628 3.83274 21.6624 29.2119 3.72755 21.6802 29.2687 4.33885 23.7153 29.2977 3.88634 21.6609 29.1036
4.07486 23.7628 29.4104 4.02126 23.7847 29.3043 3.62235 21.7083 29.2162 3.56875 21.7302 29.1101 4.18006 23.7347 29.4628 3.72755 21.6802 29.2687 5.27332 25.299 3.101 5.1279 25.1536 3.1326 5.27332 25.0774 3.11509 5.55756 25.4166 4.95032 5.41214 25.2712 4.98191 5.55756 25.195 4.96441 5.05381 25.3011 3.1346 5.33805 25.4187 4.98392 5.41874 25.1508 3.08808 5.49283 25.2969 3.0674 5.70298 25.2684 4.93739 5.77708 25.4145 4.91671 5.27332 25.0774 3.11509 5.55756 25.195 4.96441 5.41874 25.4444 3.0694 5.27332 25.5206 3.08691 5.70298 25.562 4.91872 5.55756 25.6382 4.93622 5.49283 25.2969 3.0674 5.77708 25.4145 4.91671 5.1279 25.4472 3.11393 5.05381 25.3011 3.1346 5.41214 25.5648 4.96324 5.33805 25.4187 4.98392 5.27332 25.5206 3.08691 5.55756 25.6382 4.93622
5.12811 25.4478 3.10969 5.27332 25.52 3.07863 4.97188 25.1124 1.25794 4.82667 25.2612 1.26664 4.97188 25.3334 1.23558 5.05412 25.3026 3.13649 4.75268 25.116 1.29343 5.41853 25.443 3.06268 5.49252 25.2954 3.06551 5.11709 25.2564 1.21962 5.19108 25.1088 1.22246 5.27332 25.52 3.07863 4.97188 25.3334 1.23558 5.41853 25.1502 3.09231 5.27332 25.078 3.12337 5.11709 24.9637 1.24925 4.97188 24.8915 1.28031 5.49252 25.2954 3.06551 5.19108 25.1088 1.22246 5.12811 25.155 3.13932 5.05412 25.3026 3.13649 4.82667 24.9685 1.29627 4.75268 25.116 1.29343 5.27332 25.078 3.12337 4.97188 24.8915 1.28031 4.01917 17.7498 7.01557 4.03506 17.7083 6.96804 4.01338 17.7498 6.9463 7.15155 19.2466 6.75384 7.16745 19.205 6.70631 7.14576 19.2466 6.68458 4.04895 17.6871 7.01308
7.18133 19.1839 6.75135 3.99561 17.7914 6.97133 3.98939 17.8126 7.01806 7.12799 19.2882 6.7096 7.12177 19.3094 6.75633 4.01338 17.7498 6.9463 7.14576 19.2466 6.68458 4.00328 17.7914 7.0631 4.02496 17.7498 7.08483 7.13566 19.2882 6.80137 7.15734 19.2466 6.8231 3.98939 17.8126 7.01806 7.12177 19.3094 6.75633 4.04273 17.7083 7.0598 4.04895 17.6871 7.01308 7.17511 19.205 6.79808 7.18133 19.1839 6.75135 4.02496 17.7498 7.08483 7.15734 19.2466 6.8231 4.03641 17.71 7.06412 4.01056 17.7498 7.08454 0.05 15.4274 6.52031 0.0672405 15.3876 6.56886 0.0413941 15.4274 6.58928 4.0538 17.6897 7.01989 0.0846308 15.3673 6.52463 3.99053 17.7896 7.0584 3.98454 17.8099 7.01125 0.0213574 15.4672 6.56314 0.0153692 15.4875 6.51599 4.01056 17.7498 7.08454 0.0413941 15.4274 6.58928
4.00193 17.7896 6.96702 4.02778 17.7498 6.9466 0.0327595 15.4672 6.47176 0.0586059 15.4274 6.45134 3.98454 17.8099 7.01125 0.0153692 15.4875 6.51599 4.04781 17.71 6.97274 4.0538 17.6897 7.01989 0.0786426 15.3876 6.47748 0.0846308 15.3673 6.52463 4.02778 17.7498 6.9466 0.0586059 15.4274 6.45134 4.2433 16.9649 15.1598 4.17554 16.8906 15.1799 4.2433 16.8558 15.1512 5.72124 16.6596 19.03 5.65348 16.5852 19.0501 5.72124 16.5504 19.0214 4.14102 16.9618 15.1987 5.61896 16.6565 19.0689 4.31106 16.8946 15.1284 4.34558 16.9679 15.121 5.789 16.5893 18.9986 5.82352 16.6626 18.9912 4.2433 16.8558 15.1512 5.72124 16.5504 19.0214 4.31106 17.0392 15.1398 4.2433 17.074 15.1684 5.789 16.7339 19.01 5.72124 16.7687 19.0386 4.34558 16.9679 15.121 5.82352 16.6626 18.9912
4.17554 17.0351 15.1913 4.14102 16.9618 15.1987 5.65348 16.7298 19.0615 5.61896 16.6565 19.0689 4.2433 17.074 15.1684 5.72124 16.7687 19.0386 4.17874 17.0196 15.2177 4.2433 17.0663 15.201 3.42433 17.5671 13.6751 3.35978 17.6219 13.733 3.42433 17.6686 13.7163 4.14585 16.9461 15.206 3.32688 17.5484 13.7213 4.30786 17.0444 15.1565 4.34075 16.9836 15.1137 3.48889 17.6467 13.6718 3.52178 17.5859 13.629 4.2433 17.0663 15.201 3.42433 17.6686 13.7163 4.30786 16.9101 15.102 4.2433 16.8634 15.1187 3.48889 17.5124 13.6173 3.42433 17.4657 13.634 4.34075 16.9836 15.1137 3.52178 17.5859 13.629 4.17874 16.8853 15.1632 4.14585 16.9461 15.206 3.35978 17.4876 13.6784 3.32688 17.5484 13.7213 4.2433 16.8634 15.1187 3.42433 17.4657 13.634 4.15 29.5409 17.899
4.12115 29.4557 17.9813 4.08922 29.5409 18.0141 0.651656 28.942 16.0519 0.622809 28.8567 16.1342 0.59088 28.942 16.167 4.16723 29.4122 17.9081 0.668887 28.8133 16.061 4.09832 29.6262 17.9692 4.13277 29.6696 17.8899 0.59998 29.0272 16.1221 0.634425 29.0707 16.0428 4.08922 29.5409 18.0141 0.59088 28.942 16.167 4.17885 29.6262 17.8167 4.21078 29.5409 17.7839 0.680503 29.0272 15.9696 0.712432 28.942 15.9368 4.13277 29.6696 17.8899 0.634425 29.0707 16.0428 4.20168 29.4557 17.8288 4.16723 29.4122 17.9081 0.703333 28.8567 15.9817 0.668887 28.8133 16.061 4.21078 29.5409 17.7839 0.712432 28.942 15.9368 4.13533 29.4548 17.8139 4.13479 29.5409 17.7697 5.85004 29.449 17.699 5.83538 29.3629 17.6139 5.83484 29.449 17.5697 4.14307 29.4109 17.8998 5.84311 29.319 17.6998
4.14452 29.627 17.8128 4.15693 29.6709 17.8982 5.84456 29.5351 17.6128 5.85698 29.579 17.6982 4.13479 29.5409 17.7697 5.83484 29.449 17.5697 4.16467 29.627 17.9841 4.16521 29.5409 18.0283 5.86471 29.5351 17.7841 5.86525 29.449 17.8283 4.15693 29.6709 17.8982 5.85698 29.579 17.6982 4.15548 29.4548 17.9852 4.14307 29.4109 17.8998 5.85553 29.3629 17.7852 5.84311 29.319 17.6998 4.16521 29.5409 18.0283 5.86525 29.449 17.8283 6.43787 8.299 19.299 6.42794 8.18415 19.416 6.39771 8.299 19.4696 1.68979 7.57161 18.1815 1.67985 7.45676 18.2984 1.64963 7.57161 18.3521 6.46304 8.12563 19.3049 1.71495 7.39825 18.1874 6.3946 8.41385 19.4081 6.41271 8.47237 19.2931 1.64651 7.68646 18.2906 1.66462 7.74498 18.1755 6.39771 8.299 19.4696 1.64963 7.57161 18.3521
6.4478 8.41385 19.182 6.47803 8.299 19.1284 1.69972 7.68646 18.0645 1.72995 7.57161 18.0108 6.41271 8.47237 19.2931 1.66462 7.74498 18.1755 6.48115 8.18415 19.1899 6.46304 8.12563 19.3049 1.73306 7.45676 18.0724 1.71495 7.39825 18.1874 6.47803 8.299 19.1284 1.72995 7.57161 18.0108 6.3256 8.17932 19.2927 6.43787 8.12712 19.3334 6.03418 8.599 20.799 5.9219 8.47932 20.7927 6.03418 8.42712 20.8334 6.26839 8.29023 19.2551 5.8647 8.59023 20.7551 6.55015 8.19095 19.3508 6.60735 8.30777 19.3429 6.14645 8.49095 20.8508 6.20366 8.60777 20.8429 6.43787 8.12712 19.3334 6.03418 8.42712 20.8334 6.55015 8.41867 19.3053 6.43787 8.47088 19.2646 6.14645 8.71867 20.8053 6.03418 8.77088 20.7646 6.60735 8.30777 19.3429 6.20366 8.60777 20.8429 6.3256 8.40705 19.2472
6.26839 8.29023 19.2551 5.9219 8.70705 20.7472 5.8647 8.59023 20.7551 6.43787 8.47088 19.2646 6.03418 8.77088 20.7646 4.21472 24.8698 25.7499 4.13104 24.9753 25.7556 4.21472 24.9961 25.8189 6.13711 26.5608 22.6549 6.05342 26.6663 22.6606 6.13711 26.6871 22.7239 4.0884 24.9028 25.6895 6.01078 26.5938 22.5945 4.29841 24.9316 25.8357 4.34105 24.8368 25.8104 6.22079 26.6226 22.7406 6.26343 26.5278 22.7153 4.21472 24.9961 25.8189 6.13711 26.6871 22.7239 4.29841 24.7643 25.7443 4.21472 24.7436 25.681 6.22079 26.4553 22.6492 6.13711 26.4346 22.5859 4.34105 24.8368 25.8104 6.26343 26.5278 22.7153 4.13104 24.8081 25.6642 4.0884 24.9028 25.6895 6.05342 26.4991 22.5692 6.01078 26.5938 22.5945 4.21472 24.7436 25.681 6.13711 26.4346 22.5859 4.31372 24.7882 25.7913
4.30716 24.8698 25.8602 3.12132 24.0081 26.6668 3.22032 23.9265 26.7082 3.21376 24.0081 26.777 4.27171 24.7467 25.7022 3.17831 23.8849 26.619 4.2382 24.9514 25.8546 4.15773 24.993 25.7977 3.1448 24.0896 26.7715 3.06433 24.1312 26.7146 4.30716 24.8698 25.8602 3.21376 24.0081 26.777 4.11573 24.9514 25.7086 4.12228 24.8698 25.6397 3.02232 24.0896 26.6254 3.02888 24.0081 26.5566 4.15773 24.993 25.7977 3.06433 24.1312 26.7146 4.19124 24.7882 25.6453 4.27171 24.7467 25.7022 3.09784 23.9265 26.5621 3.17831 23.8849 26.619 4.12228 24.8698 25.6397 3.02888 24.0081 26.5566 4.45 29.7342 15.75 4.4655 29.6804 15.8039 4.45657 29.7342 15.8327 0.651656 28.942 16.0519 0.667156 28.8882 16.1058 0.658227 28.942 16.1346 4.46683 29.653 15.7487 0.668484 28.8608 16.0506
4.44321 29.788 15.8056 4.43317 29.8154 15.7513 0.644861 28.9958 16.1076 0.634828 29.0232 16.0532 4.45657 29.7342 15.8327 0.658227 28.942 16.1346 4.4345 29.788 15.6961 4.44343 29.7342 15.6673 0.636156 28.9958 15.998 0.645086 28.942 15.9692 4.43317 29.8154 15.7513 0.634828 29.0232 16.0532 4.45679 29.6804 15.6944 4.46683 29.653 15.7487 0.658451 28.8882 15.9963 0.668484 28.8608 16.0506 4.44343 29.7342 15.6673 0.645086 28.942 15.9692 4.42772 29.6799 15.6991 4.42824 29.7342 15.67 6.47828 29.4188 15.1983 6.456 29.3645 15.1475 6.45652 29.4188 15.1183 4.43813 29.6522 15.7532 6.46641 29.3368 15.2016 4.44345 29.7885 15.6949 4.46187 29.8162 15.7468 6.47173 29.4731 15.1432 6.49016 29.5008 15.1951 4.42824 29.7342 15.67 6.45652 29.4188 15.1183 4.47228 29.7885 15.8009
4.47176 29.7342 15.83 6.50057 29.4731 15.2492 6.50005 29.4188 15.2783 4.46187 29.8162 15.7468 6.49016 29.5008 15.1951 4.45655 29.6799 15.8051 4.43813 29.6522 15.7532 6.48484 29.3645 15.2535 6.46641 29.3368 15.2016 4.47176 29.7342 15.83 6.50005 29.4188 15.2783 5.199 20.501 20.4535 5.23811 20.4224 20.5232 5.24317 20.501 20.5647 0.05 19.7534 22.499 0.0891141 19.6749 22.5688 0.0941747 19.7534 22.6102 5.21387 20.3824 20.4476 0.064869 19.6349 22.4931 5.21841 20.5796 20.531 5.18413 20.6196 20.4594 0.0694139 19.832 22.5766 0.035131 19.872 22.5049 5.24317 20.501 20.5647 0.0941747 19.7534 22.6102 5.15989 20.5796 20.3837 5.15483 20.501 20.3423 0.0108859 19.832 22.4293 0.00582526 19.7534 22.3878 5.18413 20.6196 20.4594 0.035131 19.872 22.5049 5.17959 20.4224 20.3759
5.21387 20.3824 20.4476 0.0305861 19.6749 22.4214 0.064869 19.6349 22.4931 5.15483 20.501 20.3423 0.00582526 19.7534 22.3878 5.15187 20.422 20.3895 5.13534 20.501 20.3522 7.27356 20.3196 19.1498 7.22643 20.2406 19.0858 7.2099 20.3196 19.0485 5.19152 20.3817 20.4582 7.26608 20.2003 19.1545 5.16178 20.58 20.3832 5.20648 20.6203 20.4488 7.23634 20.3987 19.0796 7.28104 20.439 19.1451 5.13534 20.501 20.3522 7.2099 20.3196 19.0485 5.24613 20.58 20.5175 5.26266 20.501 20.5548 7.32069 20.3987 19.2138 7.33722 20.3196 19.2511 5.20648 20.6203 20.4488 7.28104 20.439 19.1451 5.23622 20.422 20.5237 5.19152 20.3817 20.4582 7.31078 20.2406 19.22 7.26608 20.2003 19.1545 5.26266 20.501 20.5548 7.33722 20.3196 19.2511 5.299 22.499 19.4725 5.25556 22.4388 19.5262
5.26749 22.499 19.5651 2.48446 23.6755 18.5147 2.44101 23.6153 18.5684 2.45295 23.6755 18.6073 5.26493 22.4081 19.4609 2.45039 23.5846 18.5031 5.3007 22.5592 19.5415 5.33307 22.5899 19.4841 2.48615 23.7357 18.5837 2.51853 23.7664 18.5263 5.26749 22.499 19.5651 2.45295 23.6755 18.6073 5.34244 22.5592 19.4188 5.33051 22.499 19.3799 2.5279 23.7357 18.4611 2.51596 23.6755 18.4221 5.33307 22.5899 19.4841 2.51853 23.7664 18.5263 5.2973 22.4388 19.4035 5.26493 22.4081 19.4609 2.48276 23.6153 18.4457 2.45039 23.5846 18.5031 5.33051 22.499 19.3799 2.51596 23.6755 18.4221 5.34227 22.5477 19.4081 5.37148 22.5647 19.4725 7.31683 20.3684 19.0854 7.34604 20.3853 19.1498 5.29184 22.5069 19.3753 7.2664 20.3275 19.0526 5.35176 22.5373 19.5369 5.30616 22.4911 19.5697
7.32632 20.3579 19.2142 7.28072 20.3117 19.247 5.37148 22.5647 19.4725 7.34604 20.3853 19.1498 5.25573 22.4503 19.5369 5.22652 22.4333 19.4725 7.23029 20.2709 19.2142 7.20108 20.254 19.1498 7.27356 20.3196 19.1498 5.30616 22.4911 19.5697 7.28072 20.3117 19.247 5.24624 22.4607 19.4081 5.29184 22.5069 19.3753 7.2208 20.2814 19.0854 7.2664 20.3275 19.0526 5.22652 22.4333 19.4725 7.20108 20.254 19.1498 3.95008 9.601 26.901 3.92563 9.60753 26.8763 3.95008 9.61803 26.8673 5.17909 4.55839 24.3544 5.15464 4.56492 24.3296 5.17909 4.57542 24.3206 3.91317 9.59383 26.8974 5.14219 4.55122 24.3507 3.97452 9.61703 26.8811 3.98698 9.60817 26.9046 5.20354 4.57442 24.3344 5.216 4.56556 24.358 3.95008 9.61803 26.8673 5.17909 4.57542 24.3206 3.97452 9.59447 26.9257
3.95008 9.58397 26.9347 5.20354 4.55186 24.3791 5.17909 4.54136 24.3881 3.98698 9.60817 26.9046 5.216 4.56556 24.358 3.92563 9.58497 26.9209 3.91317 9.59383 26.8974 5.15464 4.54236 24.3743 5.14219 4.55122 24.3507 3.95008 9.58397 26.9347 5.17909 4.54136 24.3881 3.96896 9.57774 26.8822 3.96593 9.601 26.8667 8.225 11.471 28.8789 8.24388 11.4477 28.8601 8.24086 11.471 28.8446 3.96272 9.5659 26.9069 8.23765 11.4359 28.8847 3.9522 9.62426 26.8744 3.93743 9.6361 26.8951 8.22713 11.4942 28.8523 8.21235 11.5061 28.873 3.96593 9.601 26.8667 8.24086 11.471 28.8446 3.93119 9.62426 26.9198 3.93422 9.601 26.9353 8.20611 11.4942 28.8977 8.20914 11.471 28.9132 3.93743 9.6361 26.8951 8.21235 11.5061 28.873 3.94795 9.57774 26.9276 3.96272 9.5659 26.9069
8.22287 11.4477 28.9055 8.23765 11.4359 28.8847 3.93422 9.601 26.9353 8.20914 11.471 28.9132 4.54227 12.999 8.701 4.48498 13.0489 8.67183 4.54227 13.0694 8.65013 4.26486 11.3364 6.399 4.20757 11.3864 6.36983 4.26486 11.4069 6.34813 4.45579 13.0039 8.70785 4.17838 11.3414 6.40585 4.59956 13.0424 8.66276 4.62875 12.9941 8.69415 4.32215 11.3798 6.36076 4.35134 11.3315 6.39215 4.54227 13.0694 8.65013 4.26486 11.4069 6.34813 4.59956 12.9491 8.73017 4.54227 12.9286 8.75188 4.32215 11.2865 6.42817 4.26486 11.266 6.44988 4.62875 12.9941 8.69415 4.35134 11.3315 6.39215 4.48498 12.9556 8.73924 4.45579 13.0039 8.70785 4.20757 11.293 6.43724 4.17838 11.3414 6.40585 4.54227 12.9286 8.75188 4.26486 11.266 6.44988 4.49281 12.9703 8.75892 4.54227 12.9292 8.75272
5.39316 13.85 9.84979 5.34369 13.8213 9.90771 5.39316 13.7802 9.90151 4.46761 13.0255 8.73671 5.31849 13.8765 9.8855 4.59174 12.9352 8.71161 4.61694 12.9725 8.66529 5.44262 13.7862 9.86039 5.46783 13.8235 9.81408 4.54227 12.9292 8.75272 5.39316 13.7802 9.90151 4.59174 13.0277 8.64308 4.54227 13.0688 8.64928 5.44262 13.8787 9.79187 5.39316 13.9198 9.79806 4.61694 12.9725 8.66529 5.46783 13.8235 9.81408 4.49281 13.0628 8.69039 4.46761 13.0255 8.73671 5.34369 13.9138 9.83918 5.31849 13.8765 9.8855 4.54227 13.0688 8.64928 5.39316 13.9198 9.79806 3.95 12.25 9.399 3.93563 12.2606 9.38629 3.95 12.2577 9.37693 2.3498 8.48269 8.08081 2.33542 8.49324 8.06809 2.3498 8.49041 8.05874 3.9283 12.2582 9.40187 2.3281 8.4909 8.08368 3.96437 12.2497 9.38248
3.9717 12.2418 9.39613 2.36417 8.48236 8.06428 2.3715 8.47448 8.07793 3.95 12.2577 9.37693 2.3498 8.49041 8.05874 3.96437 12.2394 9.41171 3.95 12.2423 9.42107 2.36417 8.47213 8.09352 2.3498 8.47497 8.10287 3.9717 12.2418 9.39613 2.3715 8.47448 8.07793 3.93563 12.2503 9.41552 3.9283 12.2582 9.40187 2.33542 8.48301 8.09733 2.3281 8.4909 8.08368 3.95 12.2423 9.42107 2.3498 8.47497 8.10287 3.94062 12.2627 9.38384 3.93264 12.2657 9.399 5.38378 13.8627 9.83463 5.3758 13.8657 9.84979 3.95321 12.2536 9.37612 5.39636 13.8536 9.8269 3.93638 12.258 9.41416 3.94679 12.2464 9.42188 5.37953 13.858 9.86495 5.38995 13.8464 9.87267 3.93264 12.2657 9.399 5.3758 13.8657 9.84979 3.95938 12.2373 9.41416 3.96736 12.2343 9.399 5.40253 13.8373 9.86495
5.41052 13.8343 9.84979 5.39316 13.85 9.84979 3.94679 12.2464 9.42188 5.38995 13.8464 9.87267 3.96362 12.242 9.38384 3.95321 12.2536 9.37612 5.40678 13.842 9.83463 5.39636 13.8536 9.8269 3.96736 12.2343 9.399 5.41052 13.8343 9.84979 4.399 16.056 10.899 4.35272 16.0067 10.9096 4.399 15.9918 10.934 3.42433 17.5671 13.6751 3.37805 17.5178 13.6857 3.42433 17.5029 13.7101 4.32913 16.0457 10.8801 3.35447 17.5568 13.6562 4.44528 16.0203 10.9347 4.46887 16.0663 10.9179 3.47062 17.5314 13.7108 3.4942 17.5774 13.694 4.399 15.9918 10.934 3.42433 17.5029 13.7101 4.44528 16.1054 10.8884 4.399 16.1203 10.864 3.47062 17.6165 13.6645 3.42433 17.6314 13.6402 4.46887 16.0663 10.9179 3.4942 17.5774 13.694 4.35272 16.0918 10.8633 4.32913 16.0457 10.8801
3.37805 17.6029 13.6394 3.35447 17.5568 13.6562 4.399 16.1203 10.864 3.42433 17.6314 13.6402 4.35414 16.0604 10.8474 4.399 16.0874 10.833 5.3483 13.8543 9.7982 5.39316 13.8814 9.78376 4.33128 16.0312 10.8872 5.32544 13.8251 9.83795 4.44386 16.0933 10.8631 4.46672 16.0809 10.9108 5.43802 13.8873 9.81389 5.46088 13.8749 9.86162 4.399 16.0874 10.833 5.39316 13.8814 9.78376 4.44386 16.0517 10.9506 4.399 16.0246 10.965 5.43802 13.8457 9.90137 5.39316 13.8186 9.91581 4.46672 16.0809 10.9108 5.46088 13.8749 9.86162 4.35414 16.0188 10.9349 4.33128 16.0312 10.8872 5.3483 13.8127 9.88568 5.32544 13.8251 9.83795 4.399 16.0246 10.965 5.39316 13.8186 9.91581 4.86548 13.101 10.801 4.81248 13.0463 10.7879 4.86548 13.0276 10.7632 5.94555 11.1448 14.599
5.89255 11.0901 14.5859 5.94555 11.0715 14.5612 4.78547 13.0917 10.819 5.86554 11.1356 14.617 4.91848 13.0585 10.7641 4.94549 13.1103 10.783 5.99855 11.1024 14.5621 6.02556 11.1541 14.581 4.86548 13.0276 10.7632 5.94555 11.0715 14.5612 4.91848 13.1557 10.8141 4.86548 13.1744 10.8388 5.99855 11.1996 14.6121 5.94555 11.2182 14.6368 4.94549 13.1103 10.783 6.02556 11.1541 14.581 4.81248 13.1435 10.8379 4.78547 13.0917 10.819 5.89255 11.1873 14.6359 5.86554 11.1356 14.617 4.86548 13.1744 10.8388 5.94555 11.2182 14.6368 4.81536 13.1575 10.8177 4.86548 13.1658 10.8521 5.39316 13.85 9.84979 5.34304 13.9065 9.86645 5.39316 13.9148 9.90084 4.78983 13.1214 10.7751 5.31751 13.8704 9.82388 4.9156 13.1304 10.852 4.94113 13.0806 10.8269 5.44327 13.8794 9.90077
5.46881 13.8296 9.87569 4.86548 13.1658 10.8521 5.39316 13.9148 9.90084 4.9156 13.0445 10.7843 4.86548 13.0362 10.7499 5.44327 13.7935 9.83313 5.39316 13.7852 9.79873 4.94113 13.0806 10.8269 5.46881 13.8296 9.87569 4.81536 13.0716 10.75 4.78983 13.1214 10.7751 5.34304 13.8206 9.7988 5.31751 13.8704 9.82388 4.86548 13.0362 10.7499 5.39316 13.7852 9.79873 5.22228 18.4872 13.6757 5.26516 18.4033 13.77 5.22223 18.4872 13.8179 3.42433 17.5671 13.6751 3.46722 17.4833 13.7693 3.42429 17.5671 13.8173 5.28706 18.3606 13.6758 3.48911 17.4405 13.6751 5.17934 18.571 13.7699 5.1575 18.6138 13.6757 3.38139 17.651 13.7693 3.35955 17.6937 13.6751 5.22223 18.4872 13.8179 3.42429 17.5671 13.8173 5.1794 18.571 13.5815 5.22233 18.4872 13.5335 3.38145 17.651 13.5809
3.42438 17.5671 13.5329 5.1575 18.6138 13.6757 3.35955 17.6937 13.6751 5.26523 18.4033 13.5815 5.28706 18.3606 13.6758 3.46728 17.4833 13.5809 3.48911 17.4405 13.6751 5.22233 18.4872 13.5335 3.42438 17.5671 13.5329 5.25972 18.4004 13.5818 5.22341 18.4872 13.5335 6.35 18.964 13.6847 6.38744 18.8773 13.5908 6.35113 18.964 13.5425 5.27766 18.3562 13.6762 6.40538 18.8331 13.6851 5.18634 18.5739 13.5812 5.1669 18.6182 13.6753 6.31406 19.0508 13.5902 6.29462 19.095 13.6842 5.22341 18.4872 13.5335 6.35113 18.964 13.5425 5.18485 18.5739 13.7697 5.22115 18.4872 13.8179 6.31256 19.0508 13.7786 6.34887 18.964 13.8269 5.1669 18.6182 13.6753 6.29462 19.095 13.6842 5.25822 18.4004 13.7702 5.27766 18.3562 13.6762 6.38594 18.8773 13.7792 6.40538 18.8331 13.6851
5.22115 18.4872 13.8179 6.34887 18.964 13.8269 4.81843 8.80637 29.2901 4.73969 8.88952 29.1766 4.7124 8.94192 29.2901 8.225 11.471 28.8789 8.14626 11.5541 28.7654 8.11897 11.6065 28.8789 4.8056 8.79633 29.1188 8.21217 11.4609 28.7076 4.75669 8.90282 29.4036 4.83126 8.8164 29.4615 8.16326 11.5674 28.9924 8.23783 11.481 29.0502 4.7124 8.94192 29.2901 8.11897 11.6065 28.8789 4.89717 8.72322 29.4036 4.92446 8.67081 29.2901 8.30374 11.3878 28.9924 8.33103 11.3354 28.8789 4.83126 8.8164 29.4615 8.23783 11.481 29.0502 4.88017 8.70992 29.1766 4.8056 8.79633 29.1188 8.28674 11.3745 28.7654 8.21217 11.4609 28.7076 4.92446 8.67081 29.2901 8.33103 11.3354 28.8789 4.71226 8.77239 29.1736 4.81843 8.81765 29.1184 5.8096 6.27886 29.1241 5.70343 6.24488 29.0076
5.8096 6.29014 28.9523 4.65816 8.74379 29.286 5.64933 6.21628 29.12 4.9246 8.8553 29.1791 4.97869 8.86895 29.2942 5.91577 6.32779 29.013 5.96986 6.34144 29.1282 4.81843 8.81765 29.1184 5.8096 6.29014 28.9523 4.9246 8.84035 29.4066 4.81843 8.79509 29.4619 5.91577 6.31284 29.2406 5.8096 6.26758 29.2958 4.97869 8.86895 29.2942 5.96986 6.34144 29.1282 4.71226 8.75744 29.4012 4.65816 8.74379 29.286 5.70343 6.22993 29.2351 5.64933 6.21628 29.12 4.81843 8.79509 29.4619 5.8096 6.26758 29.2958 4.301 3.699 0.05 4.32429 3.67306 0.0250021 4.31329 3.699 0.00589329 7.93612 5.98643 1.06306 7.95941 5.96049 1.03807 7.94841 5.98643 1.01896 4.32386 3.65984 0.0563717 7.95898 5.94728 1.06944 4.294 3.72494 0.0165601 4.27814 3.73816 0.0436283 7.92911 6.01237 1.02962
7.91325 6.02559 1.05669 4.31329 3.699 0.00589329 7.94841 5.98643 1.01896 4.27771 3.72494 0.0749979 4.28871 3.699 0.0941067 7.91283 6.01237 1.08806 7.92383 5.98643 1.10717 4.27814 3.73816 0.0436283 7.91325 6.02559 1.05669 4.308 3.67306 0.0834399 4.32386 3.65984 0.0563717 7.94312 5.96049 1.0965 7.95898 5.94728 1.06944 4.28871 3.699 0.0941067 7.92383 5.98643 1.10717 4.32789 3.66958 0.0658541 4.33383 3.699 0.0819141 1.66166 2.74994 2.76531 1.68855 2.72052 2.78116 1.69449 2.74994 2.79722 4.30876 3.65459 0.042018 1.66942 2.70553 2.75732 4.31761 3.72842 0.0764296 4.29324 3.74341 0.057982 1.67827 2.77936 2.79173 1.6539 2.79436 2.77329 4.33383 3.699 0.0819141 1.69449 2.74994 2.79722 4.27411 3.72842 0.0341459 4.26817 3.699 0.0180859 1.63477 2.77936 2.74945 1.62882 2.74994 2.73339
4.29324 3.74341 0.057982 1.6539 2.79436 2.77329 4.28439 3.66958 0.0235704 4.30876 3.65459 0.042018 1.64505 2.72052 2.73888 1.66942 2.70553 2.75732 4.26817 3.699 0.0180859 1.62882 2.74994 2.73339 4.54956 5.55436 2.35747 4.53716 5.50442 2.30837 4.52245 5.55436 2.28655 7.92372 5.93649 1.01396 7.90901 5.98643 0.992145 4.55795 5.47897 2.35427 7.94451 5.91104 1.05986 4.52604 5.6043 2.31262 4.54116 5.62975 2.36068 7.9126 6.03638 1.01821 7.92773 6.06182 1.06627 4.52245 5.55436 2.28655 7.90901 5.98643 0.992145 4.56195 5.6043 2.40658 4.57666 5.55436 2.42839 7.94851 6.03638 1.11217 7.96322 5.98643 1.13398 7.93612 5.98643 1.06306 4.54116 5.62975 2.36068 7.92773 6.06182 1.06627 4.57307 5.50442 2.40233 4.55795 5.47897 2.35427 7.95963 5.93649 1.10792 7.94451 5.91104 1.05986
4.57666 5.55436 2.42839 7.96322 5.98643 1.13398 4.50318 5.51039 2.32624 4.54956 5.48076 2.33881 3.601 4.999 4.54753 3.55463 4.95503 4.51629 3.601 4.92541 4.52886 4.47955 5.56158 2.32899 3.531 5.00622 4.51904 4.59593 5.50082 2.36398 4.61956 5.54713 2.38596 3.64737 4.94546 4.55404 3.671 4.99178 4.57601 4.54956 5.48076 2.33881 3.601 4.92541 4.52886 4.59593 5.59832 2.38871 4.54956 5.62795 2.37613 3.64737 5.04297 4.57876 3.601 5.07259 4.56619 4.61956 5.54713 2.38596 3.671 4.99178 4.57601 4.50318 5.60789 2.35096 4.47955 5.56158 2.32899 3.55463 5.05254 4.54102 3.531 5.00622 4.51904 4.54956 5.62795 2.37613 3.601 5.07259 4.56619 5.20958 20.601 13.4379 5.1602 20.542 13.3616 5.12773 20.5192 13.4379 2.97398 22.8394 13.1537 2.9246 22.7804 13.0774
2.89213 22.7577 13.1537 5.2169 20.5937 13.3227 2.9813 22.8321 13.0385 5.15051 20.5517 13.5142 5.20227 20.6083 13.5531 2.91491 22.7901 13.23 2.96667 22.8467 13.2689 5.12773 20.5192 13.4379 2.89213 22.7577 13.1537 5.25896 20.66 13.5142 5.29143 20.6827 13.4379 3.02336 22.8984 13.23 3.05584 22.9212 13.1537 5.20227 20.6083 13.5531 2.96667 22.8467 13.2689 5.26865 20.6503 13.3616 5.2169 20.5937 13.3227 3.03305 22.8887 13.0774 2.9813 22.8321 13.0385 5.29143 20.6827 13.4379 3.05584 22.9212 13.1537 5.14647 20.5466 13.3686 5.20958 20.5838 13.3235 6.35 18.964 13.6847 6.28689 18.9096 13.6154 6.35 18.9468 13.5703 5.11432 20.5361 13.4477 6.25473 18.8992 13.6945 5.27269 20.6326 13.3556 5.30485 20.6659 13.4281 6.41311 18.9956 13.6024 6.44527 19.0289 13.6749
5.20958 20.5838 13.3235 6.35 18.9468 13.5703 5.27269 20.6554 13.5072 5.20958 20.6182 13.5523 6.41311 19.0185 13.754 6.35 18.9813 13.7991 5.30485 20.6659 13.4281 6.44527 19.0289 13.6749 5.14647 20.5694 13.5201 5.11432 20.5361 13.4477 6.28689 18.9325 13.7669 6.25473 18.8992 13.6945 5.20958 20.6182 13.5523 6.35 18.9813 13.7991 6.11426 29.5514 16.399 6.03534 29.6307 16.3663 6.11426 29.6751 16.3853 6.47828 29.4188 15.1983 6.39936 29.4981 15.1656 6.47828 29.5425 15.1847 5.99513 29.5475 16.3633 6.35915 29.4149 15.1626 6.19319 29.6359 16.4136 6.2334 29.5553 16.4347 6.55721 29.5033 15.2129 6.59742 29.4227 15.234 6.11426 29.6751 16.3853 6.47828 29.5425 15.1847 6.19319 29.4721 16.4317 6.11426 29.4277 16.4127 6.55721 29.3395 15.231 6.47828 29.2951 15.212
6.2334 29.5553 16.4347 6.59742 29.4227 15.234 6.03534 29.4669 16.3844 5.99513 29.5475 16.3633 6.39936 29.3343 15.1837 6.35915 29.4149 15.1626 6.11426 29.4277 16.4127 6.47828 29.2951 15.212 6.03348 29.4705 16.3762 6.11426 29.4273 16.3892 5.85004 29.449 17.699 5.76926 29.3681 17.6762 5.85004 29.325 17.6892 5.99231 29.5533 16.3744 5.72809 29.451 17.6744 6.19505 29.4679 16.4088 6.23621 29.5495 16.4236 5.93083 29.3656 17.7088 5.97199 29.4471 17.7236 6.11426 29.4273 16.3892 5.85004 29.325 17.6892 6.19505 29.6323 16.4218 6.11426 29.6754 16.4088 5.93083 29.5299 17.7218 5.85004 29.5731 17.7088 6.23621 29.5495 16.4236 5.97199 29.4471 17.7236 6.03348 29.6349 16.3892 5.99231 29.5533 16.3744 5.76926 29.5325 17.6892 5.72809 29.451 17.6744 6.11426 29.6754 16.4088
5.85004 29.5731 17.7088 4.96369 28.3501 13.401 4.97172 28.3087 13.4553 4.9395 28.3501 13.4703 2.75821 26.9113 12.6308 2.76624 26.8699 12.6851 2.73402 26.9113 12.7 5.00001 28.2876 13.4137 2.79453 26.8488 12.6435 4.9236 28.3915 13.4385 4.92737 28.4125 13.3883 2.71812 26.9526 12.6682 2.72189 26.9737 12.6181 4.9395 28.3501 13.4703 2.73402 26.9113 12.7 4.95565 28.3915 13.3467 4.98787 28.3501 13.3317 2.75017 26.9526 12.5765 2.78239 26.9113 12.5615 4.92737 28.4125 13.3883 2.72189 26.9737 12.6181 5.00377 28.3087 13.3635 5.00001 28.2876 13.4137 2.79829 26.8699 12.5933 2.79453 26.8488 12.6435 4.98787 28.3501 13.3317 2.78239 26.9113 12.5615 4.92433 28.3229 13.4503 4.96369 28.287 13.4385 6.47828 29.4188 15.1983 6.43893 29.3916 15.2477 6.47828 29.3558 15.2358
4.90428 28.3721 13.438 6.41887 29.4408 15.2353 5.00305 28.2937 13.4013 5.0231 28.3281 13.364 6.51764 29.3625 15.1987 6.5377 29.3968 15.1613 4.96369 28.287 13.4385 6.47828 29.3558 15.2358 5.00305 28.3773 13.3517 4.96369 28.4131 13.3635 6.51764 29.446 15.149 6.47828 29.4819 15.1608 5.0231 28.3281 13.364 6.5377 29.3968 15.1613 4.92433 28.4064 13.4007 4.90428 28.3721 13.438 6.43893 29.4751 15.198 6.41887 29.4408 15.2353 4.96369 28.4131 13.3635 6.47828 29.4819 15.1608 5.199 6.547 14.501 5.25085 6.46047 14.5745 5.29543 6.547 14.5929 1.68979 7.57161 18.1815 1.74164 7.48508 18.255 1.78622 7.57161 18.2734 5.18084 6.41638 14.52 1.67163 7.441 18.2005 5.27491 6.63353 14.5493 5.21716 6.67762 14.482 1.7657 7.65814 18.2298 1.70795 7.70223 18.1624
5.29543 6.547 14.5929 1.78622 7.57161 18.2734 5.14715 6.63353 14.4275 5.10257 6.547 14.4091 1.63794 7.65814 18.1079 1.59336 7.57161 18.0895 5.21716 6.67762 14.482 1.70795 7.70223 18.1624 5.12309 6.46047 14.4527 5.18084 6.41638 14.52 1.61387 7.48508 18.1332 1.67163 7.441 18.2005 5.10257 6.547 14.4091 1.59336 7.57161 18.0895 5.11217 6.63535 14.4856 5.199 6.68024 14.5017 5.62582 6.5589 12.1606 5.53898 6.64725 12.1452 5.62582 6.69214 12.1613 5.06792 6.54712 14.4771 5.49474 6.55903 12.1367 5.28583 6.63518 14.5173 5.33008 6.54688 14.5249 5.71265 6.64709 12.1769 5.7569 6.55878 12.1845 5.199 6.68024 14.5017 5.62582 6.69214 12.1613 5.28583 6.45865 14.5164 5.199 6.41376 14.5003 5.71265 6.47056 12.176 5.62582 6.42566 12.1599 5.33008 6.54688 14.5249
5.7569 6.55878 12.1845 5.11217 6.45881 14.4847 5.06792 6.54712 14.4771 5.53898 6.47072 12.1443 5.49474 6.55903 12.1367 5.199 6.41376 14.5003 5.62582 6.42566 12.1599 6.47565 6.84171 22.4414 6.38954 6.81013 22.3453 6.47565 6.75067 22.3327 5.17909 4.55839 24.3544 5.09298 4.52681 24.2583 5.17909 4.46735 24.2457 6.34567 6.88508 22.4051 5.04911 4.60176 24.318 6.56177 6.75267 22.3935 6.60564 6.79834 22.4777 5.26521 4.46935 24.3064 5.30908 4.51502 24.3907 6.47565 6.75067 22.3327 5.17909 4.46735 24.2457 6.56177 6.87329 22.5374 6.47565 6.93276 22.5501 5.26521 4.58997 24.4504 5.17909 4.64943 24.463 6.60564 6.79834 22.4777 5.30908 4.51502 24.3907 6.38954 6.93076 22.4893 6.34567 6.88508 22.4051 5.09298 4.64743 24.4023 5.04911 4.60176 24.318 6.47565 6.93276 22.5501
5.17909 4.64943 24.463 6.38328 6.89345 22.5216 6.47565 6.93851 22.545 6.03418 8.599 20.799 5.94181 8.65074 20.8792 6.03418 8.6958 20.9026 6.33621 6.82301 22.4589 5.89474 8.5803 20.8165 6.56803 6.91823 22.4984 6.61509 6.86041 22.4239 6.12655 8.67551 20.856 6.17362 8.6177 20.7815 6.47565 6.93851 22.545 6.03418 8.6958 20.9026 6.56803 6.78997 22.3612 6.47565 6.74491 22.3378 6.12655 8.54726 20.7188 6.03418 8.5022 20.6954 6.61509 6.86041 22.4239 6.17362 8.6177 20.7815 6.38328 6.7652 22.3844 6.33621 6.82301 22.4589 5.94181 8.52249 20.742 5.89474 8.5803 20.8165 6.47565 6.74491 22.3378 6.03418 8.5022 20.6954 6.24984 0.376426 25.8031 6.17912 0.384075 25.8774 6.24984 0.412375 25.9068 5.10838 4.56604 24.4287 5.17909 4.59434 24.4581 6.14309 0.352024 25.8115
5.07235 4.53399 24.3628 6.32055 0.416406 25.8662 6.35658 0.400828 25.7946 5.24981 4.59837 24.4175 5.28584 4.58279 24.3459 6.24984 0.412375 25.9068 5.17909 4.59434 24.4581 6.32055 0.368777 25.7287 6.24984 0.340478 25.6993 5.24981 4.55074 24.28 5.17909 4.52244 24.2506 5.17909 4.55839 24.3544 6.35658 0.400828 25.7946 5.28584 4.58279 24.3459 6.17912 0.336447 25.7399 6.14309 0.352024 25.8115 5.10838 4.51841 24.2912 5.07235 4.53399 24.3628 6.24984 0.340478 25.6993 5.17909 4.52244 24.2506 6.18748 0.297702 25.7807 6.24984 0.26877 25.8248 4.52009 0.94539 28.6248 4.45773 0.866665 28.6025 4.52009 0.837734 28.6465 6.1557 0.365246 25.7476 4.42595 0.934209 28.5694 6.3122 0.312515 25.8542 6.34397 0.387607 25.8585 4.58245 0.881479 28.676 4.61422 0.95657 28.6803 6.24984 0.26877 25.8248
4.52009 0.837734 28.6465 6.3122 0.455151 25.8254 6.24984 0.484082 25.7814 4.58245 1.02411 28.6472 4.52009 1.05305 28.6031 6.34397 0.387607 25.8585 4.61422 0.95657 28.6803 6.18748 0.440337 25.7519 6.1557 0.365246 25.7476 4.45773 1.0093 28.5737 4.42595 0.934209 28.5694 6.24984 0.484082 25.7814 4.52009 1.05305 28.6031 5.06847 8.25 0.370665 5.1215 8.29637 0.302618 5.13324 8.33206 0.370665 7.93612 5.98643 1.06306 7.98915 6.03281 0.995016 8.00089 6.0685 1.06306 5.08375 8.23794 0.267947 7.9514 5.97437 0.960345 5.10126 8.31235 0.438712 5.05319 8.26206 0.473384 7.96891 6.04879 1.13111 7.92084 5.9985 1.16578 5.13324 8.33206 0.370665 8.00089 6.0685 1.06306 5.01543 8.20363 0.438712 5.00369 8.16794 0.370665 7.88308 5.94006 1.13111 7.87134 5.90437 1.06306 5.05319 8.26206 0.473384
7.92084 5.9985 1.16578 5.03568 8.18765 0.302618 5.08375 8.23794 0.267947 7.90333 5.92408 0.995016 7.9514 5.97437 0.960345 5.00369 8.16794 0.370665 7.87134 5.90437 1.06306 5.05486 8.18787 0.445154 5.09286 8.25 0.472328 1.54071 10.0375 1.217 1.5271 9.97535 1.29149 1.56509 10.0375 1.31866 5.02354 8.15622 0.381445 1.49577 9.9437 1.22778 5.11439 8.31213 0.430872 5.1134 8.34378 0.359886 1.58663 10.0996 1.27721 1.58564 10.1313 1.20622 5.09286 8.25 0.472328 1.56509 10.0375 1.31866 5.08208 8.31213 0.296177 5.04408 8.25 0.269003 1.55431 10.0996 1.14251 1.51632 10.0375 1.11534 5.1134 8.34378 0.359886 1.58564 10.1313 1.20622 5.02254 8.18787 0.310459 5.02354 8.15622 0.381445 1.49478 9.97535 1.15679 1.49577 9.9437 1.22778 5.04408 8.25 0.269003 1.51632 10.0375 1.11534
4.74996 14.0336 16.0731 4.70596 14.0069 16.1112 4.74996 13.9825 16.1185 5.72124 16.6596 19.03 5.67724 16.6329 19.0682 5.72124 16.6084 19.0755 4.68355 14.0445 16.0853 5.65482 16.6704 19.0422 4.79396 13.9926 16.0951 4.81637 14.0228 16.0609 5.76524 16.6185 19.052 5.78765 16.6487 19.0178 4.74996 13.9825 16.1185 5.72124 16.6084 19.0755 4.79396 14.0603 16.0349 4.74996 14.0848 16.0277 5.76524 16.6863 18.9919 5.72124 16.7107 18.9846 4.81637 14.0228 16.0609 5.78765 16.6487 19.0178 4.70596 14.0747 16.0511 4.68355 14.0445 16.0853 5.67724 16.7006 19.008 5.65482 16.6704 19.0422 4.74996 14.0848 16.0277 5.72124 16.7107 18.9846 4.70745 14.0403 16.0256 4.74996 14.0647 16.0121 5.94555 11.1448 14.599 5.90304 11.1515 14.5515 5.94555 11.1759 14.5381 4.68579 14.0126 16.0623
5.88139 11.1238 14.5882 4.79247 14.0682 16.0398 4.81413 14.0547 16.0838 5.98806 11.1794 14.5658 6.00972 11.1659 14.6098 4.74996 14.0647 16.0121 5.94555 11.1759 14.5381 4.79247 14.027 16.1205 4.74996 14.0025 16.134 5.98806 11.1382 14.6465 5.94555 11.1137 14.6599 4.81413 14.0547 16.0838 6.00972 11.1659 14.6098 4.70745 13.9991 16.1063 4.68579 14.0126 16.0623 5.90304 11.1103 14.6322 5.88139 11.1238 14.5882 4.74996 14.0025 16.134 5.94555 11.1137 14.6599 6.16404 28.6732 18.3544 6.08044 28.5984 18.3171 6.16404 28.5599 18.2987 6.13711 26.5608 22.6549 6.05351 26.486 22.6176 6.13711 26.4476 22.5993 6.03784 28.6735 18.3537 6.01091 26.5611 22.6543 6.24764 28.598 18.3179 6.29023 28.6729 18.355 6.2207 26.4856 22.6185 6.2633 26.5605 22.6555 6.16404 28.5599 18.2987
6.13711 26.4476 22.5993 6.24764 28.748 18.3917 6.16404 28.7865 18.41 6.2207 26.6357 22.6922 6.13711 26.6741 22.7105 6.29023 28.6729 18.355 6.2633 26.5605 22.6555 6.08044 28.7484 18.3908 6.03784 28.6735 18.3537 6.05351 26.6361 22.6913 6.01091 26.5611 22.6543 6.16404 28.7865 18.41 6.13711 26.6741 22.7105 6.08417 28.7083 18.4342 6.16404 28.7546 18.4508 5.85004 29.449 17.699 5.77017 29.4841 17.7788 5.85004 29.5304 17.7954 6.04347 28.6447 18.3784 5.72948 29.4205 17.7231 6.24391 28.746 18.4023 6.2846 28.7017 18.3303 5.92991 29.5218 17.7469 5.97061 29.4775 17.6749 6.16404 28.7546 18.4508 5.85004 29.5304 17.7954 6.24391 28.6381 18.2746 6.16404 28.5918 18.258 5.92991 29.4139 17.6192 5.85004 29.3676 17.6026 6.2846 28.7017 18.3303 5.97061 29.4775 17.6749
6.08417 28.6004 18.3065 6.04347 28.6447 18.3784 5.77017 29.3762 17.6511 5.72948 29.4205 17.7231 6.16404 28.5918 18.258 5.85004 29.3676 17.6026 5.201 3.599 29.7277 5.14054 3.63607 29.6759 5.201 3.635 29.6411 4.52009 0.94539 28.6248 4.45963 0.982463 28.573 4.52009 0.981385 28.5382 5.10974 3.61897 29.736 4.42883 0.965357 28.6331 5.26146 3.60962 29.6649 5.29226 3.57903 29.7195 4.58055 0.956007 28.562 4.61135 0.925422 28.6165 5.201 3.635 29.6411 4.52009 0.981385 28.5382 5.26146 3.56193 29.7796 5.201 3.563 29.8144 4.58055 0.908316 28.6767 4.52009 0.909394 28.7114 5.29226 3.57903 29.7195 4.61135 0.925422 28.6165 5.14054 3.58838 29.7906 5.10974 3.61897 29.736 4.45963 0.934772 28.6877 4.42883 0.965357 28.6331 5.201 3.563 29.8144 4.52009 0.909394 28.7114
5.14034 3.62576 29.7854 5.201 3.61961 29.8192 5.8096 6.27886 29.1241 5.74894 6.30562 29.1817 5.8096 6.29947 29.2156 5.10943 3.61879 29.7233 5.71803 6.29865 29.1196 5.26166 3.59954 29.7913 5.29257 3.57921 29.7322 5.87026 6.2794 29.1876 5.90116 6.25907 29.1285 5.201 3.61961 29.8192 5.8096 6.29947 29.2156 5.26166 3.57224 29.6701 5.201 3.57839 29.6363 5.87026 6.2521 29.0664 5.8096 6.25825 29.0326 5.29257 3.57921 29.7322 5.90116 6.25907 29.1285 5.14034 3.59846 29.6642 5.10943 3.61879 29.7233 5.74894 6.27832 29.0605 5.71803 6.29865 29.1196 5.201 3.57839 29.6363 5.8096 6.25825 29.0326 5.25 12.0746 4.16676 5.17571 12.0079 4.11193 5.25 11.9591 4.12859 4.26486 11.3364 6.399 4.19057 11.2697 6.34416 4.26486 11.221 6.36083 5.13786 12.0893 4.12215
4.15272 11.3512 6.35439 5.32429 11.9883 4.17103 5.36214 12.0598 4.21138 4.33914 11.2502 6.40327 4.377 11.3217 6.44361 5.25 11.9591 4.12859 4.26486 11.221 6.36083 5.32429 12.1413 4.2216 5.25 12.19 4.20494 4.33914 11.4031 6.45384 4.26486 11.4519 6.43717 5.36214 12.0598 4.21138 4.377 11.3217 6.44361 5.17571 12.1608 4.1625 5.13786 12.0893 4.12215 4.19057 11.4227 6.39473 4.15272 11.3512 6.35439 5.25 12.19 4.20494 4.26486 11.4519 6.43717 5.22719 11.9944 4.08916 5.20509 12.0746 4.05378 6.42675 12.1926 3.699 6.40394 12.1124 3.62139 6.38184 12.1926 3.58602 5.26048 11.9535 4.1626 6.43724 12.0715 3.69483 5.2133 12.1548 4.09468 5.23952 12.1956 4.17093 6.39005 12.2728 3.62691 6.41627 12.3136 3.70317 5.20509 12.0746 4.05378 6.38184 12.1926 3.58602
5.27281 12.1548 4.24437 5.29491 12.0746 4.27975 6.44956 12.2728 3.77661 6.47166 12.1926 3.81198 5.23952 12.1956 4.17093 6.41627 12.3136 3.70317 5.2867 11.9944 4.23885 5.26048 11.9535 4.1626 6.46345 12.1124 3.77109 6.43724 12.0715 3.69483 5.29491 12.0746 4.27975 6.47166 12.1926 3.81198 5.41644 18.2467 4.46261 5.33711 18.3223 4.43657 5.41644 18.3564 4.41343 5.199 17.2613 2.26412 5.11966 17.3369 2.23808 5.199 17.371 2.21494 5.29668 18.2511 4.47248 5.07924 17.2657 2.27399 5.49578 18.3165 4.4235 5.5362 18.2423 4.45275 5.27834 17.3311 2.22501 5.31876 17.2569 2.25426 5.41644 18.3564 4.41343 5.199 17.371 2.21494 5.49578 18.1711 4.48866 5.41644 18.137 4.51179 5.27834 17.1857 2.29017 5.199 17.1516 2.3133 5.5362 18.2423 4.45275 5.31876 17.2569 2.25426
5.33711 18.1769 4.50173 5.29668 18.2511 4.47248 5.11966 17.1916 2.30324 5.07924 17.2657 2.27399 5.41644 18.137 4.51179 5.199 17.1516 2.3133 5.351 18.1919 4.5361 5.41644 18.1365 4.51071 7.15155 19.2466 6.75384 7.08611 19.1918 6.82733 7.15155 19.1364 6.80194 5.31766 18.2741 4.52545 7.05277 19.274 6.81668 5.48188 18.1555 4.45285 5.51523 18.2193 4.39977 7.21699 19.1554 6.74407 7.25034 19.2192 6.691 5.41644 18.1365 4.51071 7.15155 19.1364 6.80194 5.48188 18.3015 4.38912 5.41644 18.3569 4.41452 7.21699 19.3015 6.68035 7.15155 19.3568 6.70574 5.51523 18.2193 4.39977 7.25034 19.2192 6.691 5.351 18.3379 4.47238 5.31766 18.2741 4.52545 7.08611 19.3378 6.76361 7.05277 19.274 6.81668 5.41644 18.3569 4.41452 7.15155 19.3568 6.70574 5.47388 9.82857 16.041
5.53644 9.76642 16.0861 5.52592 9.82857 16.133 1.68979 7.57161 18.1815 1.75235 7.50946 18.2265 1.74183 7.57161 18.2735 5.51627 9.73476 16.0171 1.73218 7.4778 18.1575 5.48027 9.89072 16.1179 5.43149 9.92239 16.065 1.69618 7.63376 18.2583 1.6474 7.66543 18.2054 5.52592 9.82857 16.133 1.74183 7.57161 18.2735 5.41132 9.89072 15.996 5.42184 9.82857 15.949 1.62723 7.63376 18.1364 1.63775 7.57161 18.0895 5.43149 9.92239 16.065 1.6474 7.66543 18.2054 5.46749 9.76642 15.9642 5.51627 9.73476 16.0171 1.68339 7.50946 18.1046 1.73218 7.4778 18.1575 5.42184 9.82857 15.949 1.63775 7.57161 18.0895 5.40581 9.89138 16.0761 5.47388 9.90664 16.1123 5.94555 11.1448 14.599 5.87749 11.2076 14.6341 5.94555 11.2229 14.6703 5.37113 9.84531 16.0227 5.8428 11.1616 14.5807
5.54195 9.86921 16.1004 5.57663 9.81184 16.0594 6.01362 11.1855 14.6584 6.0483 11.1281 14.6173 5.47388 9.90664 16.1123 5.94555 11.2229 14.6703 5.54195 9.76577 16.006 5.47388 9.7505 15.9698 6.01362 11.082 14.5639 5.94555 11.0668 14.5277 5.57663 9.81184 16.0594 6.0483 11.1281 14.6173 5.40581 9.78794 15.9817 5.37113 9.84531 16.0227 5.87749 11.1042 14.5396 5.8428 11.1616 14.5807 5.47388 9.7505 15.9698 5.94555 11.0668 14.5277 5.9249 1.04962 20.7794 5.86108 0.94378 20.8644 5.83706 1.04962 20.9133 1.905 1.35576 18.1411 1.84118 1.24993 18.2261 1.81716 1.35576 18.2749 5.9164 0.889853 20.7738 1.8965 1.196 18.1355 5.87235 1.15546 20.8718 5.93341 1.20938 20.785 1.85245 1.4616 18.2335 1.91351 1.51553 18.1467 5.83706 1.04962 20.9133 1.81716 1.35576 18.2749
5.98873 1.15546 20.6945 6.01274 1.04962 20.6456 1.96883 1.4616 18.0561 1.99284 1.35576 18.0073 5.93341 1.20938 20.785 1.91351 1.51553 18.1467 5.97746 0.94378 20.6871 5.9164 0.889853 20.7738 1.95756 1.24993 18.0487 1.8965 1.196 18.1355 6.01274 1.04962 20.6456 1.99284 1.35576 18.0073 5.82001 0.962991 20.8426 5.9249 0.935366 20.8916 5.17909 4.55839 24.3544 5.0742 4.47176 24.4175 5.17909 4.44414 24.4665 5.76656 1.0331 20.7626 5.02075 4.54188 24.3375 6.0298 0.984871 20.8649 6.08325 1.06613 20.7962 5.28399 4.49364 24.4398 5.33744 4.5749 24.3712 5.9249 0.935366 20.8916 5.17909 4.44414 24.4665 6.0298 1.13625 20.7163 5.9249 1.16387 20.6673 5.28399 4.64502 24.2912 5.17909 4.67264 24.2422 6.08325 1.06613 20.7962 5.33744 4.5749 24.3712 5.82001 1.11437 20.694
5.76656 1.0331 20.7626 5.0742 4.62314 24.2689 5.02075 4.54188 24.3375 5.9249 1.16387 20.6673 5.17909 4.67264 24.2422 6.49033 21.2875 7.04066 6.42328 21.1661 7.1527 6.43863 21.2875 7.22377 4.299 21.927 6.42201 4.23196 21.8056 6.53405 4.24731 21.927 6.60511 6.44082 21.1043 7.02668 4.24949 21.7438 6.40803 6.48888 21.4088 7.17122 6.53984 21.4707 7.05464 4.29755 22.0483 6.55257 4.34851 22.1101 6.43599 6.43863 21.2875 7.22377 4.24731 21.927 6.60511 6.55737 21.4088 6.92862 6.54202 21.2875 6.85756 4.36604 22.0483 6.30997 4.35069 21.927 6.23891 6.53984 21.4707 7.05464 4.34851 22.1101 6.43599 6.49177 21.1661 6.9101 6.44082 21.1043 7.02668 4.30045 21.8056 6.29145 4.24949 21.7438 6.40803 6.54202 21.2875 6.85756 4.35069 21.927 6.23891 6.37031 21.2669 6.91049
6.49033 21.314 6.85225 7.15155 19.2466 6.75384 7.03154 19.226 6.62367 7.15155 19.2731 6.56543 6.30916 21.2299 7.03257 6.97039 19.1891 6.74575 6.61034 21.3432 6.92121 6.67149 21.345 7.04875 7.27157 19.3023 6.63439 7.33272 19.3042 6.76193 6.49033 21.314 6.85225 7.15155 19.2731 6.56543 6.61034 21.3081 7.17083 6.49033 21.261 7.22907 7.27157 19.2672 6.88401 7.15155 19.2201 6.94225 6.67149 21.345 7.04875 7.33272 19.3042 6.76193 6.37031 21.2318 7.16012 6.30916 21.2299 7.03257 7.03154 19.1909 6.8733 6.97039 19.1891 6.74575 6.49033 21.261 7.22907 7.15155 19.2201 6.94225 5.5721 22.8123 11.084 5.62067 22.7335 11.146 5.64619 22.8123 11.177 2.97398 22.8394 13.1537 3.02256 22.7607 13.2157 3.04807 22.8394 13.2467 5.57134 22.6934 11.0846 2.97322 22.7205 13.1543
5.62168 22.891 11.1452 5.57286 22.9312 11.0834 3.02357 22.9182 13.2149 2.97474 22.9583 13.1531 5.64619 22.8123 11.177 3.04807 22.8394 13.2467 5.52352 22.891 11.022 5.49801 22.8123 10.991 2.92541 22.9182 13.0917 2.89989 22.8394 13.0607 5.57286 22.9312 11.0834 2.97474 22.9583 13.1531 5.52251 22.7335 11.0228 5.57134 22.6934 11.0846 2.9244 22.7607 13.0925 2.97322 22.7205 13.1543 5.49801 22.8123 10.991 2.89989 22.8394 13.0607 5.51134 22.7335 11.0339 5.48113 22.8123 11.0074 6.45395 22.799 10.0364 6.3932 22.7202 9.9863 6.36298 22.799 9.95987 5.57136 22.6934 11.0849 6.45321 22.6801 10.0373 5.51233 22.891 11.0327 5.57284 22.9312 11.0831 6.39418 22.8778 9.98514 6.45469 22.9179 10.0356 5.48113 22.8123 11.0074 6.36298 22.799 9.95987 5.63285 22.891 11.1342
5.66306 22.8123 11.1606 6.5147 22.8778 10.0866 6.54491 22.799 10.113 5.57284 22.9312 11.0831 6.45469 22.9179 10.0356 5.63187 22.7335 11.1353 5.57136 22.6934 11.0849 6.51372 22.7202 10.0878 6.45321 22.6801 10.0373 5.66306 22.8123 11.1606 6.54491 22.799 10.113 6.499 17.6543 15.799 6.42459 17.5864 15.7602 6.499 17.5441 15.7651 5.72124 16.6596 19.03 5.64683 16.5916 18.9912 5.72124 16.5494 18.9961 6.38667 17.6619 15.7743 5.60891 16.6672 19.0053 6.57341 17.5763 15.7929 6.61133 17.6467 15.8237 5.79565 16.5815 19.0239 5.83357 16.6519 19.0547 6.499 17.5441 15.7651 5.72124 16.5494 18.9961 6.57341 17.7222 15.8378 6.499 17.7645 15.8329 5.79565 16.7275 19.0689 5.72124 16.7697 19.064 6.61133 17.6467 15.8237 5.83357 16.6519 19.0547 6.42459 17.7323 15.8051
6.38667 17.6619 15.7743 5.64683 16.7376 19.0361 5.60891 16.6672 19.0053 6.499 17.7645 15.8329 5.72124 16.7697 19.064 6.42278 17.7168 15.8431 6.499 17.7523 15.8597 6.35 18.964 13.6847 6.27378 19.0266 13.7288 6.35 19.062 13.7454 6.38394 17.6507 15.8049 6.23494 18.9604 13.6905 6.57522 17.7216 15.8353 6.61406 17.6579 15.7931 6.42622 19.0314 13.721 6.46506 18.9677 13.6788 6.499 17.7523 15.8597 6.35 19.062 13.7454 6.57522 17.5918 15.7549 6.499 17.5563 15.7383 6.42622 18.9015 13.6406 6.35 18.8661 13.624 6.61406 17.6579 15.7931 6.46506 18.9677 13.6788 6.42278 17.587 15.7627 6.38394 17.6507 15.8049 6.27378 18.8967 13.6483 6.23494 18.9604 13.6905 6.499 17.5563 15.7383 6.35 18.8661 13.624 5.799 5.699 16.071 5.7953 5.60063 15.9625
5.84054 5.699 15.9202 9.899 4.299 17.201 9.8953 4.20063 17.0926 9.94054 4.299 17.0503 5.75187 5.5505 16.058 9.85187 4.1505 17.188 5.85774 5.79737 15.9797 5.84613 5.8475 16.0839 9.95774 4.39737 17.1098 9.94613 4.4475 17.214 5.84054 5.699 15.9202 9.94054 4.299 17.0503 5.8027 5.79737 16.1794 5.75746 5.699 16.2217 9.9027 4.39737 17.3094 9.85746 4.299 17.3517 5.84613 5.8475 16.0839 9.94613 4.4475 17.214 5.74026 5.60063 16.1622 5.75187 5.5505 16.058 9.84026 4.20063 17.2922 9.85187 4.1505 17.188 5.75746 5.699 16.2217 9.85746 4.299 17.3517 5.81171 5.60302 16.1809 5.87043 5.699 16.21 1.68979 7.57161 18.1815 1.70249 7.47563 18.2914 1.76121 7.57161 18.3205 5.74676 5.55412 16.0978 1.63754 7.42673 18.2083 5.88093 5.79498 16.1453
5.85124 5.84389 16.0441 1.77171 7.66759 18.2558 1.74203 7.7165 18.1546 5.87043 5.699 16.21 1.76121 7.57161 18.3205 5.78629 5.79498 15.9611 5.72758 5.699 15.9319 1.67708 7.66759 18.0716 1.61836 7.57161 18.0424 5.85124 5.84389 16.0441 1.74203 7.7165 18.1546 5.71707 5.60302 15.9966 5.74676 5.55412 16.0978 1.60786 7.47563 18.1071 1.63754 7.42673 18.2083 5.72758 5.699 15.9319 1.61836 7.57161 18.0424 5.599 23.3353 17.899 5.60451 23.274 17.9607 5.61705 23.3353 17.9903 2.48446 23.6755 18.5147 2.48997 23.6142 18.5765 2.5025 23.6755 18.606 5.58927 23.2427 17.9009 2.47473 23.583 18.5167 5.6174 23.3965 17.9582 5.60873 23.4278 17.8971 2.50285 23.7368 18.5739 2.49418 23.768 18.5128 5.61705 23.3353 17.9903 2.5025 23.6755 18.606 5.59349 23.3965 17.8373
5.58095 23.3353 17.8077 2.47894 23.7368 18.453 2.46641 23.6755 18.4234 5.60873 23.4278 17.8971 2.49418 23.768 18.5128 5.5806 23.274 17.8398 5.58927 23.2427 17.9009 2.46606 23.6142 18.4555 2.47473 23.583 18.5167 5.58095 23.3353 17.8077 2.46641 23.6755 18.4234 5.54407 23.2747 17.8688 5.52694 23.3353 17.8401 6.53555 23.0573 16.7525 6.48062 22.9967 16.7223 6.46349 23.0573 16.6937 5.58814 23.2438 17.9123 6.52469 22.9658 16.7658 5.55846 23.3958 17.8512 5.60986 23.4267 17.8857 6.49501 23.1179 16.7047 6.54641 23.1487 16.7392 5.52694 23.3353 17.8401 6.46349 23.0573 16.6937 5.65393 23.3958 17.9292 5.67106 23.3353 17.9579 6.59048 23.1179 16.7827 6.60761 23.0573 16.8114 5.60986 23.4267 17.8857 6.54641 23.1487 16.7392 5.63954 23.2747 17.9468 5.58814 23.2438 17.9123
6.57609 22.9967 16.8003 6.52469 22.9658 16.7658 5.67106 23.3353 17.9579 6.60761 23.0573 16.8114 5.28074 16.1757 23.7271 5.23435 16.1361 23.7522 5.28074 16.1129 23.7588 5.82447 18.6565 28.6447 5.77808 18.617 28.6698 5.82447 18.5937 28.6764 5.21072 16.1788 23.7333 5.75444 18.6597 28.6509 5.32713 16.132 23.744 5.35077 16.1726 23.7209 5.87086 18.6129 28.6616 5.89449 18.6534 28.6386 5.28074 16.1129 23.7588 5.82447 18.5937 28.6764 5.32713 16.2153 23.702 5.28074 16.2385 23.6954 5.87086 18.6961 28.6197 5.82447 18.7194 28.613 5.35077 16.1726 23.7209 5.89449 18.6534 28.6386 5.23435 16.2194 23.7102 5.21072 16.1788 23.7333 5.77808 18.7002 28.6278 5.75444 18.6597 28.6509 5.28074 16.2385 23.6954 5.82447 18.7194 28.613 5.2346 16.1764 23.68 5.28074 16.1866 23.6576
5.88757 11.9767 23.0715 5.84142 11.9774 23.0244 5.88757 11.9876 23.002 5.21108 16.1659 23.7256 5.81791 11.9669 23.0699 5.32689 16.1894 23.6821 5.3504 16.1855 23.7286 5.93371 11.9904 23.0264 5.95722 11.9865 23.073 5.28074 16.1866 23.6576 5.88757 11.9876 23.002 5.32689 16.175 23.7742 5.28074 16.1648 23.7966 5.93371 11.976 23.1185 5.88757 11.9659 23.141 5.3504 16.1855 23.7286 5.95722 11.9865 23.073 5.2346 16.162 23.7721 5.21108 16.1659 23.7256 5.84142 11.963 23.1165 5.81791 11.9669 23.0699 5.28074 16.1648 23.7966 5.88757 11.9659 23.141 5.54207 22.9761 15.439 5.514 22.932 15.4732 5.49771 22.9761 15.4888 2.97398 22.8394 13.1537 2.94591 22.7953 13.1879 2.92962 22.8394 13.2036 5.54405 22.9095 15.4408 2.97596 22.7727 13.1555 5.51137 23.0203 15.4708
5.54009 23.0428 15.4372 2.94329 22.8836 13.1856 2.972 22.9061 13.152 5.49771 22.9761 15.4888 2.92962 22.8394 13.2036 5.57015 23.0203 15.4048 5.58643 22.9761 15.3891 3.00206 22.8836 13.1195 3.01834 22.8394 13.1039 5.54009 23.0428 15.4372 2.972 22.9061 13.152 5.57277 22.932 15.4071 5.54405 22.9095 15.4408 3.00468 22.7953 13.1219 2.97596 22.7727 13.1555 5.58643 22.9761 15.3891 3.01834 22.8394 13.1039 5.57864 22.932 15.4141 5.59529 22.9761 15.3987 6.53555 23.0573 16.7525 6.57212 23.0131 16.7276 6.58877 23.0573 16.7123 5.54405 22.9095 15.4416 6.53753 22.9906 16.7552 5.57602 23.0203 15.4106 5.54009 23.0428 15.4364 6.56949 23.1014 16.7241 6.53357 23.1239 16.7499 5.59529 22.9761 15.3987 6.58877 23.0573 16.7123 5.5055 23.0203 15.4639 5.48885 22.9761 15.4792
6.49898 23.1014 16.7775 6.48233 23.0573 16.7928 5.54009 23.0428 15.4364 6.53357 23.1239 16.7499 5.50813 22.932 15.4674 5.54405 22.9095 15.4416 6.50161 23.0131 16.7809 6.53753 22.9906 16.7552 5.48885 22.9761 15.4792 6.48233 23.0573 16.7928 5.399 26.0297 26.2012 5.30551 26.1269 26.1963 5.399 26.1722 26.2225 6.13711 26.5608 22.6549 6.04362 26.6581 22.65 6.13711 26.7033 22.6763 5.25788 26.034 26.1724 5.99598 26.5651 22.6262 5.49249 26.1212 26.2343 5.54012 26.0254 26.2299 6.23059 26.6524 22.6881 6.27823 26.5565 22.6836 5.399 26.1722 26.2225 6.13711 26.7033 22.6763 5.49249 25.9324 26.2061 5.399 25.8872 26.1798 6.23059 26.4636 22.6598 6.13711 26.4183 22.6336 5.54012 26.0254 26.2299 6.27823 26.5565 22.6836 5.30551 25.9381 26.168 5.25788 26.034 26.1724
6.04362 26.4693 22.6217 5.99598 26.5651 22.6262 5.399 25.8872 26.1798 6.13711 26.4183 22.6336 5.30368 25.9346 26.2112 5.399 25.8874 26.2237 5.26358 26.4348 28.7635 5.16826 26.3398 28.7735 5.26358 26.2925 28.786 5.25512 26.0285 26.1938 5.11969 26.4337 28.7561 5.49432 25.9362 26.221 5.54289 26.0309 26.2086 5.3589 26.3413 28.7834 5.40746 26.436 28.771 5.399 25.8874 26.2237 5.26358 26.2925 28.786 5.49432 26.1247 26.1912 5.399 26.172 26.1787 5.3589 26.5299 28.7535 5.26358 26.5772 28.741 5.54289 26.0309 26.2086 5.40746 26.436 28.771 5.30368 26.1232 26.1814 5.25512 26.0285 26.1938 5.16826 26.5283 28.7437 5.11969 26.4337 28.7561 5.399 26.172 26.1787 5.26358 26.5772 28.741 6.07579 22.5467 8.75 6.01036 22.6377 8.77572 6.07579 22.6653 8.71843
4.299 21.927 6.42201 4.23357 22.018 6.44773 4.299 22.0456 6.39044 5.97702 22.5655 8.82039 4.20023 21.9457 6.4924 6.14122 22.6129 8.68245 6.17455 22.528 8.67961 4.36443 21.9931 6.35446 4.39777 21.9082 6.35162 6.07579 22.6653 8.71843 4.299 22.0456 6.39044 6.14122 22.4557 8.72428 6.07579 22.4281 8.78157 4.36443 21.836 6.39629 4.299 21.8084 6.45358 6.17455 22.528 8.67961 4.39777 21.9082 6.35162 6.01036 22.4806 8.81755 5.97702 22.5655 8.82039 4.23357 21.8608 6.48956 4.20023 21.9457 6.4924 6.07579 22.4281 8.78157 4.299 21.8084 6.45358 5.99767 22.4713 8.78776 6.07579 22.4263 8.77362 6.45395 22.799 10.0364 6.37583 22.7236 10.0742 6.45395 22.6786 10.0601 5.95787 22.5533 8.78338 6.33603 22.8055 10.0698 6.1539 22.4626 8.74353 6.1937 22.5402 8.71662
6.53206 22.7149 10.03 6.57186 22.7925 10.0031 6.07579 22.4263 8.77362 6.45395 22.6786 10.0601 6.1539 22.6222 8.71224 6.07579 22.6671 8.72638 6.53206 22.8744 9.99869 6.45395 22.9194 10.0128 6.1937 22.5402 8.71662 6.57186 22.7925 10.0031 5.99767 22.6308 8.75647 5.95787 22.5533 8.78338 6.37583 22.8831 10.0429 6.33603 22.8055 10.0698 6.07579 22.6671 8.72638 6.45395 22.9194 10.0128 6.08456 15.2207 21.201 5.97709 15.3029 21.2734 6.08456 15.3573 21.2915 5.72124 16.6596 19.03 5.61377 16.7417 19.1025 5.72124 16.7961 19.1205 5.92233 15.2082 21.2199 5.55901 16.6471 19.0489 6.19203 15.3195 21.2484 6.24679 15.2333 21.1821 5.82871 16.7583 19.0775 5.88346 16.6721 19.0112 6.08456 15.3573 21.2915 5.72124 16.7961 19.1205 6.19203 15.1386 21.1286 6.08456 15.0842 21.1105
5.82871 16.5774 18.9576 5.72124 16.523 18.9396 6.24679 15.2333 21.1821 5.88346 16.6721 19.0112 5.97709 15.122 21.1536 5.92233 15.2082 21.2199 5.61377 16.5608 18.9826 5.55901 16.6471 19.0489 6.08456 15.0842 21.1105 5.72124 16.523 18.9396 5.9762 15.1715 21.1041 6.08456 15.1389 21.0591 5.88757 11.9767 23.0715 5.77921 11.9274 22.9746 5.88757 11.8949 22.9296 5.92099 15.2282 21.1967 5.724 11.9842 23.0672 6.19292 15.1616 21.1098 6.24813 15.2133 21.2053 5.99592 11.9176 22.9803 6.05114 11.9693 23.0758 6.08456 15.1389 21.0591 5.88757 11.8949 22.9296 6.19292 15.27 21.2978 6.08456 15.3026 21.3429 5.99592 12.026 23.1683 5.88757 12.0585 23.2134 6.24813 15.2133 21.2053 6.05114 11.9693 23.0758 5.9762 15.2799 21.2922 5.92099 15.2282 21.1967 5.77921 12.0359 23.1626
5.724 11.9842 23.0672 6.08456 15.3026 21.3429 5.88757 12.0585 23.2134 5.501 28.2498 9.201 5.4435 28.2973 9.16858 5.501 28.322 9.15286 5.55756 25.4166 4.95032 5.50006 25.4641 4.91789 5.55756 25.4888 4.90217 5.4142 28.2493 9.2002 5.47076 25.4161 4.94952 5.5585 28.298 9.16964 5.5878 28.2503 9.2018 5.61506 25.4648 4.91895 5.64436 25.4171 4.95112 5.501 28.322 9.15286 5.55756 25.4888 4.90217 5.5585 28.2023 9.23342 5.501 28.1776 9.24914 5.61506 25.3691 4.98274 5.55756 25.3444 4.99846 5.5878 28.2503 9.2018 5.64436 25.4171 4.95112 5.4435 28.2016 9.23236 5.4142 28.2493 9.2002 5.50006 25.3684 4.98168 5.47076 25.4161 4.94952 5.501 28.1776 9.24914 5.55756 25.3444 4.99846 5.52841 28.1966 9.25605 5.56471 28.2498 9.25996 4.62239 28.7792 10.1504
4.6498 28.726 10.2054 4.6861 28.7792 10.2093 5.47867 28.1694 9.22513 4.60006 28.6989 10.1745 5.558 28.303 9.22407 5.52333 28.3301 9.17687 4.67939 28.8324 10.1734 4.64473 28.8596 10.1262 5.56471 28.2498 9.25996 4.6861 28.7792 10.2093 5.47359 28.303 9.14595 5.43729 28.2498 9.14204 4.59498 28.8324 10.0953 4.55868 28.7792 10.0914 5.52333 28.3301 9.17687 4.64473 28.8596 10.1262 5.444 28.1966 9.17793 5.47867 28.1694 9.22513 4.56539 28.726 10.1273 4.60006 28.6989 10.1745 5.43729 28.2498 9.14204 4.55868 28.7792 10.0914 5.899 2.699 16.8825 5.94652 2.62255 16.9517 5.93542 2.699 16.9981 1.905 1.35576 18.1411 1.95252 1.27932 18.2103 1.94143 1.35576 18.2567 5.9343 2.5836 16.8714 1.94031 1.24037 18.13 5.89974 2.77545 16.9664 5.8637 2.8144 16.8936
1.90575 1.43221 18.225 1.8697 1.47116 18.1522 5.93542 2.699 16.9981 1.94143 1.35576 18.2567 5.85148 2.77545 16.8133 5.86258 2.699 16.7669 1.85749 1.43221 18.0719 1.86858 1.35576 18.0255 5.8637 2.8144 16.8936 1.8697 1.47116 18.1522 5.89826 2.62255 16.7985 5.9343 2.5836 16.8714 1.90426 1.27932 18.0572 1.94031 1.24037 18.13 5.86258 2.699 16.7669 1.86858 1.35576 18.0255 5.93501 2.62443 16.8048 5.90862 2.699 16.7617 9.899 4.299 17.201 9.93501 4.22443 17.1233 9.90862 4.299 17.0802 5.94374 2.58643 16.886 9.94374 4.18643 17.2046 5.87573 2.77357 16.8001 5.85426 2.81157 16.8789 9.87573 4.37357 17.1186 9.85426 4.41157 17.1974 5.90862 2.699 16.7617 9.90862 4.299 17.0802 5.86299 2.77357 16.9601 5.88938 2.699 17.0033 9.86299 4.37357 17.2787
9.88938 4.299 17.3218 5.85426 2.81157 16.8789 9.85426 4.41157 17.1974 5.92227 2.62443 16.9649 5.94374 2.58643 16.886 9.92227 4.22443 17.2834 9.94374 4.18643 17.2046 5.88938 2.699 17.0033 9.88938 4.299 17.3218 6.301 14.801 29.95 6.27713 14.8061 29.9737 6.301 14.8126 29.9844 5.82447 18.6565 28.6447 5.8006 18.6616 28.6684 5.82447 18.6682 28.6791 6.26496 14.797 29.9514 5.78843 18.6525 28.6461 6.32487 14.8114 29.9719 6.33704 14.805 29.9486 5.84834 18.6669 28.6666 5.86051 18.6605 28.6434 6.301 14.8126 29.9844 5.82447 18.6682 28.6791 6.32487 14.7959 29.9263 6.301 14.7894 29.9156 5.84834 18.6515 28.6211 5.82447 18.6449 28.6104 6.33704 14.805 29.9486 5.86051 18.6605 28.6434 6.27713 14.7906 29.9281 6.26496 14.797 29.9514 5.8006 18.6462 28.6229
5.78843 18.6525 28.6461 6.301 14.7894 29.9156 5.82447 18.6449 28.6104 6.27994 14.7973 29.9236 6.301 14.8121 29.9155 8.225 11.471 28.8789 8.20394 11.4673 28.8525 8.225 11.4821 28.8444 6.26921 14.7844 29.9446 8.19321 11.4543 28.8735 6.32206 14.8194 29.9307 6.33279 14.8176 29.9554 8.24606 11.4894 28.8596 8.25679 11.4876 28.8842 6.301 14.8121 29.9155 8.225 11.4821 28.8444 6.32206 14.8047 29.9764 6.301 14.7899 29.9845 8.24606 11.4747 28.9053 8.225 11.4599 28.9134 6.33279 14.8176 29.9554 8.25679 11.4876 28.8842 6.27994 14.7826 29.9693 6.26921 14.7844 29.9446 8.20394 11.4526 28.8982 8.19321 11.4543 28.8735 6.301 14.7899 29.9845 8.225 11.4599 28.9134 7.12657 10.3494 22.1484 7.02141 10.2266 22.2237 7.12657 10.2554 22.314 5.88757 11.9767 23.0715
5.78241 11.8539 23.1468 5.88757 11.8828 23.2371 6.96783 10.2579 22.0965 5.72883 11.8853 23.0196 7.23172 10.3477 22.2924 7.2853 10.4408 22.2002 5.99272 11.9751 23.2155 6.0463 12.0681 23.1233 7.12657 10.2554 22.314 5.88757 11.8828 23.2371 7.23172 10.4722 22.073 7.12657 10.4433 21.9828 5.99272 12.0995 22.9961 5.88757 12.0706 22.9059 7.2853 10.4408 22.2002 6.0463 12.0681 23.1233 7.02141 10.351 22.0043 6.96783 10.2579 22.0965 5.78241 11.9784 22.9274 5.72883 11.8853 23.0196 7.12657 10.4433 21.9828 5.88757 12.0706 22.9059 7.0135 10.4706 22.0826 7.12657 10.4656 21.9976 6.03418 8.599 20.799 5.92111 8.72027 20.7332 6.03418 8.71524 20.6482 6.95589 10.4162 22.1999 5.8635 8.66581 20.8505 7.23963 10.3821 22.0144 7.29724 10.2825 22.0969 6.14725 8.63174 20.665
6.20486 8.53219 20.7475 7.12657 10.4656 21.9976 6.03418 8.71524 20.6482 7.23963 10.2281 22.2141 7.12657 10.2331 22.2991 6.14725 8.47773 20.8648 6.03418 8.48276 20.9498 7.29724 10.2825 22.0969 6.20486 8.53219 20.7475 7.0135 10.3166 22.2824 6.95589 10.4162 22.1999 5.92111 8.56626 20.933 5.8635 8.66581 20.8505 7.12657 10.2331 22.2991 6.03418 8.48276 20.9498 6.16301 2.14996 6.11557 6.20107 2.10341 6.06837 6.17989 2.14996 6.03574 9.32956 4.06072 6.78511 9.36762 4.01418 6.73791 9.34644 4.06072 6.70528 6.20359 2.0797 6.12415 9.37014 3.99046 6.79369 6.1473 2.19651 6.057 6.12242 2.22022 6.10699 9.31385 4.10727 6.72654 9.28897 4.13099 6.77653 6.17989 2.14996 6.03574 9.34644 4.06072 6.70528 6.12494 2.19651 6.16277 6.14613 2.14996 6.1954 9.29149 4.10727 6.83231
9.31268 4.06072 6.86494 6.12242 2.22022 6.10699 9.28897 4.13099 6.77653 6.17871 2.10341 6.17414 6.20359 2.0797 6.12415 9.34526 4.01418 6.84368 9.37014 3.99046 6.79369 6.14613 2.14996 6.1954 9.31268 4.06072 6.86494 6.18662 2.1017 6.16995 6.16189 2.14996 6.19716 3.88225 0.999 6.0845 3.90586 0.950743 6.13888 3.88114 0.999 6.16608 6.19976 2.07712 6.11607 3.91901 0.926155 6.085 6.13792 2.19822 6.16929 6.12625 2.22281 6.11507 3.85717 1.04726 6.13821 3.8455 1.07185 6.084 6.16189 2.14996 6.19716 3.88114 0.999 6.16608 6.13939 2.19822 6.06119 6.16412 2.14996 6.03399 3.85864 1.04726 6.03012 3.88336 0.999 6.00291 6.12625 2.22281 6.11507 3.8455 1.07185 6.084 6.18809 2.1017 6.06186 6.19976 2.07712 6.11607 3.90734 0.950743 6.03078 3.91901 0.926155 6.085
6.16412 2.14996 6.03399 3.88336 0.999 6.00291 5.401 7.74183 7.35661 5.42934 7.77928 7.31017 5.44921 7.79327 7.35661 9.3579 4.09818 6.73866 9.37776 4.11217 6.78511 5.39557 7.74691 7.28651 9.32413 4.06581 6.715 5.43653 7.77254 7.40306 5.40643 7.73674 7.42672 9.36509 4.09143 6.83155 9.33499 4.05563 6.85522 5.44921 7.79327 7.35661 9.37776 4.11217 6.78511 5.37266 7.70437 7.40306 5.35279 7.69038 7.35661 9.30122 4.02327 6.83155 9.28135 4.00927 6.78511 9.32956 4.06072 6.78511 5.40643 7.73674 7.42672 9.33499 4.05563 6.85522 5.36547 7.71111 7.31017 5.39557 7.74691 7.28651 9.29402 4.03001 6.73866 9.32413 4.06581 6.715 5.35279 7.69038 7.35661 9.28135 4.00927 6.78511 5.40134 7.69637 7.40454 5.41728 7.74183 7.42521 2.3498 8.48269 8.08081 2.35014 8.43723 8.12873
2.36608 8.48269 8.1494 5.38523 7.67321 7.36036 2.33403 8.41407 8.08455 5.42223 7.78728 7.39958 5.41677 7.81044 7.35287 2.37103 8.52814 8.12377 2.36557 8.5513 8.07706 5.41728 7.74183 7.42521 2.36608 8.48269 8.1494 5.40066 7.78728 7.30869 5.38472 7.74183 7.28802 2.34946 8.52814 8.03288 2.33352 8.48269 8.01221 5.41677 7.81044 7.35287 2.36557 8.5513 8.07706 5.37977 7.69637 7.31365 5.38523 7.67321 7.36036 2.32856 8.43723 8.03784 2.33403 8.41407 8.08455 5.38472 7.74183 7.28802 2.33352 8.48269 8.01221 5.899 10.001 0.801 5.9039 9.94446 0.857335 5.90711 10.001 0.885971 1.54071 10.0375 1.217 1.54561 9.98093 1.27333 1.54882 10.0375 1.30197 5.89829 9.91565 0.801068 1.54 9.95212 1.21707 5.90484 10.0575 0.857245 5.89971 10.0864 0.800932 1.54655 10.094 1.27324
1.54141 10.1228 1.21693 5.90711 10.001 0.885971 1.54882 10.0375 1.30197 5.8941 10.0575 0.744665 5.89089 10.001 0.716029 1.5358 10.094 1.16066 1.53259 10.0375 1.13203 5.89971 10.0864 0.800932 1.54141 10.1228 1.21693 5.89316 9.94446 0.744755 5.89829 9.91565 0.801068 1.53486 9.98093 1.16075 1.54 9.95212 1.21707 5.89089 10.001 0.716029 1.53259 10.0375 1.13203 5.94992 9.95237 0.763084 5.93681 10.001 0.724471 7.0499 10.7628 1.36954 7.10082 10.7142 1.33162 7.0877 10.7628 1.29301 5.93806 9.9276 0.820294 7.08896 10.6894 1.38883 5.89817 10.0496 0.737521 5.85994 10.0744 0.781706 7.04907 10.8115 1.30606 7.01084 10.8362 1.35024 5.93681 10.001 0.724471 7.0877 10.7628 1.29301 5.84808 10.0496 0.838916 5.8612 10.001 0.877529 6.99898 10.8115 1.40745 7.0121 10.7628 1.44607
5.85994 10.0744 0.781706 7.01084 10.8362 1.35024 5.89983 9.95237 0.864479 5.93806 9.9276 0.820294 7.05073 10.7142 1.43302 7.08896 10.6894 1.38883 5.8612 10.001 0.877529 7.0121 10.7628 1.44607 5.599 4.97253 4.97227 5.61245 4.91868 4.91751 5.63538 4.97253 4.89741 9.32956 4.06072 6.78511 9.34301 4.00687 6.73035 9.36593 4.06072 6.71025 5.58293 4.89125 4.96446 9.31349 3.97944 6.7773 5.63374 5.02638 4.92786 5.61507 5.05382 4.98008 9.3643 4.11457 6.74069 9.34563 4.14201 6.79292 5.63538 4.97253 4.89741 9.36593 4.06072 6.71025 5.58555 5.02638 5.02703 5.56262 4.97253 5.04713 9.31611 4.11457 6.83987 9.29318 4.06072 6.85997 5.61507 5.05382 4.98008 9.34563 4.14201 6.79292 5.56426 4.91868 5.01669 5.58293 4.89125 4.96446 9.29481 4.00687 6.82952 9.31349 3.97944 6.7773
5.56262 4.97253 5.04713 9.29318 4.06072 6.85997 5.58684 4.9174 5.02605 5.58169 4.97253 5.05368 3.601 4.999 4.54753 3.58884 4.94387 4.60131 3.58369 4.999 4.62893 5.59795 4.88931 4.97205 3.59995 4.91578 4.5473 5.58823 5.02766 5.02635 5.60005 5.05575 4.97249 3.59023 5.05413 4.6016 3.60205 5.08222 4.54775 5.58169 4.97253 5.05368 3.58369 4.999 4.62893 5.61116 5.02766 4.91849 5.61631 4.97253 4.89086 3.61316 5.05413 4.49375 3.61831 4.999 4.46612 5.60005 5.05575 4.97249 3.60205 5.08222 4.54775 5.60977 4.9174 4.91819 5.59795 4.88931 4.97205 3.61177 4.94387 4.49345 3.59995 4.91578 4.5473 5.61631 4.97253 4.89086 3.61831 4.999 4.46612 6.76043 23.801 10.3554 6.68249 23.8473 10.2849 6.76043 23.8382 10.2386 6.45395 22.799 10.0364 6.376 22.8453 9.96597
6.45395 22.8362 9.91966 6.64277 23.8337 10.3658 6.33628 22.8317 10.0468 6.83838 23.804 10.2711 6.8781 23.7683 10.345 6.5319 22.802 9.95219 6.57161 22.7663 10.026 6.76043 23.8382 10.2386 6.45395 22.8362 9.91966 6.83838 23.7547 10.4259 6.76043 23.7638 10.4722 6.5319 22.7527 10.1069 6.45395 22.7618 10.1532 6.8781 23.7683 10.345 6.57161 22.7663 10.026 6.68249 23.798 10.4397 6.64277 23.8337 10.3658 6.376 22.796 10.1207 6.33628 22.8317 10.0468 6.76043 23.7638 10.4722 6.45395 22.7618 10.1532 6.6823 23.7963 10.4394 6.76043 23.7623 10.4717 7.03775 24.7333 10.6654 6.95961 24.7286 10.7494 7.03775 24.6946 10.7817 6.64248 23.8326 10.3659 6.9198 24.7649 10.6759 6.83857 23.7545 10.4255 6.87839 23.7694 10.3449 7.11589 24.6868 10.7355 7.15571 24.7017 10.6549
6.76043 23.7623 10.4717 7.03775 24.6946 10.7817 6.83857 23.8057 10.2714 6.76043 23.8397 10.2391 7.11589 24.738 10.5814 7.03775 24.772 10.5491 6.87839 23.7694 10.3449 7.15571 24.7017 10.6549 6.6823 23.8475 10.2853 6.64248 23.8326 10.3659 6.95961 24.7799 10.5953 6.9198 24.7649 10.6759 6.76043 23.8397 10.2391 7.03775 24.772 10.5491 6.94312 19.299 19.0468 6.87556 19.3307 18.9725 6.94312 19.2997 18.9344 5.72124 16.6596 19.03 5.65368 16.6913 18.9558 5.72124 16.6603 18.9177 6.84114 19.3462 19.0471 5.61926 16.7068 19.0303 7.01068 19.2682 18.9722 7.0451 19.2518 19.0465 5.7888 16.6288 18.9554 5.82322 16.6123 19.0297 6.94312 19.2997 18.9344 5.72124 16.6603 18.9177 7.01068 19.2673 19.121 6.94312 19.2983 19.1592 5.7888 16.6278 19.1043 5.72124 16.6588 19.1424
7.0451 19.2518 19.0465 5.82322 16.6123 19.0297 6.87556 19.3298 19.1214 6.84114 19.3462 19.0471 5.65368 16.6904 19.1047 5.61926 16.7068 19.0303 6.94312 19.2983 19.1592 5.72124 16.6588 19.1424 6.87226 19.3142 19.1232 6.94312 19.2877 19.1586 7.27356 20.3196 19.1498 7.2027 20.3349 19.2262 7.27356 20.3084 19.2616 6.83615 19.3333 19.0503 7.16659 20.3539 19.1533 7.01398 19.2688 19.1186 7.05009 19.2647 19.0433 7.34442 20.2895 19.2216 7.38053 20.2854 19.1464 6.94312 19.2877 19.1586 7.27356 20.3084 19.2616 7.01398 19.2838 18.9704 6.94312 19.3103 18.935 7.34442 20.3044 19.0735 7.27356 20.3309 19.038 7.05009 19.2647 19.0433 7.38053 20.2854 19.1464 6.87226 19.3292 18.975 6.83615 19.3333 19.0503 7.2027 20.3498 19.078 7.16659 20.3539 19.1533 6.94312 19.3103 18.935
7.27356 20.3309 19.038 6.399 24.9032 11.499 6.46551 24.8356 11.5523 6.44952 24.9032 11.6036 2.97398 22.8394 13.1537 3.04049 22.7718 13.207 3.02451 22.8394 13.2583 6.44887 24.8011 11.4749 3.02385 22.7373 13.1296 6.39943 24.9708 11.5842 6.34913 25.0053 11.5231 2.97441 22.907 13.239 2.92411 22.9415 13.1778 6.44952 24.9032 11.6036 3.02451 22.8394 13.2583 6.33249 24.9708 11.4457 6.34848 24.9032 11.3944 2.90748 22.907 13.1004 2.92346 22.8394 13.0491 6.34913 25.0053 11.5231 2.92411 22.9415 13.1778 6.39857 24.8356 11.4138 6.44887 24.8011 11.4749 2.97355 22.7718 13.0685 3.02385 22.7373 13.1296 6.34848 24.9032 11.3944 2.92346 22.8394 13.0491 6.33046 24.8273 11.462 6.30681 24.9032 11.4284 7.03775 24.7333 10.6654 6.96921 24.6574 10.6284 6.94557 24.7333 10.5948
6.38772 24.7886 11.5137 7.02647 24.6187 10.6802 6.34541 24.9792 11.4424 6.41028 25.0179 11.4843 6.98416 24.8093 10.6089 7.04903 24.848 10.6507 6.30681 24.9032 11.4284 6.94557 24.7333 10.5948 6.46754 24.9792 11.536 6.49119 24.9032 11.5696 7.1063 24.8093 10.7025 7.12994 24.7333 10.7361 6.41028 25.0179 11.4843 7.04903 24.848 10.6507 6.4526 24.8273 11.5555 6.38772 24.7886 11.5137 7.09135 24.6574 10.722 7.02647 24.6187 10.6802 6.49119 24.9032 11.5696 7.12994 24.7333 10.7361 6.399 13.8197 9.75008 6.35775 13.7419 9.68135 6.35599 13.8197 9.63888 9.95 13.15 8.37661 9.90875 13.0722 8.30788 9.90699 13.15 8.26541 6.37974 13.7022 9.75753 9.93074 13.0326 8.38406 6.38327 13.8975 9.67148 6.41826 13.9371 9.74263 9.93427 13.2278 8.29801 9.96926 13.2674 8.36916
6.35599 13.8197 9.63888 9.90699 13.15 8.26541 6.44025 13.8975 9.81881 6.44201 13.8197 9.86128 9.99125 13.2278 8.44534 9.99301 13.15 8.48781 6.41826 13.9371 9.74263 9.96926 13.2674 8.36916 6.41473 13.7419 9.82869 6.37974 13.7022 9.75753 9.96573 13.0722 8.45521 9.93074 13.0326 8.38406 6.44201 13.8197 9.86128 9.99301 13.15 8.48781 6.40443 13.7407 9.82892 6.41076 13.8197 9.86873 5.39316 13.85 9.84979 5.39859 13.7711 9.92862 5.40492 13.85 9.96844 6.39544 13.7005 9.75044 5.3896 13.7308 9.85014 6.40915 13.8986 9.82845 6.40256 13.9388 9.74973 5.40331 13.9289 9.92815 5.39672 13.9692 9.84943 6.41076 13.8197 9.86873 5.40492 13.85 9.96844 6.39357 13.8986 9.67125 6.38724 13.8197 9.63143 5.38772 13.9289 9.77095 5.3814 13.85 9.73114 6.40256 13.9388 9.74973
5.39672 13.9692 9.84943 6.38885 13.7407 9.67172 6.39544 13.7005 9.75044 5.38301 13.7711 9.77142 5.3896 13.7308 9.85014 6.38724 13.8197 9.63143 5.3814 13.85 9.73114 5.8392 9.27532 13.0647 5.78829 9.29505 13.0175 5.8392 9.29966 12.9916 5.62582 6.5589 12.1606 5.57491 6.57863 12.1133 5.62582 6.58324 12.0875 5.76235 9.28076 13.0665 5.54897 6.56434 12.1624 5.89011 9.28784 13.0151 5.91605 9.26989 13.0629 5.67673 6.57143 12.111 5.70267 6.55347 12.1588 5.8392 9.29966 12.9916 5.62582 6.58324 12.0875 5.89011 9.2556 13.112 5.8392 9.25099 13.1378 5.67673 6.53918 12.2078 5.62582 6.53457 12.2337 5.91605 9.26989 13.0629 5.70267 6.55347 12.1588 5.78829 9.2628 13.1144 5.76235 9.28076 13.0665 5.57491 6.54638 12.2102 5.54897 6.56434 12.1624 5.8392 9.25099 13.1378
5.62582 6.53457 12.2337 5.7882 9.24467 13.1056 5.8392 9.22643 13.1243 5.94555 11.1448 14.599 5.89455 11.1142 14.6399 5.94555 11.0959 14.6586 5.76221 9.27794 13.0669 5.86856 11.1474 14.6011 5.8902 9.2412 13.1028 5.91619 9.27271 13.0626 5.99655 11.1107 14.637 6.02254 11.1422 14.5969 5.8392 9.22643 13.1243 5.94555 11.0959 14.6586 5.8902 9.30598 13.0238 5.8392 9.32421 13.0052 5.99655 11.1755 14.5581 5.94555 11.1937 14.5394 5.91619 9.27271 13.0626 6.02254 11.1422 14.5969 5.7882 9.30944 13.0267 5.76221 9.27794 13.0669 5.89455 11.1789 14.561 5.86856 11.1474 14.6011 5.8392 9.32421 13.0052 5.94555 11.1937 14.5394 6.78537 4.95511 14.25 6.83337 4.87304 14.1811 6.87158 4.95511 14.159 9.899 4.299 17.201 9.947 4.21693 17.1321 9.98521 4.299 17.11
6.77162 4.83123 14.237 9.88525 4.17511 17.188 6.85159 5.03718 14.1984 6.79912 5.079 14.263 9.96522 4.38107 17.1494 9.91275 4.42289 17.214 6.87158 4.95511 14.159 9.98521 4.299 17.11 6.73737 5.03718 14.3189 6.69915 4.95511 14.341 9.851 4.38107 17.2699 9.81279 4.299 17.292 6.79912 5.079 14.263 9.91275 4.42289 17.214 6.71914 4.87304 14.3016 6.77162 4.83123 14.237 9.83278 4.21693 17.2526 9.88525 4.17511 17.188 6.69915 4.95511 14.341 9.81279 4.299 17.292 6.70938 5.00061 14.3271 6.78537 5.05453 14.3263 5.62582 6.5589 12.1606 5.54983 6.6044 12.2377 5.62582 6.65832 12.2369 6.67066 4.92437 14.2901 5.51111 6.52816 12.2006 6.86135 5.04134 14.274 6.90007 4.98586 14.2099 5.70181 6.64513 12.1846 5.74052 6.58965 12.1205 6.78537 5.05453 14.3263
5.62582 6.65832 12.2369 6.86135 4.90962 14.1729 6.78537 4.8557 14.1737 5.70181 6.51341 12.0835 5.62582 6.45949 12.0843 6.90007 4.98586 14.2099 5.74052 6.58965 12.1205 6.70938 4.86889 14.226 6.67066 4.92437 14.2901 5.54983 6.47268 12.1366 5.51111 6.52816 12.2006 6.78537 4.8557 14.1737 5.62582 6.45949 12.0843 9.13042 19.7466 25.8636 9.19842 19.6673 25.9134 9.20994 19.7466 25.9582 5.82447 18.6565 28.6447 5.89247 18.5772 28.6945 5.90399 18.6565 28.7393 9.15355 19.6268 25.8442 5.8476 18.5368 28.6253 9.16778 19.826 25.9391 9.1073 19.8664 25.8831 5.86183 18.7359 28.7202 5.80134 18.7763 28.6642 9.20994 19.7466 25.9582 5.90399 18.6565 28.7393 9.06242 19.8259 25.8139 9.0509 19.7466 25.7691 5.75647 18.7359 28.595 5.74495 18.6565 28.5502 9.1073 19.8664 25.8831
5.80134 18.7763 28.6642 9.09306 19.6673 25.7881 9.15355 19.6268 25.8442 5.78711 18.5772 28.5692 5.8476 18.5368 28.6253 9.0509 19.7466 25.7691 5.74495 18.6565 28.5502 9.05098 19.8165 25.9105 9.13042 19.8304 25.9544 9.95 22.1859 23.6133 9.87055 22.2558 23.6602 9.95 22.2697 23.7041 9.0105 19.7684 25.8436 9.83008 22.2077 23.5933 9.20987 19.7877 25.9371 9.25035 19.7248 25.8837 10.0294 22.227 23.6868 10.0699 22.1641 23.6334 9.13042 19.8304 25.9544 9.95 22.2697 23.7041 9.20987 19.6767 25.8168 9.13042 19.6628 25.7728 10.0294 22.116 23.5665 9.95 22.1021 23.5225 9.25035 19.7248 25.8837 10.0699 22.1641 23.6334 9.05098 19.7055 25.7902 9.0105 19.7684 25.8436 9.87055 22.1448 23.5399 9.83008 22.2077 23.5933 9.13042 19.6628 25.7728 9.95 22.1021 23.5225
5.97244 3.601 11.6592 5.91738 3.58547 11.7128 5.97244 3.58702 11.7417 5.62582 6.5589 12.1606 5.57076 6.54337 12.2142 5.62582 6.54492 12.2431 5.88933 3.59153 11.6576 5.54271 6.54944 12.159 6.0275 3.59801 11.7149 6.05555 3.61047 11.6608 5.68088 6.55591 12.2163 5.70893 6.56837 12.1622 5.97244 3.58702 11.7417 5.62582 6.54492 12.2431 6.0275 3.61653 11.6056 5.97244 3.61498 11.5767 5.68088 6.57444 12.107 5.62582 6.57289 12.0781 6.05555 3.61047 11.6608 5.70893 6.56837 12.1622 5.91738 3.60399 11.6035 5.88933 3.59153 11.6576 5.57076 6.56189 12.1049 5.54271 6.54944 12.159 5.97244 3.61498 11.5767 5.62582 6.57289 12.0781 6.02496 3.57611 11.6066 6.03375 3.54408 11.6592 3.51666 0.955492 10.4585 3.56919 0.930607 10.4059 3.57798 0.898573 10.4585 5.9904 3.62035 11.5798
3.53463 0.974846 10.3791 6.00116 3.55047 11.7118 5.95447 3.58165 11.7386 3.54538 0.904964 10.5111 3.4987 0.936138 10.5379 6.03375 3.54408 11.6592 3.57798 0.898573 10.4585 5.91992 3.62589 11.7118 5.91112 3.65792 11.6592 3.46414 0.980378 10.5111 3.45535 1.01241 10.4585 5.95447 3.58165 11.7386 3.4987 0.936138 10.5379 5.94372 3.65153 11.6066 5.9904 3.62035 11.5798 3.48795 1.00602 10.4059 3.53463 0.974846 10.3791 5.91112 3.65792 11.6592 3.45535 1.01241 10.4585 6.75003 1.98384 15.2105 6.82699 1.91718 15.1663 6.81333 1.98384 15.1104 9.899 4.299 17.201 9.97596 4.23234 17.1568 9.96231 4.299 17.1008 6.80289 1.88321 15.244 9.95186 4.19837 17.2344 6.75694 2.05051 15.1221 6.69716 2.08447 15.1771 9.90592 4.36566 17.1125 9.84614 4.39963 17.1676 6.81333 1.98384 15.1104
9.96231 4.299 17.1008 6.67307 2.05051 15.2547 6.68672 1.98384 15.3107 9.82204 4.36566 17.2452 9.83569 4.299 17.3012 6.69716 2.08447 15.1771 9.84614 4.39963 17.1676 6.74311 1.91718 15.299 6.80289 1.88321 15.244 9.89208 4.23234 17.2895 9.95186 4.19837 17.2344 6.68672 1.98384 15.3107 9.83569 4.299 17.3012 6.67334 2.03443 15.1482 6.75003 2.03771 15.105 6.47096 0.84493 14.6292 6.39428 0.895521 14.5669 6.47096 0.898798 14.5236 6.63427 2.00634 15.222 6.3552 0.86743 14.6406 6.82671 2.00462 15.133 6.86578 1.96134 15.1991 6.54764 0.86571 14.5516 6.58672 0.822429 14.6177 6.75003 2.03771 15.105 6.47096 0.898798 14.5236 6.82671 1.93325 15.2728 6.75003 1.92997 15.3161 6.54764 0.794338 14.6915 6.47096 0.791061 14.7347 6.86578 1.96134 15.1991 6.58672 0.822429 14.6177
6.67334 1.96306 15.2881 6.63427 2.00634 15.222 6.39428 0.824149 14.7067 6.3552 0.86743 14.6406 6.75003 1.92997 15.3161 6.47096 0.791061 14.7347 6.15 11.3351 6.20954 6.21325 11.2646 6.1577 6.20711 11.3351 6.1094 9.95 13.15 8.37661 10.0133 13.0795 8.32477 10.0071 13.15 8.27647 6.18837 11.2287 6.23143 9.98837 13.0435 8.3985 6.16241 11.4057 6.12871 6.11163 11.4416 6.18766 9.96241 13.2205 8.29578 9.91163 13.2565 8.35473 6.20711 11.3351 6.1094 10.0071 13.15 8.27647 6.08675 11.4057 6.26138 6.09289 11.3351 6.30968 9.88675 13.2205 8.42845 9.89289 13.15 8.47675 6.11163 11.4416 6.18766 9.91163 13.2565 8.35473 6.13759 11.2646 6.29038 6.18837 11.2287 6.23143 9.93759 13.0795 8.45745 9.98837 13.0435 8.3985 6.09289 11.3351 6.30968 9.89289 13.15 8.47675
6.15758 11.2588 6.28553 6.16153 11.3351 6.32424 4.26486 11.3364 6.399 4.27244 11.2601 6.47499 4.27639 11.3364 6.5137 6.14992 11.2199 6.20955 4.26478 11.2212 6.39901 6.15769 11.4115 6.28552 6.15008 11.4504 6.20954 4.27255 11.4128 6.47498 4.26494 11.4517 6.39899 6.16153 11.3351 6.32424 4.27639 11.3364 6.5137 6.14242 11.4115 6.13355 6.13847 11.3351 6.09484 4.25727 11.4128 6.32301 4.25333 11.3364 6.2843 6.15008 11.4504 6.20954 4.26494 11.4517 6.39899 6.14231 11.2588 6.13356 6.14992 11.2199 6.20955 4.25717 11.2601 6.32302 4.26478 11.2212 6.39901 6.13847 11.3351 6.09484 4.25333 11.3364 6.2843 6.92848 17.3572 8.78056 6.88503 17.3313 8.72443 6.92848 17.3649 8.70031 9.90655 13.1242 8.32048 9.95 13.1577 8.29636 6.86289 17.3105 8.77608 9.88441 13.1033 8.37213
6.97192 17.3932 8.73037 6.99406 17.4038 8.78504 9.99345 13.186 8.32642 10.0156 13.1967 8.38109 6.92848 17.3649 8.70031 9.95 13.1577 8.29636 6.97192 17.383 8.8367 6.92848 17.3495 8.86081 9.99345 13.1758 8.43274 9.95 13.1423 8.45686 9.95 13.15 8.37661 6.99406 17.4038 8.78504 10.0156 13.1967 8.38109 6.88503 17.3211 8.83076 6.86289 17.3105 8.77608 9.90655 13.114 8.42681 9.88441 13.1033 8.37213 6.92848 17.3495 8.86081 9.95 13.1423 8.45686 6.87524 17.3991 8.81385 6.92848 17.4161 8.83554 7.15155 19.2466 6.75384 7.09832 19.2886 6.78713 7.15155 19.3056 6.80882 6.84811 17.3616 8.77583 7.07119 19.251 6.74911 6.98171 17.3933 8.82012 7.00884 17.3527 8.78529 7.20479 19.2828 6.79339 7.23191 19.2422 6.75857 6.92848 17.4161 8.83554 7.15155 19.3056 6.80882
6.98171 17.3152 8.74728 6.92848 17.2982 8.72559 7.20479 19.2046 6.72056 7.15155 19.1877 6.69886 7.00884 17.3527 8.78529 7.23191 19.2422 6.75857 6.87524 17.321 8.74101 6.84811 17.3616 8.77583 7.09832 19.2105 6.71429 7.07119 19.251 6.74911 6.92848 17.2982 8.72559 7.15155 19.1877 6.69886 7.11618 22.201 16.899 7.05893 22.1444 16.8391 7.11618 22.1773 16.7945 7.78492 21.3106 17.101 7.72767 21.254 17.0411 7.78492 21.2869 16.9965 7.02976 22.1393 16.913 7.6985 21.2489 17.115 7.17343 22.2262 16.8205 7.2026 22.2627 16.885 7.84217 21.3358 17.0225 7.87134 21.3723 17.087 7.11618 22.1773 16.7945 7.78492 21.2869 16.9965 7.17343 22.2576 16.9589 7.11618 22.2247 17.0035 7.84217 21.3672 17.1609 7.78492 21.3343 17.2055 7.2026 22.2627 16.885 7.87134 21.3723 17.087
7.05893 22.1758 16.9775 7.02976 22.1393 16.913 7.72767 21.2854 17.1795 7.6985 21.2489 17.115 7.11618 22.2247 17.0035 7.78492 21.3343 17.2055 7.05718 22.1741 16.9756 7.11618 22.2191 17.0046 6.53555 23.0573 16.7525 6.47655 23.0304 16.8291 6.53555 23.0753 16.8581 7.02712 22.1423 16.909 6.44649 22.9986 16.7626 7.17518 22.2518 16.9623 7.20524 22.2597 16.889 6.59455 23.1081 16.8158 6.62461 23.116 16.7425 7.11618 22.2191 17.0046 6.53555 23.0753 16.8581 7.17518 22.2279 16.8224 7.11618 22.1829 16.7934 6.59455 23.0842 16.6759 6.53555 23.0392 16.6469 7.20524 22.2597 16.889 6.62461 23.116 16.7425 7.05718 22.1502 16.8357 7.02712 22.1423 16.909 6.47655 23.0065 16.6892 6.44649 22.9986 16.7626 7.11618 22.1829 16.7934 6.53555 23.0392 16.6469 6.25 0.05 0.103327
6.23273 0.0779654 0.0716184 6.2171 0.0859767 0.103327 9.95 3.43315 1.07158 9.93273 3.46111 1.03987 9.9171 3.46912 1.07158 6.25682 0.0562378 0.0554622 9.95682 3.43939 1.02371 6.22369 0.0697008 0.135035 6.24318 0.0437622 0.151191 9.92369 3.45285 1.10328 9.94318 3.42691 1.11944 6.2171 0.0859767 0.103327 9.9171 3.46912 1.07158 6.26727 0.0220346 0.135035 6.2829 0.0140233 0.103327 9.96727 3.40518 1.10328 9.9829 3.39717 1.07158 6.24318 0.0437622 0.151191 9.94318 3.42691 1.11944 6.27631 0.0302992 0.0716184 6.25682 0.0562378 0.0554622 9.97631 3.41345 1.03987 9.95682 3.43939 1.02371 6.2829 0.0140233 0.103327 9.9829 3.39717 1.07158 6.2484 0.0178379 0.135713 6.25199 0.05 0.152035 5.18188 0.146973 0.147018 5.18029 0.11481 0.179404 5.18387 0.146973 0.195726 6.2456 0.00145045 0.103507 5.17748 0.098423 0.147198
6.25423 0.0821621 0.135475 6.2544 0.0985496 0.103147 5.18612 0.179135 0.179166 5.18628 0.195522 0.146838 6.25199 0.05 0.152035 5.18387 0.146973 0.195726 6.2516 0.0821621 0.0709402 6.24801 0.05 0.0546185 5.18348 0.179135 0.114631 5.17989 0.146973 0.0983096 6.2544 0.0985496 0.103147 5.18628 0.195522 0.146838 6.24577 0.0178379 0.0711787 6.2456 0.00145045 0.103507 5.17765 0.11481 0.11487 5.17748 0.098423 0.147198 6.24801 0.05 0.0546185 5.17989 0.146973 0.0983096 6.48494 21.8498 21.601 6.51207 21.8027 21.5621 6.52074 21.8498 21.5393 9.95 22.1859 23.6133 9.97713 22.1388 23.5745 9.9858 22.1859 23.5517 6.49009 21.7787 21.604 9.95515 22.1149 23.6163 6.50524 21.8968 21.5582 6.47978 21.9208 21.598 9.97031 22.233 23.5705 9.94485 22.257 23.6103 6.52074 21.8498 21.5393 9.9858 22.1859 23.5517
6.4578 21.8968 21.6399 6.44913 21.8498 21.6627 9.92287 22.233 23.6522 9.9142 22.1859 23.675 6.47978 21.9208 21.598 9.94485 22.257 23.6103 6.46463 21.8027 21.6438 6.49009 21.7787 21.604 9.92969 22.1388 23.6562 9.95515 22.1149 23.6163 6.44913 21.8498 21.6627 9.9142 22.1859 23.675 6.43937 21.8832 21.5654 6.48494 21.9102 21.5632 7.27356 20.3196 19.1498 7.228 20.3531 19.1143 7.27356 20.3801 19.1121 6.41616 21.8398 21.5851 7.20478 20.3097 19.1339 6.5305 21.8964 21.5865 6.55372 21.8597 21.6169 7.31913 20.3663 19.1354 7.34234 20.3296 19.1657 6.48494 21.9102 21.5632 7.27356 20.3801 19.1121 6.5305 21.8163 21.6366 6.48494 21.7893 21.6388 7.31913 20.2862 19.1854 7.27356 20.2592 19.1876 6.55372 21.8597 21.6169 7.34234 20.3296 19.1657 6.43937 21.8031 21.6155
6.41616 21.8398 21.5851 7.228 20.273 19.1643 7.20478 20.3097 19.1339 6.48494 21.7893 21.6388 7.27356 20.2592 19.1876 6.87218 13.801 2.97221 6.81942 13.7882 3.03441 6.87218 13.8187 3.05854 5.199 17.2613 2.26412 5.14624 17.2485 2.32633 5.199 17.279 2.35046 6.79254 13.764 2.97977 5.11936 17.2244 2.27169 6.92493 13.8372 3.02439 6.95181 13.838 2.96464 5.25176 17.2975 2.3163 5.27864 17.2983 2.25656 6.87218 13.8187 3.05854 5.199 17.279 2.35046 6.92493 13.8138 2.91001 6.87218 13.7833 2.88587 5.25176 17.2741 2.20192 5.199 17.2437 2.17779 6.95181 13.838 2.96464 5.27864 17.2983 2.25656 6.81942 13.7648 2.92003 6.79254 13.764 2.97977 5.14624 17.2251 2.21194 5.11936 17.2244 2.27169 6.87218 13.7833 2.88587 5.199 17.2437 2.17779 6.81557 13.79 2.91313
6.87218 13.7647 2.8919 6.42675 12.1926 3.699 6.37015 12.1816 3.63992 6.42675 12.1563 3.6187 6.78673 13.8206 2.96333 6.34131 12.2122 3.69012 6.92878 13.7639 2.92489 6.95762 13.7813 2.98109 6.48335 12.1555 3.65168 6.5122 12.1729 3.70788 6.87218 13.7647 2.8919 6.42675 12.1563 3.6187 6.92878 13.812 3.03129 6.87218 13.8373 3.05251 6.48335 12.2036 3.75808 6.42675 12.2289 3.7793 6.95762 13.7813 2.98109 6.5122 12.1729 3.70788 6.81557 13.8381 3.01952 6.78673 13.8206 2.96333 6.37015 12.2296 3.74632 6.34131 12.2122 3.69012 6.87218 13.8373 3.05251 6.42675 12.2289 3.7793 7.04922 11.801 4.701 6.9885 11.7456 4.76926 7.04922 11.6939 4.7403 9.95 13.15 8.37661 9.88929 13.0946 8.44487 9.95 13.0429 8.41591 6.95757 11.8244 4.76474 9.85835 13.1734 8.44035
7.10993 11.7146 4.68481 7.14086 11.7776 4.63726 10.0107 13.0636 8.36042 10.0416 13.1266 8.31287 7.04922 11.6939 4.7403 9.95 13.0429 8.41591 7.10993 11.8564 4.63274 7.04922 11.9081 4.6617 10.0107 13.2054 8.30835 9.95 13.2571 8.33731 7.14086 11.7776 4.63726 10.0416 13.1266 8.31287 6.9885 11.8874 4.71719 6.95757 11.8244 4.76474 9.88929 13.2364 8.3928 9.85835 13.1734 8.44035 7.04922 11.9081 4.6617 9.95 13.2571 8.33731 6.98381 11.8576 4.76375 7.04922 11.9072 4.74252 6.36135 12.2492 3.76175 6.42675 12.2988 3.74052 6.95049 11.7802 4.7542 6.32803 12.1718 3.7522 7.11462 11.8852 4.69326 7.14794 11.8218 4.6478 6.49215 12.2767 3.69126 6.52548 12.2134 3.6458 7.04922 11.9072 4.74252 6.42675 12.2988 3.74052 7.11462 11.7444 4.63825 7.04922 11.6948 4.65948
6.49215 12.136 3.63625 6.42675 12.0864 3.65748 6.42675 12.1926 3.699 7.14794 11.8218 4.6478 6.52548 12.2134 3.6458 6.98381 11.7168 4.70874 6.95049 11.7802 4.7542 6.36135 12.1084 3.70674 6.32803 12.1718 3.7522 7.04922 11.6948 4.65948 6.42675 12.0864 3.65748 6.95022 25.899 9.499 6.90194 25.9507 9.5083 6.95022 25.9748 9.49097 5.55756 25.4166 4.95032 5.50928 25.4683 4.95961 5.55756 25.4924 4.94228 6.87734 25.9013 9.52107 5.48468 25.4189 4.97238 6.9985 25.9476 9.47906 7.0231 25.8967 9.47693 5.60584 25.4652 4.93038 5.63045 25.4143 4.92825 6.95022 25.9748 9.49097 5.55756 25.4924 4.94228 6.9985 25.8473 9.4897 6.95022 25.8232 9.50703 5.60584 25.3649 4.94102 5.55756 25.3408 4.95835 7.0231 25.8967 9.47693 5.63045 25.4143 4.92825 6.90194 25.8504 9.51894
6.87734 25.9013 9.52107 5.50928 25.368 4.97026 5.48468 25.4189 4.97238 6.95022 25.8232 9.50703 5.55756 25.3408 4.95835 6.89982 25.8614 9.46522 6.95022 25.8451 9.44515 7.03775 24.7333 10.6654 6.98735 24.6957 10.6316 7.03775 24.6794 10.6116 6.87414 25.8961 9.50186 6.96167 24.7305 10.6683 7.00062 25.8652 9.46143 7.0263 25.9019 9.49614 7.08815 24.6995 10.6279 7.11383 24.7362 10.6626 6.95022 25.8451 9.44515 7.03775 24.6794 10.6116 7.00062 25.9366 9.53278 6.95022 25.9529 9.55285 7.08815 24.7709 10.6992 7.03775 24.7872 10.7193 7.0263 25.9019 9.49614 7.11383 24.7362 10.6626 6.89982 25.9328 9.53657 6.87414 25.8961 9.50186 6.98735 24.7671 10.703 6.96167 24.7305 10.6683 6.95022 25.9529 9.55285 7.03775 24.7872 10.7193 7.76253 27.4589 22.099 7.77796 27.3148 21.9509
7.74588 27.4589 21.8784 9.95 27.8628 21.9338 9.96542 27.7186 21.7857 9.93334 27.8628 21.7133 7.80247 27.2414 22.096 9.98993 27.6452 21.9308 7.72504 27.603 21.9549 7.7226 27.6765 22.102 9.91251 28.0069 21.7897 9.91007 28.0803 21.9368 7.74588 27.4589 21.8784 9.93334 27.8628 21.7133 7.74711 27.603 22.2471 7.77919 27.4589 22.3196 9.93458 28.0069 22.0819 9.96666 27.8628 22.1544 7.7226 27.6765 22.102 9.91007 28.0803 21.9368 7.80002 27.3148 22.2431 7.80247 27.2414 22.096 9.98749 27.7186 22.0779 9.98993 27.6452 21.9308 7.77919 27.4589 22.3196 9.96666 27.8628 22.1544 7.87419 27.3291 22.2157 7.83411 27.4589 22.3083 6.13711 26.5608 22.6549 6.24876 26.431 22.7716 6.20869 26.5608 22.8642 7.8595 27.2629 22.0658 6.23407 26.3648 22.6217 7.74572 27.5888 22.2596
7.66557 27.6549 22.1322 6.12029 26.6907 22.8155 6.04014 26.7569 22.6881 7.83411 27.4589 22.3083 6.20869 26.5608 22.8642 7.65088 27.5888 21.9823 7.69095 27.4589 21.8897 6.02545 26.6907 22.5382 6.06552 26.5608 22.4456 7.66557 27.6549 22.1322 6.04014 26.7569 22.6881 7.77935 27.3291 21.9384 7.8595 27.2629 22.0658 6.15392 26.431 22.4943 6.23407 26.3648 22.6217 7.69095 27.4589 21.8897 6.06552 26.5608 22.4456 7.101 23.15 23.2401 7.01099 23.1411 23.3365 7.101 23.1739 23.3791 6.04709 26.5519 22.7512 6.13711 26.5847 22.7939 6.96513 23.1127 23.2465 6.00123 26.5235 22.6613 7.19101 23.1905 23.328 7.23687 23.1873 23.2337 6.22712 26.6013 22.7428 6.27298 26.5981 22.6485 7.101 23.1739 23.3791 6.13711 26.5847 22.7939 7.19101 23.1589 23.1438 7.101 23.1261 23.1011
6.22712 26.5697 22.5586 6.13711 26.537 22.5159 7.23687 23.1873 23.2337 6.27298 26.5981 22.6485 7.01099 23.1095 23.1523 6.96513 23.1127 23.2465 6.04709 26.5203 22.5671 6.00123 26.5235 22.6613 7.101 23.1261 23.1011 6.13711 26.537 22.5159 7.08367 23.0614 23.1436 7.11932 23.15 23.1003 9.95 22.1859 23.6133 9.93267 22.0973 23.5168 9.96832 22.1859 23.4735 7.05651 23.0163 23.2343 9.90551 22.0522 23.6075 7.14261 23.2386 23.1514 7.14549 23.2837 23.246 9.99161 22.2745 23.5246 9.99449 22.3196 23.6192 7.11932 23.15 23.1003 9.96832 22.1859 23.4735 7.11833 23.2386 23.3366 7.08268 23.15 23.38 9.96733 22.2745 23.7098 9.93168 22.1859 23.7532 7.14549 23.2837 23.246 9.99449 22.3196 23.6192 7.05939 23.0614 23.3289 7.05651 23.0163 23.2343 9.90839 22.0973 23.7021
9.90551 22.0522 23.6075 7.08268 23.15 23.38 9.93168 22.1859 23.7532 7.001 17.2174 2.98609 7.05392 17.0935 2.87336 7.06816 17.2174 2.81104 9.95 17.4475 4.11754 10.0029 17.3236 4.00481 10.0172 17.4475 3.94249 7.01372 17.0304 2.99097 9.96272 17.2605 4.12242 7.03707 17.3413 2.8669 6.98828 17.4044 2.98121 9.98607 17.5713 3.99834 9.93728 17.6345 4.11266 7.06816 17.2174 2.81104 10.0172 17.4475 3.94249 6.94809 17.3413 3.09882 6.93384 17.2174 3.16114 9.89708 17.5713 4.23027 9.88284 17.4475 4.29259 6.98828 17.4044 2.98121 9.93728 17.6345 4.11266 6.96493 17.0935 3.10529 7.01372 17.0304 2.99097 9.91393 17.3236 4.23673 9.96272 17.2605 4.12242 6.93384 17.2174 3.16114 9.88284 17.4475 4.29259 6.9522 17.0933 3.10034 6.93127 17.2174 3.16013 5.199 17.2613 2.26412
5.1502 17.1371 2.37837 5.12927 17.2613 2.43817 6.99707 17.03 2.98451 5.19507 17.0739 2.26255 6.95741 17.3416 3.10243 7.00493 17.4049 2.98767 5.15541 17.3855 2.38046 5.20293 17.4488 2.2657 6.93127 17.2174 3.16013 5.12927 17.2613 2.43817 7.0498 17.3416 2.87184 7.07073 17.2174 2.81205 5.2478 17.3855 2.14987 5.26873 17.2613 2.09008 7.00493 17.4049 2.98767 5.20293 17.4488 2.2657 7.04459 17.0933 2.86975 6.99707 17.03 2.98451 5.24259 17.1371 2.14778 5.19507 17.0739 2.26255 7.07073 17.2174 2.81205 5.26873 17.2613 2.09008 7.90994 18.799 6.11428 7.77177 18.6748 6.0572 7.76482 18.799 5.96601 9.81183 17.3232 4.06045 9.80488 17.4475 3.96927 7.8465 18.6115 6.17638 9.88655 17.2599 4.17964 7.85584 18.9232 5.97492 7.97339 18.9865 6.05218 9.89589 17.5717 3.97818
10.0134 17.635 4.05544 7.76482 18.799 5.96601 9.80488 17.4475 3.96927 8.04811 18.9232 6.17137 8.05506 18.799 6.26255 10.0882 17.5717 4.17462 10.0951 17.4475 4.26581 9.95 17.4475 4.11754 7.97339 18.9865 6.05218 10.0134 17.635 4.05544 7.96405 18.6748 6.25364 7.8465 18.6115 6.17638 10.0041 17.3232 4.2569 9.88655 17.2599 4.17964 8.05506 18.799 6.26255 10.0951 17.4475 4.26581 7.95534 18.6737 6.25579 8.04369 18.799 6.27289 7.15155 19.2466 6.75384 7.19694 19.1213 6.89535 7.2853 19.2466 6.91244 7.84471 18.6099 6.16929 7.08632 19.0575 6.80885 8.04176 18.9243 6.18291 7.97517 18.9881 6.05927 7.28337 19.3719 6.82247 7.21678 19.4357 6.69883 8.04369 18.799 6.27289 7.2853 19.2466 6.91244 7.86455 18.9243 5.97277 7.77619 18.799 5.95568 7.10616 19.3719 6.61233
7.0178 19.2466 6.59524 7.97517 18.9881 6.05927 7.21678 19.4357 6.69883 7.77813 18.6737 6.04566 7.84471 18.6099 6.16929 7.01973 19.1213 6.68521 7.08632 19.0575 6.80885 7.77619 18.799 5.95568 7.0178 19.2466 6.59524 6.401 11.0472 13.4874 6.30731 10.9431 13.4582 6.401 10.8951 13.5008 5.94555 11.1448 14.599 5.85186 11.0407 14.5698 5.94555 10.9927 14.6124 6.25957 11.0422 13.4299 5.80412 11.1398 14.5415 6.49469 10.9498 13.5344 6.54243 11.0523 13.5449 6.03924 11.0474 14.6459 6.08698 11.1499 14.6565 6.401 10.8951 13.5008 5.94555 10.9927 14.6124 6.49469 11.1514 13.5167 6.401 11.1994 13.4741 6.03924 11.249 14.6282 5.94555 11.297 14.5856 6.54243 11.0523 13.5449 6.08698 11.1499 14.6565 6.30731 11.1447 13.4405 6.25957 11.0422 13.4299 5.85186 11.2423 14.5521
5.80412 11.1398 14.5415 6.401 11.1994 13.4741 5.94555 11.297 14.5856 6.38766 10.9478 13.3854 6.35383 11.0472 13.3421 8.26321 11.418 12.8829 8.24987 11.3186 12.7808 8.21604 11.418 12.7376 6.42803 10.8972 13.4787 8.29024 11.2679 12.8741 6.35185 11.1467 13.397 6.37397 11.1973 13.4962 8.21405 11.5174 12.7924 8.23617 11.5681 12.8917 6.35383 11.0472 13.3421 8.21604 11.418 12.7376 6.41434 11.1467 13.5895 6.44817 11.0472 13.6327 8.27654 11.5174 12.9849 8.31037 11.418 13.0282 6.37397 11.1973 13.4962 8.23617 11.5681 12.8917 6.45015 10.9478 13.5779 6.42803 10.8972 13.4787 8.31236 11.3186 12.9733 8.29024 11.2679 12.8741 6.44817 11.0472 13.6327 8.31037 11.418 13.0282 6.58137 27.901 0.17314 6.54581 27.9042 0.128574 6.58137 27.8789 0.116336 4.97188 25.1124 1.25794
4.93632 25.1156 1.21338 4.97188 25.0903 1.20114 6.5277 27.9279 0.162672 4.9182 25.1394 1.24747 6.61693 27.8685 0.142444 6.63505 27.8741 0.183608 5.00744 25.08 1.22725 5.02556 25.0855 1.26841 6.58137 27.8789 0.116336 4.97188 25.0903 1.20114 6.61693 27.8978 0.217705 6.58137 27.9231 0.229944 5.00744 25.1093 1.30251 4.97188 25.1345 1.31475 6.63505 27.8741 0.183608 5.02556 25.0855 1.26841 6.54581 27.9335 0.203836 6.5277 27.9279 0.162672 4.93632 25.1449 1.28864 4.9182 25.1394 1.24747 6.58137 27.9231 0.229944 4.97188 25.1345 1.31475 6.54453 27.9133 0.214993 6.58137 27.8948 0.233773 7.24398 29.3721 0.324145 7.20713 29.3844 0.365998 7.24398 29.3658 0.384778 6.52575 27.9258 0.175685 7.18836 29.3968 0.32669 6.61822 27.8805 0.211621 6.637 27.8762 0.170595 7.28083 29.3515 0.362626
7.29961 29.3473 0.3216 6.58137 27.8948 0.233773 7.24398 29.3658 0.384778 6.61822 27.8887 0.131287 6.58137 27.9072 0.112507 7.28083 29.3598 0.282292 7.24398 29.3783 0.263512 6.637 27.8762 0.170595 7.29961 29.3473 0.3216 6.54453 27.9215 0.134659 6.52575 27.9258 0.175685 7.20713 29.3926 0.285664 7.18836 29.3968 0.32669 6.58137 27.9072 0.112507 7.24398 29.3783 0.263512 6.82011 11.301 2.201 6.76819 11.2493 2.21816 6.82011 11.232 2.24209 6.42675 12.1926 3.699 6.37483 12.1409 3.71616 6.42675 12.1235 3.74009 6.74173 11.292 2.1858 6.34837 12.1835 3.6838 6.87203 11.2613 2.23829 6.89849 11.31 2.2162 6.47867 12.1528 3.73629 6.50513 12.2016 3.7142 6.82011 11.232 2.24209 6.42675 12.1235 3.74009 6.87203 11.3527 2.18384 6.82011 11.37 2.15991 6.47867 12.2443 3.68184
6.42675 12.2616 3.65791 6.89849 11.31 2.2162 6.50513 12.2016 3.7142 6.76819 11.3407 2.16371 6.74173 11.292 2.1858 6.37483 12.2323 3.66171 6.34837 12.1835 3.6838 6.82011 11.37 2.15991 6.42675 12.2616 3.65791 6.76826 11.3391 2.16198 6.82011 11.3685 2.15734 7.0499 10.7628 1.36954 6.99805 10.801 1.33052 7.0499 10.8303 1.32588 6.74184 11.2911 2.18576 6.97163 10.753 1.35429 6.87196 11.3522 2.18218 6.89838 11.3109 2.21624 7.10175 10.8141 1.35071 7.12817 10.7727 1.38478 6.82011 11.3685 2.15734 7.0499 10.8303 1.32588 6.87196 11.2629 2.24002 6.82011 11.2335 2.24466 7.10175 10.7247 1.40856 7.0499 10.6954 1.4132 6.89838 11.3109 2.21624 7.12817 10.7727 1.38478 6.76826 11.2498 2.21982 6.74184 11.2911 2.18576 6.99805 10.7116 1.38836 6.97163 10.753 1.35429
6.82011 11.2335 2.24466 7.0499 10.6954 1.4132 9.95 15.8118 12.1882 9.88511 15.865 12.151 9.95 15.8921 12.1321 9.95 13.15 8.37661 9.88511 13.2032 8.33946 9.95 13.2303 8.32053 9.85205 15.8118 12.1882 9.85205 13.15 8.37661 10.0149 15.865 12.151 10.048 15.8118 12.1882 10.0149 13.2032 8.33946 10.048 13.15 8.37661 9.95 15.8921 12.1321 9.95 13.2303 8.32053 10.0149 15.7586 12.2253 9.95 15.7315 12.2443 10.0149 13.0968 8.41376 9.95 13.0697 8.4327 10.048 15.8118 12.1882 10.048 13.15 8.37661 9.88511 15.7586 12.2253 9.85205 15.8118 12.1882 9.88511 13.0968 8.41376 9.85205 13.15 8.37661 9.95 15.7315 12.2443 9.95 13.0697 8.4327 9.89268 15.7758 12.1263 9.88547 15.7381 12.1882 6.35 18.964 13.6847 6.29268 18.928 13.6227
6.28547 18.8904 13.6847 9.928 15.8311 12.0947 6.328 18.9833 13.5912 9.92182 15.7502 12.2501 9.972 15.7926 12.2817 6.32182 18.9025 13.7466 6.372 18.9448 13.7782 9.88547 15.7381 12.1882 6.28547 18.8904 13.6847 10.0073 15.8479 12.2501 10.0145 15.8855 12.1882 6.40732 19.0001 13.7466 6.41453 19.0377 13.6847 9.972 15.7926 12.2817 6.372 18.9448 13.7782 9.97818 15.8734 12.1263 9.928 15.8311 12.0947 6.37818 19.0256 13.6227 6.328 18.9833 13.5912 10.0145 15.8855 12.1882 6.41453 19.0377 13.6847 6.901 25.6855 13.7636 6.91971 25.6494 13.8114 6.89073 25.6855 13.8298 2.97398 22.8394 13.1537 2.99269 22.8034 13.2015 2.96371 22.8394 13.2199 6.93951 25.631 13.7696 3.01249 22.785 13.1597 6.86868 25.7215 13.8035 6.86249 25.7399 13.7576 2.94167 22.8755 13.1936
2.93547 22.8938 13.1477 6.89073 25.6855 13.8298 2.96371 22.8394 13.2199 6.88229 25.7215 13.7158 6.91127 25.6855 13.6975 2.95528 22.8755 13.1059 2.98426 22.8394 13.0876 6.86249 25.7399 13.7576 2.93547 22.8938 13.1477 6.93332 25.6494 13.7238 6.93951 25.631 13.7696 3.0063 22.8034 13.1139 3.01249 22.785 13.1597 6.91127 25.6855 13.6975 2.98426 22.8394 13.0876 6.92679 25.6411 13.7275 6.94212 25.6855 13.7108 9.84534 25.5311 16.0559 9.87114 25.4868 16.0198 9.88646 25.5311 16.0031 6.89882 25.6186 13.7619 9.84316 25.4642 16.0542 6.92969 25.7298 13.7298 6.90318 25.7523 13.7653 9.87403 25.5754 16.022 9.84752 25.598 16.0576 6.94212 25.6855 13.7108 9.88646 25.5311 16.0031 6.87521 25.7298 13.7997 6.85988 25.6855 13.8164 9.81955 25.5754 16.092 9.80422 25.5311 16.1087
6.90318 25.7523 13.7653 9.84752 25.598 16.0576 6.87231 25.6411 13.7975 6.89882 25.6186 13.7619 9.81666 25.4868 16.0897 9.84316 25.4642 16.0542 6.85988 25.6855 13.8164 9.80422 25.5311 16.1087 7.52909 20.799 18.199 7.4536 20.7378 18.1479 7.52909 20.6944 18.1462 7.27356 20.3196 19.1498 7.19807 20.2585 19.0987 7.27356 20.215 19.0971 7.41514 20.8113 18.1746 7.1596 20.332 19.1254 7.60459 20.7215 18.1802 7.64305 20.7867 18.2234 7.34905 20.2422 19.131 7.38752 20.3073 19.1742 7.52909 20.6944 18.1462 7.27356 20.215 19.0971 7.60459 20.8602 18.2501 7.52909 20.9036 18.2518 7.34905 20.3808 19.2009 7.27356 20.4243 19.2026 7.64305 20.7867 18.2234 7.38752 20.3073 19.1742 7.4536 20.8765 18.2178 7.41514 20.8113 18.1746 7.19807 20.3971 19.1686 7.1596 20.332 19.1254
7.52909 20.9036 18.2518 7.27356 20.4243 19.2026 7.45313 20.8761 18.2172 7.52909 20.9052 18.2485 7.78492 21.3106 17.101 7.70896 21.3877 17.1192 7.78492 21.4168 17.1505 7.41443 20.8092 18.177 7.67026 21.3208 17.079 7.60505 20.8626 18.2463 7.64376 20.7888 18.221 7.86088 21.3742 17.1483 7.89959 21.3004 17.123 7.52909 20.9052 18.2485 7.78492 21.4168 17.1505 7.60505 20.7219 18.1808 7.52909 20.6928 18.1495 7.86088 21.2334 17.0828 7.78492 21.2044 17.0515 7.64376 20.7888 18.221 7.89959 21.3004 17.123 7.45313 20.7354 18.1517 7.41443 20.8092 18.177 7.70896 21.247 17.0537 7.67026 21.3208 17.079 7.52909 20.6928 18.1495 7.78492 21.2044 17.0515 7.85 23.935 0.45989 7.84304 23.8599 0.545547 7.88254 23.935 0.577256 4.97188 25.1124 1.25794 4.96492 25.0374 1.3436
5.00442 25.1124 1.37531 7.80695 23.8217 0.471826 4.92883 24.9991 1.26988 7.90007 24.01 0.529734 7.89305 24.0483 0.447955 5.02195 25.1875 1.32779 5.01492 25.2257 1.24601 7.88254 23.935 0.577256 5.00442 25.1124 1.37531 7.85696 24.01 0.374233 7.81746 23.935 0.342524 4.97884 25.1875 1.17229 4.93934 25.1124 1.14058 7.89305 24.0483 0.447954 5.01492 25.2257 1.24601 7.79993 23.8599 0.390047 7.80695 23.8217 0.471826 4.9218 25.0374 1.1881 4.92883 24.9991 1.26988 7.81746 23.935 0.342524 4.93934 25.1124 1.14058 7.82724 23.86 0.376908 7.86061 23.935 0.338559 8.8267 23.5438 0.545328 8.80395 23.4688 0.462345 8.83732 23.5438 0.423997 7.80504 23.8219 0.455957 8.78174 23.4306 0.541394 7.88682 24.0099 0.382119 7.89496 24.0481 0.463824 8.86352 23.6187 0.467557 8.87167 23.6569 0.549261
7.86061 23.935 0.338559 8.83732 23.5438 0.423997 7.87276 24.0099 0.542873 7.83939 23.935 0.581221 8.84946 23.6187 0.62831 8.81609 23.5438 0.666659 7.89496 24.0481 0.463824 8.87167 23.6569 0.549261 7.81318 23.86 0.537661 7.80504 23.8219 0.455957 8.78989 23.4688 0.623099 8.78174 23.4306 0.541394 7.83939 23.935 0.581221 8.81609 23.5438 0.666659 7.13531 29.841 2.05 7.09334 29.8275 2.00651 7.13531 29.8048 1.99471 5.55756 25.4166 4.95032 5.5156 25.4031 4.90683 5.55756 25.3804 4.89503 7.07196 29.8569 2.03964 5.49421 25.4324 4.93996 7.17728 29.8066 2.02024 7.19866 29.8252 2.06036 5.59953 25.3821 4.92055 5.62091 25.4008 4.96067 7.13531 29.8048 1.99471 5.55756 25.3804 4.89503 7.17728 29.8546 2.09349 7.13531 29.8773 2.10529 5.59953 25.4301 4.9938 5.55756 25.4528 5.0056
7.19866 29.8252 2.06036 5.62091 25.4008 4.96067 7.09334 29.8755 2.07976 7.07196 29.8569 2.03964 5.5156 25.4511 4.98008 5.49421 25.4324 4.93996 7.13531 29.8773 2.10529 5.55756 25.4528 5.0056 7.0916 29.8826 2.03595 7.13531 29.9048 2.03266 7.24398 29.3721 0.324145 7.20027 29.4136 0.310097 7.24398 29.4358 0.306809 7.06932 29.84 2.04613 7.178 29.371 0.320276 7.17902 29.884 2.04108 7.20129 29.8421 2.05387 7.2877 29.415 0.315224 7.30997 29.3731 0.328014 7.13531 29.9048 2.03266 7.24398 29.4358 0.306809 7.17902 29.7995 2.06405 7.13531 29.7773 2.06734 7.2877 29.3305 0.338192 7.24398 29.3083 0.341481 7.20129 29.8421 2.05387 7.30997 29.3731 0.328014 7.0916 29.7981 2.05892 7.06932 29.84 2.04613 7.20027 29.3291 0.333066 7.178 29.371 0.320276 7.13531 29.7773 2.06734
7.24398 29.3083 0.341481 7.67904 20.9504 9.001 7.59608 21.027 8.96237 7.67904 21.0519 8.92403 7.15155 19.2466 6.75384 7.06859 19.3233 6.71521 7.15155 19.3481 6.67687 7.55381 20.9645 9.01967 7.02632 19.2608 6.77251 7.762 21.0082 8.93764 7.80427 20.9362 8.98233 7.23451 19.3045 6.69048 7.27678 19.2325 6.73517 7.67904 21.0519 8.92403 7.15155 19.3481 6.67687 7.762 20.8737 9.03963 7.67904 20.8488 9.07797 7.23451 19.17 6.79247 7.15155 19.1451 6.83081 7.80427 20.9362 8.98233 7.27678 19.2325 6.73517 7.59608 20.8925 9.06436 7.55381 20.9645 9.01967 7.06859 19.1887 6.8172 7.02632 19.2608 6.77251 7.67904 20.8488 9.07797 7.15155 19.1451 6.83081 7.60597 20.8723 9.05399 7.67904 20.8881 9.11216 6.45395 22.799 10.0364 6.38088 22.7209 10.0894 6.45395 22.7367 10.1476
7.56874 20.8947 8.96984 6.34365 22.7434 10.0053 7.75211 20.946 9.09528 7.78934 21.006 9.03216 6.52702 22.7946 10.1307 6.56424 22.8546 10.0676 7.67904 20.8881 9.11216 6.45395 22.7367 10.1476 7.75211 21.0285 8.94801 7.67904 21.0126 8.88984 6.52701 22.8771 9.98346 6.45395 22.8613 9.92529 7.78934 21.006 9.03216 6.56424 22.8546 10.0676 7.60597 20.9548 8.90672 7.56874 20.8947 8.96984 6.38088 22.8034 9.94217 6.34365 22.7434 10.0053 7.67904 21.0126 8.88984 6.45395 22.8613 9.92529 7.74992 10.0504 1.51578 7.79111 10.0803 1.466 7.80402 10.1038 1.51578 8.93064 8.85397 1.77297 8.97183 8.88392 1.7232 8.98474 8.90736 1.77297 7.75799 10.0422 1.44064 8.93871 8.84579 1.69784 7.78041 10.0912 1.56555 7.74184 10.0586 1.59091 8.96113 8.89476 1.82275 8.92256 8.86215 1.84811
7.80402 10.1038 1.51578 8.98474 8.90736 1.77297 7.70873 10.0204 1.56555 7.69582 9.99698 1.51578 8.88945 8.82402 1.82275 8.87654 8.80058 1.77297 7.74184 10.0586 1.59091 8.92256 8.86215 1.84811 7.71943 10.0096 1.466 7.75799 10.0422 1.44064 8.90015 8.81318 1.7232 8.93871 8.84579 1.69784 7.69582 9.99698 1.51578 8.87654 8.80058 1.77297 7.71911 10.0099 1.46596 7.6957 9.9971 1.51578 7.0499 10.7628 1.36954 7.01909 10.7223 1.31971 6.99568 10.7096 1.36954 7.75764 10.0425 1.44057 7.05762 10.755 1.29433 7.70889 10.0203 1.5656 7.7422 10.0582 1.59099 7.00887 10.7327 1.41936 7.04218 10.7707 1.44475 7.6957 9.9971 1.51578 6.99568 10.7096 1.36954 7.78072 10.0909 1.5656 7.80414 10.1036 1.51578 7.08071 10.8033 1.41936 7.10412 10.8161 1.36954 7.7422 10.0582 1.59099
7.04218 10.7707 1.44475 7.79095 10.0805 1.46596 7.75764 10.0425 1.44057 7.09093 10.7929 1.31971 7.05762 10.755 1.29433 7.80414 10.1036 1.51578 7.10412 10.8161 1.36954 8.00952 5.45 3.199 7.93592 5.36831 3.19445 8.00952 5.34047 3.15657 9.32956 4.06072 6.78511 9.25596 3.97904 6.78056 9.32956 3.95119 6.74268 7.89842 5.43622 3.23456 9.21846 4.04695 6.82067 8.08312 5.38657 3.14733 8.12062 5.46377 3.16344 9.40316 3.99729 6.73344 9.44066 4.0745 6.74955 8.00952 5.34047 3.15657 9.32956 3.95119 6.74268 8.08312 5.53168 3.20355 8.00952 5.55953 3.24143 9.40316 4.14241 6.78966 9.32956 4.17025 6.82754 8.12062 5.46377 3.16344 9.44066 4.0745 6.74955 7.93592 5.51343 3.25067 7.89842 5.43622 3.23456 9.25596 4.12415 6.83677 9.21846 4.04695 6.82067 8.00952 5.55953 3.24143
9.32956 4.17025 6.82754 7.93175 5.52484 3.22047 8.00952 5.56392 3.22761 7.93612 5.98643 1.06306 7.85835 6.06127 1.08453 7.93612 6.10036 1.09167 7.89213 5.44904 3.2028 7.81872 5.98548 1.06686 8.08729 5.5261 3.21544 8.12692 5.45095 3.1952 8.01389 6.06253 1.0795 8.05351 5.98739 1.05927 8.00952 5.56392 3.22761 7.93612 6.10036 1.09167 8.08729 5.37516 3.17753 8.00952 5.33608 3.17039 8.01389 5.9116 1.0416 7.93612 5.87251 1.03445 8.12692 5.45095 3.1952 8.05351 5.98739 1.05927 7.93175 5.3739 3.18256 7.89213 5.44904 3.2028 7.85835 5.91033 1.04662 7.81872 5.98548 1.06686 8.00952 5.33608 3.17039 7.93612 5.87251 1.03445 8.35973 5.23323 9.76276 8.26835 5.31193 9.70201 8.35973 5.36734 9.70995 9.23818 4.13942 6.72436 9.32956 4.19484 6.7323 8.22179 5.21791 9.72386
9.19161 4.04541 6.74621 8.45111 5.33222 9.75354 8.49767 5.24854 9.80166 9.42094 4.15972 6.77589 9.4675 4.07604 6.82401 8.35973 5.36734 9.70995 9.32956 4.19484 6.7323 8.45111 5.15453 9.82351 8.35973 5.09911 9.81557 9.42094 3.98202 6.84586 9.32956 3.92661 6.83792 9.32956 4.06072 6.78511 8.49767 5.24854 9.80166 9.4675 4.07604 6.82401 8.26835 5.13424 9.77198 8.22179 5.21791 9.72386 9.23818 3.96173 6.79433 9.19161 4.04541 6.74621 8.35973 5.09911 9.81557 9.32956 3.92661 6.83792 8.39811 5.14352 9.85611 8.45477 5.23323 9.87113 5.62582 6.5589 12.1606 5.66419 6.46919 12.2539 5.72086 6.5589 12.269 8.32262 5.09781 9.79531 5.5887 6.42348 12.1931 8.44728 5.32294 9.81298 8.39685 5.36865 9.73021 5.71337 6.64861 12.2108 5.66293 6.69432 12.128 8.45477 5.23323 9.87113
5.72086 6.5589 12.269 8.32136 5.32294 9.66941 8.26469 5.23323 9.6544 5.58744 6.64861 12.0672 5.53078 6.5589 12.0522 8.39685 5.36865 9.73021 5.66293 6.69432 12.128 8.27218 5.14352 9.71254 8.32262 5.09781 9.79531 5.53827 6.46919 12.1104 5.5887 6.42348 12.1931 8.26469 5.23323 9.6544 5.53078 6.5589 12.0522 7.36485 11.501 0.742382 7.31313 11.4786 0.690049 7.36485 11.4478 0.67982 7.0499 10.7628 1.36954 6.99818 10.7404 1.3172 7.0499 10.7097 1.30698 7.28678 11.5203 0.725946 6.97183 10.7822 1.3531 7.41657 11.453 0.711826 7.44292 11.4817 0.758818 7.10162 10.7148 1.33898 7.12797 10.7435 1.38597 7.36485 11.4478 0.67982 7.0499 10.7097 1.30698 7.41657 11.5234 0.794715 7.36485 11.5542 0.804944 7.10162 10.7852 1.42187 7.0499 10.816 1.4321 7.44292 11.4817 0.758818
7.12797 10.7435 1.38597 7.31313 11.549 0.772938 7.28678 11.5203 0.725946 6.99818 10.8109 1.40009 6.97183 10.7822 1.3531 7.36485 11.5542 0.804944 7.0499 10.816 1.4321 7.313 11.5474 0.775091 7.36485 11.5516 0.807014 7.599 12.0841 0.285753 7.54715 12.1305 0.318462 7.599 12.1347 0.350386 7.28658 11.5205 0.727124 7.52073 12.1036 0.270495 7.41671 11.5216 0.795306 7.44313 11.4815 0.75764 7.65085 12.1047 0.338678 7.67727 12.0646 0.301011 7.36485 11.5516 0.807014 7.599 12.1347 0.350386 7.41671 11.4546 0.709673 7.36485 11.4504 0.677749 7.65085 12.0376 0.253045 7.599 12.0335 0.221121 7.44313 11.4815 0.75764 7.67727 12.0646 0.301011 7.313 11.4804 0.689458 7.28658 11.5205 0.727124 7.54715 12.0635 0.232829 7.52073 12.1036 0.270495 7.36485 11.4504 0.677749 7.599 12.0335 0.221121
7.201 11.6619 15.0284 7.27122 11.5908 14.9682 7.24878 11.6619 14.9134 9.95 13.4099 16.1706 10.0202 13.3388 16.1105 9.99778 13.4099 16.0557 7.25922 11.5545 15.0526 10.0082 13.3025 16.1948 7.19408 11.733 14.9362 7.14278 11.7693 15.0042 9.94308 13.481 16.0784 9.89178 13.5173 16.1464 7.24878 11.6619 14.9134 9.99778 13.4099 16.0557 7.13078 11.733 15.0885 7.15322 11.6619 15.1433 9.87978 13.481 16.2308 9.90222 13.4099 16.2856 7.14278 11.7693 15.0042 9.89178 13.5173 16.1464 7.20792 11.5908 15.1206 7.25922 11.5545 15.0526 9.95692 13.3388 16.2628 10.0082 13.3025 16.1948 7.15322 11.6619 15.1433 9.90222 13.4099 16.2856 7.20265 11.585 15.1161 7.16071 11.6619 15.1462 5.94555 11.1448 14.599 5.9472 11.068 14.6867 5.90526 11.1448 14.7168 7.24378 11.5459 15.043
5.98833 11.0288 14.6136 7.14597 11.7387 15.0967 7.15822 11.7779 15.0137 5.89052 11.2217 14.6674 5.90277 11.2608 14.5844 7.16071 11.6619 15.1462 5.90526 11.1448 14.7168 7.19935 11.7387 14.9406 7.24129 11.6619 14.9105 5.94391 11.2217 14.5113 5.98584 11.1448 14.4812 7.15822 11.7779 15.0137 5.90277 11.2608 14.5844 7.25603 11.585 14.96 7.24378 11.5459 15.043 6.00058 11.068 14.5306 5.98833 11.0288 14.6136 7.24129 11.6619 14.9105 5.98584 11.1448 14.4812 7.34986 19.9629 15.649 7.30152 20.0202 15.6445 7.34986 20.0343 15.6127 6.35 18.964 13.6847 6.30166 19.0213 13.6802 6.35 19.0355 13.6484 7.27689 19.9779 15.6785 6.27704 18.9791 13.7142 7.39819 20.0003 15.6054 7.42282 19.9479 15.6195 6.39834 19.0014 13.6411 6.42296 18.949 13.6552 7.34986 20.0343 15.6127
6.35 19.0355 13.6484 7.39819 19.9057 15.6535 7.34986 19.8915 15.6853 6.39834 18.9068 13.6892 6.35 18.8926 13.721 7.42282 19.9479 15.6195 6.42296 18.949 13.6552 7.30152 19.9256 15.6926 7.27689 19.9779 15.6785 6.30166 18.9267 13.7283 6.27704 18.9791 13.7142 7.34986 19.8915 15.6853 6.35 18.8926 13.721 7.29801 19.9318 15.6935 7.34986 19.9042 15.7035 7.78492 21.3106 17.101 7.73308 21.2794 17.1455 7.78492 21.2519 17.1555 7.2716 19.9746 15.6616 7.70666 21.3223 17.1136 7.4017 19.9163 15.6768 7.42811 19.9512 15.6364 7.83676 21.2639 17.1288 7.86318 21.2989 17.0884 7.34986 19.9042 15.7035 7.78492 21.2519 17.1555 7.4017 19.9941 15.6046 7.34986 20.0216 15.5945 7.83676 21.3417 17.0565 7.78492 21.3693 17.0465 7.42811 19.9512 15.6364 7.86318 21.2989 17.0884
7.29801 20.0096 15.6213 7.2716 19.9746 15.6616 7.73308 21.3572 17.0732 7.70666 21.3223 17.1136 7.34986 20.0216 15.5945 7.78492 21.3693 17.0465 7.67141 15.8889 19.601 7.56721 15.952 19.4862 7.67141 16.0337 19.4964 9.95 13.4099 16.1706 9.8458 13.473 16.0559 9.95 13.5547 16.066 7.51412 15.8393 19.5324 9.79271 13.3603 16.102 7.77561 16.0177 19.5772 7.8287 15.9385 19.6696 10.0542 13.5387 16.1468 10.1073 13.4595 16.2393 7.67141 16.0337 19.4964 9.95 13.5547 16.066 7.77561 15.8259 19.7158 7.67141 15.7442 19.7056 10.0542 13.3469 16.2854 9.95 13.2651 16.2753 7.8287 15.9385 19.6696 10.1073 13.4595 16.2393 7.56721 15.7602 19.6248 7.51412 15.8393 19.5324 9.8458 13.2811 16.1945 9.79271 13.3603 16.102 7.67141 15.7442 19.7056 9.95 13.2651 16.2753
7.59788 15.7783 19.7028 7.62121 15.8889 19.7724 5.72124 16.6596 19.03 5.64772 16.5489 19.1318 5.67105 16.6596 19.2015 7.61062 15.7219 19.5832 5.66045 16.4925 19.0122 7.67843 15.9996 19.7264 7.7322 16.056 19.6188 5.72826 16.7702 19.1554 5.78203 16.8266 19.0478 7.62121 15.8889 19.7724 5.67105 16.6596 19.2015 7.74493 15.9996 19.4992 7.7216 15.8889 19.4296 5.79476 16.7702 18.9283 5.77143 16.6596 18.8586 7.7322 16.056 19.6188 5.78203 16.8266 19.0478 7.66439 15.7783 19.4756 7.61062 15.7219 19.5832 5.71422 16.5489 18.9047 5.66045 16.4925 19.0122 7.7216 15.8889 19.4296 5.77143 16.6596 18.8586 7.499 14.9476 21.2857 7.39859 15.0401 21.2097 7.499 15.1073 21.2376 9.84959 13.5025 16.0947 9.95 13.5696 16.1226 7.34743 14.9276 21.219 9.79843 13.3899 16.104
7.59941 15.0667 21.298 7.65057 14.9676 21.3523 10.0504 13.529 16.183 10.1016 13.4299 16.2372 7.499 15.1073 21.2376 9.95 13.5696 16.1226 7.59941 14.8551 21.3616 7.499 14.7879 21.3337 10.0504 13.3174 16.2466 9.95 13.2502 16.2186 9.95 13.4099 16.1706 7.65057 14.9676 21.3523 10.1016 13.4299 16.2372 7.39859 14.8285 21.2733 7.34743 14.9276 21.219 9.84959 13.2909 16.1583 9.79843 13.3899 16.104 7.499 14.7879 21.3337 9.95 13.2502 16.2186 7.39882 14.9306 21.167 7.499 14.8617 21.1427 5.88757 11.9767 23.0715 5.78738 11.9597 22.9528 5.88757 11.8908 22.9285 7.34777 15.0078 21.2494 5.73634 12.037 23.0353 7.59918 14.8508 21.215 7.65023 14.8873 21.3219 5.98775 11.8799 23.0008 6.0388 11.9165 23.1077 7.499 14.8617 21.1427 5.88757 11.8908 22.9285
7.59918 14.9646 21.4043 7.499 15.0335 21.4286 5.98775 11.9937 23.1902 5.88757 12.0626 23.2144 7.65023 14.8873 21.3219 6.0388 11.9165 23.1077 7.39882 15.0444 21.3563 7.34777 15.0078 21.2494 5.78738 12.0735 23.1422 5.73634 12.037 23.0353 7.499 15.0335 21.4286 5.88757 12.0626 23.2144 7.85044 15.3112 23.9599 7.79692 15.3565 23.9083 7.85044 15.3351 23.8701 5.83405 12.022 23.0198 5.88757 12.0006 22.9817 7.76965 15.3556 23.9718 5.80678 12.0211 23.0833 7.90396 15.2977 23.8926 7.93123 15.2668 23.9481 5.94109 11.9631 23.0041 5.96836 11.9323 23.0596 7.85044 15.3351 23.8701 5.88757 12.0006 22.9817 7.90396 15.266 24.0116 7.85044 15.2873 24.0497 5.94109 11.9314 23.1231 5.88757 11.9528 23.1613 7.93123 15.2668 23.9481 5.96836 11.9323 23.0596 7.79692 15.3248 24.0273
7.76965 15.3556 23.9718 5.83405 11.9903 23.1388 5.80678 12.0211 23.0833 7.85044 15.2873 24.0497 5.88757 11.9528 23.1613 7.79691 15.2457 23.9806 7.85044 15.2194 23.9458 9.88599 14.7663 27.501 9.83246 14.7008 27.5217 9.88599 14.6744 27.4869 7.76963 15.3042 24.0053 9.80518 14.7593 27.5464 7.90398 15.255 23.9205 7.93125 15.3182 23.9145 9.93953 14.71 27.4616 9.96681 14.7733 27.4556 7.85044 15.2194 23.9458 9.88599 14.6744 27.4869 7.90398 15.3767 23.9392 7.85044 15.4031 23.9741 9.93953 14.8318 27.4803 9.88599 14.8581 27.5151 7.93125 15.3182 23.9145 9.96681 14.7733 27.4556 7.79691 15.3674 23.9993 7.76963 15.3042 24.0053 9.83246 14.8225 27.5404 9.80518 14.7593 27.5464 7.85044 15.4031 23.9741 9.88599 14.8581 27.5151 7.63904 13.9637 0.801 7.59575 13.9157 0.836898
7.63904 13.9317 0.873115 5.199 17.2613 2.26412 5.15571 17.2134 2.30002 5.199 17.2293 2.33624 7.57369 13.9233 0.783074 5.13365 17.2209 2.2462 7.68233 13.9692 0.860648 7.70439 14.0041 0.818926 5.24229 17.2669 2.32377 5.26435 17.3017 2.28205 7.63904 13.9317 0.873115 5.199 17.2293 2.33624 7.68233 14.0116 0.765102 7.63904 13.9957 0.728885 5.24229 17.3093 2.22822 5.199 17.2933 2.19201 7.70439 14.0041 0.818926 5.26435 17.3017 2.28205 7.59575 13.9581 0.741352 7.57369 13.9233 0.783074 5.15571 17.2558 2.20447 5.13365 17.2209 2.2462 7.63904 13.9957 0.728885 5.199 17.2933 2.19201 7.58679 13.9785 0.750879 7.63904 13.9845 0.724913 7.599 12.0841 0.285753 7.54675 12.0989 0.235633 7.599 12.1049 0.209666 7.56016 13.9652 0.801428 7.52012 12.0856 0.286182 7.69129 13.9765 0.750311
7.71792 13.9621 0.800572 7.65125 12.0969 0.235065 7.67788 12.0825 0.285325 7.63904 13.9845 0.724913 7.599 12.1049 0.209666 7.69129 13.9488 0.851121 7.63904 13.9428 0.877087 7.65125 12.0692 0.335874 7.599 12.0632 0.361841 7.71792 13.9621 0.800572 7.67788 12.0825 0.285325 7.58679 13.9509 0.851689 7.56016 13.9652 0.801428 7.54675 12.0713 0.336442 7.52012 12.0856 0.286182 7.63904 13.9428 0.877087 7.599 12.0632 0.361841 8.63552 7.901 1.52891 8.56092 7.94545 1.45825 8.63552 7.92925 1.4128 7.93612 5.98643 1.06306 7.86151 6.03088 0.992403 7.93612 6.01469 0.94695 8.5229 7.93984 1.53836 7.8235 6.02527 1.07251 8.71012 7.89399 1.44573 8.74814 7.86216 1.51946 8.01072 5.97942 0.979882 8.04873 5.94759 1.05361 8.63552 7.92925 1.4128 7.93612 6.01469 0.94695 8.71012 7.85655 1.59957
8.63552 7.87275 1.64502 8.01072 5.94199 1.13372 7.93612 5.95818 1.17918 8.74814 7.86216 1.51946 8.04873 5.94759 1.05361 8.56092 7.90801 1.61209 8.5229 7.93984 1.53836 7.86151 5.99345 1.14624 7.8235 6.02527 1.07251 8.63552 7.87275 1.64502 7.93612 5.95818 1.17918 8.55969 7.9034 1.61124 8.63552 7.87135 1.64468 8.93064 8.85397 1.77297 8.85481 8.85637 1.8553 8.93064 8.82432 1.88874 8.52106 7.93426 1.53743 8.81618 8.88724 1.78149 8.71135 7.85932 1.59996 8.74998 7.86774 1.52039 9.00646 8.81229 1.84402 9.0451 8.82071 1.76445 8.63552 7.87135 1.64468 8.93064 8.82432 1.88874 8.71135 7.8986 1.44658 8.63552 7.93065 1.41315 9.00646 8.85157 1.69064 8.93064 8.88362 1.65721 8.74998 7.86774 1.52039 9.0451 8.82071 1.76445 8.55969 7.94268 1.45786 8.52106 7.93426 1.53743
8.85481 8.89565 1.70193 8.81618 8.88724 1.78149 8.63552 7.93065 1.41315 8.93064 8.88362 1.65721 7.401 2.299 9.55036 7.35329 2.36077 9.55643 7.401 2.36947 9.59526 9.32956 4.06072 6.78511 9.28184 4.12249 6.79118 9.32956 4.1312 6.83001 7.32897 2.32176 9.51463 9.25753 4.08349 6.74938 7.44871 2.33061 9.60377 7.47303 2.27624 9.58609 9.37727 4.09233 6.83852 9.40158 4.03796 6.82084 7.401 2.36947 9.59526 9.32956 4.1312 6.83001 7.44871 2.23723 9.54428 7.401 2.22852 9.50546 9.37727 3.99896 6.77904 9.32956 3.99025 6.74021 7.47303 2.27624 9.58609 9.40158 4.03796 6.82084 7.35329 2.26739 9.49694 7.32897 2.32176 9.51463 9.28184 4.02912 6.7317 9.25753 4.08349 6.74938 7.401 2.22852 9.50546 9.32956 3.99025 6.74021 7.43081 2.24654 9.60024 7.42002 2.299 9.63173
3.51666 0.955492 10.4585 3.54647 0.903031 10.5084 3.53569 0.955492 10.5399 7.42697 2.21981 9.54429 3.54264 0.876301 10.4524 7.3964 2.35146 9.60828 7.37503 2.37819 9.55643 3.51206 1.00795 10.5164 3.49069 1.03468 10.4646 7.42002 2.299 9.63173 3.53569 0.955492 10.5399 7.37119 2.35146 9.50048 7.38198 2.299 9.46899 3.48686 1.00795 10.4086 3.49764 0.955492 10.3771 7.37503 2.37819 9.55643 3.49069 1.03468 10.4646 7.4056 2.24654 9.49243 7.42697 2.21981 9.54429 3.52127 0.903031 10.4006 3.54264 0.876301 10.4524 7.38198 2.299 9.46899 3.49764 0.955492 10.3771 7.499 27.799 15.1802 7.54801 27.829 15.1265 7.55734 27.8594 15.1802 9.84534 25.5311 16.0559 9.89435 25.5611 16.0022 9.90368 25.5915 16.0559 7.51464 27.7839 15.0991 9.86098 25.516 15.9748 7.52728 27.849 15.2339
7.48336 27.8141 15.2613 9.87363 25.5811 16.1096 9.8297 25.5462 16.137 7.55734 27.8594 15.1802 9.90368 25.5915 16.0559 7.44999 27.769 15.2339 7.44066 27.7386 15.1802 9.79633 25.5012 16.1096 9.78701 25.4708 16.0559 7.48336 27.8141 15.2613 9.8297 25.5462 16.137 7.47072 27.749 15.1265 7.51464 27.7839 15.0991 9.81706 25.4811 16.0022 9.86098 25.516 15.9748 7.44066 27.7386 15.1802 9.78701 25.4708 16.0559 7.45195 27.7687 15.2355 7.499 27.7981 15.2642 6.47828 29.4188 15.1983 6.43124 29.3885 15.2536 6.47828 29.4179 15.2823 7.42798 27.7543 15.1797 6.40727 29.3741 15.1978 7.54605 27.828 15.2362 7.57002 27.8437 15.1807 6.52533 29.4478 15.2543 6.5493 29.4636 15.1988 7.499 27.7981 15.2642 6.47828 29.4179 15.2823 7.54605 27.8293 15.1249 7.499 27.7999 15.0963
6.52533 29.4491 15.1431 6.47828 29.4197 15.1144 7.57002 27.8437 15.1807 6.5493 29.4636 15.1988 7.45195 27.77 15.1243 7.42798 27.7543 15.1797 6.43124 29.3898 15.1424 6.40727 29.3741 15.1978 7.499 27.7999 15.0963 6.47828 29.4197 15.1144 8.801 3.64668 19.5537 8.70101 3.51057 19.5041 8.801 3.46209 19.5888 5.17909 4.55839 24.3544 5.0791 4.42228 24.3048 5.17909 4.3738 24.3894 8.65005 3.6258 19.4438 5.02815 4.53751 24.2444 8.901 3.53822 19.6497 8.95195 3.66755 19.6636 5.27909 4.44994 24.4504 5.33004 4.57926 24.4643 8.801 3.46209 19.5888 5.17909 4.3738 24.3894 8.901 3.78279 19.6033 8.801 3.83127 19.5186 5.27909 4.6945 24.404 5.17909 4.74298 24.3193 8.95195 3.66755 19.6636 5.33004 4.57926 24.4643 8.70101 3.75513 19.4577 8.65005 3.6258 19.4438
5.0791 4.66684 24.2583 5.02815 4.53751 24.2444 8.801 3.83127 19.5186 5.17909 4.74298 24.3193 8.68748 3.78026 19.5378 8.801 3.82774 19.6039 9.899 4.299 17.201 9.78548 4.43258 17.1851 9.899 4.48006 17.2512 8.62964 3.66727 19.4794 9.72764 4.31959 17.1267 8.91452 3.75298 19.6362 8.97236 3.62609 19.628 10.0125 4.4053 17.2835 10.0704 4.27841 17.2753 8.801 3.82774 19.6039 9.899 4.48006 17.2512 8.91452 3.51309 19.5696 8.801 3.46562 19.5035 10.0125 4.16542 17.2169 9.899 4.11794 17.1508 8.97236 3.62609 19.628 10.0704 4.27841 17.2753 8.68748 3.54037 19.4712 8.62964 3.66727 19.4794 9.78548 4.1927 17.1185 9.72764 4.31959 17.1267 8.801 3.46562 19.5035 9.899 4.11794 17.1508 8.55512 8.001 6.96158 8.43744 7.99841 7.08701 8.55512 7.95235 7.13862
9.95 13.15 8.37661 9.83232 13.1474 8.50204 9.95 13.1013 8.55365 8.37748 8.04574 6.97388 9.77236 13.1947 8.38891 8.6728 7.93913 7.07072 8.73276 7.95626 6.94929 10.0677 13.0881 8.48575 10.1276 13.1053 8.36431 8.55512 7.95235 7.13862 9.95 13.1013 8.55365 8.6728 8.00359 6.83616 8.55512 8.04965 6.78454 10.0677 13.1526 8.25118 9.95 13.1987 8.19957 8.73276 7.95626 6.94929 10.1276 13.1053 8.36431 8.43744 8.06287 6.85245 8.37748 8.04574 6.97388 9.83232 13.2119 8.26748 9.77236 13.1947 8.38891 8.55512 8.04965 6.78454 9.95 13.1987 8.19957 8.43577 7.98303 6.83903 8.55512 8.00922 6.77816 9.32956 4.06072 6.78511 9.21021 4.04275 6.66255 9.32956 4.06894 6.60169 8.37496 7.96566 6.96 9.14939 4.02538 6.78353 8.67447 8.02985 6.84112 8.73528 8.03634 6.96317
9.44891 4.08958 6.66465 9.50972 4.09606 6.78669 8.55512 8.00922 6.77816 9.32956 4.06894 6.60169 8.67447 8.01897 7.08414 8.55512 7.99279 7.145 9.44891 4.07869 6.90767 9.32956 4.05251 6.96853 8.73528 8.03634 6.96317 9.50972 4.09606 6.78669 8.43577 7.97215 7.08204 8.37496 7.96566 6.96 9.21021 4.03187 6.90557 9.14939 4.02538 6.78353 8.55512 7.99279 7.145 9.32956 4.05251 6.96853 7.67122 20.0159 11.1425 7.62258 19.975 11.1003 7.67122 19.9407 11.1113 6.35 18.964 13.6847 6.30136 18.9231 13.6425 6.35 18.8888 13.6535 7.59779 20.0294 11.1099 6.27657 18.9775 13.6521 7.71987 19.9571 11.1434 7.74465 20.0024 11.1751 6.39864 18.9053 13.6856 6.42343 18.9506 13.7173 7.67122 19.9407 11.1113 6.35 18.8888 13.6535 7.71987 20.0569 11.1847 7.67122 20.0912 11.1736
6.39864 19.005 13.7269 6.35 19.0393 13.7158 7.74465 20.0024 11.1751 6.42343 18.9506 13.7173 7.62258 20.0747 11.1415 7.59779 20.0294 11.1099 6.30136 19.0228 13.6837 6.27657 18.9775 13.6521 7.67122 20.0912 11.1736 6.35 19.0393 13.7158 7.62123 20.017 11.2001 7.67122 20.046 11.2182 6.45395 22.799 10.0364 6.40396 22.8 10.0941 6.45395 22.8291 10.1121 7.59576 19.9874 11.1538 6.37849 22.7705 10.0478 7.72121 20.0547 11.1851 7.74668 20.0444 11.1312 6.50394 22.8378 10.0791 6.52941 22.8275 10.0251 7.67122 20.046 11.2182 6.45395 22.8291 10.1121 7.72121 20.0149 11.0848 7.67122 19.9858 11.0668 6.50394 22.798 9.9788 6.45395 22.7689 9.96075 7.74668 20.0444 11.1312 6.52941 22.8275 10.0251 7.62123 19.9771 11.0998 7.59576 19.9874 11.1538 6.40396 22.7602 9.9938
6.37849 22.7705 10.0478 7.67122 19.9858 11.0668 6.45395 22.7689 9.96075 7.54991 26.701 17.799 7.49412 26.6434 17.7811 7.54991 26.6133 17.7965 6.13711 26.5608 22.6549 6.08131 26.5032 22.637 6.13711 26.4731 22.6524 7.46569 26.7017 17.7745 6.05288 26.5615 22.6304 7.6057 26.6425 17.8135 7.63413 26.7003 17.8235 6.1929 26.5023 22.6695 6.22133 26.5601 22.6794 7.54991 26.6133 17.7965 6.13711 26.4731 22.6524 7.6057 26.7586 17.8169 7.54991 26.7887 17.8015 6.1929 26.6184 22.6728 6.13711 26.6485 22.6574 7.63413 26.7003 17.8235 6.22133 26.5601 22.6794 7.49412 26.7596 17.7845 7.46569 26.7017 17.7745 6.08131 26.6194 22.6404 6.05288 26.5615 22.6304 7.54991 26.7887 17.8015 6.13711 26.6485 22.6574 7.49737 26.6472 17.7659 7.49686 26.701 17.7291 9.84534 25.5311 16.0559
9.7928 25.4773 16.0228 9.7923 25.5311 15.986 7.52364 26.6197 17.819 9.81907 25.4499 16.0758 7.53217 26.7548 17.7395 7.57618 26.7823 17.7791 9.8276 25.585 15.9964 9.87161 25.6124 16.0359 7.49686 26.701 17.7291 9.7923 25.5311 15.986 7.60245 26.7548 17.8321 7.60296 26.701 17.8689 9.89789 25.585 16.0889 9.89839 25.5311 16.1257 7.57618 26.7823 17.7791 9.87161 25.6124 16.0359 7.56765 26.6472 17.8585 7.52364 26.6197 17.819 9.86308 25.4773 16.1154 9.81907 25.4499 16.0758 7.60296 26.701 17.8689 9.89839 25.5311 16.1257 7.699 25.3499 23.6831 7.55405 25.2287 23.7606 7.57915 25.3499 23.8652 5.99215 26.4396 22.7324 6.01725 26.5608 22.837 7.60004 25.1669 23.618 6.03815 26.3779 22.5898 7.68516 25.4711 23.8469 7.79796 25.5328 23.7483 6.12326 26.682 22.8187
6.23606 26.7438 22.7201 7.57915 25.3499 23.8652 6.01725 26.5608 22.837 7.84395 25.4711 23.6057 7.81885 25.3499 23.5011 6.28206 26.682 22.5775 6.25696 26.5608 22.4729 6.13711 26.5608 22.6549 7.79796 25.5328 23.7483 6.23606 26.7438 22.7201 7.71284 25.2287 23.5194 7.60004 25.1669 23.618 6.15095 26.4396 22.4911 6.03815 26.3779 22.5898 7.81885 25.3499 23.5011 6.25696 26.5608 22.4729 7.70428 25.2069 23.5374 7.73728 25.3499 23.4686 9.95 25.0236 24.0847 9.95528 24.8806 23.939 9.98828 25.0236 23.8701 7.66869 25.1341 23.6777 9.91969 24.8078 24.0793 7.74444 25.4928 23.5446 7.72931 25.5657 23.6886 9.99544 25.1665 23.9462 9.98031 25.2394 24.0901 7.73728 25.3499 23.4686 9.98828 25.0236 23.8701 7.69372 25.4928 23.8289 7.66072 25.3499 23.8977 9.94472 25.1665 24.2305
9.91172 25.0236 24.2993 7.72931 25.5657 23.6886 9.98031 25.2394 24.0901 7.65356 25.2069 23.8217 7.66869 25.1341 23.6777 9.90456 24.8806 24.2233 9.91969 24.8078 24.0793 7.66072 25.3499 23.8977 9.91172 25.0236 24.2993 7.46757 24.301 16.4289 7.48502 24.2482 16.3662 7.4537 24.301 16.3406 9.84534 25.5311 16.0559 9.8628 25.4784 15.9932 9.83148 25.5311 15.9675 7.50778 24.2214 16.4226 9.88556 25.4515 16.0496 7.43174 24.3538 16.3746 7.42735 24.3806 16.4353 9.80952 25.5839 16.0015 9.80513 25.6108 16.0622 7.4537 24.301 16.3406 9.83148 25.5311 15.9675 7.45011 24.3538 16.4917 7.48143 24.301 16.5173 9.82789 25.5839 16.1186 9.85921 25.5311 16.1442 7.42735 24.3806 16.4353 9.80513 25.6108 16.0622 7.50339 24.2482 16.4833 7.50778 24.2214 16.4226 9.88117 25.4784 16.1102
9.88556 25.4515 16.0496 7.48143 24.301 16.5173 9.85921 25.5311 16.1442 7.4196 24.3197 16.3628 7.46757 24.2785 16.3424 6.53555 23.0573 16.7525 6.48758 23.076 16.6864 6.53555 23.0348 16.666 7.39516 24.3518 16.4157 6.46314 23.1081 16.7393 7.51554 24.2524 16.3804 7.53998 24.2502 16.4422 6.58352 23.0087 16.7039 6.60796 23.0065 16.7658 7.46757 24.2785 16.3424 6.53555 23.0348 16.666 7.51554 24.2823 16.4951 7.46757 24.3235 16.5155 6.58352 23.0385 16.8186 6.53555 23.0798 16.8391 7.53998 24.2502 16.4422 6.60796 23.0065 16.7658 7.4196 24.3496 16.4775 7.39516 24.3518 16.4157 6.48758 23.1059 16.8011 6.46314 23.1081 16.7393 7.46757 24.3235 16.5155 6.53555 23.0798 16.8391 7.6761 11.9502 25.301 7.6392 11.9032 25.33 7.62081 11.9502 25.3454 5.88757 11.9767 23.0715
5.85067 11.9298 23.1005 5.83228 11.9767 23.1158 7.67569 11.8793 25.3005 5.88715 11.9058 23.071 7.63974 11.9971 25.3307 7.67651 12.0211 25.3015 5.85121 12.0237 23.1012 5.88798 12.0476 23.072 7.62081 11.9502 25.3454 5.83228 11.9767 23.1158 7.713 11.9971 25.272 7.73139 11.9502 25.2566 5.92447 12.0237 23.0424 5.94285 11.9767 23.0271 7.67651 12.0211 25.3015 5.88798 12.0476 23.072 7.71245 11.9032 25.2713 7.67569 11.8793 25.3005 5.92392 11.9298 23.0418 5.88715 11.9058 23.071 7.73139 11.9502 25.2566 5.94285 11.9767 23.0271 7.62968 11.9027 25.3018 7.6761 11.8799 25.2916 8.225 11.471 28.8789 8.17858 11.4235 28.8797 8.225 11.4007 28.8695 7.60602 11.9488 25.3116 8.15492 11.4696 28.8895 7.72252 11.9046 25.2878 7.74617 11.9516 25.2904 8.27142 11.4254 28.8657
8.29507 11.4724 28.8683 7.6761 11.8799 25.2916 8.225 11.4007 28.8695 7.72252 11.9977 25.3002 7.6761 12.0204 25.3104 8.27142 11.5185 28.8781 8.225 11.5412 28.8883 7.74617 11.9516 25.2904 8.29507 11.4724 28.8683 7.62968 11.9958 25.3142 7.60602 11.9488 25.3116 8.17858 11.5166 28.8921 8.15492 11.4696 28.8895 7.6761 12.0204 25.3104 8.225 11.5412 28.8883 8.67061 11.8349 14.099 8.59408 11.7898 14.1806 8.67061 11.7324 14.1769 9.95 13.4099 16.1706 9.87347 13.3648 16.2522 9.95 13.3074 16.2485 8.55509 11.8693 14.1442 9.83448 13.4443 16.2158 8.74714 11.7442 14.1207 8.78614 11.8005 14.0538 10.0265 13.3193 16.1923 10.0655 13.3755 16.1254 8.67061 11.7324 14.1769 9.95 13.3074 16.2485 8.74714 11.88 14.0174 8.67061 11.9374 14.0211 10.0265 13.455 16.0891
9.95 13.5124 16.0927 8.78614 11.8005 14.0538 10.0655 13.3755 16.1254 8.59408 11.9256 14.0773 8.55509 11.8693 14.1442 9.87347 13.5006 16.149 9.83448 13.4443 16.2158 8.67061 11.9374 14.0211 9.95 13.5124 16.0927 8.58932 11.9239 14.0957 8.67061 11.9567 14.0573 8.26321 11.418 12.8829 8.18191 11.507 12.8796 8.26321 11.5398 12.8411 8.5479 11.8475 14.1358 8.14049 11.4306 12.9197 8.75191 11.9072 14.047 8.79333 11.8223 14.0622 8.3445 11.4903 12.8309 8.38592 11.4054 12.8461 8.67061 11.9567 14.0573 8.26321 11.5398 12.8411 8.75191 11.7459 14.1023 8.67061 11.7131 14.1407 8.3445 11.329 12.8862 8.26321 11.2962 12.9246 8.79333 11.8223 14.0622 8.38592 11.4054 12.8461 8.58932 11.7626 14.151 8.5479 11.8475 14.1358 8.18191 11.3457 12.9349 8.14049 11.4306 12.9197
8.67061 11.7131 14.1407 8.26321 11.2962 12.9246 9.95 23.299 23.7952 9.80393 23.2748 23.9392 9.95 23.2625 24.0126 9.95 25.0236 24.0847 9.80393 24.9994 24.2288 9.95 24.9871 24.3022 9.72951 23.299 23.7952 9.72951 25.0236 24.0847 10.0961 23.2748 23.9392 10.1705 23.299 23.7952 10.0961 24.9994 24.2288 10.1705 25.0236 24.0847 9.95 23.2625 24.0126 9.95 24.9871 24.3022 10.0961 23.3232 23.6511 9.95 23.3355 23.5777 10.0961 25.0478 23.9407 9.95 25.0601 23.8673 10.1705 23.299 23.7952 10.1705 25.0236 24.0847 9.80393 23.3232 23.6511 9.72951 23.299 23.7952 9.80393 25.0478 23.9407 9.72951 25.0236 24.0847 9.95 23.3355 23.5777 9.95 25.0601 23.8673 9.80393 23.3226 23.651 9.95 23.3345 23.5776 9.95 22.1859 23.6133 9.80393 22.2095 23.4692
9.95 22.2215 23.3957 9.72951 23.299 23.7952 9.72951 22.1859 23.6133 10.0961 23.3226 23.651 10.1705 23.299 23.7952 10.0961 22.2095 23.4692 10.1705 22.1859 23.6133 9.95 23.3345 23.5776 9.95 22.2215 23.3957 10.0961 23.2755 23.9393 9.95 23.2635 24.0128 10.0961 22.1624 23.7575 9.95 22.1504 23.8309 10.1705 23.299 23.7952 10.1705 22.1859 23.6133 9.80393 23.2755 23.9393 9.72951 23.299 23.7952 9.80393 22.1624 23.7575 9.72951 22.1859 23.6133 9.95 23.2635 24.0128 9.95 22.1504 23.8309 7.999 6.43198 28.301 8.01769 6.38682 28.3423 8.02304 6.43198 28.3649 5.8096 6.27886 29.1241 5.82829 6.2337 29.1654 5.83363 6.27886 29.188 8.00318 6.36381 28.2994 5.81377 6.2107 29.1225 8.01216 6.47713 28.3444 7.99482 6.50014 28.3026 5.82275 6.32402 29.1675
5.80542 6.34703 29.1256 8.02304 6.43198 28.3649 5.83363 6.27886 29.188 7.98031 6.47713 28.2597 7.97496 6.43198 28.2371 5.7909 6.32402 29.0828 5.78556 6.27886 29.0601 7.99482 6.50014 28.3026 5.80542 6.34703 29.1256 7.98584 6.38682 28.2576 8.00318 6.36381 28.2994 5.79644 6.2337 29.0807 5.81377 6.2107 29.1225 7.97496 6.43198 28.2371 5.78556 6.27886 29.0601 7.98103 6.38678 28.2594 7.96887 6.43198 28.2397 9.22392 6.499 27.699 9.20595 6.4538 27.6574 9.19379 6.499 27.6377 8.00201 6.36375 28.2995 9.22693 6.43077 27.6975 7.97705 6.47717 28.2614 7.99599 6.5002 28.3025 9.20197 6.5442 27.6594 9.22091 6.56723 27.7005 7.96887 6.43198 28.2397 9.19379 6.499 27.6377 8.01697 6.47717 28.3426 8.02913 6.43198 28.3623 9.24189 6.5442 27.7406 9.25405 6.499 27.7603
7.99599 6.5002 28.3025 9.22091 6.56723 27.7005 8.02095 6.38678 28.3406 8.00201 6.36375 28.2995 9.24587 6.4538 27.7386 9.22693 6.43077 27.6975 8.02913 6.43198 28.3623 9.25405 6.499 27.7603 7.65 0.25279 29.7468 7.62207 0.201146 29.7928 7.62313 0.25279 29.8217 4.52009 0.94539 28.6248 4.49216 0.893746 28.6709 4.49322 0.94539 28.6998 7.63471 0.174832 29.7413 4.5048 0.867432 28.6194 7.64233 0.304434 29.8001 7.66529 0.330748 29.7523 4.51242 0.997034 28.6781 4.53538 1.02335 28.6303 7.62313 0.25279 29.8217 4.49322 0.94539 28.6998 7.67793 0.304434 29.7007 7.67687 0.25279 29.6718 4.54802 0.997034 28.5788 4.54696 0.94539 28.5499 7.66529 0.330748 29.7523 4.53538 1.02335 28.6303 7.65767 0.201146 29.6935 7.63471 0.174832 29.7413 4.52776 0.893746 28.5715 4.5048 0.867432 28.6194
7.67687 0.25279 29.6718 4.54696 0.94539 28.5499 7.64989 0.200242 29.6938 7.64285 0.25279 29.6675 9.95 0.457044 29.5393 9.94989 0.404497 29.4864 9.94285 0.457044 29.46 7.65699 0.173468 29.7461 9.95699 0.377723 29.5387 7.64063 0.305338 29.6947 7.64301 0.332112 29.7474 9.94063 0.509592 29.4872 9.94301 0.536366 29.54 7.64285 0.25279 29.6675 9.94285 0.457044 29.46 7.65011 0.305338 29.7997 7.65715 0.25279 29.8261 9.95011 0.509592 29.5923 9.95715 0.457044 29.6186 7.64301 0.332112 29.7474 9.94301 0.536366 29.54 7.65937 0.200242 29.7989 7.65699 0.173468 29.7461 9.95937 0.404497 29.5914 9.95699 0.377723 29.5387 7.65715 0.25279 29.8261 9.95715 0.457044 29.6186 7.55 14.05 3.65 7.54459 14.0528 3.65705 7.55 14.0486 3.65987 9.95 17.4475 4.11754 9.94459 17.4503 4.12459
9.95 17.4461 4.12741 7.54184 14.0557 3.65078 9.94184 17.4531 4.11832 7.55541 14.0454 3.65602 7.55816 14.0443 3.64922 9.95541 17.4428 4.12356 9.95816 17.4418 4.11676 7.55 14.0486 3.65987 9.95 17.4461 4.12741 7.55541 14.0472 3.64295 7.55 14.0514 3.64013 9.95541 17.4446 4.11048 9.95 17.4488 4.10767 7.55816 14.0443 3.64922 9.95816 17.4418 4.11676 7.54459 14.0546 3.64398 7.54184 14.0557 3.65078 9.94459 17.4521 4.11152 9.94184 17.4531 4.11832 7.55 14.0514 3.64013 9.95 17.4488 4.10767 7.54435 14.0532 3.64331 7.55 14.0497 3.64004 6.42675 12.1926 3.699 6.4211 12.1958 3.69231 6.42675 12.1923 3.68904 7.54147 14.0552 3.64986 6.41823 12.1977 3.69886 7.55565 14.0464 3.64349 7.55853 14.0448 3.65014 6.4324 12.189 3.69249 6.43528 12.1874 3.69914
7.55 14.0497 3.64004 6.42675 12.1923 3.68904 7.55565 14.0468 3.65669 7.55 14.0503 3.65996 6.4324 12.1894 3.70569 6.42675 12.1929 3.70896 7.55853 14.0448 3.65014 6.43528 12.1874 3.69914 7.54435 14.0536 3.65651 7.54147 14.0552 3.64986 6.4211 12.1962 3.70551 6.41823 12.1977 3.69886 7.55 14.0503 3.65996 6.42675 12.1929 3.70896 8.7369 10.661 20.7328 8.67637 10.7213 20.7531 8.7369 10.7413 20.7812 9.95 13.4099 16.1706 9.88948 13.4702 16.1909 9.95 13.4902 16.219 8.64553 10.6717 20.715 9.85864 13.4207 16.1528 8.79742 10.7071 20.7767 8.82826 10.6503 20.7506 10.0105 13.456 16.2145 10.0414 13.3992 16.1885 8.7369 10.7413 20.7812 9.95 13.4902 16.219 8.79742 10.6007 20.7126 8.7369 10.5807 20.6845 10.0105 13.3496 16.1504 9.95 13.3297 16.1223
8.82826 10.6503 20.7506 10.0414 13.3992 16.1885 8.67637 10.6149 20.689 8.64553 10.6717 20.715 9.88948 13.3639 16.1268 9.85864 13.4207 16.1528 8.7369 10.5807 20.6845 9.95 13.3297 16.1223 8.77359 10.6109 20.6708 8.79373 10.5865 20.7328 6.03418 8.599 20.799 6.07087 8.54892 20.7369 6.09101 8.5245 20.799 8.73545 10.6599 20.6391 6.03273 8.59789 20.7053 8.77551 10.6124 20.7949 8.73835 10.6621 20.8265 6.07279 8.55038 20.8611 6.03563 8.60011 20.8927 8.79373 10.5865 20.7328 6.09101 8.5245 20.799 8.7002 10.7111 20.7949 8.68006 10.7355 20.7328 5.99749 8.64908 20.8611 5.97734 8.6735 20.799 8.73835 10.6621 20.8265 6.03563 8.60011 20.8927 8.69828 10.7096 20.6708 8.73545 10.6599 20.6391 5.99557 8.64762 20.7369 6.03273 8.59789 20.7053 8.68006 10.7355 20.7328
5.97734 8.6735 20.799 8.99419 4.69124 0.847971 8.88172 4.62102 0.717517 8.84043 4.56563 0.847971 7.93612 5.98643 1.06306 7.82364 5.91621 0.93261 7.78236 5.86082 1.06306 8.97817 4.71085 0.651048 7.92009 6.00605 0.866141 8.90295 4.59504 0.978424 9.01022 4.67163 1.04489 7.84487 5.89023 1.19352 7.95214 5.96682 1.25999 8.84043 4.56563 0.847971 7.78236 5.86082 1.06306 9.10667 4.76146 0.978424 9.14795 4.81685 0.847971 8.04859 6.05665 1.19352 8.08988 6.11204 1.06306 9.01022 4.67163 1.04489 7.95214 5.96682 1.25999 9.08544 4.78745 0.717517 8.97817 4.71085 0.651048 8.02736 6.08264 0.93261 7.92009 6.00605 0.866141 9.14795 4.81685 0.847971 8.08988 6.11204 1.06306 8.88887 4.59066 0.732259 8.99419 4.6565 0.65249 9.95 3.43315 1.07158 9.84468 3.33256 0.955863 9.95 3.3984 0.876094
8.8352 4.57415 0.868781 9.79101 3.31606 1.09239 9.09952 4.74579 0.704686 9.15318 4.80833 0.82716 10.0553 3.4877 0.928291 10.109 3.55024 1.05077 8.99419 4.6565 0.65249 9.95 3.3984 0.876094 9.09952 4.79182 0.963683 8.99419 4.72598 1.04345 10.0553 3.53373 1.18729 9.95 3.46789 1.26706 9.15318 4.80833 0.82716 10.109 3.55024 1.05077 8.88887 4.63669 0.991255 8.8352 4.57415 0.868781 9.84468 3.3786 1.21486 9.79101 3.31606 1.09239 8.99419 4.72598 1.04345 9.95 3.46789 1.26706 8.23949 9.25606 18.3499 8.1845 9.30101 18.3924 8.23949 9.29711 18.4282 9.95 13.4099 16.1706 9.89501 13.4549 16.2131 9.95 13.451 16.2489 8.15648 9.28287 18.3359 9.86699 13.4367 16.1566 8.29447 9.2655 18.4111 8.32249 9.22926 18.364 10.005 13.4194 16.2318 10.033 13.3831 16.1847
8.23949 9.29711 18.4282 9.95 13.451 16.2489 8.29447 9.21112 18.3074 8.23949 9.21502 18.2717 10.005 13.365 16.1281 9.95 13.3689 16.0924 8.32249 9.22926 18.364 10.033 13.3831 16.1847 8.1845 9.24663 18.2888 8.15648 9.28287 18.3359 9.89501 13.4005 16.1095 9.86699 13.4367 16.1566 8.23949 9.21502 18.2717 9.95 13.3689 16.0924 8.25255 9.19938 18.4088 8.23721 9.25606 18.4383 1.68979 7.57161 18.1815 1.70285 7.51493 18.2403 1.68752 7.57161 18.2698 8.26148 9.1705 18.3505 1.71178 7.48604 18.182 8.22341 9.31275 18.4081 8.21749 9.34163 18.3494 1.67371 7.6283 18.2396 1.6678 7.65718 18.1809 8.23721 9.25606 18.4383 1.68752 7.57161 18.2698 8.22642 9.31275 18.291 8.24176 9.25606 18.2616 1.67672 7.6283 18.1226 1.69206 7.57161 18.0931 8.21749 9.34163 18.3494
1.6678 7.65718 18.1809 8.25556 9.19938 18.2918 8.26148 9.1705 18.3505 1.70586 7.51493 18.1233 1.71178 7.48604 18.182 8.24176 9.25606 18.2616 1.69206 7.57161 18.0931 9.05496 16.1639 27.6573 9.02934 16.0891 27.7624 9.09598 16.1639 27.7916 5.82447 18.6565 28.6447 5.79885 18.5817 28.7498 5.86549 18.6565 28.7789 8.97527 16.051 27.6817 5.74478 18.5436 28.6691 9.13493 16.2387 27.7301 9.13465 16.2769 27.633 5.90443 18.7313 28.7175 5.90416 18.7695 28.6204 9.09598 16.1639 27.7916 5.86549 18.6565 28.7789 9.08057 16.2387 27.5523 9.01394 16.1639 27.5231 5.85008 18.7313 28.5397 5.78345 18.6565 28.5105 9.13465 16.2769 27.633 5.90416 18.7695 28.6204 8.97499 16.0891 27.5846 8.97527 16.051 27.6817 5.7445 18.5817 28.572 5.74478 18.5436 28.6691 9.01394 16.1639 27.5231
5.78345 18.6565 28.5105 8.97492 16.1273 27.5597 9.05496 16.1795 27.5179 9.88599 14.7663 27.501 9.80595 14.7296 27.4033 9.88599 14.7819 27.3615 8.93413 16.093 27.6494 9.76517 14.6953 27.4931 9.135 16.2213 27.5702 9.17578 16.2349 27.6653 9.96603 14.8236 27.4139 10.0068 14.8372 27.5089 9.05496 16.1795 27.5179 9.88599 14.7819 27.3615 9.135 16.2006 27.755 9.05496 16.1483 27.7968 9.96603 14.8029 27.5987 9.88599 14.7507 27.6405 9.17578 16.2349 27.6653 10.0068 14.8372 27.5089 8.97492 16.1066 27.7445 8.93413 16.093 27.6494 9.80595 14.7089 27.5881 9.76517 14.6953 27.4931 9.05496 16.1483 27.7968 9.88599 14.7507 27.6405 8.25 25.901 28.1638 8.20574 25.9439 28.1361 8.25 25.9715 28.1486 9.95 25.0236 24.0847 9.90574 25.0665 24.057 9.95 25.0941 24.0695
8.18319 25.8953 28.1372 9.88319 25.0179 24.0581 8.29426 25.9515 28.1714 8.31681 25.9067 28.1904 9.99426 25.0741 24.0923 10.0168 25.0293 24.1113 8.25 25.9715 28.1486 9.95 25.0941 24.0695 8.29426 25.8581 28.1915 8.25 25.8305 28.1789 9.99426 24.9806 24.1124 9.95 24.953 24.0999 8.31681 25.9067 28.1904 10.0168 25.0293 24.1113 8.20574 25.8505 28.1562 8.18319 25.8953 28.1372 9.90574 24.9731 24.0771 9.88319 25.0179 24.0581 8.25 25.8305 28.1789 9.95 24.953 24.0999 8.25132 25.8539 28.2123 8.2642 25.901 28.2345 5.26358 26.4348 28.7635 5.2649 26.3878 28.812 5.27778 26.4348 28.8343 8.23779 25.8299 28.1662 5.25137 26.3638 28.766 8.2675 25.9481 28.209 8.26221 25.9721 28.1613 5.28108 26.4819 28.8088 5.27579 26.5059 28.7611 8.2642 25.901 28.2345
5.27778 26.4348 28.8343 8.24868 25.9481 28.1153 8.2358 25.901 28.093 5.26226 26.4819 28.7151 5.24937 26.4348 28.6928 8.26221 25.9721 28.1613 5.27579 26.5059 28.7611 8.2325 25.8539 28.1185 8.23779 25.8299 28.1662 5.24608 26.3878 28.7183 5.25137 26.3638 28.766 8.2358 25.901 28.093 5.24937 26.4348 28.6928 7.94986 23.8499 29.95 7.93877 23.8571 29.9395 7.94986 23.8543 29.9325 5.82447 18.6565 28.6447 5.81339 18.6637 28.6342 5.82447 18.6609 28.6273 7.93313 23.8564 29.9516 5.80774 18.663 28.6464 7.96094 23.8486 29.9374 7.96659 23.8435 29.9484 5.83555 18.6552 28.6321 5.8412 18.6501 28.6431 7.94986 23.8543 29.9325 5.82447 18.6609 28.6273 7.96094 23.8428 29.9605 7.94986 23.8455 29.9675 5.83555 18.6494 28.6552 5.82447 18.6522 28.6622 7.96659 23.8435 29.9484
5.8412 18.6501 28.6431 7.93877 23.8513 29.9626 7.93313 23.8564 29.9516 5.81339 18.6579 28.6574 5.80774 18.663 28.6464 7.94986 23.8455 29.9675 5.82447 18.6522 28.6622 7.9442 23.8388 29.9386 7.93738 23.837 29.95 5.25792 26.4237 28.7522 5.2511 26.4219 28.7635 7.95379 23.8461 29.9328 5.26751 26.4311 28.7464 7.93898 23.8438 29.9614 7.94592 23.8537 29.9672 5.25271 26.4288 28.7749 5.25965 26.4386 28.7807 7.93738 23.837 29.95 5.2511 26.4219 28.7635 7.95552 23.861 29.9614 7.96234 23.8629 29.95 5.26924 26.4459 28.7749 5.27606 26.4478 28.7635 5.26358 26.4348 28.7635 7.94592 23.8537 29.9672 5.25965 26.4386 28.7807 7.96073 23.856 29.9386 7.95379 23.8461 29.9328 5.27445 26.4409 28.7522 5.26751 26.4311 28.7464 7.96234 23.8629 29.95 5.27606 26.4478 28.7635
8.27516 24.2678 4.42892 8.26511 24.2184 4.48529 8.29037 24.2678 4.50818 5.55756 25.4166 4.95032 5.5475 25.3672 5.00668 5.57277 25.4166 5.02957 8.24477 24.1933 4.43476 5.52717 25.3421 4.95615 8.30537 24.3172 4.47757 8.30555 24.3424 4.42309 5.58777 25.466 4.99896 5.58795 25.4911 4.94449 8.29037 24.2678 4.50818 5.57277 25.4166 5.02957 8.28522 24.3172 4.37256 8.25996 24.2678 4.34967 5.56762 25.466 4.89395 5.54236 25.4166 4.87106 8.30555 24.3424 4.42309 5.58795 25.4911 4.94449 8.24496 24.2184 4.38028 8.24477 24.1933 4.43476 5.52736 25.3672 4.90167 5.52717 25.3421 4.95615 8.25996 24.2678 4.34967 5.54236 25.4166 4.87106 8.24042 24.2184 4.38349 8.25211 24.2678 4.35159 9.95 23.55 3.9296 9.91526 23.5005 3.88417 9.92694 23.55 3.85226 8.24578 24.1932 4.43769
9.92062 23.4753 3.93836 8.27935 24.3173 4.37189 8.30455 24.3425 4.42016 9.95419 23.5995 3.87256 9.97938 23.6247 3.92084 8.25211 24.2678 4.35159 9.92694 23.55 3.85226 8.3099 24.3173 4.47436 8.29822 24.2678 4.50626 9.98474 23.5995 3.97503 9.97306 23.55 4.00694 8.30455 24.3425 4.42016 9.97938 23.6247 3.92084 8.27097 24.2184 4.48596 8.24578 24.1932 4.43769 9.94581 23.5005 3.98664 9.92062 23.4753 3.93836 8.29822 24.2678 4.50626 9.97306 23.55 4.00694 8.42951 12.1212 11.8398 8.37088 12.1892 11.8343 8.42951 12.2132 11.8672 9.95 13.15 8.37661 9.89136 13.218 8.37107 9.95 13.2421 8.40396 8.341 12.1318 11.8041 9.86149 13.1606 8.3409 8.48815 12.1751 11.8816 8.51803 12.1106 11.8755 10.0086 13.204 8.41838 10.0385 13.1394 8.41232 8.42951 12.2132 11.8672
9.95 13.2421 8.40396 8.48815 12.0532 11.8454 8.42951 12.0291 11.8125 10.0086 13.082 8.38215 9.95 13.0579 8.34926 8.51803 12.1106 11.8755 10.0385 13.1394 8.41232 8.37088 12.0672 11.798 8.341 12.1318 11.8041 9.89136 13.096 8.33484 9.86149 13.1606 8.3409 8.42951 12.0291 11.8125 9.95 13.0579 8.34926 8.36644 12.0731 11.7973 8.42951 12.0416 11.7861 8.26321 11.418 12.8829 8.20014 11.3699 12.8404 8.26321 11.3384 12.8292 8.33431 12.1282 11.8294 8.168 11.425 12.8724 8.49258 12.0638 11.8112 8.52472 12.1142 11.8503 8.32628 11.3606 12.8542 8.35841 11.411 12.8933 8.42951 12.0416 11.7861 8.26321 11.3384 12.8292 8.49258 12.1693 11.8823 8.42951 12.2008 11.8935 8.32628 11.4661 12.9254 8.26321 11.4976 12.9366 8.52472 12.1142 11.8503 8.35841 11.411 12.8933
8.36644 12.1786 11.8685 8.33431 12.1282 11.8294 8.20014 11.4754 12.9115 8.168 11.425 12.8724 8.42951 12.2008 11.8935 8.26321 11.4976 12.9366 9.35395 13.101 26.8928 9.27008 13.0536 26.8062 9.35395 12.9941 26.8051 8.225 11.471 28.8789 8.14113 11.4236 28.7923 8.225 11.3641 28.7912 9.22735 13.1363 26.8499 8.0984 11.5063 28.8359 9.43781 13.0068 26.8632 9.48055 13.0657 26.9358 8.30886 11.3768 28.8493 8.3516 11.4357 28.9219 9.35395 12.9941 26.8051 8.225 11.3641 28.7912 9.43781 13.1484 26.9795 9.35395 13.2079 26.9806 8.30886 11.5184 28.9655 8.225 11.5779 28.9666 9.48055 13.0657 26.9358 8.3516 11.4357 28.9219 9.27008 13.1952 26.9225 9.22735 13.1363 26.8499 8.14113 11.5652 28.9085 8.0984 11.5063 28.8359 9.35395 13.2079 26.9806 8.225 11.5779 28.9666
9.26621 13.0943 26.9879 9.35395 13.0536 27.0227 9.88599 14.7663 27.501 9.79825 14.7596 27.5961 9.88599 14.7188 27.6309 9.2215 13.1383 26.9065 9.75355 14.8036 27.5146 9.44169 13.0448 26.9699 9.48639 13.0637 26.8792 9.97373 14.7101 27.578 10.0184 14.7289 27.4874 9.35395 13.0536 27.0227 9.88599 14.7188 27.6309 9.44169 13.1077 26.7978 9.35395 13.1484 26.763 9.97373 14.773 27.4059 9.88599 14.8137 27.3711 9.48639 13.0637 26.8792 10.0184 14.7289 27.4874 9.26621 13.1572 26.8158 9.2215 13.1383 26.9065 9.79825 14.8224 27.424 9.75355 14.8036 27.5146 9.35395 13.1484 26.763 9.88599 14.8137 27.3711 8.401 28.744 29.6572 8.41385 28.7067 29.7083 8.38214 28.744 29.7235 5.26358 26.4348 28.7635 5.27643 26.3976 28.8146 5.24471 26.4348 28.8298 8.43926 28.6878 29.6681
5.30184 26.3786 28.7744 8.36316 28.7812 29.6939 8.36274 28.8002 29.6463 5.22573 26.4721 28.8002 5.22532 26.491 28.7526 8.38214 28.744 29.7235 5.24471 26.4348 28.8298 8.38815 28.7812 29.6061 8.41987 28.744 29.591 5.25073 26.4721 28.7124 5.28244 26.4348 28.6973 8.36274 28.8002 29.6463 5.22532 26.491 28.7526 8.43885 28.7067 29.6206 8.43926 28.6878 29.6681 5.30142 26.3976 28.7269 5.30184 26.3786 28.7744 8.41987 28.744 29.591 5.28244 26.4348 28.6973 8.4036 28.6999 29.6102 8.38736 28.744 29.5897 9.88917 29.1533 29.3564 9.89178 29.1093 29.3094 9.87553 29.1533 29.2889 8.41857 28.6775 29.6537 9.90675 29.0868 29.3529 8.38032 28.788 29.6149 8.38343 28.8105 29.6608 9.8685 29.1974 29.3141 9.8716 29.2198 29.36 8.38736 28.744 29.5897 9.87553 29.1533 29.2889
8.3984 28.788 29.7043 8.41464 28.744 29.7247 9.88657 29.1974 29.4035 9.90282 29.1533 29.4239 8.38343 28.8105 29.6608 9.8716 29.2198 29.36 8.42168 28.6999 29.6996 8.41857 28.6775 29.6537 9.90985 29.1093 29.3988 9.90675 29.0868 29.3529 8.41464 28.744 29.7247 9.90282 29.1533 29.4239 8.599 20.3426 19.701 8.57623 20.2809 19.7583 8.56325 20.3426 19.787 7.27356 20.3196 19.1498 7.25079 20.258 19.2071 7.23782 20.3196 19.2358 8.60037 20.2495 19.7016 7.27493 20.2266 19.1504 8.57441 20.4042 19.7576 8.59763 20.4356 19.7004 7.24897 20.3813 19.2064 7.27219 20.4127 19.1492 8.56325 20.3426 19.787 7.23782 20.3196 19.2358 8.62177 20.4042 19.6437 8.63475 20.3426 19.615 7.29633 20.3813 19.0925 7.30931 20.3196 19.0639 8.59763 20.4356 19.7004 7.27219 20.4127 19.1492
8.62359 20.2809 19.6444 8.60037 20.2495 19.7016 7.29815 20.258 19.0932 7.27493 20.2266 19.1504 8.63475 20.3426 19.615 7.30931 20.3196 19.0639 8.62448 20.2809 19.6448 8.63588 20.3426 19.6155 9.95 20.3698 20.2839 9.97548 20.3082 20.2278 9.98688 20.3698 20.1985 8.60058 20.2495 19.7017 9.95158 20.2767 20.2846 8.62238 20.4042 19.6439 8.59742 20.4356 19.7003 9.97338 20.4315 20.2269 9.94842 20.4629 20.2833 8.63588 20.3426 19.6155 9.98688 20.3698 20.1985 8.57352 20.4042 19.7572 8.56212 20.3426 19.7865 9.92452 20.4315 20.3401 9.91312 20.3698 20.3694 8.59742 20.4356 19.7003 9.94842 20.4629 20.2833 8.57562 20.2809 19.7581 8.60058 20.2495 19.7017 9.92662 20.3082 20.341 9.95158 20.2767 20.2846 8.56212 20.3426 19.7865 9.91312 20.3698 20.3694 9.95 26.399 23.0814
9.80269 26.4899 23.1973 9.95 26.5362 23.2564 9.95 27.8628 21.9338 9.80269 27.9536 22.0498 9.95 28 22.1088 9.72763 26.399 23.0814 9.72763 27.8628 21.9338 10.0973 26.4899 23.1973 10.1724 26.399 23.0814 10.0973 27.9536 22.0498 10.1724 27.8628 21.9338 9.95 26.5362 23.2564 9.95 28 22.1088 10.0973 26.3081 22.9654 9.95 26.2618 22.9063 10.0973 27.7719 21.8179 9.95 27.7256 21.7588 10.1724 26.399 23.0814 10.1724 27.8628 21.9338 9.80269 26.3081 22.9654 9.72763 26.399 23.0814 9.80269 27.7719 21.8179 9.72763 27.8628 21.9338 9.95 26.2618 22.9063 9.95 27.7256 21.7588 9.80269 26.3122 22.9623 9.95 26.2679 22.9017 9.95 25.0236 24.0847 9.80269 24.9368 23.9657 9.95 24.8925 23.9051 9.72763 26.399 23.0814 9.72763 25.0236 24.0847
10.0973 26.3122 22.9623 10.1724 26.399 23.0814 10.0973 24.9368 23.9657 10.1724 25.0236 24.0847 9.95 26.2679 22.9017 9.95 24.8925 23.9051 10.0973 26.4858 23.2004 9.95 26.5301 23.261 10.0973 25.1104 24.2037 9.95 25.1546 24.2644 10.1724 26.399 23.0814 10.1724 25.0236 24.0847 9.80269 26.4858 23.2004 9.72763 26.399 23.0814 9.80269 25.1104 24.2037 9.72763 25.0236 24.0847 9.95 26.5301 23.261 9.95 25.1546 24.2644 8.84986 8.13166 11.3636 8.88672 8.08083 11.4124 8.87023 8.13166 11.446 5.62582 6.5589 12.1606 5.66268 6.50808 12.2094 5.64619 6.5589 12.243 8.88513 8.05494 11.3548 5.66109 6.48218 12.1519 8.83999 8.18248 11.4239 8.81459 8.20838 11.3723 5.61595 6.60973 12.221 5.59055 6.63562 12.1693 8.87023 8.13166 11.446 5.64619 6.5589 12.243
8.813 8.18248 11.3148 8.82948 8.13166 11.2812 5.58896 6.60973 12.1118 5.60545 6.5589 12.0782 8.81459 8.20838 11.3723 5.59055 6.63562 12.1693 8.85973 8.08083 11.3032 8.88513 8.05494 11.3548 5.63569 6.50808 12.1002 5.66109 6.48218 12.1519 8.82948 8.13166 11.2812 5.60545 6.5589 12.0782 8.80041 8.15123 11.4227 8.84986 8.12107 11.4478 9.66134 9.61764 11.5504 9.61189 9.6372 11.6095 9.66134 9.60705 11.6346 8.77522 8.17178 11.3686 9.5867 9.65776 11.5554 8.8993 8.09806 11.416 8.92449 8.09153 11.3585 9.71078 9.58404 11.6028 9.73597 9.57751 11.5453 8.84986 8.12107 11.4478 9.66134 9.60705 11.6346 8.8993 8.11209 11.3044 8.84986 8.14225 11.2793 9.71078 9.59807 11.4912 9.66134 9.62822 11.4661 8.92449 8.09153 11.3585 9.73597 9.57751 11.5453 8.80041 8.16525 11.3111
8.77522 8.17178 11.3686 9.61189 9.65123 11.4979 9.5867 9.65776 11.5554 8.84986 8.14225 11.2793 9.66134 9.62822 11.4661 9.06439 10.4387 12.099 9.01288 10.3748 12.1262 9.06439 10.3811 12.171 8.26321 11.418 12.8829 8.21169 11.3541 12.91 8.26321 11.3603 12.9549 8.98663 10.3999 12.068 8.18544 11.3792 12.8518 9.11591 10.4262 12.1673 9.14216 10.4775 12.13 8.31472 11.4055 12.9512 8.34097 11.4568 12.9139 9.06439 10.3811 12.171 8.26321 11.3603 12.9549 9.11591 10.5026 12.0718 9.06439 10.4964 12.027 8.31472 11.4819 12.8557 8.26321 11.4757 12.8108 9.14216 10.4775 12.13 8.34097 11.4568 12.9139 9.01288 10.4512 12.0307 8.98663 10.3999 12.068 8.21169 11.4305 12.8146 8.18544 11.3792 12.8518 9.06439 10.4964 12.027 8.26321 11.4757 12.8108 9.01208 10.4464 12.0306
9.06439 10.49 12.0223 9.60903 9.6253 11.482 9.66134 9.6689 11.4736 8.98543 10.399 12.0725 9.58237 9.57795 11.5238 9.11671 10.499 12.0657 9.14336 10.4784 12.1255 9.71365 9.67789 11.5171 9.7403 9.65732 11.5769 9.06439 10.49 12.0223 9.66134 9.6689 11.4736 9.11671 10.4311 12.1674 9.06439 10.3875 12.1757 9.71365 9.60997 11.6187 9.66134 9.56637 11.6271 9.66134 9.61764 11.5504 9.14336 10.4784 12.1255 9.7403 9.65732 11.5769 9.01208 10.3785 12.1323 8.98543 10.399 12.0725 9.60903 9.55738 11.5836 9.58237 9.57795 11.5238 9.06439 10.3875 12.1757 9.66134 9.56637 11.6271 8.35 23.199 16.65 8.36336 23.2114 16.6321 8.36747 23.22 16.65 9.95 21.8658 16.9207 9.96336 21.8782 16.9027 9.96747 21.8868 16.9207 8.3527 23.1967 16.6229 9.9527 21.8636 16.8936
8.35978 23.2144 16.6679 8.3473 23.2013 16.6771 9.95978 21.8812 16.9386 9.9473 21.8681 16.9477 8.36747 23.22 16.65 9.96747 21.8868 16.9207 8.33664 23.1866 16.6679 8.33253 23.178 16.65 9.93664 21.8534 16.9386 9.93253 21.8449 16.9207 8.3473 23.2013 16.6771 9.9473 21.8681 16.9477 8.34022 23.1836 16.6321 8.3527 23.1967 16.6229 9.94022 21.8504 16.9027 9.9527 21.8636 16.8936 8.33253 23.178 16.65 9.93253 21.8449 16.9207 8.35242 23.181 16.668 8.35154 23.199 16.6772 6.53555 23.0573 16.7525 6.53797 23.0393 16.7705 6.53709 23.0573 16.7798 8.35212 23.1718 16.6499 6.53767 23.0301 16.7524 8.34962 23.217 16.6681 8.34788 23.2262 16.6501 6.53517 23.0753 16.7707 6.53343 23.0845 16.7527 8.35154 23.199 16.6772 6.53709 23.0573 16.7798 8.34758 23.217 16.632
8.34846 23.199 16.6227 6.53312 23.0753 16.7346 6.53401 23.0573 16.7253 8.34788 23.2262 16.6501 6.53343 23.0845 16.7527 8.35038 23.181 16.6319 8.35212 23.1718 16.6499 6.53593 23.0393 16.7344 6.53767 23.0301 16.7524 8.34846 23.199 16.6227 6.53401 23.0573 16.7253 8.55749 9.699 22.9318 8.53504 9.64631 22.9855 8.50338 9.699 22.9958 6.03418 8.599 20.799 6.01173 8.54631 20.8527 5.98007 8.599 20.863 8.57772 9.61947 22.9489 6.0544 8.51947 20.8161 8.50825 9.75169 22.9629 8.53727 9.77853 22.9147 5.98493 8.65169 20.8301 6.01395 8.67853 20.7819 8.50338 9.699 22.9958 5.98007 8.599 20.863 8.57994 9.75169 22.878 8.61161 9.699 22.8677 6.05663 8.65169 20.7453 6.08829 8.599 20.735 8.53727 9.77853 22.9147 6.01395 8.67853 20.7819 8.60674 9.64631 22.9007
8.57772 9.61947 22.9489 6.08342 8.54631 20.7679 6.0544 8.51947 20.8161 8.61161 9.699 22.8677 6.08829 8.599 20.735 8.57629 9.64624 22.8767 8.60697 9.699 22.8641 9.95 9.13275 23.95 9.9688 9.07999 23.895 9.99948 9.13275 23.8823 8.53639 9.61935 22.9163 9.9289 9.05311 23.9346 8.60425 9.75176 22.8972 8.5786 9.77864 22.9472 9.99676 9.18551 23.9154 9.9711 9.2124 23.9654 8.60697 9.699 22.8641 9.99948 9.13275 23.8823 8.5387 9.75176 22.9868 8.50802 9.699 22.9994 9.9312 9.18551 24.005 9.90052 9.13275 24.0177 8.5786 9.77864 22.9472 9.9711 9.2124 23.9654 8.51074 9.64624 22.9664 8.53639 9.61935 22.9163 9.90324 9.07999 23.9846 9.9289 9.05311 23.9346 8.50802 9.699 22.9994 9.90052 9.13275 24.0177 9.02793 21.901 0.2552 8.97495 21.8596 0.220119
9.02793 21.848 0.194048 9.95 17.4475 4.11754 9.89702 17.4061 4.08246 9.95 17.3944 4.05639 8.94796 21.8915 0.263396 9.87003 17.438 4.12573 9.08091 21.8721 0.20926 9.10791 21.9104 0.247005 10.003 17.4186 4.0716 10.03 17.4569 4.10934 9.02793 21.848 0.194048 9.95 17.3944 4.05639 9.08091 21.9424 0.290282 9.02793 21.954 0.316353 10.003 17.4889 4.15262 9.95 17.5005 4.17869 9.10791 21.9104 0.247005 10.03 17.4569 4.10934 8.97495 21.9299 0.301141 8.94796 21.8915 0.263396 9.89702 17.4763 4.16348 9.87003 17.438 4.12573 9.02793 21.954 0.316353 9.95 17.5005 4.17869 8.97469 21.8853 0.30689 9.02793 21.8869 0.334914 8.8267 23.5438 0.545328 8.77347 23.5281 0.597018 8.8267 23.5297 0.625041 8.94757 21.8915 0.253515 8.74634 23.5342 0.543642 9.08117 21.898 0.309124
9.1083 21.9105 0.256886 8.87994 23.5408 0.599251 8.90707 23.5533 0.547014 9.02793 21.8869 0.334914 8.8267 23.5297 0.625041 9.08117 21.9166 0.203511 9.02793 21.9151 0.175487 8.87994 23.5594 0.493638 8.8267 23.5578 0.465615 9.1083 21.9105 0.256886 8.90707 23.5533 0.547014 8.97469 21.904 0.201277 8.94757 21.8915 0.253515 8.77347 23.5468 0.491404 8.74634 23.5342 0.543642 9.02793 21.9151 0.175487 8.8267 23.5578 0.465615 9.95 1.199 2.101 9.81669 1.07666 2.15808 9.95 1.02619 2.20658 9.32956 4.06072 6.78511 9.19625 3.93839 6.84219 9.32956 3.88791 6.89069 9.74877 1.18714 2.08159 9.12833 4.04886 6.7657 10.0833 1.09238 2.1838 10.1512 1.21086 2.12041 9.46286 3.9541 6.86791 9.53079 4.07258 6.80452 9.95 1.02619 2.20658 9.32956 3.88791 6.89069 10.0833 1.32134 2.04392
9.95 1.37181 1.99542 9.46286 4.18306 6.72803 9.32956 4.23353 6.67953 10.1512 1.21086 2.12041 9.53079 4.07258 6.80452 9.81669 1.30562 2.0182 9.74877 1.18714 2.08159 9.19625 4.16735 6.70231 9.12833 4.04886 6.7657 9.95 1.37181 1.99542 9.32956 4.23353 6.67953 9.81585 1.25514 2.22284 9.95 1.28375 2.28492 9.95 3.43315 1.07158 9.81585 3.48929 1.19342 9.95 3.51789 1.2555 9.74749 1.199 2.101 9.74749 3.43315 1.07158 10.0842 1.25514 2.22284 10.1525 1.199 2.101 10.0842 3.48929 1.19342 10.1525 3.43315 1.07158 9.95 1.28375 2.28492 9.95 3.51789 1.2555 10.0842 1.14286 1.97916 9.95 1.11425 1.91708 10.0842 3.37701 0.949733 9.95 3.3484 0.887651 10.1525 1.199 2.101 10.1525 3.43315 1.07158 9.81585 1.14286 1.97916 9.74749 1.199 2.101
9.81585 3.37701 0.949733 9.74749 3.43315 1.07158 9.95 1.11425 1.91708 9.95 3.3484 0.887651 8.55 0.05 10.699 8.54375 0.0225807 10.7266 8.54799 0.05 10.741 3.51666 0.955492 10.4585 3.51041 0.928073 10.4861 3.51466 0.955492 10.5005 8.54257 0.00860991 10.6986 3.50924 0.914102 10.4581 8.55359 0.0774193 10.7271 8.55743 0.0913901 10.6994 3.52026 0.982912 10.4865 3.52409 0.996882 10.4588 8.54799 0.05 10.741 3.51466 0.955492 10.5005 8.55625 0.0774193 10.6714 8.55201 0.05 10.657 3.52292 0.982912 10.4309 3.51867 0.955492 10.4165 8.55743 0.0913901 10.6994 3.52409 0.996882 10.4588 8.54641 0.0225807 10.6709 8.54257 0.00860991 10.6986 3.51307 0.928073 10.4304 3.50924 0.914102 10.4581 8.55201 0.05 10.657 3.51867 0.955492 10.4165 8.54513 0.0222274 10.6715 8.53945 0.05 10.6583
9.89746 0.159494 10.3499 9.89259 0.131722 10.3223 9.88691 0.159494 10.3091 8.55319 0.00807648 10.6982 9.90065 0.117571 10.349 8.5409 0.0777726 10.6726 8.54681 0.0919235 10.6998 9.88836 0.187267 10.3234 9.89427 0.201418 10.3507 8.53945 0.05 10.6583 9.88691 0.159494 10.3091 8.55487 0.0777726 10.7265 8.56055 0.05 10.7397 9.90233 0.187267 10.3774 9.90801 0.159494 10.3906 8.54681 0.0919235 10.6998 9.89427 0.201418 10.3507 8.5591 0.0222273 10.7254 8.55319 0.00807648 10.6982 9.90656 0.131722 10.3763 9.90065 0.117571 10.349 8.56055 0.05 10.7397 9.90801 0.159494 10.3906 8.65 24.9562 11.0437 8.64559 24.9119 11.0886 8.63458 24.9562 11.1094 7.03775 24.7333 10.6654 7.03335 24.689 10.7103 7.02233 24.7333 10.7312 8.65877 24.8893 11.0457 7.04652 24.6664 10.6675 8.63397 25.0006 11.0859
8.64123 25.0232 11.0416 7.02173 24.7776 10.7076 7.02898 24.8002 10.6634 8.63458 24.9562 11.1094 7.02233 24.7333 10.7312 8.65441 25.0006 10.9988 8.66542 24.9562 10.9779 7.04216 24.7776 10.6205 7.05318 24.7333 10.5997 8.64123 25.0232 11.0416 7.02898 24.8002 10.6634 8.66603 24.9119 11.0015 8.65877 24.8893 11.0457 7.05378 24.689 10.6232 7.04652 24.6664 10.6675 8.66542 24.9562 10.9779 7.05318 24.7333 10.5997 8.664 24.9119 11.0008 8.66235 24.9562 10.9773 9.95 25.1327 11.2855 9.964 25.0883 11.2426 9.96235 25.1327 11.2191 8.65878 24.8893 11.0453 9.95878 25.0657 11.2871 8.65236 25.0006 10.9986 8.64122 25.0232 11.0421 9.95236 25.177 11.2404 9.94122 25.1996 11.2839 8.66235 24.9562 10.9773 9.96235 25.1327 11.2191 8.636 25.0006 11.0866 8.63765 24.9562 11.1101
9.936 25.177 11.3284 9.93765 25.1327 11.3519 8.64122 25.0232 11.0421 9.94122 25.1996 11.2839 8.64764 24.9119 11.0887 8.65878 24.8893 11.0453 9.94764 25.0883 11.3306 9.95878 25.0657 11.2871 8.63765 24.9562 11.1101 9.93765 25.1327 11.3519 8.899 21.5915 17.0054 8.92175 21.5243 17.0729 8.90795 21.5915 17.1096 7.78492 21.3106 17.101 7.80767 21.2434 17.1686 7.79387 21.3106 17.2052 8.92439 21.4901 17.0032 7.81031 21.2092 17.0988 8.88811 21.6587 17.0758 8.87361 21.6929 17.0075 7.77403 21.3778 17.1715 7.75953 21.412 17.1032 8.90795 21.5915 17.1096 7.79387 21.3106 17.2052 8.87625 21.6587 16.9378 8.89005 21.5915 16.9012 7.76218 21.3778 17.0334 7.77598 21.3106 16.9968 8.87361 21.6929 17.0075 7.75953 21.412 17.1032 8.90989 21.5243 16.9349 8.92439 21.4901 17.0032
7.79581 21.2434 17.0305 7.81031 21.2092 17.0988 8.89005 21.5915 16.9012 7.77598 21.3106 16.9968 8.91082 21.5244 16.9349 8.8906 21.5915 16.9011 9.95 21.8658 16.9207 9.96182 21.7988 16.8502 9.9416 21.8658 16.8164 8.92525 21.4903 17.0032 9.97625 21.7646 16.9186 8.87605 21.6585 16.9377 8.87275 21.6927 17.0075 9.92705 21.9329 16.853 9.92375 21.967 16.9228 8.8906 21.5915 16.9011 9.9416 21.8658 16.8164 8.88718 21.6585 17.0758 8.9074 21.5915 17.1096 9.93818 21.9329 16.9911 9.9584 21.8658 17.0249 8.87275 21.6927 17.0075 9.92375 21.967 16.9228 8.92195 21.5244 17.073 8.92525 21.4903 17.0032 9.97295 21.7988 16.9883 9.97625 21.7646 16.9186 8.9074 21.5915 17.1096 9.9584 21.8658 17.0249 9.95 15.601 6.601 9.84191 15.6877 6.6655 9.95 15.7319 6.69836
9.95 17.4475 4.11754 9.84191 17.5342 4.18203 9.95 17.5784 4.2149 9.78683 15.601 6.601 9.78683 17.4475 4.11754 10.0581 15.6877 6.6655 10.1132 15.601 6.601 10.0581 17.5342 4.18203 10.1132 17.4475 4.11754 9.95 15.7319 6.69836 9.95 17.5784 4.2149 10.0581 15.5143 6.5365 9.95 15.4701 6.50364 10.0581 17.3607 4.05304 9.95 17.3165 4.02018 10.1132 15.601 6.601 10.1132 17.4475 4.11754 9.84191 15.5143 6.5365 9.78683 15.601 6.601 9.84191 17.3607 4.05304 9.78683 17.4475 4.11754 9.95 15.4701 6.50364 9.95 17.3165 4.02018 9.84191 15.5376 6.51346 9.95 15.5053 6.46886 9.95 13.15 8.37661 9.84191 13.0866 8.28907 9.95 13.0543 8.24447 9.78683 15.601 6.601 9.78683 13.15 8.37661 10.0581 15.5376 6.51346 10.1132 15.601 6.601
10.0581 13.0866 8.28907 10.1132 13.15 8.37661 9.95 15.5053 6.46886 9.95 13.0543 8.24447 10.0581 15.6644 6.68854 9.95 15.6967 6.73314 10.0581 13.2134 8.46415 9.95 13.2457 8.50875 10.1132 15.601 6.601 10.1132 13.15 8.37661 9.84191 15.6644 6.68854 9.78683 15.601 6.601 9.84191 13.2134 8.46415 9.78683 13.15 8.37661 9.95 15.6967 6.73314 9.95 13.2457 8.50875 8.65 29.95 14.45 8.65353 29.9436 14.4557 8.65322 29.95 14.4594 6.47828 29.4188 15.1983 6.48182 29.4124 15.204 6.48151 29.4188 15.2077 8.65211 29.9404 14.4493 6.48039 29.4092 15.1976 8.65074 29.9564 14.4567 8.64789 29.9596 14.4507 6.47902 29.4252 15.205 6.47618 29.4285 15.199 8.65322 29.95 14.4594 6.48151 29.4188 15.2077 8.64647 29.9564 14.4443 8.64678 29.95 14.4406
6.47475 29.4252 15.1926 6.47506 29.4188 15.189 8.64789 29.9596 14.4507 6.47618 29.4285 15.199 8.64926 29.9436 14.4433 8.65211 29.9404 14.4493 6.47755 29.4124 15.1916 6.48039 29.4092 15.1976 8.64678 29.95 14.4406 6.47506 29.4188 15.189 8.6476 29.9435 14.4439 8.64704 29.95 14.4406 9.95 29.853 14.0432 9.9476 29.8465 14.0371 9.94704 29.853 14.0338 8.64933 29.9401 14.4502 9.94933 29.8432 14.0434 8.64849 29.9565 14.4436 8.65067 29.9599 14.4498 9.94849 29.8596 14.0368 9.95067 29.8629 14.043 8.64704 29.95 14.4406 9.94704 29.853 14.0338 8.6524 29.9565 14.4561 8.65296 29.95 14.4594 9.9524 29.8596 14.0493 9.95296 29.853 14.0527 8.65067 29.9599 14.4498 9.95067 29.8629 14.043 8.65151 29.9435 14.4564 8.64933 29.9401 14.4502 9.95151 29.8465 14.0496
9.94933 29.8432 14.0434 8.65296 29.95 14.4594 9.95296 29.853 14.0527 8.801 0.05 14.599 8.79147 0.0208798 14.6299 8.8016 0.05 14.6454 6.47096 0.84493 14.6292 6.46143 0.815809 14.6601 6.47156 0.84493 14.6756 8.78601 0.00604239 14.5992 6.45597 0.800972 14.6294 8.81133 0.0791202 14.6296 8.81599 0.0939576 14.5988 6.48129 0.87405 14.6598 6.48595 0.888887 14.629 8.8016 0.05 14.6454 6.47156 0.84493 14.6756 8.81054 0.0791202 14.5681 8.8004 0.05 14.5526 6.4805 0.87405 14.5983 6.47036 0.84493 14.5827 8.81599 0.0939576 14.5988 6.48595 0.888887 14.629 8.79067 0.0208798 14.5684 8.78601 0.00604239 14.5992 6.46063 0.815809 14.5985 6.45597 0.800972 14.6294 8.8004 0.05 14.5526 6.47036 0.84493 14.5827 8.81031 0.0193993 14.5695 8.81032 0.05 14.5535 9.88943 0.166306 14.8219
9.89874 0.135705 14.7924 9.89875 0.166306 14.7764 8.80574 0.00380741 14.6 9.89416 0.120114 14.8229 8.80403 0.0806007 14.5682 8.79626 0.0961926 14.598 9.89246 0.196907 14.7911 9.88469 0.212499 14.8209 8.81032 0.05 14.5535 9.89875 0.166306 14.7764 8.79169 0.0806007 14.6285 8.79168 0.05 14.6445 9.88012 0.196907 14.8514 9.88011 0.166306 14.8674 8.79626 0.0961926 14.598 9.88469 0.212499 14.8209 8.79797 0.0193993 14.6298 8.80574 0.00380741 14.6 9.88639 0.135705 14.8527 9.89416 0.120114 14.8229 8.79168 0.05 14.6445 9.88011 0.166306 14.8674 9.24372 9.1637 3.75 9.2006 9.13407 3.78211 9.24372 9.11406 3.79277 9.95 13.15 8.37661 9.90688 13.1204 8.40872 9.95 13.1004 8.41938 9.17863 9.16862 3.7557 9.88491 13.1549 8.38231 9.28684 9.12756 3.77456 9.30881 9.15879 3.7443
9.99312 13.1139 8.40117 10.0151 13.1451 8.37091 9.24372 9.11406 3.79277 9.95 13.1004 8.41938 9.28684 9.19333 3.71789 9.24372 9.21334 3.70723 9.99312 13.1796 8.3445 9.95 13.1996 8.33384 9.30881 9.15879 3.7443 10.0151 13.1451 8.37091 9.2006 9.19984 3.72544 9.17863 9.16862 3.7557 9.90688 13.1861 8.35206 9.88491 13.1549 8.38231 9.24372 9.21334 3.70723 9.95 13.1996 8.33384 9.20083 9.20763 3.74991 9.24372 9.22844 3.73986 8.93064 8.85397 1.77297 8.88775 8.89789 1.77288 8.93064 8.91871 1.76283 9.17898 9.16527 3.76001 8.8659 8.85554 1.78298 9.2866 9.20555 3.73665 9.30846 9.16214 3.73999 8.97352 8.89582 1.75962 8.99538 8.8524 1.76297 9.24372 9.22844 3.73986 8.93064 8.91871 1.76283 9.2866 9.11978 3.75009 9.24372 9.09897 3.76014 8.97352 8.81005 1.77306
8.93064 8.78923 1.78311 9.30846 9.16214 3.73999 8.99538 8.8524 1.76297 9.20083 9.12186 3.76335 9.17898 9.16527 3.76001 8.88775 8.81212 1.78632 8.8659 8.85554 1.78298 9.24372 9.09897 3.76014 8.93064 8.78923 1.78311 9.13686 6.05025 26.3246 9.12936 6.00566 26.3734 9.1052 6.05025 26.3882 5.17909 4.55839 24.3544 5.17159 4.5138 24.4032 5.14744 4.55839 24.418 9.15719 5.98294 26.3347 5.19942 4.49109 24.3645 9.10242 6.09483 26.36 9.11653 6.11755 26.3145 5.14466 4.60297 24.3898 5.15876 4.62569 24.3442 9.1052 6.05025 26.3882 5.14744 4.55839 24.418 9.14436 6.09483 26.2758 9.16851 6.05025 26.261 5.1866 4.60297 24.3055 5.21075 4.55839 24.2908 9.11653 6.11755 26.3145 5.15876 4.62569 24.3442 9.1713 6.00566 26.2892 9.15719 5.98294 26.3347 5.21353 4.5138 24.3189
5.19942 4.49109 24.3645 9.16851 6.05025 26.261 5.21075 4.55839 24.2908 9.08989 6.00639 26.3419 9.13686 5.98272 26.3467 9.22392 6.499 27.699 9.17695 6.45515 27.7163 9.22392 6.43148 27.721 9.06595 6.05157 26.3287 9.15302 6.50033 27.7031 9.18383 6.00464 26.3365 9.20776 6.04892 26.3205 9.27089 6.45339 27.7109 9.29482 6.49767 27.6949 9.13686 5.98272 26.3467 9.22392 6.43148 27.721 9.18383 6.0941 26.3073 9.13686 6.11777 26.3026 9.27089 6.54285 27.6817 9.22392 6.56652 27.677 9.20776 6.04892 26.3205 9.29482 6.49767 27.6949 9.08989 6.09585 26.3127 9.06595 6.05157 26.3287 9.17695 6.54461 27.6871 9.15302 6.50032 27.7031 9.13686 6.11777 26.3026 9.22392 6.56652 27.677 9.35016 23.5201 1.65 9.29937 23.4678 1.66405 9.35016 23.4408 1.65104 9.95 23.55 3.9296
9.89921 23.4977 3.94365 9.95 23.4707 3.93064 9.27349 23.5204 1.67017 9.87333 23.5503 3.94977 9.40095 23.4674 1.63733 9.42683 23.5198 1.62983 10.0008 23.4973 3.91693 10.0267 23.5497 3.90943 9.35016 23.4408 1.65104 9.95 23.4707 3.93064 9.40095 23.5725 1.63595 9.35016 23.5994 1.64896 10.0008 23.6023 3.91555 9.95 23.6293 3.92856 9.42683 23.5198 1.62983 10.0267 23.5497 3.90943 9.29937 23.5728 1.66267 9.27349 23.5204 1.67017 9.89921 23.6027 3.94227 9.87333 23.5503 3.94977 9.35016 23.5994 1.64896 9.95 23.6293 3.92856 9.3027 23.5721 1.67361 9.35016 23.5994 1.6517 8.8267 23.5438 0.545328 8.77924 23.5958 0.568933 8.8267 23.623 0.547025 9.27851 23.5194 1.68394 8.75506 23.543 0.579263 9.39762 23.5731 1.62864 9.42181 23.5208 1.61606 8.87417 23.5968 0.523972
8.89835 23.5445 0.511393 9.35016 23.5994 1.6517 8.8267 23.623 0.547025 9.39762 23.4681 1.62639 9.35016 23.4408 1.6483 8.87417 23.4917 0.521723 8.8267 23.4645 0.54363 9.42181 23.5208 1.61606 8.89835 23.5445 0.511393 9.3027 23.4671 1.67136 9.27851 23.5194 1.68394 8.77924 23.4908 0.566684 8.75506 23.543 0.579263 9.35016 23.4408 1.6483 8.8267 23.4645 0.54363 9.58654 7.001 24.2718 9.615 6.95155 24.3278 9.58814 7.001 24.3571 5.17909 4.55839 24.3544 5.20755 4.50894 24.4104 5.18069 4.55839 24.4397 9.6279 6.92636 24.271 5.22045 4.48375 24.3536 9.56021 7.05045 24.3288 9.54519 7.07564 24.2726 5.15276 4.60784 24.4114 5.13774 4.63303 24.3551 9.58814 7.001 24.3571 5.18069 4.55839 24.4397 9.55809 7.05045 24.2158 9.58495 7.001 24.1865 5.15064 4.60784 24.2984
5.17749 4.55839 24.269 9.54519 7.07564 24.2726 5.13774 4.63303 24.3551 9.61288 6.95155 24.2147 9.6279 6.92636 24.271 5.20543 4.50894 24.2973 5.22045 4.48375 24.3536 9.58495 7.001 24.1865 5.17749 4.55839 24.269 9.5308 7.01873 24.3263 9.58654 7.01374 24.3562 9.95 9.13275 23.95 9.89425 9.15048 24.0045 9.95 9.14549 24.0344 9.5024 7.01503 24.2697 9.86585 9.14678 23.9479 9.64229 7.00015 24.3291 9.67069 6.98697 24.2739 10.0057 9.1319 24.0073 10.0341 9.11872 23.9521 9.58654 7.01374 24.3562 9.95 9.14549 24.0344 9.64229 6.98327 24.2173 9.58654 6.98826 24.1874 10.0057 9.11502 23.8955 9.95 9.12002 23.8656 9.67069 6.98697 24.2739 10.0341 9.11872 23.9521 9.5308 7.00186 24.2145 9.5024 7.01503 24.2697 9.89425 9.13361 23.8927 9.86585 9.14678 23.9479
9.58654 6.98826 24.1874 9.95 9.12002 23.8656 8.95 29.3501 0.05 8.95333 29.3273 0.072565 8.95546 29.3501 0.0839929 7.24398 29.3721 0.324145 7.24731 29.3492 0.34671 7.24945 29.3721 0.358138 8.94957 29.3156 0.0500695 7.24355 29.3376 0.324214 8.95391 29.3729 0.0724729 8.95043 29.3845 0.0499305 7.24789 29.3949 0.346618 7.24442 29.4065 0.324075 8.95546 29.3501 0.0839929 7.24945 29.3721 0.358138 8.94667 29.3729 0.027435 8.94454 29.3501 0.0160071 7.24065 29.3949 0.30158 7.23852 29.3721 0.290152 8.95043 29.3845 0.0499305 7.24442 29.4065 0.324075 8.94609 29.3273 0.0275271 8.94957 29.3156 0.0500695 7.24008 29.3492 0.301672 7.24355 29.3376 0.324214 8.94454 29.3501 0.0160071 7.23852 29.3721 0.290152 8.95426 29.3274 0.0274976 8.95332 29.3501 0.0157312 9.95 29.4416 0.146807 9.95426 29.4188 0.124304
9.95332 29.4416 0.112538 8.95311 29.3158 0.0503008 9.95311 29.4073 0.147108 8.95014 29.3728 0.027099 8.94689 29.3844 0.0496992 9.95014 29.4643 0.123906 9.94689 29.4758 0.146506 8.95332 29.3501 0.0157312 9.95332 29.4416 0.112538 8.94574 29.3728 0.0725024 8.94668 29.3501 0.0842688 9.94574 29.4643 0.169309 9.94668 29.4416 0.181076 8.94689 29.3844 0.0496992 9.94689 29.4758 0.146506 8.94986 29.3274 0.072901 8.95311 29.3158 0.0503008 9.94986 29.4188 0.169708 9.95311 29.4073 0.147108 8.94668 29.3501 0.0842688 9.94668 29.4416 0.181076 9.95 23.299 16.601 9.89461 23.3097 16.6555 9.95 23.3189 16.6823 9.84534 25.5311 16.0559 9.78995 25.5418 16.1103 9.84534 25.551 16.1372 9.86638 23.2953 16.6019 9.76172 25.5274 16.0568 10.0054 23.3146 16.6543 10.0336 23.3027 16.6001 9.90074 25.5467 16.1091
9.92896 25.5348 16.055 9.95 23.3189 16.6823 9.84534 25.551 16.1372 10.0054 23.2883 16.5465 9.95 23.2791 16.5197 9.90074 25.5204 16.0014 9.84534 25.5113 15.9746 10.0336 23.3027 16.6001 9.92896 25.5348 16.055 9.89461 23.2834 16.5477 9.86638 23.2953 16.6019 9.78995 25.5155 16.0026 9.76172 25.5274 16.0568 9.95 23.2791 16.5197 9.84534 25.5113 15.9746 9.89455 23.2869 16.5469 9.95 23.2808 16.5193 9.95 21.8658 16.9207 9.89455 21.8538 16.8665 9.95 21.8476 16.839 9.86629 23.299 16.601 9.86629 21.8658 16.9207 10.0055 23.2869 16.5469 10.0337 23.299 16.601 10.0055 21.8538 16.8665 10.0337 21.8658 16.9207 9.95 23.2808 16.5193 9.95 21.8476 16.839 10.0055 23.3111 16.6551 9.95 23.3172 16.6827 10.0055 21.8779 16.9748 9.95 21.884 17.0024
10.0337 23.299 16.601 10.0337 21.8658 16.9207 9.89455 23.3111 16.6551 9.86629 23.299 16.601 9.89455 21.8779 16.9748 9.86629 21.8658 16.9207 9.95 23.3172 16.6827 9.95 21.884 17.0024 9.95 21.001 21.499 9.88427 20.9437 21.5311 9.95 20.9144 21.5475 9.95 22.1859 23.6133 9.88427 22.1286 23.6455 9.95 22.0993 23.6618 9.85078 21.001 21.499 9.85078 22.1859 23.6133 10.0157 20.9437 21.5311 10.0492 21.001 21.499 10.0157 22.1286 23.6455 10.0492 22.1859 23.6133 9.95 20.9144 21.5475 9.95 22.0993 23.6618 10.0157 21.0583 21.4669 9.95 21.0876 21.4505 10.0157 22.2432 23.5812 9.95 22.2725 23.5648 10.0492 21.001 21.499 10.0492 22.1859 23.6133 9.88427 21.0583 21.4669 9.85078 21.001 21.499 9.88427 22.2432 23.5812 9.85078 22.1859 23.6133
9.95 21.0876 21.4505 9.95 22.2725 23.5648 9.88427 21.0593 21.4687 9.95 21.0891 21.4533 9.95 20.3698 20.2839 9.88427 20.4281 20.2536 9.95 20.4579 20.2382 9.85078 21.001 21.499 9.85078 20.3698 20.2839 10.0157 21.0593 21.4687 10.0492 21.001 21.499 10.0157 20.4281 20.2536 10.0492 20.3698 20.2839 9.95 21.0891 21.4533 9.95 20.4579 20.2382 10.0157 20.9427 21.5293 9.95 20.9129 21.5447 10.0157 20.3115 20.3142 9.95 20.2818 20.3297 10.0492 21.001 21.499 10.0492 20.3698 20.2839 9.88427 20.9427 21.5293 9.85078 21.001 21.499 9.88427 20.3115 20.3142 9.85078 20.3698 20.2839 9.95 20.9129 21.5447 9.95 20.2818 20.3297 9.56382 7.601 27.7501 9.5195 7.57379 27.7908 9.56382 7.58126 27.8178 8.225 11.471 28.8789 8.18068 11.4438 28.9196
8.225 11.4512 28.9466 9.49692 7.57967 27.7439 8.1581 11.4497 28.8727 9.60814 7.60205 27.7991 9.63072 7.62233 27.7564 8.26932 11.472 28.9278 8.2919 11.4923 28.8851 9.56382 7.58126 27.8178 8.225 11.4512 28.9466 9.60814 7.62821 27.7094 9.56382 7.62074 27.6825 8.26932 11.4982 28.8382 8.225 11.4907 28.8112 9.63072 7.62233 27.7564 8.2919 11.4923 28.8851 9.5195 7.59995 27.7012 9.49692 7.57967 27.7439 8.18068 11.4699 28.8299 8.1581 11.4497 28.8727 9.56382 7.62074 27.6825 8.225 11.4907 28.8112 9.51919 7.6169 27.7041 9.56382 7.60427 27.6797 9.22392 6.499 27.699 9.17929 6.5149 27.653 9.22392 6.50227 27.6286 9.49645 7.62173 27.7511 9.15655 6.51973 27.7 9.60845 7.58943 27.7029 9.63119 7.58027 27.7492 9.26855 6.48743 27.6517 9.29129 6.47827 27.698
9.56382 7.60427 27.6797 9.22392 6.50227 27.6286 9.60845 7.5851 27.7961 9.56382 7.59773 27.8206 9.26855 6.4831 27.745 9.22392 6.49573 27.7694 9.63119 7.58027 27.7492 9.29129 6.47827 27.698 9.51919 7.61257 27.7974 9.49645 7.62173 27.7511 9.17929 6.51057 27.7463 9.15655 6.51973 27.7 9.56382 7.59773 27.8206 9.22392 6.49573 27.7694 9.95 22.15 4.75 9.8951 22.1573 4.69559 9.95 22.161 4.66786 9.95 17.4475 4.11754 9.8951 17.4548 4.06313 9.95 17.4585 4.0354 9.86713 22.15 4.75 9.86713 17.4475 4.11754 10.0049 22.1573 4.69559 10.0329 22.15 4.75 10.0049 17.4548 4.06313 10.0329 17.4475 4.11754 9.95 22.161 4.66786 9.95 17.4585 4.0354 10.0049 22.1427 4.80441 9.95 22.139 4.83214 10.0049 17.4401 4.17195 9.95 17.4364 4.19967
10.0329 22.15 4.75 10.0329 17.4475 4.11754 9.8951 22.1427 4.80441 9.86713 22.15 4.75 9.8951 17.4401 4.17195 9.86713 17.4475 4.11754 9.95 22.139 4.83214 9.95 17.4364 4.19967 9.8951 22.1778 4.79737 9.95 22.1919 4.8215 9.95 23.55 3.9296 9.8951 23.5778 3.97697 9.95 23.5919 4.0011 9.86713 22.15 4.75 9.86713 23.55 3.9296 10.0049 22.1778 4.79737 10.0329 22.15 4.75 10.0049 23.5778 3.97697 10.0329 23.55 3.9296 9.95 22.1919 4.8215 9.95 23.5919 4.0011 10.0049 22.1222 4.70263 9.95 22.1081 4.6785 10.0049 23.5222 3.88223 9.95 23.5081 3.8581 10.0329 22.15 4.75 10.0329 23.55 3.9296 9.8951 22.1222 4.70263 9.86713 22.15 4.75 9.8951 23.5222 3.88223 9.86713 23.55 3.9296 9.95 22.1081 4.6785
9.95 23.5081 3.8581 9.95 10.35 9.75 9.89223 10.3754 9.80186 9.95 10.3884 9.82829 9.95 13.15 8.37661 9.89223 13.1754 8.42847 9.95 13.1884 8.4549 9.8628 10.35 9.75 9.8628 13.15 8.37661 10.0078 10.3754 9.80186 10.0372 10.35 9.75 10.0078 13.1754 8.42847 10.0372 13.15 8.37661 9.95 10.3884 9.82829 9.95 13.1884 8.4549 10.0078 10.3246 9.69814 9.95 10.3116 9.67171 10.0078 13.1246 8.32475 9.95 13.1116 8.29832 10.0372 10.35 9.75 10.0372 13.15 8.37661 9.89223 10.3246 9.69814 9.8628 10.35 9.75 9.89223 13.1246 8.32475 9.8628 13.15 8.37661 9.95 10.3116 9.67171 9.95 13.1116 8.29832 9.89286 10.2997 9.72037 9.95 10.2692 9.71714 9.66134 9.61764 11.5504 9.6042 9.56732 11.5207 9.66134 9.53686 11.5175
9.86375 10.3548 9.73813 9.57508 9.62246 11.5385 10.0071 10.2933 9.73609 10.0363 10.3452 9.76187 9.71848 9.56093 11.5364 9.74759 9.61281 11.5622 9.95 10.2692 9.71714 9.66134 9.53686 11.5175 10.0071 10.4003 9.77963 9.95 10.4308 9.78286 9.71848 9.66795 11.58 9.66134 9.69841 11.5832 10.0363 10.3452 9.76187 9.74759 9.61281 11.5622 9.89286 10.4067 9.76391 9.86375 10.3548 9.73813 9.6042 9.67434 11.5643 9.57508 9.62246 11.5385 9.95 10.4308 9.78286 9.66134 9.69841 11.5832 9.95 0.158558 27.65 9.9362 0.116885 27.6143 9.90908 0.114182 27.65 5.17909 4.55839 24.3544 5.16529 4.51672 24.3187 5.13817 4.51401 24.3544 9.97009 0.140028 27.5962 5.19919 4.53986 24.3005 9.90958 0.141435 27.6857 9.92991 0.177087 27.7038 5.13867 4.54127 24.39 5.159 4.57692 24.4082
9.90908 0.114182 27.65 5.13817 4.51401 24.3544 9.9638 0.20023 27.6857 9.99092 0.202934 27.65 5.19289 4.60006 24.39 5.22002 4.60277 24.3544 9.92991 0.177087 27.7038 5.159 4.57692 24.4082 9.99042 0.17568 27.6143 9.97009 0.140028 27.5962 5.21951 4.57551 24.3187 5.19919 4.53986 24.3005 9.99092 0.202934 27.65 5.22002 4.60277 24.3544 9.91001 0.119058 27.6562 9.95 0.0989312 27.6594 9.95 0.457044 29.5393 9.91001 0.417544 29.5456 9.95 0.397418 29.5487 9.88963 0.158558 27.65 9.88963 0.457044 29.5393 9.98999 0.119058 27.6562 10.0104 0.158558 27.65 9.98999 0.417544 29.5456 10.0104 0.457044 29.5393 9.95 0.0989312 27.6594 9.95 0.397418 29.5487 9.98999 0.198058 27.6438 9.95 0.218184 27.6406 9.98999 0.496545 29.5331 9.95 0.516671 29.5299 10.0104 0.158558 27.65
10.0104 0.457044 29.5393 9.91001 0.198058 27.6438 9.88963 0.158558 27.65 9.91001 0.496545 29.5331 9.88963 0.457044 29.5393 9.95 0.218184 27.6406 9.95 0.516671 29.5299 9.95 15.9118 14.3103 9.88703 15.8742 14.2598 9.95 15.8551 14.2341 9.95 13.4099 16.1706 9.88703 13.3723 16.1201 9.95 13.3532 16.0944 9.85495 15.9118 14.3103 9.85495 13.4099 16.1706 10.013 15.8742 14.2598 10.045 15.9118 14.3103 10.013 13.3723 16.1201 10.045 13.4099 16.1706 9.95 15.8551 14.2341 9.95 13.3532 16.0944 10.013 15.9494 14.3609 9.95 15.9685 14.3866 10.013 13.4475 16.2212 9.95 13.4666 16.2469 10.045 15.9118 14.3103 10.045 13.4099 16.1706 9.88703 15.9494 14.3609 9.85495 15.9118 14.3103 9.88703 13.4475 16.2212 9.85495 13.4099 16.1706 9.95 15.9685 14.3866
9.95 13.4666 16.2469 9.91559 15.8584 14.2479 9.88853 15.8393 14.3103 6.35 18.964 13.6847 6.31559 18.9107 13.6223 6.28853 18.8916 13.6847 9.95953 15.9037 14.2161 6.35953 18.956 13.5905 9.90297 15.8691 14.3728 9.94047 15.9199 14.4046 6.30297 18.9214 13.7471 6.34047 18.9721 13.7789 9.88853 15.8393 14.3103 6.28853 18.8916 13.6847 9.98441 15.9652 14.3728 10.0115 15.9843 14.3103 6.38441 19.0174 13.7471 6.41147 19.0365 13.6847 9.94047 15.9199 14.4046 6.34047 18.9721 13.7789 9.99703 15.9545 14.2479 9.95953 15.9037 14.2161 6.39703 19.0067 13.6223 6.35953 18.956 13.5905 10.0115 15.9843 14.3103 6.41147 19.0365 13.6847 9.85 21.0621 18.799 9.82096 21.035 18.7883 9.85 21.0223 18.7804 9.95 20.3698 20.2839 9.92096 20.3427 20.2732 9.95 20.33 20.2654
9.80616 21.0609 18.8014 9.90616 20.3687 20.2864 9.87904 21.0365 18.7851 9.89384 21.0632 18.7966 9.97904 20.3442 20.27 9.99384 20.3709 20.2815 9.85 21.0223 18.7804 9.95 20.33 20.2654 9.87904 21.0892 18.8097 9.85 21.1019 18.8176 9.97904 20.3969 20.2946 9.95 20.4096 20.3025 9.89384 21.0632 18.7966 9.99384 20.3709 20.2815 9.82096 21.0877 18.8129 9.80616 21.0609 18.8014 9.92096 20.3954 20.2978 9.90616 20.3687 20.2864 9.85 21.1019 18.8176 9.95 20.4096 20.3025 9.82094 21.0894 18.8091 9.85 21.1025 18.8163 9.95 21.8658 16.9207 9.92094 21.8931 16.9308 9.95 21.9062 16.9379 9.80613 21.0629 18.797 9.90613 21.8667 16.9187 9.87906 21.0883 18.8118 9.89387 21.0612 18.801 9.97906 21.892 16.9334 9.99387 21.865 16.9226 9.85 21.1025 18.8163
9.95 21.9062 16.9379 9.87906 21.0348 18.7889 9.85 21.0217 18.7817 9.97906 21.8385 16.9105 9.95 21.8254 16.9034 9.89387 21.0612 18.801 9.99387 21.865 16.9226 9.82094 21.0359 18.7862 9.80613 21.0629 18.797 9.92094 21.8396 16.9079 9.90613 21.8667 16.9187 9.85 21.0217 18.7817 9.95 21.8254 16.9034 9.95 25.5729 12.701 9.903 25.5259 12.6989 9.95 25.5019 12.7001 9.84534 25.5311 16.0559 9.79834 25.4841 16.0538 9.84534 25.4602 16.055 9.87905 25.5729 12.6988 9.77439 25.5312 16.0537 9.997 25.5259 12.7019 10.0209 25.5729 12.7032 9.89234 25.4841 16.0568 9.91629 25.5311 16.0581 9.95 25.5019 12.7001 9.84534 25.4602 16.055 9.997 25.6199 12.7031 9.95 25.6439 12.7019 9.89234 25.5781 16.0579 9.84534 25.6021 16.0568 10.0209 25.5729 12.7032
9.91629 25.5311 16.0581 9.903 25.6199 12.7001 9.87905 25.5729 12.6988 9.79834 25.5782 16.055 9.77439 25.5312 16.0537 9.95 25.6439 12.7019 9.84534 25.6021 16.0568 9.90298 25.6178 12.687 9.95 25.6407 12.6799 9.95 25.1327 11.2855 9.90298 25.1776 11.2715 9.95 25.2004 11.2644 9.87902 25.5729 12.701 9.87902 25.1327 11.2855 9.99702 25.6178 12.687 10.021 25.5729 12.701 9.99702 25.1776 11.2715 10.021 25.1327 11.2855 9.95 25.6407 12.6799 9.95 25.2004 11.2644 9.99702 25.528 12.715 9.95 25.5051 12.7221 9.99702 25.0877 11.2995 9.95 25.0649 11.3066 10.021 25.5729 12.701 10.021 25.1327 11.2855 9.90298 25.528 12.715 9.87902 25.5729 12.701 9.90298 25.0877 11.2995 9.87902 25.1327 11.2855 9.95 25.5051 12.7221 9.95 25.0649 11.3066
9.95 16.2437 22.85 9.90899 16.2815 22.834 9.95 16.3007 22.8258 9.95 13.4099 16.1706 9.90899 13.4477 16.1546 9.95 13.4669 16.1465 9.88809 16.2437 22.85 9.88809 13.4099 16.1706 9.99101 16.2815 22.834 10.0119 16.2437 22.85 9.99101 13.4477 16.1546 10.0119 13.4099 16.1706 9.95 16.3007 22.8258 9.95 13.4669 16.1465 9.99101 16.206 22.866 9.95 16.1867 22.8742 9.99101 13.3722 16.1867 9.95 13.3529 16.1948 10.0119 16.2437 22.85 10.0119 13.4099 16.1706 9.90899 16.206 22.866 9.88809 16.2437 22.85 9.90899 13.3722 16.1867 9.88809 13.4099 16.1706 9.95 16.1867 22.8742 9.95 13.3529 16.1948 9.90899 16.2048 22.8371 9.95 16.1847 22.8313 9.88599 14.7663 27.501 9.84498 14.7273 27.4881 9.88599 14.7073 27.4823 9.88809 16.244 22.8492
9.82409 14.7665 27.5002 9.99101 16.2045 22.8381 10.0119 16.2435 22.8508 9.927 14.727 27.4891 9.9479 14.766 27.5018 9.95 16.1847 22.8313 9.88599 14.7073 27.4823 9.99101 16.2826 22.8629 9.95 16.3027 22.8687 9.927 14.8052 27.5139 9.88599 14.8253 27.5197 10.0119 16.2435 22.8508 9.9479 14.766 27.5018 9.90899 16.283 22.8619 9.88809 16.244 22.8492 9.84498 14.8055 27.5129 9.82409 14.7665 27.5002 9.95 16.3027 22.8687 9.88599 14.8253 27.5197 9.95 9.82402 24.9758 9.91085 9.77888 24.9775 9.95 9.76523 25.0006 8.225 11.471 28.8789 8.18585 11.4258 28.8806 8.225 11.4122 28.9037 9.8909 9.81467 24.9536 8.1659 11.4616 28.8567 9.98915 9.79127 25.0069 10.0091 9.83338 24.998 8.26415 11.4382 28.91 8.2841 11.4803 28.9011 9.95 9.76523 25.0006
8.225 11.4122 28.9037 9.98915 9.86917 24.9741 9.95 9.88281 24.951 8.26415 11.5161 28.8771 8.225 11.5298 28.8541 10.0091 9.83338 24.998 8.2841 11.4803 28.9011 9.91085 9.85677 24.9447 9.8909 9.81467 24.9536 8.18585 11.5037 28.8478 8.1659 11.4616 28.8567 9.95 9.88281 24.951 8.225 11.5298 28.8541 9.90773 9.85908 24.9522 9.95 9.87694 24.9401 9.95 9.13275 23.95 9.90773 9.16781 23.9264 9.95 9.18567 23.9143 9.88619 9.82402 24.9758 9.88619 9.13275 23.95 9.99227 9.85908 24.9522 10.0138 9.82402 24.9758 9.99227 9.16781 23.9264 10.0138 9.13275 23.95 9.95 9.87694 24.9401 9.95 9.18567 23.9143 9.99227 9.78897 24.9994 9.95 9.7711 25.0115 9.99227 9.0977 23.9736 9.95 9.07984 23.9857 10.0138 9.82402 24.9758 10.0138 9.13275 23.95
9.90773 9.78897 24.9994 9.88619 9.82402 24.9758 9.90773 9.0977 23.9736 9.88619 9.13275 23.95 9.95 9.7711 25.0115 9.95 9.07984 23.9857 8.86328 15.05 15.05 8.86328 14.895 14.895 8.86328 15.05 14.8161 10.15 15.05 15.05 10.15 14.895 14.895 10.15 15.05 14.8161 8.86328 14.8161 15.05 10.15 14.8161 15.05 8.86328 15.205 14.895 8.86328 15.2839 15.05 10.15 15.205 14.895 10.15 15.2839 15.05 8.86328 15.05 14.8161 10.15 15.05 14.8161 8.86328 15.205 15.205 8.86328 15.05 15.2839 10.15 15.205 15.205 10.15 15.05 15.2839 8.86328 15.2839 15.05 10.15 15.2839 15.05 8.86328 14.895 15.205 8.86328 14.8161 15.05 10.15 14.895 15.205 10.15 14.8161 15.05 8.86328 15.05 15.2839 10.15 15.05 15.2839
9.95 3.43315 1.07158 9.47714 15.05 15.05 9.47714 14.969 14.969 9.47714 15.05 14.9277 10.15 14.969 14.969 10.15 15.05 14.9277 9.47714 14.9277 15.05 10.15 14.9277 15.05 9.47714 15.131 14.969 9.47714 15.1723 15.05 10.15 15.131 14.969 10.15 15.1723 15.05 9.47714 15.05 14.9277 10.15 15.05 14.9277 9.47714 15.131 15.131 9.47714 15.05 15.1723 10.15 15.131 15.131 10.15 15.05 15.1723 9.47714 15.1723 15.05 10.15 15.1723 15.05 9.47714 14.969 15.131 9.47714 14.9277 15.05 10.15 14.969 15.131 10.15 14.9277 15.05 9.47714 15.05 15.1723 10.15 15.05 15.1723 9.95 5.05 0.48352 9.94064 4.97601 0.570548 9.98383 5.05 0.601088 7.93612 5.98643 1.06306 7.92676 5.91244 1.15009 7.96995 5.98643 1.18063
9.90204 4.93831 0.497323 7.88815 5.87474 1.07687 10.0042 5.12399 0.55226 9.99796 5.16169 0.469717 7.99031 6.06043 1.1318 7.98408 6.09813 1.04926 9.98383 5.05 0.601088 7.96995 5.98643 1.18063 9.95936 5.12399 0.396492 9.91617 5.05 0.365952 7.94548 6.06043 0.976036 7.90228 5.98643 0.945496 9.99796 5.16169 0.469717 7.98408 6.09813 1.04926 9.89581 4.97601 0.41478 9.90204 4.93831 0.497323 7.88193 5.91244 0.994323 7.88815 5.87474 1.07687 9.91617 5.05 0.365952 7.90228 5.98643 0.945496 10.051 15.05 15.05 10.051 15.0381 15.0381 10.051 15.05 15.032 10.15 15.05 15.05 10.15 15.0381 15.0381 10.15 15.05 15.032 10.051 15.032 15.05 10.15 15.032 15.05 10.051 15.0619 15.0381 10.051 15.068 15.05 10.15 15.0619 15.0381 10.15 15.068 15.05
10.051 15.05 15.032 10.15 15.05 15.032 10.051 15.0619 15.0619 10.051 15.05 15.068 10.15 15.0619 15.0619 10.15 15.05 15.068 10.051 15.068 15.05 10.15 15.068 15.05 10.051 15.0381 15.0619 10.051 15.032 15.05 10.15 15.0381 15.0619 10.15 15.032 15.05 10.051 15.05 15.068 10.15 15.05 15.068 9.95 14.1501 0.05 9.9572 14.1406 0.0381068 9.96188 14.1366 0.05 7.599 12.0841 0.285753 7.6062 12.0745 0.27386 7.61088 12.0706 0.285753 9.94898 14.1492 0.0320469 7.59798 12.0832 0.2678 9.95855 14.1417 0.0618932 9.95102 14.151 0.0679531 7.60755 12.0757 0.297647 7.60002 12.085 0.303707 9.96188 14.1366 0.05 7.61088 12.0706 0.285753 9.9428 14.1597 0.0618932 9.93812 14.1636 0.05 7.5918 12.0936 0.297647 7.58712 12.0976 0.285753
9.95102 14.151 0.0679531 7.60002 12.085 0.303707 9.94145 14.1585 0.0381068 9.94898 14.1492 0.0320469 7.59045 12.0925 0.27386 7.59798 12.0832 0.2678 9.93812 14.1636 0.05 7.58712 12.0976 0.285753 8.13794 15.05 15.05 8.13794 14.8077 14.8077 8.13794 15.05 14.6842 10.15 14.8077 14.8077 10.15 15.05 14.6842 8.13794 14.6842 15.05 10.15 14.6842 15.05 8.13794 15.2923 14.8077 8.13794 15.4158 15.05 10.15 15.2923 14.8077 10.15 15.4158 15.05 8.13794 15.05 14.6842 10.15 15.05 14.6842 8.13794 15.2923 15.2923 8.13794 15.05 15.4158 10.15 15.2923 15.2923 10.15 15.05 15.4158 10.15 15.05 15.05 8.13794 15.4158 15.05 10.15 15.4158 15.05 8.13794 14.8077 15.2923 8.13794 14.6842 15.05 10.15 14.8077 15.2923 10.15 14.6842 15.05
8.13794 15.05 15.4158 10.15 15.05 15.4158 9.95 17.4475 4.11754 9.88937 15.05 15.05 9.88937 15.0186 15.0186 9.88937 15.05 15.0026 10.15 15.0186 15.0186 10.15 15.05 15.0026 9.88937 15.0026 15.05 10.15 15.0026 15.05 9.88937 15.0814 15.0186 9.88937 15.0974 15.05 10.15 15.0814 15.0186 10.15 15.0974 15.05 9.88937 15.05 15.0026 10.15 15.05 15.0026 9.88937 15.0814 15.0814 9.88937 15.05 15.0974 10.15 15.0814 15.0814 10.15 15.05 15.0974 9.88937 15.0974 15.05 10.15 15.0974 15.05 9.88937 15.0186 15.0814 9.88937 15.0026 15.05 10.15 15.0186 15.0814 10.15 15.0026 15.05 9.88937 15.05 15.0974 10.15 15.05 15.0974 9.95 24.5895 0.05 9.96433 24.5599 0.0201249 9.98229 24.5548 0.05 8.8267 23.5438 0.545328
8.84104 23.5142 0.515453 8.85899 23.5091 0.545328 9.93935 24.5795 0.00490279 8.81605 23.5339 0.500231 9.97845 24.5731 0.0798751 9.96065 24.5994 0.0950972 8.85515 23.5274 0.575203 8.83736 23.5537 0.590425 9.98229 24.5548 0.05 8.85899 23.5091 0.545328 9.93567 24.619 0.0798751 9.91771 24.6241 0.05 8.81237 23.5733 0.575203 8.79442 23.5785 0.545328 9.96065 24.5994 0.0950972 8.83736 23.5537 0.590425 9.92155 24.6059 0.0201249 9.93935 24.5795 0.00490279 8.79826 23.5602 0.515453 8.81605 23.5339 0.500231 9.91771 24.6241 0.05 8.79442 23.5785 0.545328 9.86997 15.05 15.05 9.86997 15.0163 15.0163 9.86997 15.05 14.9991 10.15 15.0163 15.0163 10.15 15.05 14.9991 10.15 15.05 15.05 9.86997 14.9991 15.05 10.15 14.9991 15.05 9.86997 15.0837 15.0163 9.86997 15.1009 15.05
10.15 15.0837 15.0163 10.15 15.1009 15.05 9.86997 15.05 14.9991 10.15 15.05 14.9991 9.86997 15.0837 15.0837 9.86997 15.05 15.1009 10.15 15.0837 15.0837 10.15 15.05 15.1009 9.86997 15.1009 15.05 10.15 15.1009 15.05 9.86997 15.0163 15.0837 9.86997 14.9991 15.05 10.15 15.0163 15.0837 10.15 14.9991 15.05 9.86997 15.05 15.1009 10.15 15.05 15.1009 9.95 29.4416 0.146807 9.54942 15.05 15.05 9.54942 14.9777 14.9777 9.54942 15.05 14.9408 10.15 14.9777 14.9777 10.15 15.05 14.9408 9.54942 14.9408 15.05 10.15 14.9408 15.05 9.54942 15.1223 14.9777 9.54942 15.1592 15.05 10.15 15.1223 14.9777 10.15 15.1592 15.05 9.54942 15.05 14.9408 10.15 15.05 14.9408 9.54942 15.1223 15.1223 9.54942 15.05 15.1592
10.15 15.1223 15.1223 10.15 15.05 15.1592 9.54942 15.1592 15.05 10.15 15.1592 15.05 9.54942 14.9777 15.1223 9.54942 14.9408 15.05 10.15 14.9777 15.1223 10.15 14.9408 15.05 9.54942 15.05 15.1592 10.15 15.05 15.1592 9.95 9.01732 1.25 9.99211 8.94571 1.3097 9.99985 9.01732 1.34716 8.93064 8.85397 1.77297 8.97274 8.78236 1.83267 8.98048 8.85397 1.87013 9.96371 8.90922 1.24296 8.94435 8.74587 1.76594 9.97394 9.08894 1.31902 9.93629 9.12543 1.25704 8.95457 8.92558 1.84199 8.91692 8.96207 1.78001 9.99985 9.01732 1.34716 8.98048 8.85397 1.87013 9.90789 9.08894 1.1903 9.90015 9.01732 1.15284 8.88853 8.92558 1.71327 8.88079 8.85397 1.67581 9.93629 9.12543 1.25704 8.91692 8.96207 1.78001 9.92606 8.94571 1.18098 9.96371 8.90922 1.24296
8.9067 8.78236 1.70395 8.94435 8.74587 1.76594 9.90015 9.01732 1.15284 8.88079 8.85397 1.67581 9.72958 15.05 15.05 9.72958 14.9994 14.9994 9.72958 15.05 14.9736 10.15 15.05 15.05 10.15 14.9994 14.9994 10.15 15.05 14.9736 9.72958 14.9736 15.05 10.15 14.9736 15.05 9.72958 15.1006 14.9994 9.72958 15.1264 15.05 10.15 15.1006 14.9994 10.15 15.1264 15.05 9.72958 15.05 14.9736 10.15 15.05 14.9736 9.72958 15.1006 15.1006 9.72958 15.05 15.1264 10.15 15.1006 15.1006 10.15 15.05 15.1264 9.72958 15.1264 15.05 10.15 15.1264 15.05 9.72958 14.9994 15.1006 9.72958 14.9736 15.05 10.15 14.9994 15.1006 10.15 14.9736 15.05 9.72958 15.05 15.1264 10.15 15.05 15.1264 9.95 26.8459 5.71922 9.95649 26.7976 5.77176
9.93682 26.8459 5.79451 5.55756 25.4166 4.95032 5.56406 25.3684 5.00286 5.54438 25.4166 5.02561 9.97298 26.7731 5.72324 5.58054 25.3438 4.95434 9.92604 26.8941 5.76643 9.92702 26.9186 5.71519 5.53361 25.4648 4.99753 5.53458 25.4894 4.94629 9.93682 26.8459 5.79451 5.54438 25.4166 5.02561 9.94351 26.8941 5.66667 9.96318 26.8459 5.64392 5.55107 25.4648 4.89777 5.57074 25.4166 4.87502 9.92702 26.9186 5.71519 5.53458 25.4894 4.94629 9.97396 26.7976 5.672 9.97298 26.7731 5.72324 5.58152 25.3684 4.9031 5.58054 25.3438 4.95434 9.96318 26.8459 5.64392 5.57074 25.4166 4.87502 9.38957 15.05 15.05 9.38957 14.9584 14.9584 9.38957 15.05 14.9117 10.15 14.9584 14.9584 10.15 15.05 14.9117 9.38957 14.9117 15.05 10.15 14.9117 15.05 9.38957 15.1416 14.9584
9.38957 15.1883 15.05 10.15 15.1416 14.9584 10.15 15.1883 15.05 9.38957 15.05 14.9117 10.15 15.05 14.9117 9.38957 15.1416 15.1416 9.38957 15.05 15.1883 10.15 15.1416 15.1416 10.15 15.05 15.1883 10.15 15.05 15.05 9.38957 15.1883 15.05 10.15 15.1883 15.05 9.38957 14.9584 15.1416 9.38957 14.9117 15.05 10.15 14.9584 15.1416 10.15 14.9117 15.05 9.38957 15.05 15.1883 10.15 15.05 15.1883 9.95 23.55 3.9296 8.45047 15.05 15.05 8.45047 14.8453 14.8453 8.45047 15.05 14.741 10.15 14.8453 14.8453 10.15 15.05 14.741 8.45047 14.741 15.05 10.15 14.741 15.05 8.45047 15.2547 14.8453 8.45047 15.359 15.05 10.15 15.2547 14.8453 10.15 15.359 15.05 8.45047 15.05 14.741 10.15 15.05 14.741
8.45047 15.2547 15.2547 8.45047 15.05 15.359 10.15 15.2547 15.2547 10.15 15.05 15.359 8.45047 15.359 15.05 10.15 15.359 15.05 8.45047 14.8453 15.2547 8.45047 14.741 15.05 10.15 14.8453 15.2547 10.15 14.741 15.05 8.45047 15.05 15.359 10.15 15.05 15.359 9.95 3.8582 6.78866 9.88531 3.6636 6.993 9.94823 3.8582 7.09766 9.32956 4.06072 6.78511 9.26487 3.86612 6.98945 9.32779 4.06072 7.09411 9.85412 3.56444 6.78811 9.23367 3.76697 6.78456 10.0123 4.0528 6.99372 10.0459 4.15195 6.78921 9.39191 4.25532 6.99017 9.42544 4.35448 6.78566 9.94823 3.8582 7.09766 9.32779 4.06072 7.09411 10.0147 4.0528 6.58432 9.95177 3.8582 6.47966 9.39425 4.25532 6.58077 9.33133 4.06072 6.47611 10.0459 4.15195 6.78921 9.42544 4.35448 6.78566
9.88765 3.6636 6.5836 9.85412 3.56444 6.78811 9.26721 3.86612 6.58005 9.23367 3.76697 6.78456 9.95177 3.8582 6.47966 9.33133 4.06072 6.47611 8.37329 15.05 15.05 8.37329 14.836 14.836 8.37329 15.05 14.727 10.15 14.836 14.836 10.15 15.05 14.727 10.15 15.05 15.05 8.37329 14.727 15.05 10.15 14.727 15.05 8.37329 15.264 14.836 8.37329 15.373 15.05 10.15 15.264 14.836 10.15 15.373 15.05 8.37329 15.05 14.727 10.15 15.05 14.727 8.37329 15.264 15.264 8.37329 15.05 15.373 10.15 15.264 15.264 10.15 15.05 15.373 8.37329 15.373 15.05 10.15 15.373 15.05 8.37329 14.836 15.264 8.37329 14.727 15.05 10.15 14.836 15.264 10.15 14.727 15.05 8.37329 15.05 15.373 10.15 15.05 15.373
9.95 13.15 8.37661 9.69805 15.05 15.05 9.69805 14.9956 14.9956 9.69805 15.05 14.9678 10.15 14.9956 14.9956 10.15 15.05 14.9678 9.69805 14.9678 15.05 10.15 14.9678 15.05 9.69805 15.1044 14.9956 9.69805 15.1322 15.05 10.15 15.1044 14.9956 10.15 15.1322 15.05 9.69805 15.05 14.9678 10.15 15.05 14.9678 9.69805 15.1044 15.1044 9.69805 15.05 15.1322 10.15 15.1044 15.1044 10.15 15.05 15.1322 9.69805 15.1322 15.05 10.15 15.1322 15.05 9.69805 14.9956 15.1044 9.69805 14.9678 15.05 10.15 14.9956 15.1044 10.15 14.9678 15.05 9.69805 15.05 15.1322 10.15 15.05 15.1322 9.95 21.699 10.4133 9.92801 21.647 10.4657 9.94119 21.699 10.495 6.45395 22.799 10.0364 6.43196 22.747 10.0888 6.44514 22.799 10.1181
9.92561 21.6206 10.4107 6.42956 22.7206 10.0338 9.96032 21.751 10.4692 9.97439 21.7774 10.4159 6.46427 22.851 10.0923 6.47834 22.8774 10.0391 9.94119 21.699 10.495 6.44514 22.799 10.1181 9.97199 21.751 10.3609 9.95881 21.699 10.3316 6.47594 22.851 9.98407 6.46275 22.799 9.95475 9.97439 21.7774 10.4159 6.47834 22.8774 10.0391 9.93968 21.647 10.3574 9.92561 21.6206 10.4107 6.44362 22.747 9.98058 6.42956 22.7206 10.0338 9.95881 21.699 10.3316 6.46275 22.799 9.95475 9.80731 15.05 15.05 9.80731 15.0087 15.0087 9.80731 15.05 14.9877 10.15 15.05 15.05 10.15 15.0087 15.0087 10.15 15.05 14.9877 9.80731 14.9877 15.05 10.15 14.9877 15.05 9.80731 15.0913 15.0087 9.80731 15.1123 15.05 10.15 15.0913 15.0087 10.15 15.1123 15.05
9.80731 15.05 14.9877 10.15 15.05 14.9877 9.80731 15.0913 15.0913 9.80731 15.05 15.1123 10.15 15.0913 15.0913 10.15 15.05 15.1123 9.80731 15.1123 15.05 10.15 15.1123 15.05 9.80731 15.0087 15.0913 9.80731 14.9877 15.05 10.15 15.0087 15.0913 10.15 14.9877 15.05 9.80731 15.05 15.1123 10.15 15.05 15.1123 9.95 0.159013 10.3335 9.9619 0.117739 10.3731 9.96849 0.159013 10.393 9.89746 0.159494 10.3499 9.90936 0.11822 10.3894 9.91595 0.159494 10.4094 9.94948 0.0967082 10.3337 9.89694 0.0971895 10.35 9.96259 0.200288 10.3728 9.95052 0.221318 10.3334 9.91005 0.200769 10.3892 9.89798 0.221799 10.3497 9.96849 0.159013 10.393 9.91595 0.159494 10.4094 9.9381 0.200288 10.294 9.93151 0.159013 10.274 9.88556 0.200769 10.3103 9.87897 0.159494 10.2904
9.95052 0.221318 10.3334 9.89798 0.221799 10.3497 9.93741 0.117739 10.2942 9.94948 0.0967082 10.3337 9.88487 0.11822 10.3105 9.89694 0.0971895 10.35 9.93151 0.159013 10.274 9.87897 0.159494 10.2904 9.506 15.05 15.05 9.506 14.9724 14.9724 9.506 15.05 14.9329 10.15 14.9724 14.9724 10.15 15.05 14.9329 9.506 14.9329 15.05 10.15 14.9329 15.05 9.506 15.1276 14.9724 9.506 15.1671 15.05 10.15 15.1276 14.9724 10.15 15.1671 15.05 9.506 15.05 14.9329 10.15 15.05 14.9329 9.506 15.1276 15.1276 9.506 15.05 15.1671 10.15 15.1276 15.1276 10.15 15.05 15.1671 10.15 15.05 15.05 9.506 15.1671 15.05 10.15 15.1671 15.05 9.506 14.9724 15.1276 9.506 14.9329 15.05 10.15 14.9724 15.1276 10.15 14.9329 15.05
9.506 15.05 15.1671 10.15 15.05 15.1671 9.95 9.54163 11.6734 9.90278 9.46625 11.7376 9.90408 9.54163 11.7811 9.66134 9.61764 11.5504 9.61412 9.54225 11.6145 9.61542 9.61764 11.6581 9.92465 9.42783 11.6626 9.63598 9.50383 11.5395 9.93638 9.61702 11.7519 9.97535 9.65543 11.6842 9.64771 9.69302 11.6289 9.68669 9.73144 11.5612 9.90408 9.54163 11.7811 9.61542 9.61764 11.6581 9.99722 9.61702 11.6092 9.99592 9.54163 11.5657 9.70855 9.69302 11.4862 9.70726 9.61764 11.4426 9.97535 9.65543 11.6842 9.68669 9.73144 11.5612 9.96362 9.46625 11.5949 9.92465 9.42783 11.6626 9.67496 9.54225 11.4718 9.63598 9.50383 11.5395 9.99592 9.54163 11.5657 9.70726 9.61764 11.4426 9.51596 15.05 15.05 9.51596 14.9736 14.9736 9.51596 15.05 14.9347 10.15 14.9736 14.9736
10.15 15.05 14.9347 9.51596 14.9347 15.05 10.15 14.9347 15.05 9.51596 15.1264 14.9736 9.51596 15.1653 15.05 10.15 15.1264 14.9736 10.15 15.1653 15.05 9.51596 15.05 14.9347 10.15 15.05 14.9347 9.51596 15.1264 15.1264 9.51596 15.05 15.1653 10.15 15.1264 15.1264 10.15 15.05 15.1653 9.51596 15.1653 15.05 10.15 15.1653 15.05 9.51596 14.9736 15.1264 9.51596 14.9347 15.05 10.15 14.9736 15.1264 10.15 14.9347 15.05 9.51596 15.05 15.1653 10.15 15.05 15.1653 9.95 25.1327 11.2855 9.70611 15.05 15.05 9.70611 14.9965 14.9965 9.70611 15.05 14.9693 10.15 14.9965 14.9965 10.15 15.05 14.9693 10.15 15.05 15.05 9.70611 14.9693 15.05 10.15 14.9693 15.05 9.70611 15.1035 14.9965 9.70611 15.1307 15.05
10.15 15.1035 14.9965 10.15 15.1307 15.05 9.70611 15.05 14.9693 10.15 15.05 14.9693 9.70611 15.1035 15.1035 9.70611 15.05 15.1307 10.15 15.1035 15.1035 10.15 15.05 15.1307 9.70611 15.1307 15.05 10.15 15.1307 15.05 9.70611 14.9965 15.1035 9.70611 14.9693 15.05 10.15 14.9965 15.1035 10.15 14.9693 15.05 9.70611 15.05 15.1307 10.15 15.05 15.1307 9.95 6.201 12.2715 9.94422 6.14772 12.3249 9.94793 6.201 12.3522 5.62582 6.5589 12.1606 5.62004 6.50562 12.2139 5.62375 6.5589 12.2413 9.94335 6.12057 12.2714 5.61917 6.47847 12.1604 9.95304 6.25428 12.3251 9.95665 6.28143 12.2717 5.62886 6.61219 12.2141 5.63247 6.63934 12.1608 9.94793 6.201 12.3522 5.62375 6.5589 12.2413 9.95578 6.25428 12.2182 9.95207 6.201 12.1908
5.6316 6.61219 12.1073 5.62789 6.5589 12.0799 9.95665 6.28143 12.2717 5.63247 6.63934 12.1608 9.94696 6.14772 12.218 9.94335 6.12057 12.2714 5.62278 6.50562 12.107 5.61917 6.47847 12.1604 9.95207 6.201 12.1908 5.62789 6.5589 12.0799 9.26501 15.05 15.05 9.26501 14.9434 14.9434 9.26501 15.05 14.8891 10.15 14.9434 14.9434 10.15 15.05 14.8891 9.26501 14.8891 15.05 10.15 14.8891 15.05 9.26501 15.1566 14.9434 9.26501 15.2109 15.05 10.15 15.1566 14.9434 10.15 15.2109 15.05 9.26501 15.05 14.8891 10.15 15.05 14.8891 9.26501 15.1566 15.1566 9.26501 15.05 15.2109 10.15 15.1566 15.1566 10.15 15.05 15.2109 9.26501 15.2109 15.05 10.15 15.05 15.05 10.15 15.2109 15.05 9.26501 14.9434 15.1566 9.26501 14.8891 15.05
10.15 14.9434 15.1566 10.15 14.8891 15.05 9.26501 15.05 15.2109 10.15 15.05 15.2109 9.95 17.1165 13.35 9.91157 17.0216 13.4606 9.96489 17.1165 13.5102 6.35 18.964 13.6847 6.31157 18.8691 13.7953 6.36489 18.964 13.8449 9.8771 16.9732 13.3568 6.2771 18.8208 13.6915 10.0082 17.2114 13.4516 10.0229 17.2598 13.3432 6.40816 19.059 13.7863 6.4229 19.1073 13.6779 9.96489 17.1165 13.5102 6.36489 18.964 13.8449 9.98843 17.2114 13.2394 9.93511 17.1165 13.1898 6.38843 19.059 13.5741 6.33511 18.964 13.5245 10.0229 17.2598 13.3432 6.4229 19.1073 13.6779 9.89184 17.0216 13.2484 9.8771 16.9732 13.3568 6.29184 18.8691 13.583 6.2771 18.8208 13.6915 9.93511 17.1165 13.1898 6.33511 18.964 13.5245 9.0157 15.05 15.05 9.0157 14.9134 14.9134
9.0157 15.05 14.8438 10.15 14.9134 14.9134 10.15 15.05 14.8438 9.0157 14.8438 15.05 10.15 14.8438 15.05 9.0157 15.1866 14.9134 9.0157 15.2562 15.05 10.15 15.1866 14.9134 10.15 15.2562 15.05 9.0157 15.05 14.8438 10.15 15.05 14.8438 9.0157 15.1866 15.1866 9.0157 15.05 15.2562 10.15 15.1866 15.1866 10.15 15.05 15.2562 9.0157 15.2562 15.05 10.15 15.2562 15.05 9.0157 14.9134 15.1866 9.0157 14.8438 15.05 10.15 14.9134 15.1866 10.15 14.8438 15.05 9.0157 15.05 15.2562 10.15 15.05 15.2562 9.95 25.5092 16.022 9.96662 25.3752 16.1602 10.0135 25.5092 16.2183 9.84534 25.5311 16.0559 9.86196 25.3971 16.1941 9.90881 25.5311 16.2521 9.91162 25.3069 16.0344 9.80696 25.3289 16.0683 10.0175 25.6432 16.1438
9.98838 25.7114 16.0096 9.91281 25.6651 16.1776 9.88372 25.7334 16.0435 10.0135 25.5092 16.2183 9.90881 25.5311 16.2521 9.93338 25.6432 15.8838 9.88654 25.5092 15.8258 9.82872 25.6651 15.9177 9.78188 25.5311 15.8597 9.98838 25.7114 16.0096 9.88372 25.7334 16.0435 9.88253 25.3752 15.9003 9.91162 25.3069 16.0344 9.77787 25.3971 15.9341 9.80696 25.3289 16.0683 9.88654 25.5092 15.8258 9.78188 25.5311 15.8597 8.57829 15.05 15.05 8.57829 14.8607 14.8607 8.57829 15.05 14.7642 10.15 15.05 15.05 10.15 14.8607 14.8607 10.15 15.05 14.7642 8.57829 14.7642 15.05 10.15 14.7642 15.05 8.57829 15.2393 14.8607 8.57829 15.3358 15.05 10.15 15.2393 14.8607 10.15 15.3358 15.05 8.57829 15.05 14.7642 10.15 15.05 14.7642 8.57829 15.2393 15.2393
8.57829 15.05 15.3358 10.15 15.2393 15.2393 10.15 15.05 15.3358 8.57829 15.3358 15.05 10.15 15.3358 15.05 8.57829 14.8607 15.2393 8.57829 14.7642 15.05 10.15 14.8607 15.2393 10.15 14.7642 15.05 8.57829 15.05 15.3358 10.15 15.05 15.3358 9.95 13.4099 16.1706 9.87165 15.05 15.05 9.87165 15.0165 15.0165 9.87165 15.05 14.9994 10.15 15.0165 15.0165 10.15 15.05 14.9994 9.87165 14.9994 15.05 10.15 14.9994 15.05 9.87165 15.0835 15.0165 9.87165 15.1006 15.05 10.15 15.0835 15.0165 10.15 15.1006 15.05 9.87165 15.05 14.9994 10.15 15.05 14.9994 9.87165 15.0835 15.0835 9.87165 15.05 15.1006 10.15 15.0835 15.0835 10.15 15.05 15.1006 9.87165 15.1006 15.05 10.15 15.1006 15.05 9.87165 15.0165 15.0835
9.87165 14.9994 15.05 10.15 15.0165 15.0835 10.15 14.9994 15.05 9.87165 15.05 15.1006 10.15 15.05 15.1006 9.95 29.853 14.0432 8.57163 15.05 15.05 8.57163 14.8599 14.8599 8.57163 15.05 14.763 10.15 14.8599 14.8599 10.15 15.05 14.763 8.57163 14.763 15.05 10.15 14.763 15.05 8.57163 15.2401 14.8599 8.57163 15.337 15.05 10.15 15.2401 14.8599 10.15 15.337 15.05 8.57163 15.05 14.763 10.15 15.05 14.763 8.57163 15.2401 15.2401 8.57163 15.05 15.337 10.15 15.05 15.05 10.15 15.2401 15.2401 10.15 15.05 15.337 8.57163 15.337 15.05 10.15 15.337 15.05 8.57163 14.8599 15.2401 8.57163 14.763 15.05 10.15 14.8599 15.2401 10.15 14.763 15.05 8.57163 15.05 15.337 10.15 15.05 15.337
9.95 4.31635 17.1592 10.1079 4.1325 17.2756 10.1319 4.31635 17.3812 9.899 4.299 17.201 10.0569 4.11515 17.3174 10.0809 4.299 17.423 10.0065 4.03882 17.1129 9.95548 4.02147 17.1547 10.0331 4.5002 17.3369 9.89352 4.59388 17.2055 9.98209 4.48285 17.3787 9.84252 4.57653 17.2473 10.1319 4.31635 17.3812 10.0809 4.299 17.423 9.79207 4.5002 17.0428 9.76809 4.31635 16.9372 9.74107 4.48285 17.0846 9.71709 4.299 16.979 9.89352 4.59388 17.2055 9.84252 4.57653 17.2473 9.86691 4.1325 16.9815 10.0065 4.03882 17.1129 9.81591 4.11515 17.0233 9.95548 4.02147 17.1547 9.76809 4.31635 16.9372 9.71709 4.299 16.979 9.7576 15.05 15.05 9.7576 15.0027 15.0027 9.7576 15.05 14.9787 10.15 15.0027 15.0027 10.15 15.05 14.9787 9.7576 14.9787 15.05
10.15 14.9787 15.05 9.7576 15.0973 15.0027 9.7576 15.1213 15.05 10.15 15.0973 15.0027 10.15 15.1213 15.05 9.7576 15.05 14.9787 10.15 15.05 14.9787 9.7576 15.0973 15.0973 9.7576 15.05 15.1213 10.15 15.0973 15.0973 10.15 15.05 15.1213 9.7576 15.1213 15.05 10.15 15.1213 15.05 9.7576 15.0027 15.0973 9.7576 14.9787 15.05 10.15 15.0027 15.0973 10.15 14.9787 15.05 9.7576 15.05 15.1213 10.15 15.05 15.1213 9.95 0.195208 14.8029 9.98285 0.152192 14.8421 9.97138 0.195208 14.8709 9.88943 0.166306 14.8219 9.92227 0.12329 14.8611 9.91081 0.166306 14.89 9.9782 0.130274 14.794 9.91763 0.101372 14.813 9.94549 0.238224 14.8538 9.9218 0.260142 14.8117 9.88491 0.209322 14.8729 9.86123 0.23124 14.8308 9.97138 0.195208 14.8709
9.91081 0.166306 14.89 9.91715 0.238224 14.7637 9.92862 0.195208 14.7348 9.85658 0.209322 14.7827 9.86804 0.166306 14.7538 9.9218 0.260142 14.8117 9.86123 0.23124 14.8308 9.95451 0.152192 14.7519 9.9782 0.130274 14.794 9.89394 0.12329 14.7709 9.91763 0.101372 14.813 9.92862 0.195208 14.7348 9.86804 0.166306 14.7538 9.42657 15.05 15.05 9.42657 14.9629 14.9629 9.42657 15.05 14.9185 10.15 15.05 15.05 10.15 14.9629 14.9629 10.15 15.05 14.9185 9.42657 14.9185 15.05 10.15 14.9185 15.05 9.42657 15.1371 14.9629 9.42657 15.1815 15.05 10.15 15.1371 14.9629 10.15 15.1815 15.05 9.42657 15.05 14.9185 10.15 15.05 14.9185 9.42657 15.1371 15.1371 9.42657 15.05 15.1815 10.15 15.1371 15.1371 10.15 15.05 15.1815 9.42657 15.1815 15.05
10.15 15.1815 15.05 9.42657 14.9629 15.1371 9.42657 14.9185 15.05 10.15 14.9629 15.1371 10.15 14.9185 15.05 9.42657 15.05 15.1815 10.15 15.05 15.1815 9.95 21.8658 16.9207 8.54909 15.05 15.05 8.54909 14.8572 14.8572 8.54909 15.05 14.7589 10.15 14.8572 14.8572 10.15 15.05 14.7589 8.54909 14.7589 15.05 10.15 14.7589 15.05 8.54909 15.2428 14.8572 8.54909 15.3411 15.05 10.15 15.2428 14.8572 10.15 15.3411 15.05 8.54909 15.05 14.7589 10.15 15.05 14.7589 8.54909 15.2428 15.2428 8.54909 15.05 15.3411 10.15 15.2428 15.2428 10.15 15.05 15.3411 8.54909 15.3411 15.05 10.15 15.3411 15.05 8.54909 14.8572 15.2428 8.54909 14.7589 15.05 10.15 14.8572 15.2428 10.15 14.7589 15.05 8.54909 15.05 15.3411
10.15 15.05 15.3411 9.95 27.8628 21.9338 9.41291 15.05 15.05 9.41291 14.9612 14.9612 9.41291 15.05 14.916 10.15 14.9612 14.9612 10.15 15.05 14.916 9.41291 14.916 15.05 10.15 14.916 15.05 9.41291 15.1388 14.9612 9.41291 15.184 15.05 10.15 15.1388 14.9612 10.15 15.184 15.05 9.41291 15.05 14.916 10.15 15.05 14.916 9.41291 15.1388 15.1388 9.41291 15.05 15.184 10.15 15.05 15.05 10.15 15.1388 15.1388 10.15 15.05 15.184 9.41291 15.184 15.05 10.15 15.184 15.05 9.41291 14.9612 15.1388 9.41291 14.916 15.05 10.15 14.9612 15.1388 10.15 14.916 15.05 9.41291 15.05 15.184 10.15 15.05 15.184 9.95 20.3698 20.2839 9.22794 15.05 15.05 9.22794 14.9389 14.9389 9.22794 15.05 14.8824
10.15 14.9389 14.9389 10.15 15.05 14.8824 9.22794 14.8824 15.05 10.15 14.8824 15.05 9.22794 15.1611 14.9389 9.22794 15.2176 15.05 10.15 15.1611 14.9389 10.15 15.2176 15.05 9.22794 15.05 14.8824 10.15 15.05 14.8824 9.22794 15.1611 15.1611 9.22794 15.05 15.2176 10.15 15.1611 15.1611 10.15 15.05 15.2176 9.22794 15.2176 15.05 10.15 15.2176 15.05 9.22794 14.9389 15.1611 9.22794 14.8824 15.05 10.15 14.9389 15.1611 10.15 14.8824 15.05 9.22794 15.05 15.2176 10.15 15.05 15.2176 9.95 5.16878 24.1721 9.96831 5.05862 24.2825 9.9564 5.16878 24.3396 5.17909 4.55839 24.3544 5.19741 4.44823 24.4648 5.18549 4.55839 24.5219 9.97124 5.00249 24.1713 5.20034 4.3921 24.3536 9.94017 5.27895 24.2836 9.92876 5.33508 24.1729
5.16926 4.66855 24.4659 5.15785 4.72468 24.3552 9.9564 5.16878 24.3396 5.18549 4.55839 24.5219 9.93169 5.27895 24.0616 9.9436 5.16878 24.0045 5.16078 4.66855 24.2439 5.17269 4.55839 24.1868 9.92876 5.33508 24.1729 5.15785 4.72468 24.3552 9.95983 5.05862 24.0605 9.97124 5.00249 24.1713 5.18893 4.44823 24.2428 5.20034 4.3921 24.3536 9.9436 5.16878 24.0045 5.17269 4.55839 24.1868 8.79695 15.05 15.05 8.79695 14.887 14.887 8.79695 15.05 14.804 10.15 15.05 15.05 10.15 14.887 14.887 10.15 15.05 14.804 8.79695 14.804 15.05 10.15 14.804 15.05 8.79695 15.213 14.887 8.79695 15.296 15.05 10.15 15.213 14.887 10.15 15.296 15.05 8.79695 15.05 14.804 10.15 15.05 14.804 8.79695 15.213 15.213 8.79695 15.05 15.296
10.15 15.213 15.213 10.15 15.05 15.296 8.79695 15.296 15.05 10.15 15.296 15.05 8.79695 14.887 15.213 8.79695 14.804 15.05 10.15 14.887 15.213 10.15 14.804 15.05 8.79695 15.05 15.296 10.15 15.05 15.296 9.95 22.1859 23.6133 8.5938 15.05 15.05 8.5938 14.8626 14.8626 8.5938 15.05 14.7671 10.15 14.8626 14.8626 10.15 15.05 14.7671 8.5938 14.7671 15.05 10.15 14.7671 15.05 8.5938 15.2374 14.8626 8.5938 15.3329 15.05 10.15 15.2374 14.8626 10.15 15.3329 15.05 8.5938 15.05 14.7671 10.15 15.05 14.7671 8.5938 15.2374 15.2374 8.5938 15.05 15.3329 10.15 15.2374 15.2374 10.15 15.05 15.3329 8.5938 15.3329 15.05 10.15 15.3329 15.05 8.5938 14.8626 15.2374 8.5938 14.7671 15.05
10.15 14.8626 15.2374 10.15 14.7671 15.05 8.5938 15.05 15.3329 10.15 15.05 15.3329 9.95 25.0236 24.0847 9.58374 15.05 15.05 9.58374 14.9818 14.9818 9.58374 15.05 14.947 10.15 14.9818 14.9818 10.15 15.05 14.947 9.58374 14.947 15.05 10.15 14.947 15.05 9.58374 15.1182 14.9818 9.58374 15.153 15.05 10.15 15.1182 14.9818 10.15 15.153 15.05 9.58374 15.05 14.947 10.15 15.05 14.947 9.58374 15.1182 15.1182 9.58374 15.05 15.153 10.15 15.05 15.05 10.15 15.1182 15.1182 10.15 15.05 15.153 9.58374 15.153 15.05 10.15 15.153 15.05 9.58374 14.9818 15.1182 9.58374 14.947 15.05 10.15 14.9818 15.1182 10.15 14.947 15.05 9.58374 15.05 15.153 10.15 15.05 15.153 9.95 9.13275 23.95
9.02014 15.05 15.05 9.02014 14.9139 14.9139 9.02014 15.05 14.8446 10.15 14.9139 14.9139 10.15 15.05 14.8446 9.02014 14.8446 15.05 10.15 14.8446 15.05 9.02014 15.1861 14.9139 9.02014 15.2554 15.05 10.15 15.1861 14.9139 10.15 15.2554 15.05 9.02014 15.05 14.8446 10.15 15.05 14.8446 9.02014 15.1861 15.1861 9.02014 15.05 15.2554 10.15 15.1861 15.1861 10.15 15.05 15.2554 9.02014 15.2554 15.05 10.15 15.2554 15.05 9.02014 14.9139 15.1861 9.02014 14.8446 15.05 10.15 14.9139 15.1861 10.15 14.8446 15.05 9.02014 15.05 15.2554 10.15 15.05 15.2554 9.95 14.5329 27.0546 9.815 14.4043 27.1024 9.95 14.3508 27.1498 9.88599 14.7663 27.501 9.75099 14.6377 27.5489 9.88599 14.5842 27.5962 9.74621 14.5209 27.0317
9.6822 14.7543 27.4781 10.085 14.4202 27.1329 10.1538 14.5449 27.0775 10.021 14.6536 27.5793 10.0898 14.7783 27.5239 9.95 14.3508 27.1498 9.88599 14.5842 27.5962 10.085 14.6614 27.0067 9.95 14.7149 26.9594 10.021 14.8948 27.4532 9.88599 14.9483 27.4058 10.1538 14.5449 27.0775 10.0898 14.7783 27.5239 9.815 14.6455 26.9763 9.74621 14.5209 27.0317 9.75099 14.8789 27.4227 9.6822 14.7543 27.4781 9.95 14.7149 26.9594 9.88599 14.9483 27.4058 9.31887 15.05 15.05 9.31887 14.9499 14.9499 9.31887 15.05 14.8989 10.15 15.05 15.05 10.15 14.9499 14.9499 10.15 15.05 14.8989 9.31887 14.8989 15.05 10.15 14.8989 15.05 9.31887 15.1501 14.9499 9.31887 15.2011 15.05 10.15 15.1501 14.9499 10.15 15.2011 15.05 9.31887 15.05 14.8989
10.15 15.05 14.8989 9.31887 15.1501 15.1501 9.31887 15.05 15.2011 10.15 15.1501 15.1501 10.15 15.05 15.2011 9.31887 15.2011 15.05 10.15 15.2011 15.05 9.31887 14.9499 15.1501 9.31887 14.8989 15.05 10.15 14.9499 15.1501 10.15 14.8989 15.05 9.31887 15.05 15.2011 10.15 15.05 15.2011 9.95 9.83687 27.9228 9.85403 9.7899 27.83 9.84608 9.72717 27.9228 8.225 11.471 28.8789 8.12902 11.424 28.786 8.12107 11.3613 28.8789 9.90905 9.87566 27.7827 8.18405 11.5098 28.7387 9.90828 9.7385 28.0157 9.99095 9.79808 28.063 8.18328 11.3726 28.9718 8.26595 11.4322 29.0191 9.84608 9.72717 27.9228 8.12107 11.3613 28.8789 10.046 9.88385 28.0157 10.0539 9.94658 27.9228 8.32097 11.518 28.9718 8.32892 11.5807 28.8789 9.99095 9.79808 28.063
8.26595 11.4322 29.0191 9.99172 9.93525 27.83 9.90905 9.87566 27.7827 8.26672 11.5694 28.786 8.18405 11.5098 28.7387 10.0539 9.94658 27.9228 8.32892 11.5807 28.8789 8.78069 15.05 15.05 8.78069 14.8851 14.8851 8.78069 15.05 14.801 10.15 14.8851 14.8851 10.15 15.05 14.801 8.78069 14.801 15.05 10.15 14.801 15.05 8.78069 15.2149 14.8851 8.78069 15.299 15.05 10.15 15.2149 14.8851 10.15 15.299 15.05 8.78069 15.05 14.801 10.15 15.05 14.801 8.78069 15.2149 15.2149 8.78069 15.05 15.299 10.15 15.2149 15.2149 10.15 15.05 15.299 10.15 15.05 15.05 8.78069 15.299 15.05 10.15 15.299 15.05 8.78069 14.8851 15.2149 8.78069 14.801 15.05 10.15 14.8851 15.2149 10.15 14.801 15.05 8.78069 15.05 15.299
10.15 15.05 15.299 9.95 19.75 28.844 9.9842 19.5906 29.0107 9.93799 19.75 29.0926 5.82447 18.6565 28.6447 5.85867 18.4971 28.8115 5.81246 18.6565 28.8934 10.0136 19.5093 28.847 5.88811 18.4159 28.6478 9.89988 19.9094 29.0067 9.88636 19.9907 28.8409 5.77435 18.816 28.8074 5.76083 18.8972 28.6417 9.93799 19.75 29.0926 5.81246 18.6565 28.8934 9.9158 19.9094 28.6772 9.96201 19.75 28.5953 5.79026 18.816 28.478 5.83648 18.6565 28.3961 9.88636 19.9907 28.8409 5.76083 18.8972 28.6417 10.0001 19.5906 28.6813 10.0136 19.5093 28.847 5.87458 18.4971 28.482 5.88811 18.4159 28.6478 9.96201 19.75 28.5953 5.83648 18.6565 28.3961 9.70957 15.05 15.05 9.70957 14.997 14.997 9.70957 15.05 14.9699 10.15 14.997 14.997 10.15 15.05 14.9699
9.70957 14.9699 15.05 10.15 14.9699 15.05 9.70957 15.103 14.997 9.70957 15.1301 15.05 10.15 15.103 14.997 10.15 15.1301 15.05 9.70957 15.05 14.9699 10.15 15.05 14.9699 9.70957 15.103 15.103 9.70957 15.05 15.1301 10.15 15.103 15.103 10.15 15.05 15.1301 9.70957 15.1301 15.05 10.15 15.1301 15.05 9.70957 14.997 15.103 9.70957 14.9699 15.05 10.15 14.997 15.103 10.15 14.9699 15.05 9.70957 15.05 15.1301 10.15 15.05 15.1301 9.95 5.97616 28.155 9.8984 5.93087 28.1852 9.90741 5.97616 28.2228 9.22392 6.499 27.699 9.17232 6.45371 27.7292 9.18133 6.499 27.7668 9.91469 5.90779 28.1328 9.18861 6.43063 27.6768 9.94518 6.02145 28.2146 9.98531 6.04453 28.1771 9.2191 6.54429 27.7586 9.25923 6.56737 27.7212
9.90741 5.97616 28.2228 9.18133 6.499 27.7668 10.0016 6.02145 28.1247 9.99259 5.97616 28.0871 9.27552 6.54429 27.6688 9.26651 6.499 27.6312 9.98531 6.04453 28.1771 9.25923 6.56737 27.7212 9.95482 5.93087 28.0954 9.91469 5.90779 28.1328 9.22874 6.45371 27.6394 9.18861 6.43063 27.6768 9.99259 5.97616 28.0871 9.26651 6.499 27.6312 9.5104 15.05 15.05 9.5104 14.973 14.973 9.5104 15.05 14.9337 10.15 15.05 15.05 10.15 14.973 14.973 10.15 15.05 14.9337 9.5104 14.9337 15.05 10.15 14.9337 15.05 9.5104 15.127 14.973 9.5104 15.1663 15.05 10.15 15.127 14.973 10.15 15.1663 15.05 9.5104 15.05 14.9337 10.15 15.05 14.9337 9.5104 15.127 15.127 9.5104 15.05 15.1663 10.15 15.127 15.127 10.15 15.05 15.1663
9.5104 15.1663 15.05 10.15 15.1663 15.05 9.5104 14.973 15.127 9.5104 14.9337 15.05 10.15 14.973 15.127 10.15 14.9337 15.05 9.5104 15.05 15.1663 10.15 15.05 15.1663 9.95 0.457044 29.5393 9.61442 15.05 15.05 9.61442 14.9855 14.9855 9.61442 15.05 14.9526 10.15 14.9855 14.9855 10.15 15.05 14.9526 9.61442 14.9526 15.05 10.15 14.9526 15.05 9.61442 15.1145 14.9855 9.61442 15.1474 15.05 10.15 15.1145 14.9855 10.15 15.1474 15.05 9.61442 15.05 14.9526 10.15 15.05 14.9526 9.61442 15.1145 15.1145 9.61442 15.05 15.1474 10.15 15.1145 15.1145 10.15 15.05 15.1474 9.61442 15.1474 15.05 10.15 15.1474 15.05 9.61442 14.9855 15.1145 9.61442 14.9526 15.05 10.15 14.9855 15.1145 10.15 14.9526 15.05
9.61442 15.05 15.1474 10.15 15.05 15.1474 9.95 29.1651 29.35 9.96887 29.1017 29.4129 9.96026 29.1651 29.4468 9.88917 29.1533 29.3564 9.90805 29.09 29.4193 9.89943 29.1533 29.4533 9.96823 29.0694 29.3481 9.90741 29.0577 29.3545 9.94472 29.2284 29.4154 9.93177 29.2607 29.3519 9.88389 29.2167 29.4219 9.87094 29.249 29.3584 9.96026 29.1651 29.4468 9.89943 29.1533 29.4533 9.93113 29.2284 29.2871 9.93974 29.1651 29.2532 9.8703 29.2167 29.2936 9.87892 29.1533 29.2596 9.93177 29.2607 29.3519 9.87094 29.249 29.3584 9.95528 29.1017 29.2846 9.96823 29.0694 29.3481 9.89446 29.09 29.291 9.90741 29.0577 29.3545 9.93974 29.1651 29.2532 9.87892 29.1533 29.2596 9.8794 15.05 15.05 9.8794 15.0174 15.0174 9.8794 15.05 15.0008 10.15 15.05 15.05
10.15 15.0174 15.0174 10.15 15.05 15.0008 9.8794 15.0008 15.05 10.15 15.0008 15.05 9.8794 15.0826 15.0174 9.8794 15.0992 15.05 10.15 15.0826 15.0174 10.15 15.0992 15.05 9.8794 15.05 15.0008 10.15 15.05 15.0008 9.8794 15.0826 15.0826 9.8794 15.05 15.0992 10.15 15.0826 15.0826 10.15 15.05 15.0992 9.8794 15.0992 15.05 10.15 15.0992 15.05 9.8794 15.0174 15.0826 9.8794 15.0008 15.05 10.15 15.0174 15.0826 10.15 15.0008 15.05 9.8794 15.05 15.0992 10.15 15.05 15.0992 9.95 4.601 29.95 9.91741 4.601 29.9174 9.95 4.601 29.9008 9.95 4.599 29.95 9.91741 4.599 29.9174 9.95 4.599 29.9008 9.9008 4.601 29.95 9.9008 4.599 29.95 9.98259 4.601 29.9174 9.9992 4.601 29.95
9.98259 4.599 29.9174 9.9992 4.599 29.95 9.95 4.601 29.9008 9.95 4.599 29.9008 9.98259 4.601 29.9826 9.95 4.601 29.9992 9.98259 4.599 29.9826 9.95 4.599 29.9992 9.9992 4.601 29.95 9.9992 4.599 29.95 9.91741 4.601 29.9826 9.9008 4.601 29.95 9.91741 4.599 29.9826 9.9008 4.599 29.95 9.95 4.601 29.9992 9.95 4.599 29.9992 9.95 0.901 9.701 9.92505 0.915451 9.72197 9.95 0.926809 9.72897 9.32956 4.06072 6.78511 9.30461 4.07517 6.80608 9.32956 4.08653 6.81308 9.91233 0.897006 9.70469 9.29189 4.05673 6.7888 9.97495 0.920744 9.71709 9.98767 0.904994 9.69731 9.35451 4.08047 6.8012 9.36722 4.06472 6.78142 9.95 0.926809 9.72897 9.32956 4.08653 6.81308 9.97495 0.886549 9.68003 9.95 0.875191 9.67303
9.35451 4.04627 6.76414 9.32956 4.03491 6.75714 9.98767 0.904994 9.69731 9.36722 4.06472 6.78142 9.92505 0.881256 9.68491 9.91233 0.897006 9.70469 9.30461 4.04098 6.76902 9.29189 4.05673 6.7888 9.95 0.875191 9.67303 9.32956 4.03491 6.75714 9.92482 0.885408 9.68114 9.95 0.875939 9.67236 9.89746 0.159494 10.3499 9.87229 0.143903 10.33 9.89746 0.134433 10.3212 9.912 0.902525 9.69967 9.85946 0.161019 10.3485 9.97518 0.883388 9.68291 9.988 0.899475 9.70233 9.92264 0.141882 10.3318 9.93546 0.157969 10.3512 9.95 0.875939 9.67236 9.89746 0.134433 10.3212 9.97518 0.916592 9.72086 9.95 0.926061 9.72964 9.92264 0.175086 10.3697 9.89746 0.184556 10.3785 9.988 0.899475 9.70233 9.93546 0.157969 10.3512 9.92482 0.918612 9.71909 9.912 0.902525 9.69967 9.87229 0.177107 10.3679
9.85946 0.161019 10.3485 9.95 0.926061 9.72964 9.89746 0.184556 10.3785 9.95 1.099 15.301 9.93159 1.08938 15.3167 9.95 1.08481 15.3249 9.899 4.299 17.201 9.88059 4.28938 17.2167 9.899 4.28481 17.2249 9.92221 1.09867 15.3008 9.87121 4.29867 17.2008 9.96841 1.08982 15.317 9.97779 1.09933 15.3012 9.91741 4.28982 17.217 9.92679 4.29933 17.2012 9.95 1.08481 15.3249 9.899 4.28481 17.2249 9.96841 1.10862 15.2853 9.95 1.11319 15.2771 9.91741 4.30862 17.1853 9.899 4.31319 17.1771 9.97779 1.09933 15.3012 9.92679 4.29933 17.2012 9.93159 1.10818 15.285 9.92221 1.09867 15.3008 9.88059 4.30818 17.185 9.87121 4.29867 17.2008 9.95 1.11319 15.2771 9.899 4.31319 17.1771 9.93162 1.10836 15.2851 9.95 1.1117 15.2763 9.88943 0.166306 14.8219
9.87105 0.175663 14.806 9.88943 0.179004 14.7972 9.92225 1.10043 15.3017 9.86168 0.167732 14.8226 9.96838 1.10647 15.2841 9.97775 1.09757 15.3003 9.90781 0.173774 14.805 9.91717 0.16488 14.8212 9.95 1.1117 15.2763 9.88943 0.179004 14.7972 9.96838 1.08964 15.3169 9.95 1.0863 15.3257 9.90781 0.156949 14.8378 9.88943 0.153608 14.8466 9.97775 1.09757 15.3003 9.91717 0.16488 14.8212 9.93162 1.09153 15.3179 9.92225 1.10043 15.3017 9.87105 0.158838 14.8388 9.86168 0.167732 14.8226 9.95 1.0863 15.3257 9.88943 0.153608 14.8466 0.05 3.15 14.85 0.00173649 3.13904 14.897 0.05 3.13345 14.921 0.05 5.66522 15.4367 0.00173649 5.65425 15.4837 0.05 5.64867 15.5076 -0.022855 3.15 14.85 -0.022855 5.66522 15.4367 0.0982635 3.13904 14.897 0.122855 3.15 14.85
0.0982635 5.65425 15.4837 0.122855 5.66522 15.4367 0.05 3.13345 14.921 0.05 5.64867 15.5076 0.0982635 3.16096 14.803 0.05 3.16655 14.779 0.0982635 5.67618 15.3897 0.05 5.68177 15.3657 0.122855 3.15 14.85 0.122855 5.66522 15.4367 0.00173648 3.16096 14.803 -0.022855 3.15 14.85 0.00173648 5.67618 15.3897 -0.022855 5.66522 15.4367 0.05 3.16655 14.779 0.05 5.68177 15.3657 0.00173649 3.18141 14.8134 0.05 3.19741 14.7947 0.05 1.79148 13.6855 0.00173649 1.82289 13.6489 0.05 1.83889 13.6302 -0.022855 3.15 14.85 -0.022855 1.79148 13.6855 0.0982635 3.18141 14.8134 0.122855 3.15 14.85 0.0982635 1.82289 13.6489 0.122855 1.79148 13.6855 0.05 3.19741 14.7947 0.05 1.83889 13.6302 0.0982635 3.11859 14.8866 0.05 3.10259 14.9053 0.0982635 1.76007 13.7222
0.05 1.74407 13.7409 0.122855 3.15 14.85 0.122855 1.79148 13.6855 0.00173648 3.11859 14.8866 -0.022855 3.15 14.85 0.00173648 1.76007 13.7222 -0.022855 1.79148 13.6855 0.05 3.10259 14.9053 0.05 1.74407 13.7409 9.95 5.2304 29.101 9.92897 5.24169 29.1221 9.95 5.25562 29.1238 9.22392 6.499 27.699 9.20289 6.51029 27.7201 9.22392 6.52422 27.7218 9.91825 5.22222 29.11 9.19217 6.49082 27.708 9.97103 5.25253 29.1101 9.98175 5.23858 29.092 9.24495 6.52113 27.7081 9.25567 6.50718 27.69 9.95 5.25562 29.1238 9.22392 6.52422 27.7218 9.97103 5.21911 29.0799 9.95 5.20518 29.0782 9.24495 6.48771 27.6779 9.22392 6.47378 27.6762 9.98175 5.23858 29.092 9.25567 6.50718 27.69 9.92897 5.20828 29.0919 9.91825 5.22222 29.11 9.20289 6.47687 27.6899
9.19217 6.49082 27.708 9.95 5.20518 29.0782 9.22392 6.47378 27.6762 9.92747 5.21232 29.0876 9.95 5.20311 29.0807 9.95 4.599 29.95 9.92747 4.58092 29.9366 9.95 4.57171 29.9297 9.91599 5.2304 29.101 9.91599 4.599 29.95 9.97253 5.21232 29.0876 9.98401 5.2304 29.101 9.97253 4.58092 29.9366 9.98401 4.599 29.95 9.95 5.20311 29.0807 9.95 4.57171 29.9297 9.97253 5.24848 29.1144 9.95 5.25769 29.1213 9.97253 4.61708 29.9634 9.95 4.62629 29.9703 9.98401 5.2304 29.101 9.98401 4.599 29.95 9.92747 5.24848 29.1144 9.91599 5.2304 29.101 9.92747 4.61708 29.9634 9.91599 4.599 29.95 9.95 5.25769 29.1213 9.95 4.62629 29.9703 6.55 8.85 0.85 6.54402 8.84663 0.843589 6.55 8.84926 0.839998 7.93612 5.98643 1.06306
7.93013 5.98306 1.05665 7.93612 5.98569 1.05306 6.54097 8.84565 0.850324 7.92709 5.98209 1.06339 6.55598 8.85239 0.84316 6.55903 8.85435 0.849676 7.9421 5.98882 1.05622 7.94515 5.99078 1.06274 6.55 8.84926 0.839998 7.93612 5.98569 1.05306 6.55598 8.85337 0.856411 6.55 8.85074 0.860002 7.9421 5.98981 1.06947 7.93612 5.98718 1.07307 6.55903 8.85435 0.849676 7.94515 5.99078 1.06274 6.54402 8.84761 0.85684 6.54097 8.84565 0.850324 7.93013 5.98405 1.0699 7.92709 5.98209 1.06339 6.55 8.85074 0.860002 7.93612 5.98718 1.07307 6.54356 8.84983 0.856838 6.55 8.84737 0.859679 7.0499 10.7628 1.36954 7.04346 10.7627 1.37637 7.0499 10.7602 1.37922 6.54028 8.85237 0.850643 7.04018 10.7652 1.37018 6.55644 8.84669 0.855986 6.55972 8.84763 0.849357 7.05634 10.7595 1.37552
7.05962 10.7605 1.36889 6.55 8.84737 0.859679 7.0499 10.7602 1.37922 6.55644 8.85017 0.843162 6.55 8.85263 0.840321 7.05634 10.763 1.3627 7.0499 10.7655 1.35986 6.55972 8.84763 0.849357 7.05962 10.7605 1.36889 6.54356 8.85331 0.844014 6.54028 8.85237 0.850643 7.04346 10.7661 1.36355 7.04018 10.7652 1.37018 6.55 8.85263 0.840321 7.0499 10.7655 1.35986 7.15 12.65 1.85 7.14397 12.6469 1.85629 7.15 12.6491 1.85984 5.199 17.2613 2.26412 5.19297 17.2582 2.27042 5.199 17.2604 2.27396 7.14089 12.6462 1.84966 5.18989 17.2575 2.26378 7.15603 12.6519 1.85675 7.15911 12.6538 1.85034 5.20503 17.2633 2.27087 5.20811 17.2651 2.26447 7.15 12.6491 1.85984 5.199 17.2604 2.27396 7.15603 12.6531 1.84371 7.15 12.6509 1.84016 5.20503 17.2644 2.25783
5.199 17.2622 2.25428 7.15911 12.6538 1.85034 5.20811 17.2651 2.26447 7.14397 12.6481 1.84325 7.14089 12.6462 1.84966 5.19297 17.2594 2.25738 5.18989 17.2575 2.26378 7.15 12.6509 1.84016 5.199 17.2622 2.25428 7.14346 12.6519 1.84374 7.15 12.6524 1.84042 7.04336 10.7648 1.36328 7.0499 10.7653 1.35996 7.14013 12.6505 1.85013 7.04003 10.7633 1.36966 7.15654 12.6513 1.84357 7.15987 12.6495 1.84987 7.05644 10.7641 1.36311 7.05977 10.7623 1.36941 7.15 12.6524 1.84042 7.0499 10.7653 1.35996 7.15654 12.6481 1.85626 7.15 12.6476 1.85958 7.05644 10.7609 1.3758 7.0499 10.7604 1.37911 7.0499 10.7628 1.36954 7.15987 12.6495 1.84987 7.05977 10.7623 1.36941 7.14346 12.6487 1.85643 7.14013 12.6505 1.85013 7.04336 10.7615 1.37596 7.04003 10.7633 1.36966
7.15 12.6476 1.85958 7.0499 10.7604 1.37911 0.05 14.45 13.15 0.0345937 14.471 13.1243 0.0234838 14.4787 13.15 3.42433 17.5671 13.6751 3.40893 17.5881 13.6494 3.39782 17.5958 13.6751 0.0532601 14.453 13.1112 3.42759 17.5702 13.6363 0.0302744 14.467 13.1757 0.0467399 14.447 13.1888 3.40461 17.5842 13.7008 3.42107 17.5641 13.7139 0.0234838 14.4787 13.15 3.39782 17.5958 13.6751 0.0654063 14.429 13.1757 0.0765162 14.4213 13.15 3.43974 17.5461 13.7008 3.45085 17.5384 13.6751 0.0467399 14.447 13.1888 3.42107 17.5641 13.7139 0.0697256 14.433 13.1243 0.0532601 14.453 13.1112 3.44406 17.5501 13.6494 3.42759 17.5702 13.6363 0.0765162 14.4213 13.15 3.45085 17.5384 13.6751 0.0241128 14.4467 13.1243 0.05 14.445 13.1112 0.05 12.2623 13.433 0.0241128 12.259 13.4074
0.05 12.2573 13.3943 0.0109227 14.45 13.15 0.0109227 12.2623 13.433 0.0758872 14.4467 13.1243 0.0890773 14.45 13.15 0.0758872 12.259 13.4074 0.0890773 12.2623 13.433 0.05 14.445 13.1112 0.05 12.2573 13.3943 0.0758871 14.4533 13.1757 0.05 14.455 13.1887 0.0758871 12.2656 13.4587 0.05 12.2673 13.4718 0.0890773 14.45 13.15 0.0890773 12.2623 13.433 0.0241128 14.4533 13.1757 0.0109227 14.45 13.15 0.0241128 12.2656 13.4587 0.0109227 12.2623 13.433 0.05 14.455 13.1887 0.05 12.2673 13.4718 9.95 14.899 13.05 9.92132 14.9259 13.0399 9.95 14.9396 13.0348 9.95 13.15 8.37661 9.92132 13.1769 8.36656 9.95 13.1906 8.36143 9.9067 14.899 13.05 9.9067 13.15 8.37661 9.97868 14.9259 13.0399 9.9933 14.899 13.05 9.97868 13.1769 8.36656
9.9933 13.15 8.37661 9.95 14.9396 13.0348 9.95 13.1906 8.36143 9.97868 14.8721 13.0601 9.95 14.8584 13.0652 9.97868 13.1231 8.38667 9.95 13.1094 8.39179 9.9933 14.899 13.05 9.9933 13.15 8.37661 9.92132 14.8721 13.0601 9.9067 14.899 13.05 9.92132 13.1231 8.38667 9.9067 13.15 8.37661 9.95 14.8584 13.0652 9.95 13.1094 8.39179 9.92132 14.8731 13.0376 9.95 14.8599 13.0314 9.95 13.4099 16.1706 9.92132 13.384 16.1583 9.95 13.3708 16.152 9.9067 14.899 13.05 9.9067 13.4099 16.1706 9.97868 14.8731 13.0376 9.9933 14.899 13.05 9.97868 13.384 16.1583 9.9933 13.4099 16.1706 9.95 14.8599 13.0314 9.95 13.3708 16.152 9.97868 14.9249 13.0624 9.95 14.9381 13.0686 9.97868 13.4358 16.183 9.95 13.449 16.1893
9.9933 14.899 13.05 9.9933 13.4099 16.1706 9.92132 14.9249 13.0624 9.9067 14.899 13.05 9.92132 13.4358 16.183 9.9067 13.4099 16.1706 9.95 14.9381 13.0686 9.95 13.449 16.1893 9.95 18.25 20.5226 9.92374 18.2676 20.503 9.95 18.2765 20.4931 9.92374 13.4275 16.1511 9.95 13.4364 16.1412 9.91036 18.25 20.5226 9.91036 13.4099 16.1706 9.97626 18.2676 20.503 9.98964 18.25 20.5226 9.97626 13.4275 16.1511 9.98964 13.4099 16.1706 9.95 18.2765 20.4931 9.95 13.4364 16.1412 9.97626 18.2324 20.5421 9.95 18.2235 20.552 9.97626 13.3924 16.1902 9.95 13.3834 16.2001 9.98964 18.25 20.5226 9.98964 13.4099 16.1706 9.92374 18.2324 20.5421 9.91036 18.25 20.5226 9.92374 13.3924 16.1902 9.91036 13.4099 16.1706 9.95 18.2235 20.552
9.95 13.3834 16.2001 9.92374 18.2529 20.5486 9.95 18.2544 20.5619 9.95 20.3698 20.2839 9.92374 20.3728 20.31 9.95 20.3743 20.3233 9.91036 18.25 20.5226 9.91036 20.3698 20.2839 9.97626 18.2529 20.5486 9.98964 18.25 20.5226 9.97626 20.3728 20.31 9.98964 20.3698 20.2839 9.95 18.2544 20.5619 9.95 20.3743 20.3233 9.97626 18.2471 20.4965 9.95 18.2456 20.4832 9.97626 20.3669 20.2578 9.95 20.3654 20.2445 9.98964 18.25 20.5226 9.98964 20.3698 20.2839 9.92374 18.2471 20.4965 9.91036 18.25 20.5226 9.92374 20.3669 20.2578 9.91036 20.3698 20.2839 9.95 18.2456 20.4832 9.95 20.3654 20.2445 0.05 18.95 29.95 0.0436246 18.9528 29.944 0.05 18.9559 29.9421 1.22095 14.3408 26.525 1.21457 14.3436 26.519 1.22095 14.3467 26.5171
0.0403762 18.9484 29.9488 1.21132 14.3392 26.5238 0.0563754 18.9549 29.9456 0.0596238 18.9516 29.9512 1.22732 14.3457 26.5205 1.23057 14.3424 26.5261 0.05 18.9559 29.9421 1.22095 14.3467 26.5171 0.0563754 18.9472 29.956 0.05 18.9441 29.9579 1.22732 14.338 26.5309 1.22095 14.3349 26.5328 0.0596238 18.9516 29.9512 1.23057 14.3424 26.5261 0.0436246 18.9451 29.9544 0.0403762 18.9484 29.9488 1.21457 14.3359 26.5294 1.21132 14.3392 26.5238 0.05 18.9441 29.9579 1.22095 14.3349 26.5328 0.0435205 18.9511 29.9564 0.05 18.9507 29.9598 0.194786 20.5275 29.8337 0.188306 20.5286 29.8401 0.194786 20.5283 29.8435 0.040219 18.9509 29.9499 0.185005 20.5284 29.8336 0.0564795 18.9499 29.9565 0.059781 18.9491 29.9501 0.201265 20.5274 29.8402 0.204567 20.5266 29.8337 0.05 18.9507 29.9598
0.194786 20.5283 29.8435 0.0564795 18.9489 29.9436 0.05 18.9493 29.9402 0.201265 20.5265 29.8272 0.194786 20.5268 29.8239 0.059781 18.9491 29.9501 0.204567 20.5266 29.8337 0.0435205 18.9501 29.9435 0.040219 18.9509 29.9499 0.188306 20.5277 29.8271 0.185005 20.5284 29.8336 0.05 18.9493 29.9402 0.194786 20.5268 29.8239 9.201 21.099 18.399 9.21746 21.0767 18.4181 9.21404 21.099 18.4325 7.27356 20.3196 19.1498 7.29002 20.2974 19.169 7.28661 20.3196 19.1833 9.21281 21.0654 18.3944 7.28537 20.286 19.1452 9.20182 21.1213 18.4242 9.18919 21.1326 18.4036 7.27438 20.3419 19.175 7.26176 20.3533 19.1544 9.21404 21.099 18.4325 7.28661 20.3196 19.1833 9.18454 21.1213 18.3799 9.18796 21.099 18.3655 7.2571 20.3419 19.1307 7.26052 20.3196 19.1163 9.18919 21.1326 18.4036
7.26176 20.3533 19.1544 9.20018 21.0767 18.3738 9.21281 21.0654 18.3944 7.27274 20.2974 19.1246 7.28537 20.286 19.1452 9.18796 21.099 18.3655 7.26052 20.3196 19.1163 9.17929 21.1246 18.4013 9.201 21.1309 18.4155 9.95 21.8658 16.9207 9.92829 21.8915 16.923 9.95 21.8977 16.9372 9.16823 21.1058 18.3859 9.91723 21.8726 16.9076 9.22271 21.1156 18.4186 9.23377 21.0922 18.4121 9.97171 21.8825 16.9403 9.98277 21.859 16.9338 9.201 21.1309 18.4155 9.95 21.8977 16.9372 9.22271 21.0734 18.3967 9.201 21.0671 18.3825 9.97171 21.8402 16.9184 9.95 21.8339 16.9041 9.23377 21.0922 18.4121 9.98277 21.859 16.9338 9.17929 21.0824 18.3794 9.16823 21.1058 18.3859 9.92829 21.8492 16.901 9.91723 21.8726 16.9076 9.201 21.0671 18.3825 9.95 21.8339 16.9041
9.95 22.95 10.75 9.94896 22.9435 10.7565 9.94802 22.95 10.7597 6.45395 22.799 10.0364 6.45291 22.7925 10.0429 6.45197 22.799 10.0461 9.95041 22.9401 10.7501 6.45436 22.7891 10.0365 9.94842 22.9565 10.7564 9.94959 22.9599 10.7499 6.45237 22.8055 10.0428 6.45354 22.8089 10.0364 9.94802 22.95 10.7597 6.45197 22.799 10.0461 9.95104 22.9565 10.7435 9.95198 22.95 10.7403 6.45499 22.8055 10.03 6.45592 22.799 10.0268 9.94959 22.9599 10.7499 6.45354 22.8089 10.0364 9.95158 22.9435 10.7436 9.95041 22.9401 10.7501 6.45553 22.7925 10.0301 6.45436 22.7891 10.0365 9.95198 22.95 10.7403 6.45592 22.799 10.0268 9.94345 22.9484 10.7564 9.95 22.9476 10.7596 9.95 25.1327 11.2855 9.94345 25.1311 11.2919 9.95 25.1303 11.2951 9.94012 22.95 10.75
9.94012 25.1327 11.2855 9.95655 22.9484 10.7564 9.95988 22.95 10.75 9.95655 25.1311 11.2919 9.95988 25.1327 11.2855 9.95 22.9476 10.7596 9.95 25.1303 11.2951 9.95655 22.9516 10.7436 9.95 22.9524 10.7404 9.95655 25.1342 11.2791 9.95 25.135 11.2759 9.95988 22.95 10.75 9.95988 25.1327 11.2855 9.94345 22.9516 10.7436 9.94012 22.95 10.75 9.94345 25.1342 11.2791 9.94012 25.1327 11.2855 9.95 22.9524 10.7404 9.95 25.135 11.2759 9.95 23.9387 28.5387 9.976 23.9177 28.5053 9.98974 23.9076 28.5387 5.82447 18.6565 28.6447 5.85047 18.6356 28.6113 5.86421 18.6255 28.6447 9.94951 23.938 28.4883 5.82398 18.6559 28.5943 9.97665 23.9185 28.5721 9.95049 23.9393 28.5891 5.85112 18.6364 28.6781 5.82496 18.6572 28.6952 9.98974 23.9076 28.5387
5.86421 18.6255 28.6447 9.924 23.9596 28.5721 9.91026 23.9697 28.5387 5.79847 18.6775 28.6781 5.78473 18.6876 28.6447 9.95049 23.9393 28.5891 5.82496 18.6572 28.6952 9.92335 23.9588 28.5053 9.94951 23.938 28.4883 5.79782 18.6767 28.6113 5.82398 18.6559 28.5943 9.91026 23.9697 28.5387 5.78473 18.6876 28.6447 9.9166 23.9711 28.5466 9.95 23.9876 28.5506 9.95 25.0236 24.0847 9.9166 25.056 24.0926 9.95 25.0726 24.0967 9.89958 23.9387 28.5387 9.89958 25.0236 24.0847 9.9834 23.9711 28.5466 10.0004 23.9387 28.5387 9.9834 25.056 24.0926 10.0004 25.0236 24.0847 9.95 23.9876 28.5506 9.95 25.0726 24.0967 9.9834 23.9062 28.5308 9.95 23.8897 28.5267 9.9834 24.9911 24.0768 9.95 24.9746 24.0728 10.0004 23.9387 28.5387 10.0004 25.0236 24.0847
9.9166 23.9062 28.5308 9.89958 23.9387 28.5387 9.9166 24.9911 24.0768 9.89958 25.0236 24.0847 9.95 23.8897 28.5267 9.95 24.9746 24.0728 0.05 26.301 27.599 0.0335874 26.2852 27.5837 0.0415013 26.301 27.571 3.12132 24.0081 26.6668 3.10491 23.9923 26.6515 3.11282 24.0081 26.6388 0.0337235 26.2772 27.6039 3.10504 23.9842 26.6717 0.0551525 26.3168 27.5772 0.0662765 26.3248 27.5941 3.12647 24.0238 26.645 3.1376 24.0319 26.6619 0.0415013 26.301 27.571 3.11282 24.0081 26.6388 0.0664126 26.3168 27.6143 0.0584987 26.301 27.627 3.13773 24.0238 26.6821 3.12982 24.0081 26.6948 0.0662765 26.3248 27.5941 3.1376 24.0319 26.6619 0.0448475 26.2852 27.6208 0.0337235 26.2772 27.6039 3.11617 23.9923 26.6886 3.10504 23.9842 26.6717 0.0584987 26.301 27.627 3.12982 24.0081 26.6948
0.0306152 26.2912 27.6157 0.05 26.2862 27.6242 0.05 29.099 29.2457 0.0306152 29.0892 29.2624 0.05 29.0842 29.2709 0.0207381 26.301 27.599 0.0207381 29.099 29.2457 0.0693848 26.2912 27.6157 0.0792619 26.301 27.599 0.0693848 29.0892 29.2624 0.0792619 29.099 29.2457 0.05 26.2862 27.6242 0.05 29.0842 29.2709 0.0693848 26.3108 27.5823 0.05 26.3158 27.5738 0.0693848 29.1088 29.229 0.05 29.1138 29.2205 0.0792619 26.301 27.599 0.0792619 29.099 29.2457 0.0306152 26.3108 27.5823 0.0207381 26.301 27.599 0.0306152 29.1088 29.229 0.0207381 29.099 29.2457 0.05 26.3158 27.5738 0.05 29.1138 29.2205 7.05026 27.6498 17.399 7.03321 27.6349 17.3871 7.03842 27.6498 17.3744 9.84534 25.5311 16.0559 9.82829 25.5162 16.044 9.8335 25.5311 16.0312 7.03636 27.6273 17.4057
9.83145 25.5086 16.0626 7.05163 27.6648 17.3783 7.06416 27.6724 17.3923 9.84671 25.5461 16.0351 9.85924 25.5537 16.0492 7.03842 27.6498 17.3744 9.8335 25.5311 16.0312 7.06731 27.6648 17.4109 7.0621 27.6498 17.4236 9.86239 25.5461 16.0678 9.85718 25.5311 16.0805 7.06416 27.6724 17.3923 9.85924 25.5537 16.0492 7.0489 27.6349 17.4197 7.03636 27.6273 17.4057 9.84398 25.5162 16.0766 9.83145 25.5086 16.0626 7.0621 27.6498 17.4236 9.85718 25.5311 16.0805 7.03514 27.637 17.4152 7.05026 27.6453 17.426 5.85004 29.449 17.699 5.83492 29.4362 17.7152 5.85004 29.4445 17.726 7.02743 27.635 17.3965 5.82721 29.4342 17.6965 7.06539 27.6567 17.4185 7.07309 27.6646 17.4015 5.86517 29.4559 17.7185 5.87288 29.4638 17.7015 7.05026 27.6453 17.426 5.85004 29.4445 17.726
7.06539 27.6626 17.3828 7.05026 27.6543 17.372 5.86517 29.4618 17.6828 5.85004 29.4535 17.672 7.07309 27.6646 17.4015 5.87288 29.4638 17.7015 7.03514 27.643 17.3795 7.02743 27.635 17.3965 5.83492 29.4422 17.6795 5.82721 29.4342 17.6965 7.05026 27.6543 17.372 5.85004 29.4535 17.672 0.05 27.899 23.499 0.0351785 27.8934 23.4823 0.05 27.9007 23.4744 1.02917 25.7675 23.35 1.01435 25.7619 23.3332 1.02917 25.7692 23.3254 0.0276266 27.8888 23.4983 1.0068 25.7573 23.3492 0.0648215 27.9069 23.4832 0.0723734 27.9092 23.4997 1.04399 25.7754 23.3342 1.05155 25.7777 23.3507 0.05 27.9007 23.4744 1.02917 25.7692 23.3254 0.0648215 27.9046 23.5157 0.05 27.8973 23.5236 1.04399 25.7731 23.3667 1.02917 25.7658 23.3745 0.0723734 27.9092 23.4997 1.05155 25.7777 23.3507
0.0351785 27.8911 23.5148 0.0276266 27.8888 23.4983 1.01435 25.7596 23.3657 1.0068 25.7573 23.3492 0.05 27.8973 23.5236 1.02917 25.7658 23.3745 0.0336963 27.9002 23.5153 0.05 27.9009 23.5235 0.05 29.6342 23.3663 0.0336963 29.6355 23.3826 0.05 29.6361 23.3908 0.0253892 27.899 23.499 0.0253892 29.6342 23.3663 0.0663037 27.9002 23.5153 0.0746108 27.899 23.499 0.0663037 29.6355 23.3826 0.0746108 29.6342 23.3663 0.05 27.9009 23.5235 0.05 29.6361 23.3908 0.0663037 27.8978 23.4827 0.05 27.8971 23.4745 0.0663037 29.633 23.3501 0.05 29.6324 23.3418 0.0746108 27.899 23.499 0.0746108 29.6342 23.3663 0.0336963 27.8978 23.4827 0.0253892 27.899 23.499 0.0336963 29.633 23.3501 0.0253892 29.6342 23.3663 0.05 27.8971 23.4745 0.05 29.6324 23.3418 9.85 28.85 14.25
9.8434 28.8469 14.2442 9.85 28.8452 14.2413 9.84534 25.5311 16.0559 9.83874 25.528 16.0501 9.84534 25.5264 16.0471 9.84004 28.85 14.25 9.83538 25.5311 16.0559 9.8566 28.8468 14.2442 9.85996 28.85 14.25 9.85194 25.528 16.0501 9.8553 25.5311 16.0559 9.85 28.8452 14.2413 9.84534 25.5264 16.0471 9.8566 28.8531 14.2558 9.85 28.8548 14.2587 9.85194 25.5343 16.0617 9.84534 25.5359 16.0646 9.85996 28.85 14.25 9.8553 25.5311 16.0559 9.8434 28.8532 14.2558 9.84004 28.85 14.25 9.83874 25.5343 16.0617 9.83538 25.5311 16.0559 9.85 28.8548 14.2587 9.84534 25.5359 16.0646 9.84343 28.852 14.2563 9.85 28.852 14.2598 9.95 29.853 14.0432 9.94343 29.855 14.0496 9.95 29.855 14.053 9.84009 28.8509 14.2498 9.94009 29.854 14.043
9.85657 28.8507 14.2566 9.85991 28.8491 14.2502 9.95657 29.8537 14.0498 9.95991 29.8521 14.0434 9.85 28.852 14.2598 9.95 29.855 14.053 9.85657 28.848 14.2437 9.85 28.848 14.2402 9.95657 29.8511 14.0369 9.95 29.851 14.0335 9.85991 28.8491 14.2502 9.95991 29.8521 14.0434 9.84343 28.8493 14.2434 9.84009 28.8509 14.2498 9.94343 29.8523 14.0366 9.94009 29.854 14.043 9.85 28.848 14.2402 9.95 29.851 14.0335 4.54986 0.05 0.949583 4.53805 0.0446764 0.938724 4.53754 0.036823 0.949583 1.66166 2.74994 2.76531 1.64985 2.74462 2.75445 1.64934 2.73676 2.76531 4.54436 0.0551409 0.933191 1.65616 2.75508 2.74891 4.54534 0.0378651 0.960442 4.55536 0.0448591 0.965975 1.65714 2.73781 2.77616 1.66716 2.7448 2.7817 4.53754 0.036823 0.949583 1.64934 2.73676 2.76531
4.56166 0.0553236 0.960442 4.56217 0.063177 0.949583 1.67346 2.75527 2.77616 1.67397 2.76312 2.76531 4.55536 0.0448591 0.965975 1.66716 2.7448 2.7817 4.55437 0.0621349 0.938724 4.54436 0.0551409 0.933191 1.66617 2.76208 2.75445 1.65616 2.75508 2.74891 4.56217 0.063177 0.949583 1.67397 2.76312 2.76531 4.54117 0.038104 0.941303 4.53568 0.05 0.938423 5.18188 0.146973 0.147018 5.17319 0.135077 0.138737 5.16771 0.146973 0.135858 4.55091 0.0320427 0.948244 5.18294 0.129015 0.145679 4.53977 0.061896 0.943077 4.5488 0.0679573 0.950922 5.17179 0.158869 0.140512 5.18083 0.16493 0.148357 4.53568 0.05 0.938423 5.16771 0.146973 0.135858 4.55855 0.061896 0.957863 4.56403 0.05 0.960743 5.19057 0.158869 0.155298 5.19605 0.146973 0.158178 4.5488 0.0679573 0.950922 5.18083 0.16493 0.148357 4.55994 0.038104 0.956089
4.55091 0.0320427 0.948244 5.19197 0.135077 0.153524 5.18294 0.129015 0.145678 4.56403 0.05 0.960743 5.19605 0.146973 0.158178 0.05 21.6627 4.25 0.060738 21.6414 4.23158 0.0646271 21.6627 4.22139 4.299 21.927 6.42201 4.30974 21.9057 6.40359 4.31363 21.927 6.3934 0.0515822 21.6306 4.25081 4.30058 21.8949 6.42282 0.0586417 21.684 4.23051 0.0484178 21.6948 4.24919 4.30764 21.9482 6.40252 4.29742 21.9591 6.4212 0.0646271 21.6627 4.22139 4.31363 21.927 6.3934 0.039262 21.684 4.26842 0.0353729 21.6627 4.27861 4.28826 21.9482 6.44043 4.28437 21.927 6.45062 0.0484178 21.6948 4.24919 4.29742 21.9591 6.4212 0.0413583 21.6414 4.26949 0.0515822 21.6306 4.25081 4.29036 21.9057 6.4415 4.30058 21.8949 6.42282 0.0353729 21.6627 4.27861 4.28437 21.927 6.45062 0.0287111 21.6837 4.24676
0.05 21.6945 4.2451 0.05 21.233 1.46215 0.0287111 21.2541 1.4589 0.05 21.2648 1.45725 0.0178638 21.6627 4.25 0.0178638 21.233 1.46215 0.0712889 21.6837 4.24676 0.0821362 21.6627 4.25 0.0712889 21.2541 1.4589 0.0821362 21.233 1.46215 0.05 21.6945 4.2451 0.05 21.2648 1.45725 0.0712889 21.6417 4.25324 0.05 21.6309 4.2549 0.0712889 21.212 1.46539 0.05 21.2013 1.46704 0.0821362 21.6627 4.25 0.0821362 21.233 1.46215 0.0287111 21.6417 4.25324 0.0178638 21.6627 4.25 0.0287111 21.212 1.46539 0.0178638 21.233 1.46215 0.05 21.6309 4.2549 0.05 21.2013 1.46704 9.8779 26.1503 10.199 9.86478 26.1318 10.2124 9.85618 26.1503 10.2169 5.55756 25.4166 4.95032 5.54445 25.3981 4.9637 5.53585 25.4166 4.96819 9.87981 26.1224 10.2013 5.55948 25.3886 4.95265
9.86224 26.1688 10.2093 9.87598 26.1783 10.1967 5.54191 25.4351 4.96061 5.55564 25.4446 4.94799 9.85618 26.1503 10.2169 5.53585 25.4166 4.96819 9.89101 26.1688 10.1856 9.89961 26.1503 10.1811 5.57068 25.4351 4.93693 5.57927 25.4166 4.93244 9.87598 26.1783 10.1967 5.55564 25.4446 4.94799 9.89355 26.1318 10.1887 9.87981 26.1224 10.2013 5.57322 25.3981 4.94002 5.55948 25.3886 4.95265 9.89961 26.1503 10.1811 5.57927 25.4166 4.93244 9.85929 26.1361 10.1869 9.8779 26.1298 10.1798 9.95 25.1327 11.2855 9.93139 25.1184 11.2734 9.95 25.1121 11.2663 9.84981 26.1494 10.2 9.92191 25.1317 11.2865 9.8965 26.1373 10.1856 9.90598 26.1512 10.198 9.96861 25.1197 11.2721 9.97809 25.1336 11.2845 9.8779 26.1298 10.1798 9.95 25.1121 11.2663 9.8965 26.1645 10.2111
9.8779 26.1708 10.2182 9.96861 25.1469 11.2976 9.95 25.1532 11.3047 9.90598 26.1512 10.198 9.97809 25.1336 11.2845 9.85929 26.1633 10.2124 9.84981 26.1494 10.2 9.93139 25.1456 11.2989 9.92191 25.1317 11.2865 9.8779 26.1708 10.2182 9.95 25.1532 11.3047 2.86277 0.05 14.499 2.83884 0.0247947 14.5017 2.86277 0.0149698 14.5116 1.905 1.35576 18.1411 1.88107 1.33056 18.1438 1.905 1.32073 18.1537 2.82665 0.0469822 14.4906 1.86888 1.35275 18.1327 2.8867 0.0287931 14.5129 2.89889 0.0530178 14.5074 1.92893 1.33456 18.155 1.94113 1.35878 18.1495 2.86277 0.0149698 14.5116 1.905 1.32073 18.1537 2.8867 0.0752053 14.4963 2.86277 0.0850302 14.4864 1.92893 1.38097 18.1384 1.905 1.39079 18.1285 2.89889 0.0530178 14.5074 1.94113 1.35878 18.1495 2.83884 0.0712069 14.4851
2.82665 0.0469822 14.4906 1.88107 1.37697 18.1272 1.86888 1.35275 18.1327 2.86277 0.0850302 14.4864 1.905 1.39079 18.1285 2.83842 0.0748967 14.5006 2.86277 0.0863128 14.5071 3.51666 0.955492 10.4585 3.49231 0.980389 10.4601 3.51666 0.991805 10.4666 2.82601 0.0512694 14.4933 3.47991 0.956762 10.4528 2.88712 0.0732149 14.5081 2.89953 0.0487306 14.5047 3.54102 0.978707 10.4676 3.55342 0.954223 10.4641 2.86277 0.0863128 14.5071 3.51666 0.991805 10.4666 2.88712 0.0251033 14.4974 2.86277 0.0136872 14.4909 3.54102 0.930596 10.4568 3.51666 0.91918 10.4503 2.89953 0.0487306 14.5047 3.55342 0.954223 10.4641 2.83842 0.0267851 14.4899 2.82601 0.0512694 14.4933 3.49231 0.932278 10.4493 3.47991 0.956762 10.4528 2.86277 0.0136872 14.4909 3.51666 0.91918 10.4503 9.95 26.55 18.55 9.94347 26.5439 18.5524
9.95 26.5408 18.5536 9.95 27.8628 21.9338 9.94347 27.8567 21.9362 9.95 27.8536 21.9374 9.94014 26.55 18.55 9.94014 27.8628 21.9338 9.95653 26.5439 18.5524 9.95986 26.55 18.55 9.95653 27.8567 21.9362 9.95986 27.8628 21.9338 9.95 26.5408 18.5536 9.95 27.8536 21.9374 9.95653 26.5561 18.5476 9.95 26.5592 18.5464 9.95653 27.8688 21.9315 9.95 27.8719 21.9303 9.95986 26.55 18.55 9.95986 27.8628 21.9338 9.94347 26.5561 18.5476 9.94014 26.55 18.55 9.94347 27.8688 21.9315 9.94014 27.8628 21.9338 9.95 26.5592 18.5464 9.95 27.8719 21.9303 9.94348 26.5561 18.5478 9.95 26.5591 18.5463 9.84534 25.5311 16.0559 9.83882 25.5373 16.0536 9.84534 25.5403 16.0522 9.94015 26.5501 18.5504 9.83549 25.5313 16.0562 9.95652 26.5559 18.5473
9.95985 26.5499 18.5496 9.85187 25.5371 16.0532 9.85519 25.531 16.0555 9.95 26.5591 18.5463 9.84534 25.5403 16.0522 9.95652 26.5439 18.5522 9.95 26.5409 18.5537 9.85187 25.525 16.0581 9.84534 25.522 16.0596 9.95985 26.5499 18.5496 9.85519 25.531 16.0555 9.94348 26.5441 18.5527 9.94015 26.5501 18.5504 9.83882 25.5252 16.0586 9.83549 25.5313 16.0562 9.95 26.5409 18.5537 9.84534 25.522 16.0596 0.05 1.8268 28.599 0.00882748 1.86724 28.5911 0.05 1.88815 28.5889 0.121043 1.44096 26.2631 0.0798701 1.4814 26.2551 0.121043 1.50231 26.2529 -0.012151 1.8265 28.5972 0.0588916 1.44065 26.2612 0.0911725 1.86764 28.5935 0.112151 1.82711 28.6008 0.162215 1.4818 26.2576 0.183194 1.44126 26.2649 0.05 1.88815 28.5889 0.121043 1.50231 26.2529 0.0911725 1.78636 28.6069
0.05 1.76545 28.6091 0.162215 1.40052 26.271 0.121043 1.37961 26.2732 0.112151 1.82711 28.6008 0.183194 1.44126 26.2649 0.00882747 1.78596 28.6045 -0.012151 1.8265 28.5972 0.0798701 1.40012 26.2686 0.0588916 1.44065 26.2612 0.05 1.76545 28.6091 0.121043 1.37961 26.2732 0.00887848 1.78635 28.6071 0.05 1.76523 28.6077 0.110137 1.97069 29.6226 0.0690152 1.93024 29.6307 0.110137 1.90912 29.6313 -0.012074 1.82731 28.6026 0.0480627 1.9712 29.6262 0.0911215 1.78568 28.6024 0.112074 1.8263 28.5954 0.151258 1.92957 29.626 0.172211 1.97019 29.619 0.05 1.76523 28.6077 0.110137 1.90912 29.6313 0.0911215 1.86726 28.5909 0.05 1.88838 28.5903 0.151258 2.01115 29.6145 0.110137 2.03227 29.6139 0.112074 1.8263 28.5954 0.172211 1.97019 29.619 0.00887847 1.86793 28.5956 -0.012074 1.82731 28.6026
0.0690152 2.01182 29.6192 0.0480627 1.9712 29.6262 0.05 1.88838 28.5903 0.110137 2.03227 29.6139 
		</DataArray>
	</Points>
	<Cells>
		<DataArray type = "Int32" Name = "connectivity" format = "ascii">
0 1 2 0 3 4 5 3 0 6 1 0 3 7 4 3 0 8 9 0 3 10 11 3 0 12 8 0 3 13 10 3
0 14 15 0 3 16 17 3 0 18 14 0 3 19 16 3 0 20 21 0 3 22 23 3 0 24 20 0 3 25 22 3
26 27 28 26 29 30 31 29 26 32 27 26 29 33 30 29 26 34 35 26 29 36 37 29 26 38 34 26 29 39 36 29
26 40 41 26 29 42 43 29 26 44 40 26 29 45 42 29 26 46 47 26 29 48 49 29 26 50 46 26 29 51 48 29
52 53 54 52 3 55 56 3 52 57 53 52 3 58 55 3 52 59 60 52 3 61 62 3 52 63 59 52 3 64 61 3
52 65 66 52 3 67 68 69 52 70 65 52 69 71 67 69 52 72 73 52 69 74 75 69 52 76 72 52 69 77 74 69
78 78 78 78 78 78 78 78 78 78 78 78 78 78 78 78 78 78 78 78 78 78 78 78 78 78 78 78 78 78 78 78
78 78 78 78 78 78 78 78 78 78 78 78 78 78 78 78 78 78 78 78 78 78 78 78 78 78 78 78 78 78 78 78
79 80 81 79 69 82 83 69 79 84 80 79 69 85 82 69 79 86 87 79 69 88 89 69 79 90 86 79 69 91 88 69
79 92 93 79 69 94 95 69 79 96 92 79 69 97 94 69 79 98 99 79 69 100 101 69 79 102 98 79 69 103 100 69
104 105 106 104 107 108 109 107 104 110 105 104 107 111 108 107 104 112 113 104 107 114 115 107 104 116 112 104 107 117 114 107
104 118 119 104 107 120 121 107 104 122 118 104 107 123 120 107 104 124 125 104 107 126 127 107 104 128 124 104 107 129 126 107
130 131 132 130 69 133 134 135 130 136 131 130 135 137 133 135 130 138 139 130 135 140 141 135 130 142 138 130 135 143 140 135
130 144 145 130 135 146 147 135 130 148 144 130 135 149 146 135 130 150 151 130 135 152 153 135 130 154 150 130 135 155 152 135
156 157 158 156 159 160 161 159 156 162 157 156 159 163 160 159 156 164 165 156 159 166 167 159 156 168 164 156 159 169 166 159
156 170 171 156 159 172 173 159 156 174 170 156 159 175 172 159 156 176 177 156 159 178 179 159 156 180 176 156 159 181 178 159
182 183 184 182 135 185 186 135 182 187 183 182 135 188 185 135 182 189 190 182 135 191 192 135 182 193 189 182 135 194 191 135
182 195 196 182 135 197 198 135 182 199 195 182 200 201 197 200 182 202 203 182 200 204 205 200 182 206 202 182 200 207 204 200
208 209 210 208 211 212 213 211 208 214 209 208 211 215 212 211 208 216 217 208 211 218 219 211 208 220 216 208 211 221 218 211
208 222 223 208 211 224 225 211 208 226 222 208 211 227 224 211 208 228 229 208 211 230 231 211 208 232 228 208 211 233 230 211
234 235 236 234 200 237 238 200 234 239 235 234 200 240 237 200 234 241 242 234 200 243 244 200 234 245 241 234 200 246 243 200
234 247 248 234 200 249 250 200 234 251 247 234 200 252 249 200 234 253 254 234 200 255 256 200 234 257 253 234 200 258 255 200
259 260 261 259 262 263 264 262 259 265 260 259 262 266 263 262 259 267 268 259 262 269 270 262 259 271 267 259 262 272 269 262
259 273 274 259 262 275 276 262 259 277 273 259 262 278 275 262 259 279 280 259 262 281 282 262 259 283 279 259 262 284 281 262
285 286 287 285 288 289 290 288 285 291 286 285 288 292 289 288 285 293 294 285 288 295 296 288 285 297 293 285 288 298 295 288
285 299 300 285 288 301 302 288 285 303 299 285 288 304 301 288 285 305 306 285 288 307 308 288 285 309 305 285 288 310 307 288
311 312 313 311 314 315 316 314 311 317 312 311 314 318 315 314 311 319 320 311 314 321 322 314 311 323 319 311 314 324 321 314
311 325 326 311 314 327 328 314 311 329 325 311 314 330 327 314 311 331 332 311 314 333 334 314 311 335 331 311 314 336 333 314
337 338 339 337 288 340 341 288 337 342 338 337 288 343 340 288 337 344 345 337 288 346 347 288 337 348 344 337 288 349 346 288
337 350 351 337 288 352 353 354 337 355 350 337 354 356 352 354 337 357 358 337 354 359 360 354 337 361 357 337 354 362 359 354
363 363 363 363 363 363 363 363 363 363 363 363 363 363 363 363 363 363 363 363 363 363 363 363 363 363 363 363 363 363 363 363
363 363 363 363 363 363 363 363 363 363 363 363 363 363 363 363 363 363 363 363 363 363 363 363 363 363 363 363 363 363 363 363
364 365 366 364 354 367 368 354 364 369 365 364 354 370 367 354 364 371 372 364 354 373 374 354 364 375 371 364 354 376 373 354
364 377 378 364 354 379 380 354 364 381 377 364 354 382 379 354 364 383 384 364 354 385 386 354 364 387 383 364 354 388 385 354
389 390 391 389 392 393 394 392 389 395 390 389 392 396 393 392 389 397 398 389 392 399 400 392 389 401 397 389 392 402 399 392
389 403 404 389 392 405 406 392 389 407 403 389 392 408 405 392 389 409 410 389 392 411 412 392 389 413 409 389 392 414 411 392
415 416 417 415 354 418 419 420 415 421 416 415 420 422 418 420 415 423 424 415 420 425 426 420 415 427 423 415 420 428 425 420
415 429 430 415 420 431 432 420 415 433 429 415 420 434 431 420 415 435 436 415 420 437 438 420 415 439 435 415 420 440 437 420
441 441 441 441 441 441 441 441 441 441 441 441 441 441 441 441 441 441 441 441 441 441 441 441 441 441 441 441 441 441 441 441
441 441 441 441 441 441 441 441 441 441 441 441 441 441 441 441 441 441 441 441 441 441 441 441 441 441 441 441 441 441 441 441
442 443 444 442 420 445 446 420 442 447 443 442 420 448 445 420 442 449 450 442 420 451 452 420 442 453 449 442 420 454 451 420
442 455 456 442 420 457 458 420 442 459 455 442 420 460 457 420 442 461 462 442 420 463 464 420 442 465 461 442 420 466 463 420
467 468 469 467 470 471 472 470 467 473 468 467 470 474 471 470 467 475 476 467 470 477 478 470 467 479 475 467 470 480 477 470
467 481 482 467 470 483 484 470 467 485 481 467 470 486 483 470 467 487 488 467 470 489 490 470 467 491 487 467 470 492 489 470
493 494 495 493 496 497 498 496 493 499 494 493 496 500 497 496 493 501 502 493 496 503 504 496 493 505 501 493 496 506 503 496
493 507 508 493 496 509 510 496 493 511 507 493 496 512 509 496 493 513 514 493 496 515 516 496 493 517 513 493 496 518 515 496
519 519 519 519 519 519 519 519 519 519 519 519 519 519 519 519 519 519 519 519 519 519 519 519 519 519 519 519 519 519 519 519
519 519 519 519 519 519 519 519 519 519 519 519 519 519 519 519 519 519 519 519 519 519 519 519 519 519 519 519 519 519 519 519
520 521 522 520 496 523 524 496 520 525 521 520 496 526 523 496 520 527 528 520 496 529 530 496 520 531 527 520 496 532 529 496
520 533 534 520 496 535 536 496 520 537 533 520 496 538 535 496 520 539 540 520 496 541 542 496 520 543 539 520 496 544 541 496
545 546 547 545 548 549 550 548 545 551 546 545 548 552 549 548 545 553 554 545 548 555 556 548 545 557 553 545 548 558 555 548
545 559 560 545 548 561 562 548 545 563 559 545 548 564 561 548 545 565 566 545 548 567 568 548 545 569 565 545 548 570 567 548
571 572 573 571 574 575 576 574 571 577 572 571 574 578 575 574 571 579 580 571 574 581 582 574 571 583 579 571 574 584 581 574
571 585 586 571 574 587 588 574 571 589 585 571 574 590 587 574 571 591 592 571 574 593 594 574 571 595 591 571 574 596 593 574
597 598 599 597 600 601 602 600 597 603 598 597 600 604 601 600 597 605 606 597 600 607 608 600 597 609 605 597 600 610 607 600
597 611 612 597 600 613 614 600 597 615 611 597 600 616 613 600 597 617 618 597 600 619 620 600 597 621 617 597 600 622 619 600
623 624 625 623 574 626 627 574 623 628 624 623 574 629 626 574 623 630 631 623 574 632 633 574 623 634 630 623 574 635 632 574
623 636 637 623 574 638 639 640 623 641 636 623 640 642 638 640 623 643 644 623 640 645 646 640 623 647 643 623 640 648 645 640
649 650 651 649 652 653 654 652 649 655 650 649 652 656 653 652 649 657 658 649 652 659 660 652 649 661 657 649 652 662 659 652
649 663 664 649 652 665 666 652 649 667 663 649 652 668 665 652 649 669 670 649 652 671 672 652 649 673 669 649 652 674 671 652
675 676 677 675 640 678 679 640 675 680 676 675 640 681 678 640 675 682 683 675 640 684 685 640 675 686 682 675 640 687 684 640
675 688 689 675 640 690 691 640 675 692 688 675 640 693 690 640 675 694 695 675 640 696 697 640 675 698 694 675 640 699 696 640
700 700 700 700 700 700 700 700 700 700 700 700 700 700 700 700 700 700 700 700 700 700 700 700 700 700 700 700 700 700 700 700
700 700 700 700 700 700 700 700 700 700 700 700 700 700 700 700 700 700 700 700 700 700 700 700 700 700 700 700 700 700 700 700
701 702 703 701 640 704 705 706 701 707 702 701 706 708 704 706 701 709 710 701 706 711 712 706 701 713 709 701 706 714 711 706
701 715 716 701 706 717 718 706 701 719 715 701 706 720 717 706 701 721 722 701 706 723 724 706 701 725 721 701 706 726 723 706
727 728 729 727 730 731 732 730 727 733 728 727 730 734 731 730 727 735 736 727 730 737 738 730 727 739 735 727 730 740 737 730
727 741 742 727 730 743 744 730 727 745 741 727 730 746 743 730 727 747 748 727 730 749 750 730 727 751 747 727 730 752 749 730
753 754 755 753 706 756 757 706 753 758 754 753 706 759 756 706 753 760 761 753 706 762 763 706 753 764 760 753 706 765 762 706
753 766 767 753 706 768 769 706 753 770 766 753 771 772 768 771 753 773 774 753 771 775 776 771 753 777 773 753 771 778 775 771
779 780 781 779 782 783 784 782 779 785 780 779 782 786 783 782 779 787 788 779 782 789 790 782 779 791 787 779 782 792 789 782
779 793 794 779 782 795 796 782 779 797 793 779 782 798 795 782 779 799 800 779 782 801 802 782 779 803 799 779 782 804 801 782
805 806 807 805 771 808 809 771 805 810 806 805 771 811 808 771 805 812 813 805 771 814 815 771 805 816 812 805 771 817 814 771
805 818 819 805 771 820 821 771 805 822 818 805 771 823 820 771 805 824 825 805 771 826 827 771 805 828 824 805 771 829 826 771
830 831 832 830 833 834 835 833 830 836 831 830 833 837 834 833 830 838 839 830 833 840 841 833 830 842 838 830 833 843 840 833
830 844 845 830 833 846 847 833 830 848 844 830 833 849 846 833 830 850 851 830 833 852 853 833 830 854 850 830 833 855 852 833
856 857 858 856 859 860 861 859 856 862 857 856 859 863 860 859 856 864 865 856 859 866 867 859 856 868 864 856 859 869 866 859
856 870 871 856 859 872 873 859 856 874 870 856 859 875 872 859 856 876 877 856 859 878 879 859 856 880 876 856 859 881 878 859
882 882 882 882 882 882 882 882 882 882 882 882 882 882 882 882 882 882 882 882 882 882 882 882 882 882 882 882 882 882 882 882
882 882 882 882 882 882 882 882 882 882 882 882 882 882 882 882 882 882 882 882 882 882 882 882 882 882 882 882 882 882 882 882
883 884 885 883 859 886 887 859 883 888 884 883 859 889 886 859 883 890 891 883 859 892 893 859 883 894 890 883 859 895 892 859
883 896 897 883 859 898 899 859 883 900 896 883 859 901 898 859 883 902 903 883 859 904 905 859 883 906 902 883 859 907 904 859
908 909 910 908 911 912 913 911 908 914 909 908 911 915 912 911 908 916 917 908 911 918 919 911 908 920 916 908 911 921 918 911
908 922 923 908 911 924 925 911 908 926 922 908 911 927 924 911 908 928 929 908 911 930 931 911 908 932 928 908 911 933 930 911
934 935 936 934 937 938 939 937 934 940 935 934 937 941 938 937 934 942 943 934 937 944 945 937 934 946 942 934 937 947 944 937
934 948 949 934 937 950 951 937 934 952 948 934 937 953 950 937 934 954 955 934 937 956 957 937 934 958 954 934 937 959 956 937
960 961 962 960 963 964 965 963 960 966 961 960 963 967 964 963 960 968 969 960 963 970 971 963 960 972 968 960 963 973 970 963
960 974 975 960 963 976 977 963 960 978 974 960 963 979 976 963 960 980 981 960 963 982 983 963 960 984 980 960 963 985 982 963
986 987 988 986 937 989 990 937 986 991 987 986 937 992 989 937 986 993 994 986 937 995 996 937 986 997 993 986 937 998 995 937
986 999 1000 986 937 1001 1002 1003 986 1004 999 986 1003 1005 1001 1003 986 1006 1007 986 1003 1008 1009 1003 986 1010 1006 986 1003 1011 1008 1003
1012 1013 1014 1012 1015 1016 1017 1015 1012 1018 1013 1012 1015 1019 1016 1015 1012 1020 1021 1012 1015 1022 1023 1015 1012 1024 1020 1012 1015 1025 1022 1015
1012 1026 1027 1012 1015 1028 1029 1015 1012 1030 1026 1012 1015 1031 1028 1015 1012 1032 1033 1012 1015 1034 1035 1015 1012 1036 1032 1012 1015 1037 1034 1015
1038 1039 1040 1038 1003 1041 1042 1003 1038 1043 1039 1038 1003 1044 1041 1003 1038 1045 1046 1038 1003 1047 1048 1003 1038 1049 1045 1038 1003 1050 1047 1003
1038 1051 1052 1038 1003 1053 1054 1003 1038 1055 1051 1038 1003 1056 1053 1003 1038 1057 1058 1038 1003 1059 1060 1003 1038 1061 1057 1038 1003 1062 1059 1003
1063 1064 1065 1063 1066 1067 1068 1066 1063 1069 1064 1063 1066 1070 1067 1066 1063 1071 1072 1063 1066 1073 1074 1066 1063 1075 1071 1063 1066 1076 1073 1066
1063 1077 1078 1063 1066 1079 1080 1066 1063 1081 1077 1063 1066 1082 1079 1066 1063 1083 1084 1063 1066 1085 1086 1066 1063 1087 1083 1063 1066 1088 1085 1066
1089 1090 1091 1089 1092 1093 1094 1092 1089 1095 1090 1089 1092 1096 1093 1092 1089 1097 1098 1089 1092 1099 1100 1092 1089 1101 1097 1089 1092 1102 1099 1092
1089 1103 1104 1089 1092 1105 1106 1092 1089 1107 1103 1089 1092 1108 1105 1092 1089 1109 1110 1089 1092 1111 1112 1092 1089 1113 1109 1089 1092 1114 1111 1092
1115 1116 1117 1115 1118 1119 1120 1118 1115 1121 1116 1115 1118 1122 1119 1118 1115 1123 1124 1115 1118 1125 1126 1118 1115 1127 1123 1115 1118 1128 1125 1118
1115 1129 1130 1115 1118 1131 1132 1118 1115 1133 1129 1115 1118 1134 1131 1118 1115 1135 1136 1115 1118 1137 1138 1118 1115 1139 1135 1115 1118 1140 1137 1118
1141 1142 1143 1141 1092 1144 1145 1092 1141 1146 1142 1141 1092 1147 1144 1092 1141 1148 1149 1141 1092 1150 1151 1092 1141 1152 1148 1141 1092 1153 1150 1092
1141 1154 1155 1141 1092 1156 1157 1158 1141 1159 1154 1141 1158 1160 1156 1158 1141 1161 1162 1141 1158 1163 1164 1158 1141 1165 1161 1141 1158 1166 1163 1158
1167 1168 1169 1167 1170 1171 1172 1170 1167 1173 1168 1167 1170 1174 1171 1170 1167 1175 1176 1167 1170 1177 1178 1170 1167 1179 1175 1167 1170 1180 1177 1170
1167 1181 1182 1167 1170 1183 1184 1170 1167 1185 1181 1167 1170 1186 1183 1170 1167 1187 1188 1167 1170 1189 1190 1170 1167 1191 1187 1167 1170 1192 1189 1170
1193 1194 1195 1193 1158 1196 1197 1158 1193 1198 1194 1193 1158 1199 1196 1158 1193 1200 1201 1193 1158 1202 1203 1158 1193 1204 1200 1193 1158 1205 1202 1158
1193 1206 1207 1193 1158 1208 1209 1158 1193 1210 1206 1193 1158 1211 1208 1158 1193 1212 1213 1193 1158 1214 1215 1158 1193 1216 1212 1193 1158 1217 1214 1158
1218 1218 1218 1218 1218 1218 1218 1218 1218 1218 1218 1218 1218 1218 1218 1218 1218 1218 1218 1218 1218 1218 1218 1218 1218 1218 1218 1218 1218 1218 1218 1218
1218 1218 1218 1218 1218 1218 1218 1218 1218 1218 1218 1218 1218 1218 1218 1218 1218 1218 1218 1218 1218 1218 1218 1218 1218 1218 1218 1218 1218 1218 1218 1218
1219 1220 1221 1219 1158 1222 1223 1224 1219 1225 1220 1219 1224 1226 1222 1224 1219 1227 1228 1219 1224 1229 1230 1224 1219 1231 1227 1219 1224 1232 1229 1224
1219 1233 1234 1219 1224 1235 1236 1224 1219 1237 1233 1219 1224 1238 1235 1224 1219 1239 1240 1219 1224 1241 1242 1224 1219 1243 1239 1219 1224 1244 1241 1224
1245 1246 1247 1245 1248 1249 1250 1248 1245 1251 1246 1245 1248 1252 1249 1248 1245 1253 1254 1245 1248 1255 1256 1248 1245 1257 1253 1245 1248 1258 1255 1248
1245 1259 1260 1245 1248 1261 1262 1248 1245 1263 1259 1245 1248 1264 1261 1248 1245 1265 1266 1245 1248 1267 1268 1248 1245 1269 1265 1245 1248 1270 1267 1248
1271 1272 1273 1271 1224 1274 1275 1224 1271 1276 1272 1271 1224 1277 1274 1224 1271 1278 1279 1271 1224 1280 1281 1224 1271 1282 1278 1271 1224 1283 1280 1224
1271 1284 1285 1271 1224 1286 1287 1224 1271 1288 1284 1271 1289 1290 1286 1289 1271 1291 1292 1271 1289 1293 1294 1289 1271 1295 1291 1271 1289 1296 1293 1289
1297 1298 1299 1297 1300 1301 1302 1300 1297 1303 1298 1297 1300 1304 1301 1300 1297 1305 1306 1297 1300 1307 1308 1300 1297 1309 1305 1297 1300 1310 1307 1300
1297 1311 1312 1297 1300 1313 1314 1300 1297 1315 1311 1297 1300 1316 1313 1300 1297 1317 1318 1297 1300 1319 1320 1300 1297 1321 1317 1297 1300 1322 1319 1300
1323 1324 1325 1323 1289 1326 1327 1289 1323 1328 1324 1323 1289 1329 1326 1289 1323 1330 1331 1323 1289 1332 1333 1289 1323 1334 1330 1323 1289 1335 1332 1289
1323 1336 1337 1323 1289 1338 1339 1289 1323 1340 1336 1323 1289 1341 1338 1289 1323 1342 1343 1323 1289 1344 1345 1289 1323 1346 1342 1323 1289 1347 1344 1289
1348 1348 1348 1348 1348 1348 1348 1348 1348 1348 1348 1348 1348 1348 1348 1348 1348 1348 1348 1348 1348 1348 1348 1348 1348 1348 1348 1348 1348 1348 1348 1348
1348 1348 1348 1348 1348 1348 1348 1348 1348 1348 1348 1348 1348 1348 1348 1348 1348 1348 1348 1348 1348 1348 1348 1348 1348 1348 1348 1348 1348 1348 1348 1348
1349 1350 1351 1349 1289 1352 1353 1354 1349 1355 1350 1349 1354 1356 1352 1354 1349 1357 1358 1349 1354 1359 1360 1354 1349 1361 1357 1349 1354 1362 1359 1354
1349 1363 1364 1349 1354 1365 1366 1354 1349 1367 1363 1349 1354 1368 1365 1354 1349 1369 1370 1349 1354 1371 1372 1354 1349 1373 1369 1349 1354 1374 1371 1354
1375 1376 1377 1375 1378 1379 1380 1378 1375 1381 1376 1375 1378 1382 1379 1378 1375 1383 1384 1375 1378 1385 1386 1378 1375 1387 1383 1375 1378 1388 1385 1378
1375 1389 1390 1375 1378 1391 1392 1378 1375 1393 1389 1375 1378 1394 1391 1378 1375 1395 1396 1375 1378 1397 1398 1378 1375 1399 1395 1375 1378 1400 1397 1378
1401 1402 1403 1401 1354 1404 1405 1354 1401 1406 1402 1401 1354 1407 1404 1354 1401 1408 1409 1401 1354 1410 1411 1354 1401 1412 1408 1401 1354 1413 1410 1354
1401 1414 1415 1401 1354 1416 1417 1354 1401 1418 1414 1401 1419 1420 1416 1419 1401 1421 1422 1401 1419 1423 1424 1419 1401 1425 1421 1401 1419 1426 1423 1419
1427 1427 1427 1427 1427 1427 1427 1427 1427 1427 1427 1427 1427 1427 1427 1427 1427 1427 1427 1427 1427 1427 1427 1427 1427 1427 1427 1427 1427 1427 1427 1427
1427 1427 1427 1427 1427 1427 1427 1427 1427 1427 1427 1427 1427 1427 1427 1427 1427 1427 1427 1427 1427 1427 1427 1427 1427 1427 1427 1427 1427 1427 1427 1427
1428 1429 1430 1428 1419 1431 1432 1419 1428 1433 1429 1428 1419 1434 1431 1419 1428 1435 1436 1428 1419 1437 1438 1419 1428 1439 1435 1428 1419 1440 1437 1419
1428 1441 1442 1428 1419 1443 1444 1419 1428 1445 1441 1428 1419 1446 1443 1419 1428 1447 1448 1428 1419 1449 1450 1419 1428 1451 1447 1428 1419 1452 1449 1419
1453 1454 1455 1453 1456 1457 1458 1456 1453 1459 1454 1453 1456 1460 1457 1456 1453 1461 1462 1453 1456 1463 1464 1456 1453 1465 1461 1453 1456 1466 1463 1456
1453 1467 1468 1453 1456 1469 1470 1456 1453 1471 1467 1453 1456 1472 1469 1456 1453 1473 1474 1453 1456 1475 1476 1456 1453 1477 1473 1453 1456 1478 1475 1456
1479 1480 1481 1479 1419 1482 1483 1484 1479 1485 1480 1479 1484 1486 1482 1484 1479 1487 1488 1479 1484 1489 1490 1484 1479 1491 1487 1479 1484 1492 1489 1484
1479 1493 1494 1479 1484 1495 1496 1484 1479 1497 1493 1479 1484 1498 1495 1484 1479 1499 1500 1479 1484 1501 1502 1484 1479 1503 1499 1479 1484 1504 1501 1484
1505 1506 1507 1505 1508 1509 1510 1508 1505 1511 1506 1505 1508 1512 1509 1508 1505 1513 1514 1505 1508 1515 1516 1508 1505 1517 1513 1505 1508 1518 1515 1508
1505 1519 1520 1505 1508 1521 1522 1508 1505 1523 1519 1505 1508 1524 1521 1508 1505 1525 1526 1505 1508 1527 1528 1508 1505 1529 1525 1505 1508 1530 1527 1508
1531 1532 1533 1531 1484 1534 1535 1484 1531 1536 1532 1531 1484 1537 1534 1484 1531 1538 1539 1531 1484 1540 1541 1484 1531 1542 1538 1531 1484 1543 1540 1484
1531 1544 1545 1531 1484 1546 1547 1484 1531 1548 1544 1531 1549 1550 1546 1549 1531 1551 1552 1531 1549 1553 1554 1549 1531 1555 1551 1531 1549 1556 1553 1549
1557 1558 1559 1557 1560 1561 1562 1560 1557 1563 1558 1557 1560 1564 1561 1560 1557 1565 1566 1557 1560 1567 1568 1560 1557 1569 1565 1557 1560 1570 1567 1560
1557 1571 1572 1557 1560 1573 1574 1560 1557 1575 1571 1557 1560 1576 1573 1560 1557 1577 1578 1557 1560 1579 1580 1560 1557 1581 1577 1557 1560 1582 1579 1560
1583 1584 1585 1583 1549 1586 1587 1549 1583 1588 1584 1583 1549 1589 1586 1549 1583 1590 1591 1583 1549 1592 1593 1549 1583 1594 1590 1583 1549 1595 1592 1549
1583 1596 1597 1583 1549 1598 1599 1549 1583 1600 1596 1583 1549 1601 1598 1549 1583 1602 1603 1583 1549 1604 1605 1549 1583 1606 1602 1583 1549 1607 1604 1549
1608 1608 1608 1608 1608 1608 1608 1608 1608 1608 1608 1608 1608 1608 1608 1608 1608 1608 1608 1608 1608 1608 1608 1608 1608 1608 1608 1608 1608 1608 1608 1608
1608 1608 1608 1608 1608 1608 1608 1608 1608 1608 1608 1608 1608 1608 1608 1608 1608 1608 1608 1608 1608 1608 1608 1608 1608 1608 1608 1608 1608 1608 1608 1608
1609 1610 1611 1609 1549 1612 1613 1614 1609 1615 1610 1609 1614 1616 1612 1614 1609 1617 1618 1609 1614 1619 1620 1614 1609 1621 1617 1609 1614 1622 1619 1614
1609 1623 1624 1609 1614 1625 1626 1614 1609 1627 1623 1609 1614 1628 1625 1614 1609 1629 1630 1609 1614 1631 1632 1614 1609 1633 1629 1609 1614 1634 1631 1614
1635 1636 1637 1635 1638 1639 1640 1638 1635 1641 1636 1635 1638 1642 1639 1638 1635 1643 1644 1635 1638 1645 1646 1638 1635 1647 1643 1635 1638 1648 1645 1638
1635 1649 1650 1635 1638 1651 1652 1638 1635 1653 1649 1635 1638 1654 1651 1638 1635 1655 1656 1635 1638 1657 1658 1638 1635 1659 1655 1635 1638 1660 1657 1638
1661 1662 1663 1661 1614 1664 1665 1614 1661 1666 1662 1661 1614 1667 1664 1614 1661 1668 1669 1661 1614 1670 1671 1614 1661 1672 1668 1661 1614 1673 1670 1614
1661 1674 1675 1661 1614 1676 1677 1614 1661 1678 1674 1661 1679 1680 1676 1679 1661 1681 1682 1661 1679 1683 1684 1679 1661 1685 1681 1661 1679 1686 1683 1679
1687 1688 1689 1687 1690 1691 1692 1690 1687 1693 1688 1687 1690 1694 1691 1690 1687 1695 1696 1687 1690 1697 1698 1690 1687 1699 1695 1687 1690 1700 1697 1690
1687 1701 1702 1687 1690 1703 1704 1690 1687 1705 1701 1687 1690 1706 1703 1690 1687 1707 1708 1687 1690 1709 1710 1690 1687 1711 1707 1687 1690 1712 1709 1690
1713 1714 1715 1713 1679 1716 1717 1679 1713 1718 1714 1713 1679 1719 1716 1679 1713 1720 1721 1713 1679 1722 1723 1679 1713 1724 1720 1713 1679 1725 1722 1679
1713 1726 1727 1713 1679 1728 1729 1679 1713 1730 1726 1713 1679 1731 1728 1679 1713 1732 1733 1713 1679 1734 1735 1679 1713 1736 1732 1713 1679 1737 1734 1679
1738 1739 1740 1738 1741 1742 1743 1741 1738 1744 1739 1738 1741 1745 1742 1741 1738 1746 1747 1738 1741 1748 1749 1741 1738 1750 1746 1738 1741 1751 1748 1741
1738 1752 1753 1738 1741 1754 1755 1741 1738 1756 1752 1738 1741 1757 1754 1741 1738 1758 1759 1738 1741 1760 1761 1741 1738 1762 1758 1738 1741 1763 1760 1741
1764 1765 1766 1764 1767 1768 1769 1767 1764 1770 1765 1764 1767 1771 1768 1767 1764 1772 1773 1764 1767 1774 1775 1767 1764 1776 1772 1764 1767 1777 1774 1767
1764 1778 1779 1764 1767 1780 1781 1767 1764 1782 1778 1764 1767 1783 1780 1767 1764 1784 1785 1764 1767 1786 1787 1767 1764 1788 1784 1764 1767 1789 1786 1767
1764 1790 1791 1764 1792 1793 1794 1792 1764 1795 1790 1764 1792 1796 1793 1792 1764 1797 1798 1764 1792 1799 1800 1792 1764 1801 1797 1764 1792 1802 1799 1792
1764 1803 1804 1764 1792 1805 1806 1792 1764 1807 1803 1764 1792 1808 1805 1792 1764 1809 1810 1764 1792 1811 1812 1792 1764 1813 1809 1764 1792 1814 1811 1792
1815 1816 1817 1815 1818 1819 1820 1818 1815 1821 1816 1815 1818 1822 1819 1818 1815 1823 1824 1815 1818 1825 1826 1818 1815 1827 1823 1815 1818 1828 1825 1818
1815 1829 1830 1815 1818 1831 1832 1818 1815 1833 1829 1815 1818 1834 1831 1818 1815 1835 1836 1815 1818 1837 1838 1818 1815 1839 1835 1815 1818 1840 1837 1818
1815 1841 1842 1815 1843 1844 1845 1843 1815 1846 1841 1815 1843 1847 1844 1843 1815 1848 1849 1815 1843 1850 1851 1843 1815 1852 1848 1815 1843 1853 1850 1843
1815 1854 1855 1815 1843 1856 1857 1843 1815 1858 1854 1815 1843 1859 1856 1843 1815 1860 1861 1815 1843 1862 1863 1843 1815 1864 1860 1815 1843 1865 1862 1843
1866 1867 1868 1866 1869 1870 1871 1869 1866 1872 1867 1866 1869 1873 1870 1869 1866 1874 1875 1866 1869 1876 1877 1869 1866 1878 1874 1866 1869 1879 1876 1869
1866 1880 1881 1866 1869 1882 1883 1869 1866 1884 1880 1866 1869 1885 1882 1869 1866 1886 1887 1866 1869 1888 1889 1869 1866 1890 1886 1866 1869 1891 1888 1869
1866 1892 1893 1866 1894 1895 1896 1894 1866 1897 1892 1866 1894 1898 1895 1894 1866 1899 1900 1866 1894 1901 1902 1894 1866 1903 1899 1866 1894 1904 1901 1894
1866 1905 1906 1866 1894 1907 1908 1894 1866 1909 1905 1866 1894 1910 1907 1894 1866 1911 1912 1866 1894 1913 1914 1894 1866 1915 1911 1866 1894 1916 1913 1894
1917 1918 1919 1917 1869 1920 1921 1869 1917 1922 1918 1917 1869 1923 1920 1869 1917 1924 1925 1917 1869 1926 1927 1869 1917 1928 1924 1917 1869 1929 1926 1869
1917 1930 1931 1917 1869 1932 1933 1934 1917 1935 1930 1917 1934 1936 1932 1934 1917 1937 1938 1917 1934 1939 1940 1934 1917 1941 1937 1917 1934 1942 1939 1934
1917 1943 1944 1917 1945 1946 1947 1945 1917 1948 1943 1917 1945 1949 1946 1945 1917 1950 1951 1917 1945 1952 1953 1945 1917 1954 1950 1917 1945 1955 1952 1945
1917 1956 1957 1917 1945 1958 1959 1945 1917 1960 1956 1917 1945 1961 1958 1945 1917 1962 1963 1917 1945 1964 1965 1945 1917 1966 1962 1917 1945 1967 1964 1945
1968 1969 1970 1968 1971 1972 1973 1971 1968 1974 1969 1968 1971 1975 1972 1971 1968 1976 1977 1968 1971 1978 1979 1971 1968 1980 1976 1968 1971 1981 1978 1971
1968 1982 1983 1968 1971 1984 1985 1971 1968 1986 1982 1968 1971 1987 1984 1971 1968 1988 1989 1968 1971 1990 1991 1971 1968 1992 1988 1968 1971 1993 1990 1971
1968 1994 1995 1968 1996 1997 1998 1996 1968 1999 1994 1968 1996 2000 1997 1996 1968 2001 2002 1968 1996 2003 2004 1996 1968 2005 2001 1968 1996 2006 2003 1996
1968 2007 2008 1968 1996 2009 2010 1996 1968 2011 2007 1968 1996 2012 2009 1996 1968 2013 2014 1968 1996 2015 2016 1996 1968 2017 2013 1968 1996 2018 2015 1996
2019 2020 2021 2019 2022 2023 2024 2022 2019 2025 2020 2019 2022 2026 2023 2022 2019 2027 2028 2019 2022 2029 2030 2022 2019 2031 2027 2019 2022 2032 2029 2022
2019 2033 2034 2019 2022 2035 2036 2022 2019 2037 2033 2019 2022 2038 2035 2022 2019 2039 2040 2019 2022 2041 2042 2022 2019 2043 2039 2019 2022 2044 2041 2022
2019 2045 2046 2019 2047 2048 2049 2047 2019 2050 2045 2019 2047 2051 2048 2047 2019 2052 2053 2019 2047 2054 2055 2047 2019 2056 2052 2019 2047 2057 2054 2047
2019 2058 2059 2019 2047 2060 2061 2047 2019 2062 2058 2019 2047 2063 2060 2047 2019 2064 2065 2019 2047 2066 2067 2047 2019 2068 2064 2019 2047 2069 2066 2047
2070 2071 2072 2070 2073 2074 2075 2073 2070 2076 2071 2070 2073 2077 2074 2073 2070 2078 2079 2070 2073 2080 2081 2073 2070 2082 2078 2070 2073 2083 2080 2073
2070 2084 2085 2070 2073 2086 2087 2073 2070 2088 2084 2070 2073 2089 2086 2073 2070 2090 2091 2070 2073 2092 2093 2073 2070 2094 2090 2070 2073 2095 2092 2073
2070 2096 2097 2070 2098 2099 2100 2098 2070 2101 2096 2070 2098 2102 2099 2098 2070 2103 2104 2070 2098 2105 2106 2098 2070 2107 2103 2070 2098 2108 2105 2098
2070 2109 2110 2070 2098 2111 2112 2098 2070 2113 2109 2070 2098 2114 2111 2098 2070 2115 2116 2070 2098 2117 2118 2098 2070 2119 2115 2070 2098 2120 2117 2098
2121 2122 2123 2121 2124 2125 2126 2124 2121 2127 2122 2121 2124 2128 2125 2124 2121 2129 2130 2121 2124 2131 2132 2124 2121 2133 2129 2121 2124 2134 2131 2124
2121 2135 2136 2121 2124 2137 2138 2124 2121 2139 2135 2121 2124 2140 2137 2124 2121 2141 2142 2121 2124 2143 2144 2124 2121 2145 2141 2121 2124 2146 2143 2124
2121 2147 2148 2121 2149 2150 2151 2149 2121 2152 2147 2121 2149 2153 2150 2149 2121 2154 2155 2121 2149 2156 2157 2149 2121 2158 2154 2121 2149 2159 2156 2149
2121 2160 2161 2121 2149 2162 2163 2149 2121 2164 2160 2121 2149 2165 2162 2149 2121 2166 2167 2121 2149 2168 2169 2149 2121 2170 2166 2121 2149 2171 2168 2149
2172 2173 2174 2172 2124 2175 2176 2124 2172 2177 2173 2172 2124 2178 2175 2124 2172 2179 2180 2172 2124 2181 2182 2124 2172 2183 2179 2172 2124 2184 2181 2124
2172 2185 2186 2172 2124 2187 2188 2189 2172 2190 2185 2172 2189 2191 2187 2189 2172 2192 2193 2172 2189 2194 2195 2189 2172 2196 2192 2172 2189 2197 2194 2189
2172 2198 2199 2172 2200 2201 2202 2200 2172 2203 2198 2172 2200 2204 2201 2200 2172 2205 2206 2172 2200 2207 2208 2200 2172 2209 2205 2172 2200 2210 2207 2200
2172 2211 2212 2172 2200 2213 2214 2200 2172 2215 2211 2172 2200 2216 2213 2200 2172 2217 2218 2172 2200 2219 2220 2200 2172 2221 2217 2172 2200 2222 2219 2200
2223 2224 2225 2223 2226 2227 2228 2226 2223 2229 2224 2223 2226 2230 2227 2226 2223 2231 2232 2223 2226 2233 2234 2226 2223 2235 2231 2223 2226 2236 2233 2226
2223 2237 2238 2223 2226 2239 2240 2226 2223 2241 2237 2223 2226 2242 2239 2226 2223 2243 2244 2223 2226 2245 2246 2226 2223 2247 2243 2223 2226 2248 2245 2226
2223 2249 2250 2223 2251 2252 2253 2251 2223 2254 2249 2223 2251 2255 2252 2251 2223 2256 2257 2223 2251 2258 2259 2251 2223 2260 2256 2223 2251 2261 2258 2251
2223 2262 2263 2223 2251 2264 2265 2251 2223 2266 2262 2223 2251 2267 2264 2251 2223 2268 2269 2223 2251 2270 2271 2251 2223 2272 2268 2223 2251 2273 2270 2251
2274 2275 2276 2274 2226 2277 2278 2226 2274 2279 2275 2274 2226 2280 2277 2226 2274 2281 2282 2274 2226 2283 2284 2226 2274 2285 2281 2274 2226 2286 2283 2226
2274 2287 2288 2274 2226 2289 2290 2291 2274 2292 2287 2274 2291 2293 2289 2291 2274 2294 2295 2274 2291 2296 2297 2291 2274 2298 2294 2274 2291 2299 2296 2291
2274 2300 2301 2274 2302 2303 2304 2302 2274 2305 2300 2274 2302 2306 2303 2302 2274 2307 2308 2274 2302 2309 2310 2302 2274 2311 2307 2274 2302 2312 2309 2302
2274 2313 2314 2274 2302 2315 2316 2302 2274 2317 2313 2274 2302 2318 2315 2302 2274 2319 2320 2274 2302 2321 2322 2302 2274 2323 2319 2274 2302 2324 2321 2302
2325 2326 2327 2325 2328 2329 2330 2328 2325 2331 2326 2325 2328 2332 2329 2328 2325 2333 2334 2325 2328 2335 2336 2328 2325 2337 2333 2325 2328 2338 2335 2328
2325 2339 2340 2325 2328 2341 2342 2328 2325 2343 2339 2325 2328 2344 2341 2328 2325 2345 2346 2325 2328 2347 2348 2328 2325 2349 2345 2325 2328 2350 2347 2328
2325 2351 2352 2325 2353 2354 2355 2353 2325 2356 2351 2325 2353 2357 2354 2353 2325 2358 2359 2325 2353 2360 2361 2353 2325 2362 2358 2325 2353 2363 2360 2353
2325 2364 2365 2325 2353 2366 2367 2353 2325 2368 2364 2325 2353 2369 2366 2353 2325 2370 2371 2325 2353 2372 2373 2353 2325 2374 2370 2325 2353 2375 2372 2353
2376 2377 2378 2376 2379 2380 2381 2379 2376 2382 2377 2376 2379 2383 2380 2379 2376 2384 2385 2376 2379 2386 2387 2379 2376 2388 2384 2376 2379 2389 2386 2379
2376 2390 2391 2376 2379 2392 2393 2379 2376 2394 2390 2376 2379 2395 2392 2379 2376 2396 2397 2376 2379 2398 2399 2379 2376 2400 2396 2376 2379 2401 2398 2379
2376 2402 2403 2376 2404 2405 2406 2404 2376 2407 2402 2376 2404 2408 2405 2404 2376 2409 2410 2376 2404 2411 2412 2404 2376 2413 2409 2376 2404 2414 2411 2404
2376 2415 2416 2376 2404 2417 2418 2404 2376 2419 2415 2376 2404 2420 2417 2404 2376 2421 2422 2376 2404 2423 2424 2404 2376 2425 2421 2376 2404 2426 2423 2404
2427 2428 2429 2427 2430 2431 2432 2430 2427 2433 2428 2427 2430 2434 2431 2430 2427 2435 2436 2427 2430 2437 2438 2430 2427 2439 2435 2427 2430 2440 2437 2430
2427 2441 2442 2427 2430 2443 2444 2430 2427 2445 2441 2427 2430 2446 2443 2430 2427 2447 2448 2427 2430 2449 2450 2430 2427 2451 2447 2427 2430 2452 2449 2430
2427 2453 2454 2427 2455 2456 2457 2455 2427 2458 2453 2427 2455 2459 2456 2455 2427 2460 2461 2427 2455 2462 2463 2455 2427 2464 2460 2427 2455 2465 2462 2455
2427 2466 2467 2427 2455 2468 2469 2455 2427 2470 2466 2427 2455 2471 2468 2455 2427 2472 2473 2427 2455 2474 2475 2455 2427 2476 2472 2427 2455 2477 2474 2455
2478 2479 2480 2478 2481 2482 2483 2481 2478 2484 2479 2478 2481 2485 2482 2481 2478 2486 2487 2478 2481 2488 2489 2481 2478 2490 2486 2478 2481 2491 2488 2481
2478 2492 2493 2478 2481 2494 2495 2481 2478 2496 2492 2478 2481 2497 2494 2481 2478 2498 2499 2478 2481 2500 2501 2481 2478 2502 2498 2478 2481 2503 2500 2481
2478 2504 2505 2478 2506 2507 2508 2506 2478 2509 2504 2478 2506 2510 2507 2506 2478 2511 2512 2478 2506 2513 2514 2506 2478 2515 2511 2478 2506 2516 2513 2506
2478 2517 2518 2478 2506 2519 2520 2506 2478 2521 2517 2478 2506 2522 2519 2506 2478 2523 2524 2478 2506 2525 2526 2506 2478 2527 2523 2478 2506 2528 2525 2506
2529 2530 2531 2529 2532 2533 2534 2532 2529 2535 2530 2529 2532 2536 2533 2532 2529 2537 2538 2529 2532 2539 2540 2532 2529 2541 2537 2529 2532 2542 2539 2532
2529 2543 2544 2529 2532 2545 2546 2532 2529 2547 2543 2529 2532 2548 2545 2532 2529 2549 2550 2529 2532 2551 2552 2532 2529 2553 2549 2529 2532 2554 2551 2532
2529 2555 2556 2529 2557 2558 2559 2557 2529 2560 2555 2529 2557 2561 2558 2557 2529 2562 2563 2529 2557 2564 2565 2557 2529 2566 2562 2529 2557 2567 2564 2557
2529 2568 2569 2529 2557 2570 2571 2557 2529 2572 2568 2529 2557 2573 2570 2557 2529 2574 2575 2529 2557 2576 2577 2557 2529 2578 2574 2529 2557 2579 2576 2557
2580 2581 2582 2580 2583 2584 2585 2583 2580 2586 2581 2580 2583 2587 2584 2583 2580 2588 2589 2580 2583 2590 2591 2583 2580 2592 2588 2580 2583 2593 2590 2583
2580 2594 2595 2580 2583 2596 2597 2583 2580 2598 2594 2580 2583 2599 2596 2583 2580 2600 2601 2580 2583 2602 2603 2583 2580 2604 2600 2580 2583 2605 2602 2583
2580 2606 2607 2580 2608 2609 2610 2608 2580 2611 2606 2580 2608 2612 2609 2608 2580 2613 2614 2580 2608 2615 2616 2608 2580 2617 2613 2580 2608 2618 2615 2608
2580 2619 2620 2580 2608 2621 2622 2608 2580 2623 2619 2580 2608 2624 2621 2608 2580 2625 2626 2580 2608 2627 2628 2608 2580 2629 2625 2580 2608 2630 2627 2608
2631 2632 2633 2631 2634 2635 2636 2634 2631 2637 2632 2631 2634 2638 2635 2634 2631 2639 2640 2631 2634 2641 2642 2634 2631 2643 2639 2631 2634 2644 2641 2634
2631 2645 2646 2631 2634 2647 2648 2634 2631 2649 2645 2631 2634 2650 2647 2634 2631 2651 2652 2631 2634 2653 2654 2634 2631 2655 2651 2631 2634 2656 2653 2634
2631 2657 2658 2631 2659 2660 2661 2659 2631 2662 2657 2631 2659 2663 2660 2659 2631 2664 2665 2631 2659 2666 2667 2659 2631 2668 2664 2631 2659 2669 2666 2659
2631 2670 2671 2631 2659 2672 2673 2659 2631 2674 2670 2631 2659 2675 2672 2659 2631 2676 2677 2631 2659 2678 2679 2659 2631 2680 2676 2631 2659 2681 2678 2659
2682 2683 2684 2682 2659 2685 2686 2659 2682 2687 2683 2682 2659 2688 2685 2659 2682 2689 2690 2682 2659 2691 2692 2659 2682 2693 2689 2682 2659 2694 2691 2659
2682 2695 2696 2682 2659 2697 2698 2659 2682 2699 2695 2682 2659 2700 2697 2659 2682 2701 2702 2682 2659 2703 2704 2659 2682 2705 2701 2682 2659 2706 2703 2659
2682 2707 2708 2682 2709 2710 2711 2709 2682 2712 2707 2682 2709 2713 2710 2709 2682 2714 2715 2682 2709 2716 2717 2709 2682 2718 2714 2682 2709 2719 2716 2709
2682 2720 2721 2682 2709 2722 2723 2709 2682 2724 2720 2682 2709 2725 2722 2709 2682 2726 2727 2682 2709 2728 2729 2709 2682 2730 2726 2682 2709 2731 2728 2709
2732 2733 2734 2732 2735 2736 2737 2735 2732 2738 2733 2732 2735 2739 2736 2735 2732 2740 2741 2732 2735 2742 2743 2735 2732 2744 2740 2732 2735 2745 2742 2735
2732 2746 2747 2732 2735 2748 2749 2735 2732 2750 2746 2732 2735 2751 2748 2735 2732 2752 2753 2732 2735 2754 2755 2735 2732 2756 2752 2732 2735 2757 2754 2735
2732 2758 2759 2732 2760 2761 2762 2760 2732 2763 2758 2732 2760 2764 2761 2760 2732 2765 2766 2732 2760 2767 2768 2760 2732 2769 2765 2732 2760 2770 2767 2760
2732 2771 2772 2732 2760 2773 2774 2760 2732 2775 2771 2732 2760 2776 2773 2760 2732 2777 2778 2732 2760 2779 2780 2760 2732 2781 2777 2732 2760 2782 2779 2760
2783 2784 2785 2783 2786 2787 2788 2786 2783 2789 2784 2783 2786 2790 2787 2786 2783 2791 2792 2783 2786 2793 2794 2786 2783 2795 2791 2783 2786 2796 2793 2786
2783 2797 2798 2783 2786 2799 2800 2786 2783 2801 2797 2783 2786 2802 2799 2786 2783 2803 2804 2783 2786 2805 2806 2786 2783 2807 2803 2783 2786 2808 2805 2786
2783 2809 2810 2783 2811 2812 2813 2811 2783 2814 2809 2783 2811 2815 2812 2811 2783 2816 2817 2783 2811 2818 2819 2811 2783 2820 2816 2783 2811 2821 2818 2811
2783 2822 2823 2783 2811 2824 2825 2811 2783 2826 2822 2783 2811 2827 2824 2811 2783 2828 2829 2783 2811 2830 2831 2811 2783 2832 2828 2783 2811 2833 2830 2811
2834 2835 2836 2834 2837 2838 2839 2837 2834 2840 2835 2834 2837 2841 2838 2837 2834 2842 2843 2834 2837 2844 2845 2837 2834 2846 2842 2834 2837 2847 2844 2837
2834 2848 2849 2834 2837 2850 2851 2837 2834 2852 2848 2834 2837 2853 2850 2837 2834 2854 2855 2834 2837 2856 2857 2837 2834 2858 2854 2834 2837 2859 2856 2837
2834 2860 2861 2834 2862 2863 2864 2862 2834 2865 2860 2834 2862 2866 2863 2862 2834 2867 2868 2834 2862 2869 2870 2862 2834 2871 2867 2834 2862 2872 2869 2862
2834 2873 2874 2834 2862 2875 2876 2862 2834 2877 2873 2834 2862 2878 2875 2862 2834 2879 2880 2834 2862 2881 2882 2862 2834 2883 2879 2834 2862 2884 2881 2862
2885 2886 2887 2885 2888 2889 2890 2888 2885 2891 2886 2885 2888 2892 2889 2888 2885 2893 2894 2885 2888 2895 2896 2888 2885 2897 2893 2885 2888 2898 2895 2888
2885 2899 2900 2885 2888 2901 2902 2888 2885 2903 2899 2885 2888 2904 2901 2888 2885 2905 2906 2885 2888 2907 2908 2888 2885 2909 2905 2885 2888 2910 2907 2888
2885 2911 2912 2885 2913 2914 2915 2913 2885 2916 2911 2885 2913 2917 2914 2913 2885 2918 2919 2885 2913 2920 2921 2913 2885 2922 2918 2885 2913 2923 2920 2913
2885 2924 2925 2885 2913 2926 2927 2913 2885 2928 2924 2885 2913 2929 2926 2913 2885 2930 2931 2885 2913 2932 2933 2913 2885 2934 2930 2885 2913 2935 2932 2913
2936 2937 2938 2936 2939 2940 2941 2939 2936 2942 2937 2936 2939 2943 2940 2939 2936 2944 2945 2936 2939 2946 2947 2939 2936 2948 2944 2936 2939 2949 2946 2939
2936 2950 2951 2936 2939 2952 2953 2939 2936 2954 2950 2936 2939 2955 2952 2939 2936 2956 2957 2936 2939 2958 2959 2939 2936 2960 2956 2936 2939 2961 2958 2939
2936 2962 2963 2936 2964 2965 2966 2964 2936 2967 2962 2936 2964 2968 2965 2964 2936 2969 2970 2936 2964 2971 2972 2964 2936 2973 2969 2936 2964 2974 2971 2964
2936 2975 2976 2936 2964 2977 2978 2964 2936 2979 2975 2936 2964 2980 2977 2964 2936 2981 2982 2936 2964 2983 2984 2964 2936 2985 2981 2936 2964 2986 2983 2964
2987 2988 2989 2987 2990 2991 2992 2990 2987 2993 2988 2987 2990 2994 2991 2990 2987 2995 2996 2987 2990 2997 2998 2990 2987 2999 2995 2987 2990 3000 2997 2990
2987 3001 3002 2987 2990 3003 3004 2990 2987 3005 3001 2987 2990 3006 3003 2990 2987 3007 3008 2987 2990 3009 3010 2990 2987 3011 3007 2987 2990 3012 3009 2990
2987 3013 3014 2987 3015 3016 3017 3015 2987 3018 3013 2987 3015 3019 3016 3015 2987 3020 3021 2987 3015 3022 3023 3015 2987 3024 3020 2987 3015 3025 3022 3015
2987 3026 3027 2987 3015 3028 3029 3015 2987 3030 3026 2987 3015 3031 3028 3015 2987 3032 3033 2987 3015 3034 3035 3015 2987 3036 3032 2987 3015 3037 3034 3015
3038 3039 3040 3038 2990 3041 3042 2990 3038 3043 3039 3038 2990 3044 3041 2990 3038 3045 3046 3038 2990 3047 3048 2990 3038 3049 3045 3038 2990 3050 3047 2990
3038 3051 3052 3038 2990 3053 3054 3055 3038 3056 3051 3038 3055 3057 3053 3055 3038 3058 3059 3038 3055 3060 3061 3055 3038 3062 3058 3038 3055 3063 3060 3055
3038 3064 3065 3038 3066 3067 3068 3066 3038 3069 3064 3038 3066 3070 3067 3066 3038 3071 3072 3038 3066 3073 3074 3066 3038 3075 3071 3038 3066 3076 3073 3066
3038 3077 3078 3038 3066 3079 3080 3066 3038 3081 3077 3038 3066 3082 3079 3066 3038 3083 3084 3038 3066 3085 3086 3066 3038 3087 3083 3038 3066 3088 3085 3066
3089 3090 3091 3089 3092 3093 3094 3092 3089 3095 3090 3089 3092 3096 3093 3092 3089 3097 3098 3089 3092 3099 3100 3092 3089 3101 3097 3089 3092 3102 3099 3092
3089 3103 3104 3089 3092 3105 3106 3092 3089 3107 3103 3089 3092 3108 3105 3092 3089 3109 3110 3089 3092 3111 3112 3092 3089 3113 3109 3089 3092 3114 3111 3092
3089 3115 3116 3089 3117 3118 3119 3117 3089 3120 3115 3089 3117 3121 3118 3117 3089 3122 3123 3089 3117 3124 3125 3117 3089 3126 3122 3089 3117 3127 3124 3117
3089 3128 3129 3089 3117 3130 3131 3117 3089 3132 3128 3089 3117 3133 3130 3117 3089 3134 3135 3089 3117 3136 3137 3117 3089 3138 3134 3089 3117 3139 3136 3117
3140 3141 3142 3140 3143 3144 3145 3143 3140 3146 3141 3140 3143 3147 3144 3143 3140 3148 3149 3140 3143 3150 3151 3143 3140 3152 3148 3140 3143 3153 3150 3143
3140 3154 3155 3140 3143 3156 3157 3143 3140 3158 3154 3140 3143 3159 3156 3143 3140 3160 3161 3140 3143 3162 3163 3143 3140 3164 3160 3140 3143 3165 3162 3143
3140 3166 3167 3140 3168 3169 3170 3168 3140 3171 3166 3140 3168 3172 3169 3168 3140 3173 3174 3140 3168 3175 3176 3168 3140 3177 3173 3140 3168 3178 3175 3168
3140 3179 3180 3140 3168 3181 3182 3168 3140 3183 3179 3140 3168 3184 3181 3168 3140 3185 3186 3140 3168 3187 3188 3168 3140 3189 3185 3140 3168 3190 3187 3168
3191 3192 3193 3191 3194 3195 3196 3194 3191 3197 3192 3191 3194 3198 3195 3194 3191 3199 3200 3191 3194 3201 3202 3194 3191 3203 3199 3191 3194 3204 3201 3194
3191 3205 3206 3191 3194 3207 3208 3194 3191 3209 3205 3191 3194 3210 3207 3194 3191 3211 3212 3191 3194 3213 3214 3194 3191 3215 3211 3191 3194 3216 3213 3194
3191 3217 3218 3191 3219 3220 3221 3219 3191 3222 3217 3191 3219 3223 3220 3219 3191 3224 3225 3191 3219 3226 3227 3219 3191 3228 3224 3191 3219 3229 3226 3219
3191 3230 3231 3191 3219 3232 3233 3219 3191 3234 3230 3191 3219 3235 3232 3219 3191 3236 3237 3191 3219 3238 3239 3219 3191 3240 3236 3191 3219 3241 3238 3219
3242 3243 3244 3242 3245 3246 3247 3245 3242 3248 3243 3242 3245 3249 3246 3245 3242 3250 3251 3242 3245 3252 3253 3245 3242 3254 3250 3242 3245 3255 3252 3245
3242 3256 3257 3242 3245 3258 3259 3245 3242 3260 3256 3242 3245 3261 3258 3245 3242 3262 3263 3242 3245 3264 3265 3245 3242 3266 3262 3242 3245 3267 3264 3245
3242 3268 3269 3242 3270 3271 3272 3270 3242 3273 3268 3242 3270 3274 3271 3270 3242 3275 3276 3242 3270 3277 3278 3270 3242 3279 3275 3242 3270 3280 3277 3270
3242 3281 3282 3242 3270 3283 3284 3270 3242 3285 3281 3242 3270 3286 3283 3270 3242 3287 3288 3242 3270 3289 3290 3270 3242 3291 3287 3242 3270 3292 3289 3270
3293 3294 3295 3293 3296 3297 3298 3296 3293 3299 3294 3293 3296 3300 3297 3296 3293 3301 3302 3293 3296 3303 3304 3296 3293 3305 3301 3293 3296 3306 3303 3296
3293 3307 3308 3293 3296 3309 3310 3296 3293 3311 3307 3293 3296 3312 3309 3296 3293 3313 3314 3293 3296 3315 3316 3296 3293 3317 3313 3293 3296 3318 3315 3296
3293 3319 3320 3293 3321 3322 3323 3321 3293 3324 3319 3293 3321 3325 3322 3321 3293 3326 3327 3293 3321 3328 3329 3321 3293 3330 3326 3293 3321 3331 3328 3321
3293 3332 3333 3293 3321 3334 3335 3321 3293 3336 3332 3293 3321 3337 3334 3321 3293 3338 3339 3293 3321 3340 3341 3321 3293 3342 3338 3293 3321 3343 3340 3321
3344 3345 3346 3344 3347 3348 3349 3347 3344 3350 3345 3344 3347 3351 3348 3347 3344 3352 3353 3344 3347 3354 3355 3347 3344 3356 3352 3344 3347 3357 3354 3347
3344 3358 3359 3344 3347 3360 3361 3347 3344 3362 3358 3344 3347 3363 3360 3347 3344 3364 3365 3344 3347 3366 3367 3347 3344 3368 3364 3344 3347 3369 3366 3347
3344 3370 3371 3344 3372 3373 3374 3372 3344 3375 3370 3344 3372 3376 3373 3372 3344 3377 3378 3344 3372 3379 3380 3372 3344 3381 3377 3344 3372 3382 3379 3372
3344 3383 3384 3344 3372 3385 3386 3372 3344 3387 3383 3344 3372 3388 3385 3372 3344 3389 3390 3344 3372 3391 3392 3372 3344 3393 3389 3344 3372 3394 3391 3372
3395 3396 3397 3395 3398 3399 3400 3398 3395 3401 3396 3395 3398 3402 3399 3398 3395 3403 3404 3395 3398 3405 3406 3398 3395 3407 3403 3395 3398 3408 3405 3398
3395 3409 3410 3395 3398 3411 3412 3398 3395 3413 3409 3395 3398 3414 3411 3398 3395 3415 3416 3395 3398 3417 3418 3398 3395 3419 3415 3395 3398 3420 3417 3398
3395 3421 3422 3395 3423 3424 3425 3423 3395 3426 3421 3395 3423 3427 3424 3423 3395 3428 3429 3395 3423 3430 3431 3423 3395 3432 3428 3395 3423 3433 3430 3423
3395 3434 3435 3395 3423 3436 3437 3423 3395 3438 3434 3395 3423 3439 3436 3423 3395 3440 3441 3395 3423 3442 3443 3423 3395 3444 3440 3395 3423 3445 3442 3423
3446 3447 3448 3446 3449 3450 3451 3449 3446 3452 3447 3446 3449 3453 3450 3449 3446 3454 3455 3446 3449 3456 3457 3449 3446 3458 3454 3446 3449 3459 3456 3449
3446 3460 3461 3446 3449 3462 3463 3449 3446 3464 3460 3446 3449 3465 3462 3449 3446 3466 3467 3446 3449 3468 3469 3449 3446 3470 3466 3446 3449 3471 3468 3449
3446 3472 3473 3446 3474 3475 3476 3474 3446 3477 3472 3446 3474 3478 3475 3474 3446 3479 3480 3446 3474 3481 3482 3474 3446 3483 3479 3446 3474 3484 3481 3474
3446 3485 3486 3446 3474 3487 3488 3474 3446 3489 3485 3446 3474 3490 3487 3474 3446 3491 3492 3446 3474 3493 3494 3474 3446 3495 3491 3446 3474 3496 3493 3474
3497 3498 3499 3497 3500 3501 3502 3500 3497 3503 3498 3497 3500 3504 3501 3500 3497 3505 3506 3497 3500 3507 3508 3500 3497 3509 3505 3497 3500 3510 3507 3500
3497 3511 3512 3497 3500 3513 3514 3500 3497 3515 3511 3497 3500 3516 3513 3500 3497 3517 3518 3497 3500 3519 3520 3500 3497 3521 3517 3497 3500 3522 3519 3500
3497 3523 3524 3497 3525 3526 3527 3525 3497 3528 3523 3497 3525 3529 3526 3525 3497 3530 3531 3497 3525 3532 3533 3525 3497 3534 3530 3497 3525 3535 3532 3525
3497 3536 3537 3497 3525 3538 3539 3525 3497 3540 3536 3497 3525 3541 3538 3525 3497 3542 3543 3497 3525 3544 3545 3525 3497 3546 3542 3497 3525 3547 3544 3525
3548 3549 3550 3548 3551 3552 3553 3551 3548 3554 3549 3548 3551 3555 3552 3551 3548 3556 3557 3548 3551 3558 3559 3551 3548 3560 3556 3548 3551 3561 3558 3551
3548 3562 3563 3548 3551 3564 3565 3551 3548 3566 3562 3548 3551 3567 3564 3551 3548 3568 3569 3548 3551 3570 3571 3551 3548 3572 3568 3548 3551 3573 3570 3551
3548 3574 3575 3548 3576 3577 3578 3576 3548 3579 3574 3548 3576 3580 3577 3576 3548 3581 3582 3548 3576 3583 3584 3576 3548 3585 3581 3548 3576 3586 3583 3576
3548 3587 3588 3548 3576 3589 3590 3576 3548 3591 3587 3548 3576 3592 3589 3576 3548 3593 3594 3548 3576 3595 3596 3576 3548 3597 3593 3548 3576 3598 3595 3576
3599 3600 3601 3599 3602 3603 3604 3602 3599 3605 3600 3599 3602 3606 3603 3602 3599 3607 3608 3599 3602 3609 3610 3602 3599 3611 3607 3599 3602 3612 3609 3602
3599 3613 3614 3599 3602 3615 3616 3602 3599 3617 3613 3599 3602 3618 3615 3602 3599 3619 3620 3599 3602 3621 3622 3602 3599 3623 3619 3599 3602 3624 3621 3602
3599 3625 3626 3599 3627 3628 3629 3627 3599 3630 3625 3599 3627 3631 3628 3627 3599 3632 3633 3599 3627 3634 3635 3627 3599 3636 3632 3599 3627 3637 3634 3627
3599 3638 3639 3599 3627 3640 3641 3627 3599 3642 3638 3599 3627 3643 3640 3627 3599 3644 3645 3599 3627 3646 3647 3627 3599 3648 3644 3599 3627 3649 3646 3627
3650 3651 3652 3650 3653 3654 3655 3653 3650 3656 3651 3650 3653 3657 3654 3653 3650 3658 3659 3650 3653 3660 3661 3653 3650 3662 3658 3650 3653 3663 3660 3653
3650 3664 3665 3650 3653 3666 3667 3653 3650 3668 3664 3650 3653 3669 3666 3653 3650 3670 3671 3650 3653 3672 3673 3653 3650 3674 3670 3650 3653 3675 3672 3653
3650 3676 3677 3650 3678 3679 3680 3678 3650 3681 3676 3650 3678 3682 3679 3678 3650 3683 3684 3650 3678 3685 3686 3678 3650 3687 3683 3650 3678 3688 3685 3678
3650 3689 3690 3650 3678 3691 3692 3678 3650 3693 3689 3650 3678 3694 3691 3678 3650 3695 3696 3650 3678 3697 3698 3678 3650 3699 3695 3650 3678 3700 3697 3678
3701 3702 3703 3701 3704 3705 3706 3704 3701 3707 3702 3701 3704 3708 3705 3704 3701 3709 3710 3701 3704 3711 3712 3704 3701 3713 3709 3701 3704 3714 3711 3704
3701 3715 3716 3701 3704 3717 3718 3704 3701 3719 3715 3701 3704 3720 3717 3704 3701 3721 3722 3701 3704 3723 3724 3704 3701 3725 3721 3701 3704 3726 3723 3704
3701 3727 3728 3701 3729 3730 3731 3729 3701 3732 3727 3701 3729 3733 3730 3729 3701 3734 3735 3701 3729 3736 3737 3729 3701 3738 3734 3701 3729 3739 3736 3729
3701 3740 3741 3701 3729 3742 3743 3729 3701 3744 3740 3701 3729 3745 3742 3729 3701 3746 3747 3701 3729 3748 3749 3729 3701 3750 3746 3701 3729 3751 3748 3729
3752 3753 3754 3752 3755 3756 3757 3755 3752 3758 3753 3752 3755 3759 3756 3755 3752 3760 3761 3752 3755 3762 3763 3755 3752 3764 3760 3752 3755 3765 3762 3755
3752 3766 3767 3752 3755 3768 3769 3755 3752 3770 3766 3752 3755 3771 3768 3755 3752 3772 3773 3752 3755 3774 3775 3755 3752 3776 3772 3752 3755 3777 3774 3755
3752 3778 3779 3752 3780 3781 3782 3780 3752 3783 3778 3752 3780 3784 3781 3780 3752 3785 3786 3752 3780 3787 3788 3780 3752 3789 3785 3752 3780 3790 3787 3780
3752 3791 3792 3752 3780 3793 3794 3780 3752 3795 3791 3752 3780 3796 3793 3780 3752 3797 3798 3752 3780 3799 3800 3780 3752 3801 3797 3752 3780 3802 3799 3780
3803 3804 3805 3803 3806 3807 3808 3806 3803 3809 3804 3803 3806 3810 3807 3806 3803 3811 3812 3803 3806 3813 3814 3806 3803 3815 3811 3803 3806 3816 3813 3806
3803 3817 3818 3803 3806 3819 3820 3806 3803 3821 3817 3803 3806 3822 3819 3806 3803 3823 3824 3803 3806 3825 3826 3806 3803 3827 3823 3803 3806 3828 3825 3806
3803 3829 3830 3803 3831 3832 3833 3831 3803 3834 3829 3803 3831 3835 3832 3831 3803 3836 3837 3803 3831 3838 3839 3831 3803 3840 3836 3803 3831 3841 3838 3831
3803 3842 3843 3803 3831 3844 3845 3831 3803 3846 3842 3803 3831 3847 3844 3831 3803 3848 3849 3803 3831 3850 3851 3831 3803 3852 3848 3803 3831 3853 3850 3831
3854 3855 3856 3854 3857 3858 3859 3857 3854 3860 3855 3854 3857 3861 3858 3857 3854 3862 3863 3854 3857 3864 3865 3857 3854 3866 3862 3854 3857 3867 3864 3857
3854 3868 3869 3854 3857 3870 3871 3857 3854 3872 3868 3854 3857 3873 3870 3857 3854 3874 3875 3854 3857 3876 3877 3857 3854 3878 3874 3854 3857 3879 3876 3857
3854 3880 3881 3854 3882 3883 3884 3882 3854 3885 3880 3854 3882 3886 3883 3882 3854 3887 3888 3854 3882 3889 3890 3882 3854 3891 3887 3854 3882 3892 3889 3882
3854 3893 3894 3854 3882 3895 3896 3882 3854 3897 3893 3854 3882 3898 3895 3882 3854 3899 3900 3854 3882 3901 3902 3882 3854 3903 3899 3854 3882 3904 3901 3882
3905 3906 3907 3905 3908 3909 3910 3908 3905 3911 3906 3905 3908 3912 3909 3908 3905 3913 3914 3905 3908 3915 3916 3908 3905 3917 3913 3905 3908 3918 3915 3908
3905 3919 3920 3905 3908 3921 3922 3908 3905 3923 3919 3905 3908 3924 3921 3908 3905 3925 3926 3905 3908 3927 3928 3908 3905 3929 3925 3905 3908 3930 3927 3908
3905 3931 3932 3905 3933 3934 3935 3933 3905 3936 3931 3905 3933 3937 3934 3933 3905 3938 3939 3905 3933 3940 3941 3933 3905 3942 3938 3905 3933 3943 3940 3933
3905 3944 3945 3905 3933 3946 3947 3933 3905 3948 3944 3905 3933 3949 3946 3933 3905 3950 3951 3905 3933 3952 3953 3933 3905 3954 3950 3905 3933 3955 3952 3933
3956 3957 3958 3956 3959 3960 3961 3959 3956 3962 3957 3956 3959 3963 3960 3959 3956 3964 3965 3956 3959 3966 3967 3959 3956 3968 3964 3956 3959 3969 3966 3959
3956 3970 3971 3956 3959 3972 3973 3959 3956 3974 3970 3956 3959 3975 3972 3959 3956 3976 3977 3956 3959 3978 3979 3959 3956 3980 3976 3956 3959 3981 3978 3959
3956 3982 3983 3956 3984 3985 3986 3984 3956 3987 3982 3956 3984 3988 3985 3984 3956 3989 3990 3956 3984 3991 3992 3984 3956 3993 3989 3956 3984 3994 3991 3984
3956 3995 3996 3956 3984 3997 3998 3984 3956 3999 3995 3956 3984 4000 3997 3984 3956 4001 4002 3956 3984 4003 4004 3984 3956 4005 4001 3956 3984 4006 4003 3984
4007 4008 4009 4007 4010 4011 4012 4010 4007 4013 4008 4007 4010 4014 4011 4010 4007 4015 4016 4007 4010 4017 4018 4010 4007 4019 4015 4007 4010 4020 4017 4010
4007 4021 4022 4007 4010 4023 4024 4010 4007 4025 4021 4007 4010 4026 4023 4010 4007 4027 4028 4007 4010 4029 4030 4010 4007 4031 4027 4007 4010 4032 4029 4010
4007 4033 4034 4007 4035 4036 4037 4035 4007 4038 4033 4007 4035 4039 4036 4035 4007 4040 4041 4007 4035 4042 4043 4035 4007 4044 4040 4007 4035 4045 4042 4035
4007 4046 4047 4007 4035 4048 4049 4035 4007 4050 4046 4007 4035 4051 4048 4035 4007 4052 4053 4007 4035 4054 4055 4035 4007 4056 4052 4007 4035 4057 4054 4035
4058 4059 4060 4058 4061 4062 4063 4061 4058 4064 4059 4058 4061 4065 4062 4061 4058 4066 4067 4058 4061 4068 4069 4061 4058 4070 4066 4058 4061 4071 4068 4061
4058 4072 4073 4058 4061 4074 4075 4061 4058 4076 4072 4058 4061 4077 4074 4061 4058 4078 4079 4058 4061 4080 4081 4061 4058 4082 4078 4058 4061 4083 4080 4061
4058 4084 4085 4058 4086 4087 4088 4086 4058 4089 4084 4058 4086 4090 4087 4086 4058 4091 4092 4058 4086 4093 4094 4086 4058 4095 4091 4058 4086 4096 4093 4086
4058 4097 4098 4058 4086 4099 4100 4086 4058 4101 4097 4058 4086 4102 4099 4086 4058 4103 4104 4058 4086 4105 4106 4086 4058 4107 4103 4058 4086 4108 4105 4086
4109 4110 4111 4109 4112 4113 4114 4112 4109 4115 4110 4109 4112 4116 4113 4112 4109 4117 4118 4109 4112 4119 4120 4112 4109 4121 4117 4109 4112 4122 4119 4112
4109 4123 4124 4109 4112 4125 4126 4112 4109 4127 4123 4109 4112 4128 4125 4112 4109 4129 4130 4109 4112 4131 4132 4112 4109 4133 4129 4109 4112 4134 4131 4112
4109 4135 4136 4109 4137 4138 4139 4137 4109 4140 4135 4109 4137 4141 4138 4137 4109 4142 4143 4109 4137 4144 4145 4137 4109 4146 4142 4109 4137 4147 4144 4137
4109 4148 4149 4109 4137 4150 4151 4137 4109 4152 4148 4109 4137 4153 4150 4137 4109 4154 4155 4109 4137 4156 4157 4137 4109 4158 4154 4109 4137 4159 4156 4137
4160 4161 4162 4160 4163 4164 4165 4163 4160 4166 4161 4160 4163 4167 4164 4163 4160 4168 4169 4160 4163 4170 4171 4163 4160 4172 4168 4160 4163 4173 4170 4163
4160 4174 4175 4160 4163 4176 4177 4163 4160 4178 4174 4160 4163 4179 4176 4163 4160 4180 4181 4160 4163 4182 4183 4163 4160 4184 4180 4160 4163 4185 4182 4163
4160 4186 4187 4160 4188 4189 4190 4188 4160 4191 4186 4160 4188 4192 4189 4188 4160 4193 4194 4160 4188 4195 4196 4188 4160 4197 4193 4160 4188 4198 4195 4188
4160 4199 4200 4160 4188 4201 4202 4188 4160 4203 4199 4160 4188 4204 4201 4188 4160 4205 4206 4160 4188 4207 4208 4188 4160 4209 4205 4160 4188 4210 4207 4188
4211 4212 4213 4211 4214 4215 4216 4214 4211 4217 4212 4211 4214 4218 4215 4214 4211 4219 4220 4211 4214 4221 4222 4214 4211 4223 4219 4211 4214 4224 4221 4214
4211 4225 4226 4211 4214 4227 4228 4214 4211 4229 4225 4211 4214 4230 4227 4214 4211 4231 4232 4211 4214 4233 4234 4214 4211 4235 4231 4211 4214 4236 4233 4214
4211 4237 4238 4211 4239 4240 4241 4239 4211 4242 4237 4211 4239 4243 4240 4239 4211 4244 4245 4211 4239 4246 4247 4239 4211 4248 4244 4211 4239 4249 4246 4239
4211 4250 4251 4211 4239 4252 4253 4239 4211 4254 4250 4211 4239 4255 4252 4239 4211 4256 4257 4211 4239 4258 4259 4239 4211 4260 4256 4211 4239 4261 4258 4239
4262 4263 4264 4262 4214 4265 4266 4214 4262 4267 4263 4262 4214 4268 4265 4214 4262 4269 4270 4262 4214 4271 4272 4214 4262 4273 4269 4262 4214 4274 4271 4214
4262 4275 4276 4262 4214 4277 4278 4279 4262 4280 4275 4262 4279 4281 4277 4279 4262 4282 4283 4262 4279 4284 4285 4279 4262 4286 4282 4262 4279 4287 4284 4279
4262 4288 4289 4262 4290 4291 4292 4290 4262 4293 4288 4262 4290 4294 4291 4290 4262 4295 4296 4262 4290 4297 4298 4290 4262 4299 4295 4262 4290 4300 4297 4290
4262 4301 4302 4262 4290 4303 4304 4290 4262 4305 4301 4262 4290 4306 4303 4290 4262 4307 4308 4262 4290 4309 4310 4290 4262 4311 4307 4262 4290 4312 4309 4290
4313 4314 4315 4313 4316 4317 4318 4316 4313 4319 4314 4313 4316 4320 4317 4316 4313 4321 4322 4313 4316 4323 4324 4316 4313 4325 4321 4313 4316 4326 4323 4316
4313 4327 4328 4313 4316 4329 4330 4316 4313 4331 4327 4313 4316 4332 4329 4316 4313 4333 4334 4313 4316 4335 4336 4316 4313 4337 4333 4313 4316 4338 4335 4316
4313 4339 4340 4313 4341 4342 4343 4341 4313 4344 4339 4313 4341 4345 4342 4341 4313 4346 4347 4313 4341 4348 4349 4341 4313 4350 4346 4313 4341 4351 4348 4341
4313 4352 4353 4313 4341 4354 4355 4341 4313 4356 4352 4313 4341 4357 4354 4341 4313 4358 4359 4313 4341 4360 4361 4341 4313 4362 4358 4313 4341 4363 4360 4341
4364 4365 4366 4364 4367 4368 4369 4367 4364 4370 4365 4364 4367 4371 4368 4367 4364 4372 4373 4364 4367 4374 4375 4367 4364 4376 4372 4364 4367 4377 4374 4367
4364 4378 4379 4364 4367 4380 4381 4367 4364 4382 4378 4364 4367 4383 4380 4367 4364 4384 4385 4364 4367 4386 4387 4367 4364 4388 4384 4364 4367 4389 4386 4367
4364 4390 4391 4364 4392 4393 4394 4392 4364 4395 4390 4364 4392 4396 4393 4392 4364 4397 4398 4364 4392 4399 4400 4392 4364 4401 4397 4364 4392 4402 4399 4392
4364 4403 4404 4364 4392 4405 4406 4392 4364 4407 4403 4364 4392 4408 4405 4392 4364 4409 4410 4364 4392 4411 4412 4392 4364 4413 4409 4364 4392 4414 4411 4392
4415 4416 4417 4415 4418 4419 4420 4418 4415 4421 4416 4415 4418 4422 4419 4418 4415 4423 4424 4415 4418 4425 4426 4418 4415 4427 4423 4415 4418 4428 4425 4418
4415 4429 4430 4415 4418 4431 4432 4418 4415 4433 4429 4415 4418 4434 4431 4418 4415 4435 4436 4415 4418 4437 4438 4418 4415 4439 4435 4415 4418 4440 4437 4418
4415 4441 4442 4415 4443 4444 4445 4443 4415 4446 4441 4415 4443 4447 4444 4443 4415 4448 4449 4415 4443 4450 4451 4443 4415 4452 4448 4415 4443 4453 4450 4443
4415 4454 4455 4415 4443 4456 4457 4443 4415 4458 4454 4415 4443 4459 4456 4443 4415 4460 4461 4415 4443 4462 4463 4443 4415 4464 4460 4415 4443 4465 4462 4443
4466 4467 4468 4466 4469 4470 4471 4469 4466 4472 4467 4466 4469 4473 4470 4469 4466 4474 4475 4466 4469 4476 4477 4469 4466 4478 4474 4466 4469 4479 4476 4469
4466 4480 4481 4466 4469 4482 4483 4469 4466 4484 4480 4466 4469 4485 4482 4469 4466 4486 4487 4466 4469 4488 4489 4469 4466 4490 4486 4466 4469 4491 4488 4469
4466 4492 4493 4466 4494 4495 4496 4494 4466 4497 4492 4466 4494 4498 4495 4494 4466 4499 4500 4466 4494 4501 4502 4494 4466 4503 4499 4466 4494 4504 4501 4494
4466 4505 4506 4466 4494 4507 4508 4494 4466 4509 4505 4466 4494 4510 4507 4494 4466 4511 4512 4466 4494 4513 4514 4494 4466 4515 4511 4466 4494 4516 4513 4494
4517 4518 4519 4517 4520 4521 4522 4520 4517 4523 4518 4517 4520 4524 4521 4520 4517 4525 4526 4517 4520 4527 4528 4520 4517 4529 4525 4517 4520 4530 4527 4520
4517 4531 4532 4517 4520 4533 4534 4520 4517 4535 4531 4517 4520 4536 4533 4520 4517 4537 4538 4517 4520 4539 4540 4520 4517 4541 4537 4517 4520 4542 4539 4520
4517 4543 4544 4517 4545 4546 4547 4545 4517 4548 4543 4517 4545 4549 4546 4545 4517 4550 4551 4517 4545 4552 4553 4545 4517 4554 4550 4517 4545 4555 4552 4545
4517 4556 4557 4517 4545 4558 4559 4545 4517 4560 4556 4517 4545 4561 4558 4545 4517 4562 4563 4517 4545 4564 4565 4545 4517 4566 4562 4517 4545 4567 4564 4545
4568 4569 4570 4568 4571 4572 4573 4571 4568 4574 4569 4568 4571 4575 4572 4571 4568 4576 4577 4568 4571 4578 4579 4571 4568 4580 4576 4568 4571 4581 4578 4571
4568 4582 4583 4568 4571 4584 4585 4571 4568 4586 4582 4568 4571 4587 4584 4571 4568 4588 4589 4568 4571 4590 4591 4571 4568 4592 4588 4568 4571 4593 4590 4571
4568 4594 4595 4568 4596 4597 4598 4596 4568 4599 4594 4568 4596 4600 4597 4596 4568 4601 4602 4568 4596 4603 4604 4596 4568 4605 4601 4568 4596 4606 4603 4596
4568 4607 4608 4568 4596 4609 4610 4596 4568 4611 4607 4568 4596 4612 4609 4596 4568 4613 4614 4568 4596 4615 4616 4596 4568 4617 4613 4568 4596 4618 4615 4596
4619 4620 4621 4619 4622 4623 4624 4622 4619 4625 4620 4619 4622 4626 4623 4622 4619 4627 4628 4619 4622 4629 4630 4622 4619 4631 4627 4619 4622 4632 4629 4622
4619 4633 4634 4619 4622 4635 4636 4622 4619 4637 4633 4619 4622 4638 4635 4622 4619 4639 4640 4619 4622 4641 4642 4622 4619 4643 4639 4619 4622 4644 4641 4622
4619 4645 4646 4619 4647 4648 4649 4647 4619 4650 4645 4619 4647 4651 4648 4647 4619 4652 4653 4619 4647 4654 4655 4647 4619 4656 4652 4619 4647 4657 4654 4647
4619 4658 4659 4619 4647 4660 4661 4647 4619 4662 4658 4619 4647 4663 4660 4647 4619 4664 4665 4619 4647 4666 4667 4647 4619 4668 4664 4619 4647 4669 4666 4647
4670 4671 4672 4670 4673 4674 4675 4673 4670 4676 4671 4670 4673 4677 4674 4673 4670 4678 4679 4670 4673 4680 4681 4673 4670 4682 4678 4670 4673 4683 4680 4673
4670 4684 4685 4670 4673 4686 4687 4673 4670 4688 4684 4670 4673 4689 4686 4673 4670 4690 4691 4670 4673 4692 4693 4673 4670 4694 4690 4670 4673 4695 4692 4673
4670 4696 4697 4670 4647 4698 4699 4647 4670 4700 4696 4670 4647 4701 4698 4647 4670 4702 4703 4670 4647 4704 4705 4647 4670 4706 4702 4670 4647 4707 4704 4647
4670 4708 4709 4670 4647 4710 4711 4712 4670 4713 4708 4670 4712 4714 4710 4712 4670 4715 4716 4670 4712 4717 4718 4712 4670 4719 4715 4670 4712 4720 4717 4712
4721 4722 4723 4721 4724 4725 4726 4724 4721 4727 4722 4721 4724 4728 4725 4724 4721 4729 4730 4721 4724 4731 4732 4724 4721 4733 4729 4721 4724 4734 4731 4724
4721 4735 4736 4721 4724 4737 4738 4724 4721 4739 4735 4721 4724 4740 4737 4724 4721 4741 4742 4721 4724 4743 4744 4724 4721 4745 4741 4721 4724 4746 4743 4724
4721 4747 4748 4721 4749 4750 4751 4749 4721 4752 4747 4721 4749 4753 4750 4749 4721 4754 4755 4721 4749 4756 4757 4749 4721 4758 4754 4721 4749 4759 4756 4749
4721 4760 4761 4721 4749 4762 4763 4749 4721 4764 4760 4721 4749 4765 4762 4749 4721 4766 4767 4721 4749 4768 4769 4749 4721 4770 4766 4721 4749 4771 4768 4749
4772 4773 4774 4772 4775 4776 4777 4775 4772 4778 4773 4772 4775 4779 4776 4775 4772 4780 4781 4772 4775 4782 4783 4775 4772 4784 4780 4772 4775 4785 4782 4775
4772 4786 4787 4772 4775 4788 4789 4775 4772 4790 4786 4772 4775 4791 4788 4775 4772 4792 4793 4772 4775 4794 4795 4775 4772 4796 4792 4772 4775 4797 4794 4775
4772 4798 4799 4772 4800 4801 4802 4800 4772 4803 4798 4772 4800 4804 4801 4800 4772 4805 4806 4772 4800 4807 4808 4800 4772 4809 4805 4772 4800 4810 4807 4800
4772 4811 4812 4772 4800 4813 4814 4800 4772 4815 4811 4772 4800 4816 4813 4800 4772 4817 4818 4772 4800 4819 4820 4800 4772 4821 4817 4772 4800 4822 4819 4800
4823 4824 4825 4823 4826 4827 4828 4826 4823 4829 4824 4823 4826 4830 4827 4826 4823 4831 4832 4823 4826 4833 4834 4826 4823 4835 4831 4823 4826 4836 4833 4826
4823 4837 4838 4823 4826 4839 4840 4826 4823 4841 4837 4823 4826 4842 4839 4826 4823 4843 4844 4823 4826 4845 4846 4826 4823 4847 4843 4823 4826 4848 4845 4826
4823 4849 4850 4823 4851 4852 4853 4851 4823 4854 4849 4823 4851 4855 4852 4851 4823 4856 4857 4823 4851 4858 4859 4851 4823 4860 4856 4823 4851 4861 4858 4851
4823 4862 4863 4823 4851 4864 4865 4851 4823 4866 4862 4823 4851 4867 4864 4851 4823 4868 4869 4823 4851 4870 4871 4851 4823 4872 4868 4823 4851 4873 4870 4851
4874 4875 4876 4874 4877 4878 4879 4877 4874 4880 4875 4874 4877 4881 4878 4877 4874 4882 4883 4874 4877 4884 4885 4877 4874 4886 4882 4874 4877 4887 4884 4877
4874 4888 4889 4874 4877 4890 4891 4877 4874 4892 4888 4874 4877 4893 4890 4877 4874 4894 4895 4874 4877 4896 4897 4877 4874 4898 4894 4874 4877 4899 4896 4877
4874 4900 4901 4874 4902 4903 4904 4902 4874 4905 4900 4874 4902 4906 4903 4902 4874 4907 4908 4874 4902 4909 4910 4902 4874 4911 4907 4874 4902 4912 4909 4902
4874 4913 4914 4874 4902 4915 4916 4902 4874 4917 4913 4874 4902 4918 4915 4902 4874 4919 4920 4874 4902 4921 4922 4902 4874 4923 4919 4874 4902 4924 4921 4902
4925 4926 4927 4925 4928 4929 4930 4928 4925 4931 4926 4925 4928 4932 4929 4928 4925 4933 4934 4925 4928 4935 4936 4928 4925 4937 4933 4925 4928 4938 4935 4928
4925 4939 4940 4925 4928 4941 4942 4928 4925 4943 4939 4925 4928 4944 4941 4928 4925 4945 4946 4925 4928 4947 4948 4928 4925 4949 4945 4925 4928 4950 4947 4928
4925 4951 4952 4925 4953 4954 4955 4953 4925 4956 4951 4925 4953 4957 4954 4953 4925 4958 4959 4925 4953 4960 4961 4953 4925 4962 4958 4925 4953 4963 4960 4953
4925 4964 4965 4925 4953 4966 4967 4953 4925 4968 4964 4925 4953 4969 4966 4953 4925 4970 4971 4925 4953 4972 4973 4953 4925 4974 4970 4925 4953 4975 4972 4953
4976 4977 4978 4976 4979 4980 4981 4979 4976 4982 4977 4976 4979 4983 4980 4979 4976 4984 4985 4976 4979 4986 4987 4979 4976 4988 4984 4976 4979 4989 4986 4979
4976 4990 4991 4976 4979 4992 4993 4979 4976 4994 4990 4976 4979 4995 4992 4979 4976 4996 4997 4976 4979 4998 4999 4979 4976 5000 4996 4976 4979 5001 4998 4979
4976 5002 5003 4976 5004 5005 5006 5004 4976 5007 5002 4976 5004 5008 5005 5004 4976 5009 5010 4976 5004 5011 5012 5004 4976 5013 5009 4976 5004 5014 5011 5004
4976 5015 5016 4976 5004 5017 5018 5004 4976 5019 5015 4976 5004 5020 5017 5004 4976 5021 5022 4976 5004 5023 5024 5004 4976 5025 5021 4976 5004 5026 5023 5004
5027 5028 5029 5027 5030 5031 5032 5030 5027 5033 5028 5027 5030 5034 5031 5030 5027 5035 5036 5027 5030 5037 5038 5030 5027 5039 5035 5027 5030 5040 5037 5030
5027 5041 5042 5027 5030 5043 5044 5030 5027 5045 5041 5027 5030 5046 5043 5030 5027 5047 5048 5027 5030 5049 5050 5030 5027 5051 5047 5027 5030 5052 5049 5030
5027 5053 5054 5027 5055 5056 5057 5055 5027 5058 5053 5027 5055 5059 5056 5055 5027 5060 5061 5027 5055 5062 5063 5055 5027 5064 5060 5027 5055 5065 5062 5055
5027 5066 5067 5027 5055 5068 5069 5055 5027 5070 5066 5027 5055 5071 5068 5055 5027 5072 5073 5027 5055 5074 5075 5055 5027 5076 5072 5027 5055 5077 5074 5055
5078 5079 5080 5078 5081 5082 5083 5081 5078 5084 5079 5078 5081 5085 5082 5081 5078 5086 5087 5078 5081 5088 5089 5081 5078 5090 5086 5078 5081 5091 5088 5081
5078 5092 5093 5078 5081 5094 5095 5081 5078 5096 5092 5078 5081 5097 5094 5081 5078 5098 5099 5078 5081 5100 5101 5081 5078 5102 5098 5078 5081 5103 5100 5081
5078 5104 5105 5078 5106 5107 5108 5106 5078 5109 5104 5078 5106 5110 5107 5106 5078 5111 5112 5078 5106 5113 5114 5106 5078 5115 5111 5078 5106 5116 5113 5106
5078 5117 5118 5078 5106 5119 5120 5106 5078 5121 5117 5078 5106 5122 5119 5106 5078 5123 5124 5078 5106 5125 5126 5106 5078 5127 5123 5078 5106 5128 5125 5106
5129 5130 5131 5129 5132 5133 5134 5132 5129 5135 5130 5129 5132 5136 5133 5132 5129 5137 5138 5129 5132 5139 5140 5132 5129 5141 5137 5129 5132 5142 5139 5132
5129 5143 5144 5129 5132 5145 5146 5132 5129 5147 5143 5129 5132 5148 5145 5132 5129 5149 5150 5129 5132 5151 5152 5132 5129 5153 5149 5129 5132 5154 5151 5132
5129 5155 5156 5129 5157 5158 5159 5157 5129 5160 5155 5129 5157 5161 5158 5157 5129 5162 5163 5129 5157 5164 5165 5157 5129 5166 5162 5129 5157 5167 5164 5157
5129 5168 5169 5129 5157 5170 5171 5157 5129 5172 5168 5129 5157 5173 5170 5157 5129 5174 5175 5129 5157 5176 5177 5157 5129 5178 5174 5129 5157 5179 5176 5157
5180 5181 5182 5180 5183 5184 5185 5183 5180 5186 5181 5180 5183 5187 5184 5183 5180 5188 5189 5180 5183 5190 5191 5183 5180 5192 5188 5180 5183 5193 5190 5183
5180 5194 5195 5180 5183 5196 5197 5183 5180 5198 5194 5180 5183 5199 5196 5183 5180 5200 5201 5180 5183 5202 5203 5183 5180 5204 5200 5180 5183 5205 5202 5183
5180 5206 5207 5180 5208 5209 5210 5208 5180 5211 5206 5180 5208 5212 5209 5208 5180 5213 5214 5180 5208 5215 5216 5208 5180 5217 5213 5180 5208 5218 5215 5208
5180 5219 5220 5180 5208 5221 5222 5208 5180 5223 5219 5180 5208 5224 5221 5208 5180 5225 5226 5180 5208 5227 5228 5208 5180 5229 5225 5180 5208 5230 5227 5208
5231 5232 5233 5231 5234 5235 5236 5234 5231 5237 5232 5231 5234 5238 5235 5234 5231 5239 5240 5231 5234 5241 5242 5234 5231 5243 5239 5231 5234 5244 5241 5234
5231 5245 5246 5231 5234 5247 5248 5234 5231 5249 5245 5231 5234 5250 5247 5234 5231 5251 5252 5231 5234 5253 5254 5234 5231 5255 5251 5231 5234 5256 5253 5234
5231 5257 5258 5231 5259 5260 5261 5259 5231 5262 5257 5231 5259 5263 5260 5259 5231 5264 5265 5231 5259 5266 5267 5259 5231 5268 5264 5231 5259 5269 5266 5259
5231 5270 5271 5231 5259 5272 5273 5259 5231 5274 5270 5231 5259 5275 5272 5259 5231 5276 5277 5231 5259 5278 5279 5259 5231 5280 5276 5231 5259 5281 5278 5259
5282 5283 5284 5282 5285 5286 5287 5285 5282 5288 5283 5282 5285 5289 5286 5285 5282 5290 5291 5282 5285 5292 5293 5285 5282 5294 5290 5282 5285 5295 5292 5285
5282 5296 5297 5282 5285 5298 5299 5285 5282 5300 5296 5282 5285 5301 5298 5285 5282 5302 5303 5282 5285 5304 5305 5285 5282 5306 5302 5282 5285 5307 5304 5285
5282 5308 5309 5282 5310 5311 5312 5310 5282 5313 5308 5282 5310 5314 5311 5310 5282 5315 5316 5282 5310 5317 5318 5310 5282 5319 5315 5282 5310 5320 5317 5310
5282 5321 5322 5282 5310 5323 5324 5310 5282 5325 5321 5282 5310 5326 5323 5310 5282 5327 5328 5282 5310 5329 5330 5310 5282 5331 5327 5282 5310 5332 5329 5310
5333 5334 5335 5333 5336 5337 5338 5336 5333 5339 5334 5333 5336 5340 5337 5336 5333 5341 5342 5333 5336 5343 5344 5336 5333 5345 5341 5333 5336 5346 5343 5336
5333 5347 5348 5333 5336 5349 5350 5336 5333 5351 5347 5333 5336 5352 5349 5336 5333 5353 5354 5333 5336 5355 5356 5336 5333 5357 5353 5333 5336 5358 5355 5336
5333 5359 5360 5333 5361 5362 5363 5361 5333 5364 5359 5333 5361 5365 5362 5361 5333 5366 5367 5333 5361 5368 5369 5361 5333 5370 5366 5333 5361 5371 5368 5361
5333 5372 5373 5333 5361 5374 5375 5361 5333 5376 5372 5333 5361 5377 5374 5361 5333 5378 5379 5333 5361 5380 5381 5361 5333 5382 5378 5333 5361 5383 5380 5361
5384 5385 5386 5384 5387 5388 5389 5387 5384 5390 5385 5384 5387 5391 5388 5387 5384 5392 5393 5384 5387 5394 5395 5387 5384 5396 5392 5384 5387 5397 5394 5387
5384 5398 5399 5384 5387 5400 5401 5387 5384 5402 5398 5384 5387 5403 5400 5387 5384 5404 5405 5384 5387 5406 5407 5387 5384 5408 5404 5384 5387 5409 5406 5387
5384 5410 5411 5384 5412 5413 5414 5412 5384 5415 5410 5384 5412 5416 5413 5412 5384 5417 5418 5384 5412 5419 5420 5412 5384 5421 5417 5384 5412 5422 5419 5412
5384 5423 5424 5384 5412 5425 5426 5412 5384 5427 5423 5384 5412 5428 5425 5412 5384 5429 5430 5384 5412 5431 5432 5412 5384 5433 5429 5384 5412 5434 5431 5412
5435 5436 5437 5435 5438 5439 5440 5438 5435 5441 5436 5435 5438 5442 5439 5438 5435 5443 5444 5435 5438 5445 5446 5438 5435 5447 5443 5435 5438 5448 5445 5438
5435 5449 5450 5435 5438 5451 5452 5438 5435 5453 5449 5435 5438 5454 5451 5438 5435 5455 5456 5435 5438 5457 5458 5438 5435 5459 5455 5435 5438 5460 5457 5438
5435 5461 5462 5435 5463 5464 5465 5463 5435 5466 5461 5435 5463 5467 5464 5463 5435 5468 5469 5435 5463 5470 5471 5463 5435 5472 5468 5435 5463 5473 5470 5463
5435 5474 5475 5435 5463 5476 5477 5463 5435 5478 5474 5435 5463 5479 5476 5463 5435 5480 5481 5435 5463 5482 5483 5463 5435 5484 5480 5435 5463 5485 5482 5463
5486 5487 5488 5486 5463 5489 5490 5463 5486 5491 5487 5486 5463 5492 5489 5463 5486 5493 5494 5486 5463 5495 5496 5463 5486 5497 5493 5486 5463 5498 5495 5463
5486 5499 5500 5486 5463 5501 5502 5463 5486 5503 5499 5486 5463 5504 5501 5463 5486 5505 5506 5486 5463 5507 5508 5463 5486 5509 5505 5486 5463 5510 5507 5463
5486 5511 5512 5486 5513 5514 5515 5513 5486 5516 5511 5486 5513 5517 5514 5513 5486 5518 5519 5486 5513 5520 5521 5513 5486 5522 5518 5486 5513 5523 5520 5513
5486 5524 5525 5486 5513 5526 5527 5513 5486 5528 5524 5486 5513 5529 5526 5513 5486 5530 5531 5486 5513 5532 5533 5513 5486 5534 5530 5486 5513 5535 5532 5513
5536 5537 5538 5536 5539 5540 5541 5539 5536 5542 5537 5536 5539 5543 5540 5539 5536 5544 5545 5536 5539 5546 5547 5539 5536 5548 5544 5536 5539 5549 5546 5539
5536 5550 5551 5536 5539 5552 5553 5539 5536 5554 5550 5536 5539 5555 5552 5539 5536 5556 5557 5536 5539 5558 5559 5539 5536 5560 5556 5536 5539 5561 5558 5539
5536 5562 5563 5536 5564 5565 5566 5564 5536 5567 5562 5536 5564 5568 5565 5564 5536 5569 5570 5536 5564 5571 5572 5564 5536 5573 5569 5536 5564 5574 5571 5564
5536 5575 5576 5536 5564 5577 5578 5564 5536 5579 5575 5536 5564 5580 5577 5564 5536 5581 5582 5536 5564 5583 5584 5564 5536 5585 5581 5536 5564 5586 5583 5564
5587 5588 5589 5587 5590 5591 5592 5590 5587 5593 5588 5587 5590 5594 5591 5590 5587 5595 5596 5587 5590 5597 5598 5590 5587 5599 5595 5587 5590 5600 5597 5590
5587 5601 5602 5587 5590 5603 5604 5590 5587 5605 5601 5587 5590 5606 5603 5590 5587 5607 5608 5587 5590 5609 5610 5590 5587 5611 5607 5587 5590 5612 5609 5590
5587 5613 5614 5587 5615 5616 5617 5615 5587 5618 5613 5587 5615 5619 5616 5615 5587 5620 5621 5587 5615 5622 5623 5615 5587 5624 5620 5587 5615 5625 5622 5615
5587 5626 5627 5587 5615 5628 5629 5615 5587 5630 5626 5587 5615 5631 5628 5615 5587 5632 5633 5587 5615 5634 5635 5615 5587 5636 5632 5587 5615 5637 5634 5615
5638 5639 5640 5638 5641 5642 5643 5641 5638 5644 5639 5638 5641 5645 5642 5641 5638 5646 5647 5638 5641 5648 5649 5641 5638 5650 5646 5638 5641 5651 5648 5641
5638 5652 5653 5638 5641 5654 5655 5641 5638 5656 5652 5638 5641 5657 5654 5641 5638 5658 5659 5638 5641 5660 5661 5641 5638 5662 5658 5638 5641 5663 5660 5641
5638 5664 5665 5638 5666 5667 5668 5666 5638 5669 5664 5638 5666 5670 5667 5666 5638 5671 5672 5638 5666 5673 5674 5666 5638 5675 5671 5638 5666 5676 5673 5666
5638 5677 5678 5638 5666 5679 5680 5666 5638 5681 5677 5638 5666 5682 5679 5666 5638 5683 5684 5638 5666 5685 5686 5666 5638 5687 5683 5638 5666 5688 5685 5666
5689 5690 5691 5689 5692 5693 5694 5692 5689 5695 5690 5689 5692 5696 5693 5692 5689 5697 5698 5689 5692 5699 5700 5692 5689 5701 5697 5689 5692 5702 5699 5692
5689 5703 5704 5689 5692 5705 5706 5692 5689 5707 5703 5689 5692 5708 5705 5692 5689 5709 5710 5689 5692 5711 5712 5692 5689 5713 5709 5689 5692 5714 5711 5692
5689 5715 5716 5689 5717 5718 5719 5717 5689 5720 5715 5689 5717 5721 5718 5717 5689 5722 5723 5689 5717 5724 5725 5717 5689 5726 5722 5689 5717 5727 5724 5717
5689 5728 5729 5689 5717 5730 5731 5717 5689 5732 5728 5689 5717 5733 5730 5717 5689 5734 5735 5689 5717 5736 5737 5717 5689 5738 5734 5689 5717 5739 5736 5717
5740 5741 5742 5740 5743 5744 5745 5743 5740 5746 5741 5740 5743 5747 5744 5743 5740 5748 5749 5740 5743 5750 5751 5743 5740 5752 5748 5740 5743 5753 5750 5743
5740 5754 5755 5740 5743 5756 5757 5743 5740 5758 5754 5740 5743 5759 5756 5743 5740 5760 5761 5740 5743 5762 5763 5743 5740 5764 5760 5740 5743 5765 5762 5743
5740 5766 5767 5740 5768 5769 5770 5768 5740 5771 5766 5740 5768 5772 5769 5768 5740 5773 5774 5740 5768 5775 5776 5768 5740 5777 5773 5740 5768 5778 5775 5768
5740 5779 5780 5740 5768 5781 5782 5768 5740 5783 5779 5740 5768 5784 5781 5768 5740 5785 5786 5740 5768 5787 5788 5768 5740 5789 5785 5740 5768 5790 5787 5768
5791 5792 5793 5791 5794 5795 5796 5794 5791 5797 5792 5791 5794 5798 5795 5794 5791 5799 5800 5791 5794 5801 5802 5794 5791 5803 5799 5791 5794 5804 5801 5794
5791 5805 5806 5791 5794 5807 5808 5794 5791 5809 5805 5791 5794 5810 5807 5794 5791 5811 5812 5791 5794 5813 5814 5794 5791 5815 5811 5791 5794 5816 5813 5794
5791 5817 5818 5791 5819 5820 5821 5819 5791 5822 5817 5791 5819 5823 5820 5819 5791 5824 5825 5791 5819 5826 5827 5819 5791 5828 5824 5791 5819 5829 5826 5819
5791 5830 5831 5791 5819 5832 5833 5819 5791 5834 5830 5791 5819 5835 5832 5819 5791 5836 5837 5791 5819 5838 5839 5819 5791 5840 5836 5791 5819 5841 5838 5819
5842 5843 5844 5842 5845 5846 5847 5845 5842 5848 5843 5842 5845 5849 5846 5845 5842 5850 5851 5842 5845 5852 5853 5845 5842 5854 5850 5842 5845 5855 5852 5845
5842 5856 5857 5842 5845 5858 5859 5845 5842 5860 5856 5842 5845 5861 5858 5845 5842 5862 5863 5842 5845 5864 5865 5845 5842 5866 5862 5842 5845 5867 5864 5845
5842 5868 5869 5842 5870 5871 5872 5870 5842 5873 5868 5842 5870 5874 5871 5870 5842 5875 5876 5842 5870 5877 5878 5870 5842 5879 5875 5842 5870 5880 5877 5870
5842 5881 5882 5842 5870 5883 5884 5870 5842 5885 5881 5842 5870 5886 5883 5870 5842 5887 5888 5842 5870 5889 5890 5870 5842 5891 5887 5842 5870 5892 5889 5870
5893 5894 5895 5893 5896 5897 5898 5896 5893 5899 5894 5893 5896 5900 5897 5896 5893 5901 5902 5893 5896 5903 5904 5896 5893 5905 5901 5893 5896 5906 5903 5896
5893 5907 5908 5893 5896 5909 5910 5896 5893 5911 5907 5893 5896 5912 5909 5896 5893 5913 5914 5893 5896 5915 5916 5896 5893 5917 5913 5893 5896 5918 5915 5896
5893 5919 5920 5893 5921 5922 5923 5921 5893 5924 5919 5893 5921 5925 5922 5921 5893 5926 5927 5893 5921 5928 5929 5921 5893 5930 5926 5893 5921 5931 5928 5921
5893 5932 5933 5893 5921 5934 5935 5921 5893 5936 5932 5893 5921 5937 5934 5921 5893 5938 5939 5893 5921 5940 5941 5921 5893 5942 5938 5893 5921 5943 5940 5921
5944 5945 5946 5944 5947 5948 5949 5947 5944 5950 5945 5944 5947 5951 5948 5947 5944 5952 5953 5944 5947 5954 5955 5947 5944 5956 5952 5944 5947 5957 5954 5947
5944 5958 5959 5944 5947 5960 5961 5947 5944 5962 5958 5944 5947 5963 5960 5947 5944 5964 5965 5944 5947 5966 5967 5947 5944 5968 5964 5944 5947 5969 5966 5947
5944 5970 5971 5944 5972 5973 5974 5972 5944 5975 5970 5944 5972 5976 5973 5972 5944 5977 5978 5944 5972 5979 5980 5972 5944 5981 5977 5944 5972 5982 5979 5972
5944 5983 5984 5944 5972 5985 5986 5972 5944 5987 5983 5944 5972 5988 5985 5972 5944 5989 5990 5944 5972 5991 5992 5972 5944 5993 5989 5944 5972 5994 5991 5972
5995 5996 5997 5995 5998 5999 6000 5998 5995 6001 5996 5995 5998 6002 5999 5998 5995 6003 6004 5995 5998 6005 6006 5998 5995 6007 6003 5995 5998 6008 6005 5998
5995 6009 6010 5995 5998 6011 6012 5998 5995 6013 6009 5995 5998 6014 6011 5998 5995 6015 6016 5995 5998 6017 6018 5998 5995 6019 6015 5995 5998 6020 6017 5998
5995 6021 6022 5995 6023 6024 6025 6023 5995 6026 6021 5995 6023 6027 6024 6023 5995 6028 6029 5995 6023 6030 6031 6023 5995 6032 6028 5995 6023 6033 6030 6023
5995 6034 6035 5995 6023 6036 6037 6023 5995 6038 6034 5995 6023 6039 6036 6023 5995 6040 6041 5995 6023 6042 6043 6023 5995 6044 6040 5995 6023 6045 6042 6023
6046 6047 6048 6046 6049 6050 6051 6049 6046 6052 6047 6046 6049 6053 6050 6049 6046 6054 6055 6046 6049 6056 6057 6049 6046 6058 6054 6046 6049 6059 6056 6049
6046 6060 6061 6046 6049 6062 6063 6049 6046 6064 6060 6046 6049 6065 6062 6049 6046 6066 6067 6046 6049 6068 6069 6049 6046 6070 6066 6046 6049 6071 6068 6049
6046 6072 6073 6046 6074 6075 6076 6074 6046 6077 6072 6046 6074 6078 6075 6074 6046 6079 6080 6046 6074 6081 6082 6074 6046 6083 6079 6046 6074 6084 6081 6074
6046 6085 6086 6046 6074 6087 6088 6074 6046 6089 6085 6046 6074 6090 6087 6074 6046 6091 6092 6046 6074 6093 6094 6074 6046 6095 6091 6046 6074 6096 6093 6074
6097 6098 6099 6097 6100 6101 6102 6100 6097 6103 6098 6097 6100 6104 6101 6100 6097 6105 6106 6097 6100 6107 6108 6100 6097 6109 6105 6097 6100 6110 6107 6100
6097 6111 6112 6097 6100 6113 6114 6100 6097 6115 6111 6097 6100 6116 6113 6100 6097 6117 6118 6097 6100 6119 6120 6100 6097 6121 6117 6097 6100 6122 6119 6100
6097 6123 6124 6097 6125 6126 6127 6125 6097 6128 6123 6097 6125 6129 6126 6125 6097 6130 6131 6097 6125 6132 6133 6125 6097 6134 6130 6097 6125 6135 6132 6125
6097 6136 6137 6097 6125 6138 6139 6125 6097 6140 6136 6097 6125 6141 6138 6125 6097 6142 6143 6097 6125 6144 6145 6125 6097 6146 6142 6097 6125 6147 6144 6125
6148 6149 6150 6148 6151 6152 6153 6151 6148 6154 6149 6148 6151 6155 6152 6151 6148 6156 6157 6148 6151 6158 6159 6151 6148 6160 6156 6148 6151 6161 6158 6151
6148 6162 6163 6148 6151 6164 6165 6151 6148 6166 6162 6148 6151 6167 6164 6151 6148 6168 6169 6148 6151 6170 6171 6151 6148 6172 6168 6148 6151 6173 6170 6151
6148 6174 6175 6148 6176 6177 6178 6176 6148 6179 6174 6148 6176 6180 6177 6176 6148 6181 6182 6148 6176 6183 6184 6176 6148 6185 6181 6148 6176 6186 6183 6176
6148 6187 6188 6148 6176 6189 6190 6176 6148 6191 6187 6148 6176 6192 6189 6176 6148 6193 6194 6148 6176 6195 6196 6176 6148 6197 6193 6148 6176 6198 6195 6176
6199 6200 6201 6199 6202 6203 6204 6202 6199 6205 6200 6199 6202 6206 6203 6202 6199 6207 6208 6199 6202 6209 6210 6202 6199 6211 6207 6199 6202 6212 6209 6202
6199 6213 6214 6199 6202 6215 6216 6202 6199 6217 6213 6199 6202 6218 6215 6202 6199 6219 6220 6199 6202 6221 6222 6202 6199 6223 6219 6199 6202 6224 6221 6202
6199 6225 6226 6199 6227 6228 6229 6227 6199 6230 6225 6199 6227 6231 6228 6227 6199 6232 6233 6199 6227 6234 6235 6227 6199 6236 6232 6199 6227 6237 6234 6227
6199 6238 6239 6199 6227 6240 6241 6227 6199 6242 6238 6199 6227 6243 6240 6227 6199 6244 6245 6199 6227 6246 6247 6227 6199 6248 6244 6199 6227 6249 6246 6227
6250 6251 6252 6250 6253 6254 6255 6253 6250 6256 6251 6250 6253 6257 6254 6253 6250 6258 6259 6250 6253 6260 6261 6253 6250 6262 6258 6250 6253 6263 6260 6253
6250 6264 6265 6250 6253 6266 6267 6253 6250 6268 6264 6250 6253 6269 6266 6253 6250 6270 6271 6250 6253 6272 6273 6253 6250 6274 6270 6250 6253 6275 6272 6253
6250 6276 6277 6250 6278 6279 6280 6278 6250 6281 6276 6250 6278 6282 6279 6278 6250 6283 6284 6250 6278 6285 6286 6278 6250 6287 6283 6250 6278 6288 6285 6278
6250 6289 6290 6250 6278 6291 6292 6278 6250 6293 6289 6250 6278 6294 6291 6278 6250 6295 6296 6250 6278 6297 6298 6278 6250 6299 6295 6250 6278 6300 6297 6278
6301 6302 6303 6301 6304 6305 6306 6304 6301 6307 6302 6301 6304 6308 6305 6304 6301 6309 6310 6301 6304 6311 6312 6304 6301 6313 6309 6301 6304 6314 6311 6304
6301 6315 6316 6301 6304 6317 6318 6304 6301 6319 6315 6301 6304 6320 6317 6304 6301 6321 6322 6301 6304 6323 6324 6304 6301 6325 6321 6301 6304 6326 6323 6304
6301 6327 6328 6301 6329 6330 6331 6329 6301 6332 6327 6301 6329 6333 6330 6329 6301 6334 6335 6301 6329 6336 6337 6329 6301 6338 6334 6301 6329 6339 6336 6329
6301 6340 6341 6301 6329 6342 6343 6329 6301 6344 6340 6301 6329 6345 6342 6329 6301 6346 6347 6301 6329 6348 6349 6329 6301 6350 6346 6301 6329 6351 6348 6329
6352 6353 6354 6352 6355 6356 6357 6355 6352 6358 6353 6352 6355 6359 6356 6355 6352 6360 6361 6352 6355 6362 6363 6355 6352 6364 6360 6352 6355 6365 6362 6355
6352 6366 6367 6352 6355 6368 6369 6355 6352 6370 6366 6352 6355 6371 6368 6355 6352 6372 6373 6352 6355 6374 6375 6355 6352 6376 6372 6352 6355 6377 6374 6355
6352 6378 6379 6352 6380 6381 6382 6380 6352 6383 6378 6352 6380 6384 6381 6380 6352 6385 6386 6352 6380 6387 6388 6380 6352 6389 6385 6352 6380 6390 6387 6380
6352 6391 6392 6352 6380 6393 6394 6380 6352 6395 6391 6352 6380 6396 6393 6380 6352 6397 6398 6352 6380 6399 6400 6380 6352 6401 6397 6352 6380 6402 6399 6380
6403 6404 6405 6403 6406 6407 6408 6406 6403 6409 6404 6403 6406 6410 6407 6406 6403 6411 6412 6403 6406 6413 6414 6406 6403 6415 6411 6403 6406 6416 6413 6406
6403 6417 6418 6403 6406 6419 6420 6406 6403 6421 6417 6403 6406 6422 6419 6406 6403 6423 6424 6403 6406 6425 6426 6406 6403 6427 6423 6403 6406 6428 6425 6406
6403 6429 6430 6403 6431 6432 6433 6431 6403 6434 6429 6403 6431 6435 6432 6431 6403 6436 6437 6403 6431 6438 6439 6431 6403 6440 6436 6403 6431 6441 6438 6431
6403 6442 6443 6403 6431 6444 6445 6431 6403 6446 6442 6403 6431 6447 6444 6431 6403 6448 6449 6403 6431 6450 6451 6431 6403 6452 6448 6403 6431 6453 6450 6431
6454 6455 6456 6454 6457 6458 6459 6457 6454 6460 6455 6454 6457 6461 6458 6457 6454 6462 6463 6454 6457 6464 6465 6457 6454 6466 6462 6454 6457 6467 6464 6457
6454 6468 6469 6454 6457 6470 6471 6457 6454 6472 6468 6454 6457 6473 6470 6457 6454 6474 6475 6454 6457 6476 6477 6457 6454 6478 6474 6454 6457 6479 6476 6457
6454 6480 6481 6454 6482 6483 6484 6482 6454 6485 6480 6454 6482 6486 6483 6482 6454 6487 6488 6454 6482 6489 6490 6482 6454 6491 6487 6454 6482 6492 6489 6482
6454 6493 6494 6454 6482 6495 6496 6482 6454 6497 6493 6454 6482 6498 6495 6482 6454 6499 6500 6454 6482 6501 6502 6482 6454 6503 6499 6454 6482 6504 6501 6482
6505 6506 6507 6505 6508 6509 6510 6508 6505 6511 6506 6505 6508 6512 6509 6508 6505 6513 6514 6505 6508 6515 6516 6508 6505 6517 6513 6505 6508 6518 6515 6508
6505 6519 6520 6505 6508 6521 6522 6508 6505 6523 6519 6505 6508 6524 6521 6508 6505 6525 6526 6505 6508 6527 6528 6508 6505 6529 6525 6505 6508 6530 6527 6508
6505 6531 6532 6505 6533 6534 6535 6533 6505 6536 6531 6505 6533 6537 6534 6533 6505 6538 6539 6505 6533 6540 6541 6533 6505 6542 6538 6505 6533 6543 6540 6533
6505 6544 6545 6505 6533 6546 6547 6533 6505 6548 6544 6505 6533 6549 6546 6533 6505 6550 6551 6505 6533 6552 6553 6533 6505 6554 6550 6505 6533 6555 6552 6533
6556 6557 6558 6556 6559 6560 6561 6559 6556 6562 6557 6556 6559 6563 6560 6559 6556 6564 6565 6556 6559 6566 6567 6559 6556 6568 6564 6556 6559 6569 6566 6559
6556 6570 6571 6556 6559 6572 6573 6559 6556 6574 6570 6556 6559 6575 6572 6559 6556 6576 6577 6556 6559 6578 6579 6559 6556 6580 6576 6556 6559 6581 6578 6559
6556 6582 6583 6556 6584 6585 6586 6584 6556 6587 6582 6556 6584 6588 6585 6584 6556 6589 6590 6556 6584 6591 6592 6584 6556 6593 6589 6556 6584 6594 6591 6584
6556 6595 6596 6556 6584 6597 6598 6584 6556 6599 6595 6556 6584 6600 6597 6584 6556 6601 6602 6556 6584 6603 6604 6584 6556 6605 6601 6556 6584 6606 6603 6584
6607 6608 6609 6607 6610 6611 6612 6610 6607 6613 6608 6607 6610 6614 6611 6610 6607 6615 6616 6607 6610 6617 6618 6610 6607 6619 6615 6607 6610 6620 6617 6610
6607 6621 6622 6607 6610 6623 6624 6610 6607 6625 6621 6607 6610 6626 6623 6610 6607 6627 6628 6607 6610 6629 6630 6610 6607 6631 6627 6607 6610 6632 6629 6610
6607 6633 6634 6607 6635 6636 6637 6635 6607 6638 6633 6607 6635 6639 6636 6635 6607 6640 6641 6607 6635 6642 6643 6635 6607 6644 6640 6607 6635 6645 6642 6635
6607 6646 6647 6607 6635 6648 6649 6635 6607 6650 6646 6607 6635 6651 6648 6635 6607 6652 6653 6607 6635 6654 6655 6635 6607 6656 6652 6607 6635 6657 6654 6635
6658 6659 6660 6658 6661 6662 6663 6661 6658 6664 6659 6658 6661 6665 6662 6661 6658 6666 6667 6658 6661 6668 6669 6661 6658 6670 6666 6658 6661 6671 6668 6661
6658 6672 6673 6658 6661 6674 6675 6661 6658 6676 6672 6658 6661 6677 6674 6661 6658 6678 6679 6658 6661 6680 6681 6661 6658 6682 6678 6658 6661 6683 6680 6661
6658 6684 6685 6658 6686 6687 6688 6686 6658 6689 6684 6658 6686 6690 6687 6686 6658 6691 6692 6658 6686 6693 6694 6686 6658 6695 6691 6658 6686 6696 6693 6686
6658 6697 6698 6658 6686 6699 6700 6686 6658 6701 6697 6658 6686 6702 6699 6686 6658 6703 6704 6658 6686 6705 6706 6686 6658 6707 6703 6658 6686 6708 6705 6686
6709 6710 6711 6709 6712 6713 6714 6712 6709 6715 6710 6709 6712 6716 6713 6712 6709 6717 6718 6709 6712 6719 6720 6712 6709 6721 6717 6709 6712 6722 6719 6712
6709 6723 6724 6709 6712 6725 6726 6712 6709 6727 6723 6709 6712 6728 6725 6712 6709 6729 6730 6709 6712 6731 6732 6712 6709 6733 6729 6709 6712 6734 6731 6712
6709 6735 6736 6709 6737 6738 6739 6737 6709 6740 6735 6709 6737 6741 6738 6737 6709 6742 6743 6709 6737 6744 6745 6737 6709 6746 6742 6709 6737 6747 6744 6737
6709 6748 6749 6709 6737 6750 6751 6737 6709 6752 6748 6709 6737 6753 6750 6737 6709 6754 6755 6709 6737 6756 6757 6737 6709 6758 6754 6709 6737 6759 6756 6737
6760 6761 6762 6760 6763 6764 6765 6763 6760 6766 6761 6760 6763 6767 6764 6763 6760 6768 6769 6760 6763 6770 6771 6763 6760 6772 6768 6760 6763 6773 6770 6763
6760 6774 6775 6760 6763 6776 6777 6763 6760 6778 6774 6760 6763 6779 6776 6763 6760 6780 6781 6760 6763 6782 6783 6763 6760 6784 6780 6760 6763 6785 6782 6763
6760 6786 6787 6760 6788 6789 6790 6788 6760 6791 6786 6760 6788 6792 6789 6788 6760 6793 6794 6760 6788 6795 6796 6788 6760 6797 6793 6760 6788 6798 6795 6788
6760 6799 6800 6760 6788 6801 6802 6788 6760 6803 6799 6760 6788 6804 6801 6788 6760 6805 6806 6760 6788 6807 6808 6788 6760 6809 6805 6760 6788 6810 6807 6788
6811 6812 6813 6811 6814 6815 6816 6814 6811 6817 6812 6811 6814 6818 6815 6814 6811 6819 6820 6811 6814 6821 6822 6814 6811 6823 6819 6811 6814 6824 6821 6814
6811 6825 6826 6811 6814 6827 6828 6814 6811 6829 6825 6811 6814 6830 6827 6814 6811 6831 6832 6811 6814 6833 6834 6814 6811 6835 6831 6811 6814 6836 6833 6814
6811 6837 6838 6811 6839 6840 6841 6839 6811 6842 6837 6811 6839 6843 6840 6839 6811 6844 6845 6811 6839 6846 6847 6839 6811 6848 6844 6811 6839 6849 6846 6839
6811 6850 6851 6811 6839 6852 6853 6839 6811 6854 6850 6811 6839 6855 6852 6839 6811 6856 6857 6811 6839 6858 6859 6839 6811 6860 6856 6811 6839 6861 6858 6839
6862 6863 6864 6862 6865 6866 6867 6865 6862 6868 6863 6862 6865 6869 6866 6865 6862 6870 6871 6862 6865 6872 6873 6865 6862 6874 6870 6862 6865 6875 6872 6865
6862 6876 6877 6862 6865 6878 6879 6865 6862 6880 6876 6862 6865 6881 6878 6865 6862 6882 6883 6862 6865 6884 6885 6865 6862 6886 6882 6862 6865 6887 6884 6865
6862 6888 6889 6862 6890 6891 6892 6890 6862 6893 6888 6862 6890 6894 6891 6890 6862 6895 6896 6862 6890 6897 6898 6890 6862 6899 6895 6862 6890 6900 6897 6890
6862 6901 6902 6862 6890 6903 6904 6890 6862 6905 6901 6862 6890 6906 6903 6890 6862 6907 6908 6862 6890 6909 6910 6890 6862 6911 6907 6862 6890 6912 6909 6890
6913 6914 6915 6913 6916 6917 6918 6916 6913 6919 6914 6913 6916 6920 6917 6916 6913 6921 6922 6913 6916 6923 6924 6916 6913 6925 6921 6913 6916 6926 6923 6916
6913 6927 6928 6913 6916 6929 6930 6916 6913 6931 6927 6913 6916 6932 6929 6916 6913 6933 6934 6913 6916 6935 6936 6916 6913 6937 6933 6913 6916 6938 6935 6916
6913 6939 6940 6913 6941 6942 6943 6941 6913 6944 6939 6913 6941 6945 6942 6941 6913 6946 6947 6913 6941 6948 6949 6941 6913 6950 6946 6913 6941 6951 6948 6941
6913 6952 6953 6913 6941 6954 6955 6941 6913 6956 6952 6913 6941 6957 6954 6941 6913 6958 6959 6913 6941 6960 6961 6941 6913 6962 6958 6913 6941 6963 6960 6941
6964 6965 6966 6964 6967 6968 6969 6967 6964 6970 6965 6964 6967 6971 6968 6967 6964 6972 6973 6964 6967 6974 6975 6967 6964 6976 6972 6964 6967 6977 6974 6967
6964 6978 6979 6964 6967 6980 6981 6967 6964 6982 6978 6964 6967 6983 6980 6967 6964 6984 6985 6964 6967 6986 6987 6967 6964 6988 6984 6964 6967 6989 6986 6967
6964 6990 6991 6964 6992 6993 6994 6992 6964 6995 6990 6964 6992 6996 6993 6992 6964 6997 6998 6964 6992 6999 7000 6992 6964 7001 6997 6964 6992 7002 6999 6992
6964 7003 7004 6964 6992 7005 7006 6992 6964 7007 7003 6964 6992 7008 7005 6992 6964 7009 7010 6964 6992 7011 7012 6992 6964 7013 7009 6964 6992 7014 7011 6992
7015 7016 7017 7015 7018 7019 7020 7018 7015 7021 7016 7015 7018 7022 7019 7018 7015 7023 7024 7015 7018 7025 7026 7018 7015 7027 7023 7015 7018 7028 7025 7018
7015 7029 7030 7015 7018 7031 7032 7018 7015 7033 7029 7015 7018 7034 7031 7018 7015 7035 7036 7015 7018 7037 7038 7018 7015 7039 7035 7015 7018 7040 7037 7018
7015 7041 7042 7015 7043 7044 7045 7043 7015 7046 7041 7015 7043 7047 7044 7043 7015 7048 7049 7015 7043 7050 7051 7043 7015 7052 7048 7015 7043 7053 7050 7043
7015 7054 7055 7015 7043 7056 7057 7043 7015 7058 7054 7015 7043 7059 7056 7043 7015 7060 7061 7015 7043 7062 7063 7043 7015 7064 7060 7015 7043 7065 7062 7043
7066 7067 7068 7066 7069 7070 7071 7069 7066 7072 7067 7066 7069 7073 7070 7069 7066 7074 7075 7066 7069 7076 7077 7069 7066 7078 7074 7066 7069 7079 7076 7069
7066 7080 7081 7066 7069 7082 7083 7069 7066 7084 7080 7066 7069 7085 7082 7069 7066 7086 7087 7066 7069 7088 7089 7069 7066 7090 7086 7066 7069 7091 7088 7069
7066 7092 7093 7066 7094 7095 7096 7094 7066 7097 7092 7066 7094 7098 7095 7094 7066 7099 7100 7066 7094 7101 7102 7094 7066 7103 7099 7066 7094 7104 7101 7094
7066 7105 7106 7066 7094 7107 7108 7094 7066 7109 7105 7066 7094 7110 7107 7094 7066 7111 7112 7066 7094 7113 7114 7094 7066 7115 7111 7066 7094 7116 7113 7094
7117 7118 7119 7117 7120 7121 7122 7120 7117 7123 7118 7117 7120 7124 7121 7120 7117 7125 7126 7117 7120 7127 7128 7120 7117 7129 7125 7117 7120 7130 7127 7120
7117 7131 7132 7117 7120 7133 7134 7120 7117 7135 7131 7117 7120 7136 7133 7120 7117 7137 7138 7117 7120 7139 7140 7120 7117 7141 7137 7117 7120 7142 7139 7120
7117 7143 7144 7117 7145 7146 7147 7145 7117 7148 7143 7117 7145 7149 7146 7145 7117 7150 7151 7117 7145 7152 7153 7145 7117 7154 7150 7117 7145 7155 7152 7145
7117 7156 7157 7117 7145 7158 7159 7145 7117 7160 7156 7117 7145 7161 7158 7145 7117 7162 7163 7117 7145 7164 7165 7145 7117 7166 7162 7117 7145 7167 7164 7145
7168 7169 7170 7168 7171 7172 7173 7171 7168 7174 7169 7168 7171 7175 7172 7171 7168 7176 7177 7168 7171 7178 7179 7171 7168 7180 7176 7168 7171 7181 7178 7171
7168 7182 7183 7168 7171 7184 7185 7171 7168 7186 7182 7168 7171 7187 7184 7171 7168 7188 7189 7168 7171 7190 7191 7171 7168 7192 7188 7168 7171 7193 7190 7171
7168 7194 7195 7168 7145 7196 7197 7145 7168 7198 7194 7168 7145 7199 7196 7145 7168 7200 7201 7168 7145 7202 7203 7145 7168 7204 7200 7168 7145 7205 7202 7145
7168 7206 7207 7168 7145 7208 7209 7210 7168 7211 7206 7168 7210 7212 7208 7210 7168 7213 7214 7168 7210 7215 7216 7210 7168 7217 7213 7168 7210 7218 7215 7210
7219 7220 7221 7219 7222 7223 7224 7222 7219 7225 7220 7219 7222 7226 7223 7222 7219 7227 7228 7219 7222 7229 7230 7222 7219 7231 7227 7219 7222 7232 7229 7222
7219 7233 7234 7219 7222 7235 7236 7222 7219 7237 7233 7219 7222 7238 7235 7222 7219 7239 7240 7219 7222 7241 7242 7222 7219 7243 7239 7219 7222 7244 7241 7222
7219 7245 7246 7219 7247 7248 7249 7247 7219 7250 7245 7219 7247 7251 7248 7247 7219 7252 7253 7219 7247 7254 7255 7247 7219 7256 7252 7219 7247 7257 7254 7247
7219 7258 7259 7219 7247 7260 7261 7247 7219 7262 7258 7219 7247 7263 7260 7247 7219 7264 7265 7219 7247 7266 7267 7247 7219 7268 7264 7219 7247 7269 7266 7247
7270 7271 7272 7270 7273 7274 7275 7273 7270 7276 7271 7270 7273 7277 7274 7273 7270 7278 7279 7270 7273 7280 7281 7273 7270 7282 7278 7270 7273 7283 7280 7273
7270 7284 7285 7270 7273 7286 7287 7273 7270 7288 7284 7270 7273 7289 7286 7273 7270 7290 7291 7270 7273 7292 7293 7273 7270 7294 7290 7270 7273 7295 7292 7273
7270 7296 7297 7270 7298 7299 7300 7298 7270 7301 7296 7270 7298 7302 7299 7298 7270 7303 7304 7270 7298 7305 7306 7298 7270 7307 7303 7270 7298 7308 7305 7298
7270 7309 7310 7270 7298 7311 7312 7298 7270 7313 7309 7270 7298 7314 7311 7298 7270 7315 7316 7270 7298 7317 7318 7298 7270 7319 7315 7270 7298 7320 7317 7298
7321 7322 7323 7321 7324 7325 7326 7324 7321 7327 7322 7321 7324 7328 7325 7324 7321 7329 7330 7321 7324 7331 7332 7324 7321 7333 7329 7321 7324 7334 7331 7324
7321 7335 7336 7321 7324 7337 7338 7324 7321 7339 7335 7321 7324 7340 7337 7324 7321 7341 7342 7321 7324 7343 7344 7324 7321 7345 7341 7321 7324 7346 7343 7324
7321 7347 7348 7321 7349 7350 7351 7349 7321 7352 7347 7321 7349 7353 7350 7349 7321 7354 7355 7321 7349 7356 7357 7349 7321 7358 7354 7321 7349 7359 7356 7349
7321 7360 7361 7321 7349 7362 7363 7349 7321 7364 7360 7321 7349 7365 7362 7349 7321 7366 7367 7321 7349 7368 7369 7349 7321 7370 7366 7321 7349 7371 7368 7349
7372 7373 7374 7372 7375 7376 7377 7375 7372 7378 7373 7372 7375 7379 7376 7375 7372 7380 7381 7372 7375 7382 7383 7375 7372 7384 7380 7372 7375 7385 7382 7375
7372 7386 7387 7372 7375 7388 7389 7375 7372 7390 7386 7372 7375 7391 7388 7375 7372 7392 7393 7372 7375 7394 7395 7375 7372 7396 7392 7372 7375 7397 7394 7375
7372 7398 7399 7372 7400 7401 7402 7400 7372 7403 7398 7372 7400 7404 7401 7400 7372 7405 7406 7372 7400 7407 7408 7400 7372 7409 7405 7372 7400 7410 7407 7400
7372 7411 7412 7372 7400 7413 7414 7400 7372 7415 7411 7372 7400 7416 7413 7400 7372 7417 7418 7372 7400 7419 7420 7400 7372 7421 7417 7372 7400 7422 7419 7400
7423 7424 7425 7423 7426 7427 7428 7426 7423 7429 7424 7423 7426 7430 7427 7426 7423 7431 7432 7423 7426 7433 7434 7426 7423 7435 7431 7423 7426 7436 7433 7426
7423 7437 7438 7423 7426 7439 7440 7426 7423 7441 7437 7423 7426 7442 7439 7426 7423 7443 7444 7423 7426 7445 7446 7426 7423 7447 7443 7423 7426 7448 7445 7426
7423 7449 7450 7423 7451 7452 7453 7451 7423 7454 7449 7423 7451 7455 7452 7451 7423 7456 7457 7423 7451 7458 7459 7451 7423 7460 7456 7423 7451 7461 7458 7451
7423 7462 7463 7423 7451 7464 7465 7451 7423 7466 7462 7423 7451 7467 7464 7451 7423 7468 7469 7423 7451 7470 7471 7451 7423 7472 7468 7423 7451 7473 7470 7451
7474 7475 7476 7474 7477 7478 7479 7477 7474 7480 7475 7474 7477 7481 7478 7477 7474 7482 7483 7474 7477 7484 7485 7477 7474 7486 7482 7474 7477 7487 7484 7477
7474 7488 7489 7474 7477 7490 7491 7477 7474 7492 7488 7474 7477 7493 7490 7477 7474 7494 7495 7474 7477 7496 7497 7477 7474 7498 7494 7474 7477 7499 7496 7477
7474 7500 7501 7474 7502 7503 7504 7502 7474 7505 7500 7474 7502 7506 7503 7502 7474 7507 7508 7474 7502 7509 7510 7502 7474 7511 7507 7474 7502 7512 7509 7502
7474 7513 7514 7474 7502 7515 7516 7502 7474 7517 7513 7474 7502 7518 7515 7502 7474 7519 7520 7474 7502 7521 7522 7502 7474 7523 7519 7474 7502 7524 7521 7502
7525 7526 7527 7525 7528 7529 7530 7528 7525 7531 7526 7525 7528 7532 7529 7528 7525 7533 7534 7525 7528 7535 7536 7528 7525 7537 7533 7525 7528 7538 7535 7528
7525 7539 7540 7525 7528 7541 7542 7528 7525 7543 7539 7525 7528 7544 7541 7528 7525 7545 7546 7525 7528 7547 7548 7528 7525 7549 7545 7525 7528 7550 7547 7528
7525 7551 7552 7525 7553 7554 7555 7553 7525 7556 7551 7525 7553 7557 7554 7553 7525 7558 7559 7525 7553 7560 7561 7553 7525 7562 7558 7525 7553 7563 7560 7553
7525 7564 7565 7525 7553 7566 7567 7553 7525 7568 7564 7525 7553 7569 7566 7553 7525 7570 7571 7525 7553 7572 7573 7553 7525 7574 7570 7525 7553 7575 7572 7553
7576 7577 7578 7576 7579 7580 7581 7579 7576 7582 7577 7576 7579 7583 7580 7579 7576 7584 7585 7576 7579 7586 7587 7579 7576 7588 7584 7576 7579 7589 7586 7579
7576 7590 7591 7576 7579 7592 7593 7579 7576 7594 7590 7576 7579 7595 7592 7579 7576 7596 7597 7576 7579 7598 7599 7579 7576 7600 7596 7576 7579 7601 7598 7579
7576 7602 7603 7576 7604 7605 7606 7604 7576 7607 7602 7576 7604 7608 7605 7604 7576 7609 7610 7576 7604 7611 7612 7604 7576 7613 7609 7576 7604 7614 7611 7604
7576 7615 7616 7576 7604 7617 7618 7604 7576 7619 7615 7576 7604 7620 7617 7604 7576 7621 7622 7576 7604 7623 7624 7604 7576 7625 7621 7576 7604 7626 7623 7604
7627 7628 7629 7627 7630 7631 7632 7630 7627 7633 7628 7627 7630 7634 7631 7630 7627 7635 7636 7627 7630 7637 7638 7630 7627 7639 7635 7627 7630 7640 7637 7630
7627 7641 7642 7627 7630 7643 7644 7630 7627 7645 7641 7627 7630 7646 7643 7630 7627 7647 7648 7627 7630 7649 7650 7630 7627 7651 7647 7627 7630 7652 7649 7630
7627 7653 7654 7627 7655 7656 7657 7655 7627 7658 7653 7627 7655 7659 7656 7655 7627 7660 7661 7627 7655 7662 7663 7655 7627 7664 7660 7627 7655 7665 7662 7655
7627 7666 7667 7627 7655 7668 7669 7655 7627 7670 7666 7627 7655 7671 7668 7655 7627 7672 7673 7627 7655 7674 7675 7655 7627 7676 7672 7627 7655 7677 7674 7655
7678 7679 7680 7678 7681 7682 7683 7681 7678 7684 7679 7678 7681 7685 7682 7681 7678 7686 7687 7678 7681 7688 7689 7681 7678 7690 7686 7678 7681 7691 7688 7681
7678 7692 7693 7678 7681 7694 7695 7681 7678 7696 7692 7678 7681 7697 7694 7681 7678 7698 7699 7678 7681 7700 7701 7681 7678 7702 7698 7678 7681 7703 7700 7681
7678 7704 7705 7678 7655 7706 7707 7655 7678 7708 7704 7678 7655 7709 7706 7655 7678 7710 7711 7678 7655 7712 7713 7655 7678 7714 7710 7678 7655 7715 7712 7655
7678 7716 7717 7678 7655 7718 7719 7720 7678 7721 7716 7678 7720 7722 7718 7720 7678 7723 7724 7678 7720 7725 7726 7720 7678 7727 7723 7678 7720 7728 7725 7720
7729 7730 7731 7729 7732 7733 7734 7732 7729 7735 7730 7729 7732 7736 7733 7732 7729 7737 7738 7729 7732 7739 7740 7732 7729 7741 7737 7729 7732 7742 7739 7732
7729 7743 7744 7729 7732 7745 7746 7732 7729 7747 7743 7729 7732 7748 7745 7732 7729 7749 7750 7729 7732 7751 7752 7732 7729 7753 7749 7729 7732 7754 7751 7732
7729 7755 7756 7729 7757 7758 7759 7757 7729 7760 7755 7729 7757 7761 7758 7757 7729 7762 7763 7729 7757 7764 7765 7757 7729 7766 7762 7729 7757 7767 7764 7757
7729 7768 7769 7729 7757 7770 7771 7757 7729 7772 7768 7729 7757 7773 7770 7757 7729 7774 7775 7729 7757 7776 7777 7757 7729 7778 7774 7729 7757 7779 7776 7757
7780 7781 7782 7780 7783 7784 7785 7783 7780 7786 7781 7780 7783 7787 7784 7783 7780 7788 7789 7780 7783 7790 7791 7783 7780 7792 7788 7780 7783 7793 7790 7783
7780 7794 7795 7780 7783 7796 7797 7783 7780 7798 7794 7780 7783 7799 7796 7783 7780 7800 7801 7780 7783 7802 7803 7783 7780 7804 7800 7780 7783 7805 7802 7783
7780 7806 7807 7780 7808 7809 7810 7808 7780 7811 7806 7780 7808 7812 7809 7808 7780 7813 7814 7780 7808 7815 7816 7808 7780 7817 7813 7780 7808 7818 7815 7808
7780 7819 7820 7780 7808 7821 7822 7808 7780 7823 7819 7780 7808 7824 7821 7808 7780 7825 7826 7780 7808 7827 7828 7808 7780 7829 7825 7780 7808 7830 7827 7808
7831 7832 7833 7831 7834 7835 7836 7834 7831 7837 7832 7831 7834 7838 7835 7834 7831 7839 7840 7831 7834 7841 7842 7834 7831 7843 7839 7831 7834 7844 7841 7834
7831 7845 7846 7831 7834 7847 7848 7834 7831 7849 7845 7831 7834 7850 7847 7834 7831 7851 7852 7831 7834 7853 7854 7834 7831 7855 7851 7831 7834 7856 7853 7834
7831 7857 7858 7831 7808 7859 7860 7808 7831 7861 7857 7831 7808 7862 7859 7808 7831 7863 7864 7831 7808 7865 7866 7808 7831 7867 7863 7831 7808 7868 7865 7808
7831 7869 7870 7831 7808 7871 7872 7873 7831 7874 7869 7831 7873 7875 7871 7873 7831 7876 7877 7831 7873 7878 7879 7873 7831 7880 7876 7831 7873 7881 7878 7873
7882 7883 7884 7882 7885 7886 7887 7885 7882 7888 7883 7882 7885 7889 7886 7885 7882 7890 7891 7882 7885 7892 7893 7885 7882 7894 7890 7882 7885 7895 7892 7885
7882 7896 7897 7882 7885 7898 7899 7885 7882 7900 7896 7882 7885 7901 7898 7885 7882 7902 7903 7882 7885 7904 7905 7885 7882 7906 7902 7882 7885 7907 7904 7885
7882 7908 7909 7882 7873 7910 7911 7873 7882 7912 7908 7882 7873 7913 7910 7873 7882 7914 7915 7882 7873 7916 7917 7873 7882 7918 7914 7882 7873 7919 7916 7873
7882 7920 7921 7882 7873 7922 7923 7873 7882 7924 7920 7882 7873 7925 7922 7873 7882 7926 7927 7882 7873 7928 7929 7873 7882 7930 7926 7882 7873 7931 7928 7873
7932 7933 7934 7932 7935 7936 7937 7935 7932 7938 7933 7932 7935 7939 7936 7935 7932 7940 7941 7932 7935 7942 7943 7935 7932 7944 7940 7932 7935 7945 7942 7935
7932 7946 7947 7932 7935 7948 7949 7935 7932 7950 7946 7932 7935 7951 7948 7935 7932 7952 7953 7932 7935 7954 7955 7935 7932 7956 7952 7932 7935 7957 7954 7935
7932 7958 7959 7932 7960 7961 7962 7960 7932 7963 7958 7932 7960 7964 7961 7960 7932 7965 7966 7932 7960 7967 7968 7960 7932 7969 7965 7932 7960 7970 7967 7960
7932 7971 7972 7932 7960 7973 7974 7960 7932 7975 7971 7932 7960 7976 7973 7960 7932 7977 7978 7932 7960 7979 7980 7960 7932 7981 7977 7932 7960 7982 7979 7960
7983 7984 7985 7983 7986 7987 7988 7986 7983 7989 7984 7983 7986 7990 7987 7986 7983 7991 7992 7983 7986 7993 7994 7986 7983 7995 7991 7983 7986 7996 7993 7986
7983 7997 7998 7983 7986 7999 8000 7986 7983 8001 7997 7983 7986 8002 7999 7986 7983 8003 8004 7983 7986 8005 8006 7986 7983 8007 8003 7983 7986 8008 8005 7986
7983 8009 8010 7983 8011 8012 8013 8011 7983 8014 8009 7983 8011 8015 8012 8011 7983 8016 8017 7983 8011 8018 8019 8011 7983 8020 8016 7983 8011 8021 8018 8011
7983 8022 8023 7983 8011 8024 8025 8011 7983 8026 8022 7983 8011 8027 8024 8011 7983 8028 8029 7983 8011 8030 8031 8011 7983 8032 8028 7983 8011 8033 8030 8011
8034 8035 8036 8034 8037 8038 8039 8037 8034 8040 8035 8034 8037 8041 8038 8037 8034 8042 8043 8034 8037 8044 8045 8037 8034 8046 8042 8034 8037 8047 8044 8037
8034 8048 8049 8034 8037 8050 8051 8037 8034 8052 8048 8034 8037 8053 8050 8037 8034 8054 8055 8034 8037 8056 8057 8037 8034 8058 8054 8034 8037 8059 8056 8037
8034 8060 8061 8034 8062 8063 8064 8062 8034 8065 8060 8034 8062 8066 8063 8062 8034 8067 8068 8034 8062 8069 8070 8062 8034 8071 8067 8034 8062 8072 8069 8062
8034 8073 8074 8034 8062 8075 8076 8062 8034 8077 8073 8034 8062 8078 8075 8062 8034 8079 8080 8034 8062 8081 8082 8062 8034 8083 8079 8034 8062 8084 8081 8062
8085 8086 8087 8085 8088 8089 8090 8088 8085 8091 8086 8085 8088 8092 8089 8088 8085 8093 8094 8085 8088 8095 8096 8088 8085 8097 8093 8085 8088 8098 8095 8088
8085 8099 8100 8085 8088 8101 8102 8088 8085 8103 8099 8085 8088 8104 8101 8088 8085 8105 8106 8085 8088 8107 8108 8088 8085 8109 8105 8085 8088 8110 8107 8088
8085 8111 8112 8085 8113 8114 8115 8113 8085 8116 8111 8085 8113 8117 8114 8113 8085 8118 8119 8085 8113 8120 8121 8113 8085 8122 8118 8085 8113 8123 8120 8113
8085 8124 8125 8085 8113 8126 8127 8113 8085 8128 8124 8085 8113 8129 8126 8113 8085 8130 8131 8085 8113 8132 8133 8113 8085 8134 8130 8085 8113 8135 8132 8113
8136 8137 8138 8136 8088 8139 8140 8088 8136 8141 8137 8136 8088 8142 8139 8088 8136 8143 8144 8136 8088 8145 8146 8088 8136 8147 8143 8136 8088 8148 8145 8088
8136 8149 8150 8136 8088 8151 8152 8153 8136 8154 8149 8136 8153 8155 8151 8153 8136 8156 8157 8136 8153 8158 8159 8153 8136 8160 8156 8136 8153 8161 8158 8153
8136 8162 8163 8136 8164 8165 8166 8164 8136 8167 8162 8136 8164 8168 8165 8164 8136 8169 8170 8136 8164 8171 8172 8164 8136 8173 8169 8136 8164 8174 8171 8164
8136 8175 8176 8136 8164 8177 8178 8164 8136 8179 8175 8136 8164 8180 8177 8164 8136 8181 8182 8136 8164 8183 8184 8164 8136 8185 8181 8136 8164 8186 8183 8164
8187 8188 8189 8187 8190 8191 8192 8190 8187 8193 8188 8187 8190 8194 8191 8190 8187 8195 8196 8187 8190 8197 8198 8190 8187 8199 8195 8187 8190 8200 8197 8190
8187 8201 8202 8187 8190 8203 8204 8190 8187 8205 8201 8187 8190 8206 8203 8190 8187 8207 8208 8187 8190 8209 8210 8190 8187 8211 8207 8187 8190 8212 8209 8190
8187 8213 8214 8187 8215 8216 8217 8215 8187 8218 8213 8187 8215 8219 8216 8215 8187 8220 8221 8187 8215 8222 8223 8215 8187 8224 8220 8187 8215 8225 8222 8215
8187 8226 8227 8187 8215 8228 8229 8215 8187 8230 8226 8187 8215 8231 8228 8215 8187 8232 8233 8187 8215 8234 8235 8215 8187 8236 8232 8187 8215 8237 8234 8215
8238 8239 8240 8238 8241 8242 8243 8241 8238 8244 8239 8238 8241 8245 8242 8241 8238 8246 8247 8238 8241 8248 8249 8241 8238 8250 8246 8238 8241 8251 8248 8241
8238 8252 8253 8238 8241 8254 8255 8241 8238 8256 8252 8238 8241 8257 8254 8241 8238 8258 8259 8238 8241 8260 8261 8241 8238 8262 8258 8238 8241 8263 8260 8241
8238 8264 8265 8238 8266 8267 8268 8266 8238 8269 8264 8238 8266 8270 8267 8266 8238 8271 8272 8238 8266 8273 8274 8266 8238 8275 8271 8238 8266 8276 8273 8266
8238 8277 8278 8238 8266 8279 8280 8266 8238 8281 8277 8238 8266 8282 8279 8266 8238 8283 8284 8238 8266 8285 8286 8266 8238 8287 8283 8238 8266 8288 8285 8266
8289 8290 8291 8289 8292 8293 8294 8292 8289 8295 8290 8289 8292 8296 8293 8292 8289 8297 8298 8289 8292 8299 8300 8292 8289 8301 8297 8289 8292 8302 8299 8292
8289 8303 8304 8289 8292 8305 8306 8292 8289 8307 8303 8289 8292 8308 8305 8292 8289 8309 8310 8289 8292 8311 8312 8292 8289 8313 8309 8289 8292 8314 8311 8292
8289 8315 8316 8289 8317 8318 8319 8317 8289 8320 8315 8289 8317 8321 8318 8317 8289 8322 8323 8289 8317 8324 8325 8317 8289 8326 8322 8289 8317 8327 8324 8317
8289 8328 8329 8289 8317 8330 8331 8317 8289 8332 8328 8289 8317 8333 8330 8317 8289 8334 8335 8289 8317 8336 8337 8317 8289 8338 8334 8289 8317 8339 8336 8317
8340 8341 8342 8340 8343 8344 8345 8343 8340 8346 8341 8340 8343 8347 8344 8343 8340 8348 8349 8340 8343 8350 8351 8343 8340 8352 8348 8340 8343 8353 8350 8343
8340 8354 8355 8340 8343 8356 8357 8343 8340 8358 8354 8340 8343 8359 8356 8343 8340 8360 8361 8340 8343 8362 8363 8343 8340 8364 8360 8340 8343 8365 8362 8343
8340 8366 8367 8340 8368 8369 8370 8368 8340 8371 8366 8340 8368 8372 8369 8368 8340 8373 8374 8340 8368 8375 8376 8368 8340 8377 8373 8340 8368 8378 8375 8368
8340 8379 8380 8340 8368 8381 8382 8368 8340 8383 8379 8340 8368 8384 8381 8368 8340 8385 8386 8340 8368 8387 8388 8368 8340 8389 8385 8340 8368 8390 8387 8368
8391 8392 8393 8391 8394 8395 8396 8394 8391 8397 8392 8391 8394 8398 8395 8394 8391 8399 8400 8391 8394 8401 8402 8394 8391 8403 8399 8391 8394 8404 8401 8394
8391 8405 8406 8391 8394 8407 8408 8394 8391 8409 8405 8391 8394 8410 8407 8394 8391 8411 8412 8391 8394 8413 8414 8394 8391 8415 8411 8391 8394 8416 8413 8394
8391 8417 8418 8391 8419 8420 8421 8419 8391 8422 8417 8391 8419 8423 8420 8419 8391 8424 8425 8391 8419 8426 8427 8419 8391 8428 8424 8391 8419 8429 8426 8419
8391 8430 8431 8391 8419 8432 8433 8419 8391 8434 8430 8391 8419 8435 8432 8419 8391 8436 8437 8391 8419 8438 8439 8419 8391 8440 8436 8391 8419 8441 8438 8419
8442 8443 8444 8442 8394 8445 8446 8394 8442 8447 8443 8442 8394 8448 8445 8394 8442 8449 8450 8442 8394 8451 8452 8394 8442 8453 8449 8442 8394 8454 8451 8394
8442 8455 8456 8442 8394 8457 8458 8459 8442 8460 8455 8442 8459 8461 8457 8459 8442 8462 8463 8442 8459 8464 8465 8459 8442 8466 8462 8442 8459 8467 8464 8459
8442 8468 8469 8442 8470 8471 8472 8470 8442 8473 8468 8442 8470 8474 8471 8470 8442 8475 8476 8442 8470 8477 8478 8470 8442 8479 8475 8442 8470 8480 8477 8470
8442 8481 8482 8442 8470 8483 8484 8470 8442 8485 8481 8442 8470 8486 8483 8470 8442 8487 8488 8442 8470 8489 8490 8470 8442 8491 8487 8442 8470 8492 8489 8470
8493 8494 8495 8493 8496 8497 8498 8496 8493 8499 8494 8493 8496 8500 8497 8496 8493 8501 8502 8493 8496 8503 8504 8496 8493 8505 8501 8493 8496 8506 8503 8496
8493 8507 8508 8493 8496 8509 8510 8496 8493 8511 8507 8493 8496 8512 8509 8496 8493 8513 8514 8493 8496 8515 8516 8496 8493 8517 8513 8493 8496 8518 8515 8496
8493 8519 8520 8493 8521 8522 8523 8521 8493 8524 8519 8493 8521 8525 8522 8521 8493 8526 8527 8493 8521 8528 8529 8521 8493 8530 8526 8493 8521 8531 8528 8521
8493 8532 8533 8493 8521 8534 8535 8521 8493 8536 8532 8493 8521 8537 8534 8521 8493 8538 8539 8493 8521 8540 8541 8521 8493 8542 8538 8493 8521 8543 8540 8521
8544 8545 8546 8544 8547 8548 8549 8547 8544 8550 8545 8544 8547 8551 8548 8547 8544 8552 8553 8544 8547 8554 8555 8547 8544 8556 8552 8544 8547 8557 8554 8547
8544 8558 8559 8544 8547 8560 8561 8547 8544 8562 8558 8544 8547 8563 8560 8547 8544 8564 8565 8544 8547 8566 8567 8547 8544 8568 8564 8544 8547 8569 8566 8547
8544 8570 8571 8544 8572 8573 8574 8572 8544 8575 8570 8544 8572 8576 8573 8572 8544 8577 8578 8544 8572 8579 8580 8572 8544 8581 8577 8544 8572 8582 8579 8572
8544 8583 8584 8544 8572 8585 8586 8572 8544 8587 8583 8544 8572 8588 8585 8572 8544 8589 8590 8544 8572 8591 8592 8572 8544 8593 8589 8544 8572 8594 8591 8572
8595 8596 8597 8595 8598 8599 8600 8598 8595 8601 8596 8595 8598 8602 8599 8598 8595 8603 8604 8595 8598 8605 8606 8598 8595 8607 8603 8595 8598 8608 8605 8598
8595 8609 8610 8595 8598 8611 8612 8598 8595 8613 8609 8595 8598 8614 8611 8598 8595 8615 8616 8595 8598 8617 8618 8598 8595 8619 8615 8595 8598 8620 8617 8598
8595 8621 8622 8595 8623 8624 8625 8623 8595 8626 8621 8595 8623 8627 8624 8623 8595 8628 8629 8595 8623 8630 8631 8623 8595 8632 8628 8595 8623 8633 8630 8623
8595 8634 8635 8595 8623 8636 8637 8623 8595 8638 8634 8595 8623 8639 8636 8623 8595 8640 8641 8595 8623 8642 8643 8623 8595 8644 8640 8595 8623 8645 8642 8623
8646 8647 8648 8646 8649 8650 8651 8649 8646 8652 8647 8646 8649 8653 8650 8649 8646 8654 8655 8646 8649 8656 8657 8649 8646 8658 8654 8646 8649 8659 8656 8649
8646 8660 8661 8646 8649 8662 8663 8649 8646 8664 8660 8646 8649 8665 8662 8649 8646 8666 8667 8646 8649 8668 8669 8649 8646 8670 8666 8646 8649 8671 8668 8649
8646 8672 8673 8646 8674 8675 8676 8674 8646 8677 8672 8646 8674 8678 8675 8674 8646 8679 8680 8646 8674 8681 8682 8674 8646 8683 8679 8646 8674 8684 8681 8674
8646 8685 8686 8646 8674 8687 8688 8674 8646 8689 8685 8646 8674 8690 8687 8674 8646 8691 8692 8646 8674 8693 8694 8674 8646 8695 8691 8646 8674 8696 8693 8674
8697 8698 8699 8697 8700 8701 8702 8700 8697 8703 8698 8697 8700 8704 8701 8700 8697 8705 8706 8697 8700 8707 8708 8700 8697 8709 8705 8697 8700 8710 8707 8700
8697 8711 8712 8697 8700 8713 8714 8700 8697 8715 8711 8697 8700 8716 8713 8700 8697 8717 8718 8697 8700 8719 8720 8700 8697 8721 8717 8697 8700 8722 8719 8700
8697 8723 8724 8697 8725 8726 8727 8725 8697 8728 8723 8697 8725 8729 8726 8725 8697 8730 8731 8697 8725 8732 8733 8725 8697 8734 8730 8697 8725 8735 8732 8725
8697 8736 8737 8697 8725 8738 8739 8725 8697 8740 8736 8697 8725 8741 8738 8725 8697 8742 8743 8697 8725 8744 8745 8725 8697 8746 8742 8697 8725 8747 8744 8725
8748 8749 8750 8748 8751 8752 8753 8751 8748 8754 8749 8748 8751 8755 8752 8751 8748 8756 8757 8748 8751 8758 8759 8751 8748 8760 8756 8748 8751 8761 8758 8751
8748 8762 8763 8748 8751 8764 8765 8751 8748 8766 8762 8748 8751 8767 8764 8751 8748 8768 8769 8748 8751 8770 8771 8751 8748 8772 8768 8748 8751 8773 8770 8751
8748 8774 8775 8748 8776 8777 8778 8776 8748 8779 8774 8748 8776 8780 8777 8776 8748 8781 8782 8748 8776 8783 8784 8776 8748 8785 8781 8748 8776 8786 8783 8776
8748 8787 8788 8748 8776 8789 8790 8776 8748 8791 8787 8748 8776 8792 8789 8776 8748 8793 8794 8748 8776 8795 8796 8776 8748 8797 8793 8748 8776 8798 8795 8776
8799 8800 8801 8799 8802 8803 8804 8802 8799 8805 8800 8799 8802 8806 8803 8802 8799 8807 8808 8799 8802 8809 8810 8802 8799 8811 8807 8799 8802 8812 8809 8802
8799 8813 8814 8799 8802 8815 8816 8802 8799 8817 8813 8799 8802 8818 8815 8802 8799 8819 8820 8799 8802 8821 8822 8802 8799 8823 8819 8799 8802 8824 8821 8802
8799 8825 8826 8799 8827 8828 8829 8827 8799 8830 8825 8799 8827 8831 8828 8827 8799 8832 8833 8799 8827 8834 8835 8827 8799 8836 8832 8799 8827 8837 8834 8827
8799 8838 8839 8799 8827 8840 8841 8827 8799 8842 8838 8799 8827 8843 8840 8827 8799 8844 8845 8799 8827 8846 8847 8827 8799 8848 8844 8799 8827 8849 8846 8827
8850 8851 8852 8850 8853 8854 8855 8853 8850 8856 8851 8850 8853 8857 8854 8853 8850 8858 8859 8850 8853 8860 8861 8853 8850 8862 8858 8850 8853 8863 8860 8853
8850 8864 8865 8850 8853 8866 8867 8853 8850 8868 8864 8850 8853 8869 8866 8853 8850 8870 8871 8850 8853 8872 8873 8853 8850 8874 8870 8850 8853 8875 8872 8853
8850 8876 8877 8850 8878 8879 8880 8878 8850 8881 8876 8850 8878 8882 8879 8878 8850 8883 8884 8850 8878 8885 8886 8878 8850 8887 8883 8850 8878 8888 8885 8878
8850 8889 8890 8850 8878 8891 8892 8878 8850 8893 8889 8850 8878 8894 8891 8878 8850 8895 8896 8850 8878 8897 8898 8878 8850 8899 8895 8850 8878 8900 8897 8878
8901 8902 8903 8901 8904 8905 8906 8904 8901 8907 8902 8901 8904 8908 8905 8904 8901 8909 8910 8901 8904 8911 8912 8904 8901 8913 8909 8901 8904 8914 8911 8904
8901 8915 8916 8901 8904 8917 8918 8904 8901 8919 8915 8901 8904 8920 8917 8904 8901 8921 8922 8901 8904 8923 8924 8904 8901 8925 8921 8901 8904 8926 8923 8904
8901 8927 8928 8901 8929 8930 8931 8929 8901 8932 8927 8901 8929 8933 8930 8929 8901 8934 8935 8901 8929 8936 8937 8929 8901 8938 8934 8901 8929 8939 8936 8929
8901 8940 8941 8901 8929 8942 8943 8929 8901 8944 8940 8901 8929 8945 8942 8929 8901 8946 8947 8901 8929 8948 8949 8929 8901 8950 8946 8901 8929 8951 8948 8929
8952 8953 8954 8952 8955 8956 8957 8955 8952 8958 8953 8952 8955 8959 8956 8955 8952 8960 8961 8952 8955 8962 8963 8955 8952 8964 8960 8952 8955 8965 8962 8955
8952 8966 8967 8952 8955 8968 8969 8955 8952 8970 8966 8952 8955 8971 8968 8955 8952 8972 8973 8952 8955 8974 8975 8955 8952 8976 8972 8952 8955 8977 8974 8955
8952 8978 8979 8952 8980 8981 8982 8980 8952 8983 8978 8952 8980 8984 8981 8980 8952 8985 8986 8952 8980 8987 8988 8980 8952 8989 8985 8952 8980 8990 8987 8980
8952 8991 8992 8952 8980 8993 8994 8980 8952 8995 8991 8952 8980 8996 8993 8980 8952 8997 8998 8952 8980 8999 9000 8980 8952 9001 8997 8952 8980 9002 8999 8980
9003 9004 9005 9003 9006 9007 9008 9006 9003 9009 9004 9003 9006 9010 9007 9006 9003 9011 9012 9003 9006 9013 9014 9006 9003 9015 9011 9003 9006 9016 9013 9006
9003 9017 9018 9003 9006 9019 9020 9006 9003 9021 9017 9003 9006 9022 9019 9006 9003 9023 9024 9003 9006 9025 9026 9006 9003 9027 9023 9003 9006 9028 9025 9006
9003 9029 9030 9003 9031 9032 9033 9031 9003 9034 9029 9003 9031 9035 9032 9031 9003 9036 9037 9003 9031 9038 9039 9031 9003 9040 9036 9003 9031 9041 9038 9031
9003 9042 9043 9003 9031 9044 9045 9031 9003 9046 9042 9003 9031 9047 9044 9031 9003 9048 9049 9003 9031 9050 9051 9031 9003 9052 9048 9003 9031 9053 9050 9031
9054 9055 9056 9054 9057 9058 9059 9057 9054 9060 9055 9054 9057 9061 9058 9057 9054 9062 9063 9054 9057 9064 9065 9057 9054 9066 9062 9054 9057 9067 9064 9057
9054 9068 9069 9054 9057 9070 9071 9057 9054 9072 9068 9054 9057 9073 9070 9057 9054 9074 9075 9054 9057 9076 9077 9057 9054 9078 9074 9054 9057 9079 9076 9057
9054 9080 9081 9054 9082 9083 9084 9082 9054 9085 9080 9054 9082 9086 9083 9082 9054 9087 9088 9054 9082 9089 9090 9082 9054 9091 9087 9054 9082 9092 9089 9082
9054 9093 9094 9054 9082 9095 9096 9082 9054 9097 9093 9054 9082 9098 9095 9082 9054 9099 9100 9054 9082 9101 9102 9082 9054 9103 9099 9054 9082 9104 9101 9082
9105 9106 9107 9105 9108 9109 9110 9108 9105 9111 9106 9105 9108 9112 9109 9108 9105 9113 9114 9105 9108 9115 9116 9108 9105 9117 9113 9105 9108 9118 9115 9108
9105 9119 9120 9105 9108 9121 9122 9108 9105 9123 9119 9105 9108 9124 9121 9108 9105 9125 9126 9105 9108 9127 9128 9108 9105 9129 9125 9105 9108 9130 9127 9108
9105 9131 9132 9105 9133 9134 9135 9133 9105 9136 9131 9105 9133 9137 9134 9133 9105 9138 9139 9105 9133 9140 9141 9133 9105 9142 9138 9105 9133 9143 9140 9133
9105 9144 9145 9105 9133 9146 9147 9133 9105 9148 9144 9105 9133 9149 9146 9133 9105 9150 9151 9105 9133 9152 9153 9133 9105 9154 9150 9105 9133 9155 9152 9133
9156 9157 9158 9156 9159 9160 9161 9159 9156 9162 9157 9156 9159 9163 9160 9159 9156 9164 9165 9156 9159 9166 9167 9159 9156 9168 9164 9156 9159 9169 9166 9159
9156 9170 9171 9156 9159 9172 9173 9159 9156 9174 9170 9156 9159 9175 9172 9159 9156 9176 9177 9156 9159 9178 9179 9159 9156 9180 9176 9156 9159 9181 9178 9159
9156 9182 9183 9156 9184 9185 9186 9184 9156 9187 9182 9156 9184 9188 9185 9184 9156 9189 9190 9156 9184 9191 9192 9184 9156 9193 9189 9156 9184 9194 9191 9184
9156 9195 9196 9156 9184 9197 9198 9184 9156 9199 9195 9156 9184 9200 9197 9184 9156 9201 9202 9156 9184 9203 9204 9184 9156 9205 9201 9156 9184 9206 9203 9184
9207 9208 9209 9207 9210 9211 9212 9210 9207 9213 9208 9207 9210 9214 9211 9210 9207 9215 9216 9207 9210 9217 9218 9210 9207 9219 9215 9207 9210 9220 9217 9210
9207 9221 9222 9207 9210 9223 9224 9210 9207 9225 9221 9207 9210 9226 9223 9210 9207 9227 9228 9207 9210 9229 9230 9210 9207 9231 9227 9207 9210 9232 9229 9210
9207 9233 9234 9207 9235 9236 9237 9235 9207 9238 9233 9207 9235 9239 9236 9235 9207 9240 9241 9207 9235 9242 9243 9235 9207 9244 9240 9207 9235 9245 9242 9235
9207 9246 9247 9207 9235 9248 9249 9235 9207 9250 9246 9207 9235 9251 9248 9235 9207 9252 9253 9207 9235 9254 9255 9235 9207 9256 9252 9207 9235 9257 9254 9235
9258 9259 9260 9258 9261 9262 9263 9261 9258 9264 9259 9258 9261 9265 9262 9261 9258 9266 9267 9258 9261 9268 9269 9261 9258 9270 9266 9258 9261 9271 9268 9261
9258 9272 9273 9258 9261 9274 9275 9261 9258 9276 9272 9258 9261 9277 9274 9261 9258 9278 9279 9258 9261 9280 9281 9261 9258 9282 9278 9258 9261 9283 9280 9261
9258 9284 9285 9258 9286 9287 9288 9286 9258 9289 9284 9258 9286 9290 9287 9286 9258 9291 9292 9258 9286 9293 9294 9286 9258 9295 9291 9258 9286 9296 9293 9286
9258 9297 9298 9258 9286 9299 9300 9286 9258 9301 9297 9258 9286 9302 9299 9286 9258 9303 9304 9258 9286 9305 9306 9286 9258 9307 9303 9258 9286 9308 9305 9286
9309 9310 9311 9309 9312 9313 9314 9312 9309 9315 9310 9309 9312 9316 9313 9312 9309 9317 9318 9309 9312 9319 9320 9312 9309 9321 9317 9309 9312 9322 9319 9312
9309 9323 9324 9309 9312 9325 9326 9312 9309 9327 9323 9309 9312 9328 9325 9312 9309 9329 9330 9309 9312 9331 9332 9312 9309 9333 9329 9309 9312 9334 9331 9312
9309 9335 9336 9309 9337 9338 9339 9337 9309 9340 9335 9309 9337 9341 9338 9337 9309 9342 9343 9309 9337 9344 9345 9337 9309 9346 9342 9309 9337 9347 9344 9337
9309 9348 9349 9309 9337 9350 9351 9337 9309 9352 9348 9309 9337 9353 9350 9337 9309 9354 9355 9309 9337 9356 9357 9337 9309 9358 9354 9309 9337 9359 9356 9337
9360 9361 9362 9360 9363 9364 9365 9363 9360 9366 9361 9360 9363 9367 9364 9363 9360 9368 9369 9360 9363 9370 9371 9363 9360 9372 9368 9360 9363 9373 9370 9363
9360 9374 9375 9360 9363 9376 9377 9363 9360 9378 9374 9360 9363 9379 9376 9363 9360 9380 9381 9360 9363 9382 9383 9363 9360 9384 9380 9360 9363 9385 9382 9363
9360 9386 9387 9360 9388 9389 9390 9388 9360 9391 9386 9360 9388 9392 9389 9388 9360 9393 9394 9360 9388 9395 9396 9388 9360 9397 9393 9360 9388 9398 9395 9388
9360 9399 9400 9360 9388 9401 9402 9388 9360 9403 9399 9360 9388 9404 9401 9388 9360 9405 9406 9360 9388 9407 9408 9388 9360 9409 9405 9360 9388 9410 9407 9388
9411 9412 9413 9411 9414 9415 9416 9414 9411 9417 9412 9411 9414 9418 9415 9414 9411 9419 9420 9411 9414 9421 9422 9414 9411 9423 9419 9411 9414 9424 9421 9414
9411 9425 9426 9411 9414 9427 9428 9414 9411 9429 9425 9411 9414 9430 9427 9414 9411 9431 9432 9411 9414 9433 9434 9414 9411 9435 9431 9411 9414 9436 9433 9414
9411 9437 9438 9411 9439 9440 9441 9439 9411 9442 9437 9411 9439 9443 9440 9439 9411 9444 9445 9411 9439 9446 9447 9439 9411 9448 9444 9411 9439 9449 9446 9439
9411 9450 9451 9411 9439 9452 9453 9439 9411 9454 9450 9411 9439 9455 9452 9439 9411 9456 9457 9411 9439 9458 9459 9439 9411 9460 9456 9411 9439 9461 9458 9439
9462 9463 9464 9462 9465 9466 9467 9465 9462 9468 9463 9462 9465 9469 9466 9465 9462 9470 9471 9462 9465 9472 9473 9465 9462 9474 9470 9462 9465 9475 9472 9465
9462 9476 9477 9462 9465 9478 9479 9465 9462 9480 9476 9462 9465 9481 9478 9465 9462 9482 9483 9462 9465 9484 9485 9465 9462 9486 9482 9462 9465 9487 9484 9465
9462 9488 9489 9462 9490 9491 9492 9490 9462 9493 9488 9462 9490 9494 9491 9490 9462 9495 9496 9462 9490 9497 9498 9490 9462 9499 9495 9462 9490 9500 9497 9490
9462 9501 9502 9462 9490 9503 9504 9490 9462 9505 9501 9462 9490 9506 9503 9490 9462 9507 9508 9462 9490 9509 9510 9490 9462 9511 9507 9462 9490 9512 9509 9490
9513 9514 9515 9513 9516 9517 9518 9516 9513 9519 9514 9513 9516 9520 9517 9516 9513 9521 9522 9513 9516 9523 9524 9516 9513 9525 9521 9513 9516 9526 9523 9516
9513 9527 9528 9513 9516 9529 9530 9516 9513 9531 9527 9513 9516 9532 9529 9516 9513 9533 9534 9513 9516 9535 9536 9516 9513 9537 9533 9513 9516 9538 9535 9516
9513 9539 9540 9513 9541 9542 9543 9541 9513 9544 9539 9513 9541 9545 9542 9541 9513 9546 9547 9513 9541 9548 9549 9541 9513 9550 9546 9513 9541 9551 9548 9541
9513 9552 9553 9513 9541 9554 9555 9541 9513 9556 9552 9513 9541 9557 9554 9541 9513 9558 9559 9513 9541 9560 9561 9541 9513 9562 9558 9513 9541 9563 9560 9541
9564 9565 9566 9564 9567 9568 9569 9567 9564 9570 9565 9564 9567 9571 9568 9567 9564 9572 9573 9564 9567 9574 9575 9567 9564 9576 9572 9564 9567 9577 9574 9567
9564 9578 9579 9564 9567 9580 9581 9567 9564 9582 9578 9564 9567 9583 9580 9567 9564 9584 9585 9564 9567 9586 9587 9567 9564 9588 9584 9564 9567 9589 9586 9567
9564 9590 9591 9564 9592 9593 9594 9592 9564 9595 9590 9564 9592 9596 9593 9592 9564 9597 9598 9564 9592 9599 9600 9592 9564 9601 9597 9564 9592 9602 9599 9592
9564 9603 9604 9564 9592 9605 9606 9592 9564 9607 9603 9564 9592 9608 9605 9592 9564 9609 9610 9564 9592 9611 9612 9592 9564 9613 9609 9564 9592 9614 9611 9592
9615 9616 9617 9615 9618 9619 9620 9618 9615 9621 9616 9615 9618 9622 9619 9618 9615 9623 9624 9615 9618 9625 9626 9618 9615 9627 9623 9615 9618 9628 9625 9618
9615 9629 9630 9615 9618 9631 9632 9618 9615 9633 9629 9615 9618 9634 9631 9618 9615 9635 9636 9615 9618 9637 9638 9618 9615 9639 9635 9615 9618 9640 9637 9618
9615 9641 9642 9615 9643 9644 9645 9643 9615 9646 9641 9615 9643 9647 9644 9643 9615 9648 9649 9615 9643 9650 9651 9643 9615 9652 9648 9615 9643 9653 9650 9643
9615 9654 9655 9615 9643 9656 9657 9643 9615 9658 9654 9615 9643 9659 9656 9643 9615 9660 9661 9615 9643 9662 9663 9643 9615 9664 9660 9615 9643 9665 9662 9643
9666 9667 9668 9666 9618 9669 9670 9618 9666 9671 9667 9666 9618 9672 9669 9618 9666 9673 9674 9666 9618 9675 9676 9618 9666 9677 9673 9666 9618 9678 9675 9618
9666 9679 9680 9666 9618 9681 9682 9683 9666 9684 9679 9666 9683 9685 9681 9683 9666 9686 9687 9666 9683 9688 9689 9683 9666 9690 9686 9666 9683 9691 9688 9683
9666 9692 9693 9666 9694 9695 9696 9694 9666 9697 9692 9666 9694 9698 9695 9694 9666 9699 9700 9666 9694 9701 9702 9694 9666 9703 9699 9666 9694 9704 9701 9694
9666 9705 9706 9666 9694 9707 9708 9694 9666 9709 9705 9666 9694 9710 9707 9694 9666 9711 9712 9666 9694 9713 9714 9694 9666 9715 9711 9666 9694 9716 9713 9694
9717 9718 9719 9717 9720 9721 9722 9720 9717 9723 9718 9717 9720 9724 9721 9720 9717 9725 9726 9717 9720 9727 9728 9720 9717 9729 9725 9717 9720 9730 9727 9720
9717 9731 9732 9717 9720 9733 9734 9720 9717 9735 9731 9717 9720 9736 9733 9720 9717 9737 9738 9717 9720 9739 9740 9720 9717 9741 9737 9717 9720 9742 9739 9720
9717 9743 9744 9717 9745 9746 9747 9745 9717 9748 9743 9717 9745 9749 9746 9745 9717 9750 9751 9717 9745 9752 9753 9745 9717 9754 9750 9717 9745 9755 9752 9745
9717 9756 9757 9717 9745 9758 9759 9745 9717 9760 9756 9717 9745 9761 9758 9745 9717 9762 9763 9717 9745 9764 9765 9745 9717 9766 9762 9717 9745 9767 9764 9745
9768 9769 9770 9768 9771 9772 9773 9771 9768 9774 9769 9768 9771 9775 9772 9771 9768 9776 9777 9768 9771 9778 9779 9771 9768 9780 9776 9768 9771 9781 9778 9771
9768 9782 9783 9768 9771 9784 9785 9771 9768 9786 9782 9768 9771 9787 9784 9771 9768 9788 9789 9768 9771 9790 9791 9771 9768 9792 9788 9768 9771 9793 9790 9771
9768 9794 9795 9768 9796 9797 9798 9796 9768 9799 9794 9768 9796 9800 9797 9796 9768 9801 9802 9768 9796 9803 9804 9796 9768 9805 9801 9768 9796 9806 9803 9796
9768 9807 9808 9768 9796 9809 9810 9796 9768 9811 9807 9768 9796 9812 9809 9796 9768 9813 9814 9768 9796 9815 9816 9796 9768 9817 9813 9768 9796 9818 9815 9796
9819 9820 9821 9819 9822 9823 9824 9822 9819 9825 9820 9819 9822 9826 9823 9822 9819 9827 9828 9819 9822 9829 9830 9822 9819 9831 9827 9819 9822 9832 9829 9822
9819 9833 9834 9819 9822 9835 9836 9822 9819 9837 9833 9819 9822 9838 9835 9822 9819 9839 9840 9819 9822 9841 9842 9822 9819 9843 9839 9819 9822 9844 9841 9822
9819 9845 9846 9819 9847 9848 9849 9847 9819 9850 9845 9819 9847 9851 9848 9847 9819 9852 9853 9819 9847 9854 9855 9847 9819 9856 9852 9819 9847 9857 9854 9847
9819 9858 9859 9819 9847 9860 9861 9847 9819 9862 9858 9819 9847 9863 9860 9847 9819 9864 9865 9819 9847 9866 9867 9847 9819 9868 9864 9819 9847 9869 9866 9847
9870 9871 9872 9870 9873 9874 9875 9873 9870 9876 9871 9870 9873 9877 9874 9873 9870 9878 9879 9870 9873 9880 9881 9873 9870 9882 9878 9870 9873 9883 9880 9873
9870 9884 9885 9870 9873 9886 9887 9873 9870 9888 9884 9870 9873 9889 9886 9873 9870 9890 9891 9870 9873 9892 9893 9873 9870 9894 9890 9870 9873 9895 9892 9873
9870 9896 9897 9870 9898 9899 9900 9898 9870 9901 9896 9870 9898 9902 9899 9898 9870 9903 9904 9870 9898 9905 9906 9898 9870 9907 9903 9870 9898 9908 9905 9898
9870 9909 9910 9870 9898 9911 9912 9898 9870 9913 9909 9870 9898 9914 9911 9898 9870 9915 9916 9870 9898 9917 9918 9898 9870 9919 9915 9870 9898 9920 9917 9898
9921 9922 9923 9921 9924 9925 9926 9924 9921 9927 9922 9921 9924 9928 9925 9924 9921 9929 9930 9921 9924 9931 9932 9924 9921 9933 9929 9921 9924 9934 9931 9924
9921 9935 9936 9921 9924 9937 9938 9924 9921 9939 9935 9921 9924 9940 9937 9924 9921 9941 9942 9921 9924 9943 9944 9924 9921 9945 9941 9921 9924 9946 9943 9924
9921 9947 9948 9921 9949 9950 9951 9949 9921 9952 9947 9921 9949 9953 9950 9949 9921 9954 9955 9921 9949 9956 9957 9949 9921 9958 9954 9921 9949 9959 9956 9949
9921 9960 9961 9921 9949 9962 9963 9949 9921 9964 9960 9921 9949 9965 9962 9949 9921 9966 9967 9921 9949 9968 9969 9949 9921 9970 9966 9921 9949 9971 9968 9949
9972 9973 9974 9972 9975 9976 9977 9975 9972 9978 9973 9972 9975 9979 9976 9975 9972 9980 9981 9972 9975 9982 9983 9975 9972 9984 9980 9972 9975 9985 9982 9975
9972 9986 9987 9972 9975 9988 9989 9975 9972 9990 9986 9972 9975 9991 9988 9975 9972 9992 9993 9972 9975 9994 9995 9975 9972 9996 9992 9972 9975 9997 9994 9975
9972 9998 9999 9972 10000 10001 10002 10000 9972 10003 9998 9972 10000 10004 10001 10000 9972 10005 10006 9972 10000 10007 10008 10000 9972 10009 10005 9972 10000 10010 10007 10000
9972 10011 10012 9972 10000 10013 10014 10000 9972 10015 10011 9972 10000 10016 10013 10000 9972 10017 10018 9972 10000 10019 10020 10000 9972 10021 10017 9972 10000 10022 10019 10000
10023 10024 10025 10023 10026 10027 10028 10026 10023 10029 10024 10023 10026 10030 10027 10026 10023 10031 10032 10023 10026 10033 10034 10026 10023 10035 10031 10023 10026 10036 10033 10026
10023 10037 10038 10023 10026 10039 10040 10026 10023 10041 10037 10023 10026 10042 10039 10026 10023 10043 10044 10023 10026 10045 10046 10026 10023 10047 10043 10023 10026 10048 10045 10026
10023 10049 10050 10023 10051 10052 10053 10051 10023 10054 10049 10023 10051 10055 10052 10051 10023 10056 10057 10023 10051 10058 10059 10051 10023 10060 10056 10023 10051 10061 10058 10051
10023 10062 10063 10023 10051 10064 10065 10051 10023 10066 10062 10023 10051 10067 10064 10051 10023 10068 10069 10023 10051 10070 10071 10051 10023 10072 10068 10023 10051 10073 10070 10051
10074 10075 10076 10074 10077 10078 10079 10077 10074 10080 10075 10074 10077 10081 10078 10077 10074 10082 10083 10074 10077 10084 10085 10077 10074 10086 10082 10074 10077 10087 10084 10077
10074 10088 10089 10074 10077 10090 10091 10077 10074 10092 10088 10074 10077 10093 10090 10077 10074 10094 10095 10074 10077 10096 10097 10077 10074 10098 10094 10074 10077 10099 10096 10077
10074 10100 10101 10074 10102 10103 10104 10102 10074 10105 10100 10074 10102 10106 10103 10102 10074 10107 10108 10074 10102 10109 10110 10102 10074 10111 10107 10074 10102 10112 10109 10102
10074 10113 10114 10074 10102 10115 10116 10102 10074 10117 10113 10074 10102 10118 10115 10102 10074 10119 10120 10074 10102 10121 10122 10102 10074 10123 10119 10074 10102 10124 10121 10102
10125 10126 10127 10125 10128 10129 10130 10128 10125 10131 10126 10125 10128 10132 10129 10128 10125 10133 10134 10125 10128 10135 10136 10128 10125 10137 10133 10125 10128 10138 10135 10128
10125 10139 10140 10125 10128 10141 10142 10128 10125 10143 10139 10125 10128 10144 10141 10128 10125 10145 10146 10125 10128 10147 10148 10128 10125 10149 10145 10125 10128 10150 10147 10128
10125 10151 10152 10125 10153 10154 10155 10153 10125 10156 10151 10125 10153 10157 10154 10153 10125 10158 10159 10125 10153 10160 10161 10153 10125 10162 10158 10125 10153 10163 10160 10153
10125 10164 10165 10125 10153 10166 10167 10153 10125 10168 10164 10125 10153 10169 10166 10153 10125 10170 10171 10125 10153 10172 10173 10153 10125 10174 10170 10125 10153 10175 10172 10153
10176 10177 10178 10176 10179 10180 10181 10179 10176 10182 10177 10176 10179 10183 10180 10179 10176 10184 10185 10176 10179 10186 10187 10179 10176 10188 10184 10176 10179 10189 10186 10179
10176 10190 10191 10176 10179 10192 10193 10179 10176 10194 10190 10176 10179 10195 10192 10179 10176 10196 10197 10176 10179 10198 10199 10179 10176 10200 10196 10176 10179 10201 10198 10179
10176 10202 10203 10176 10204 10205 10206 10204 10176 10207 10202 10176 10204 10208 10205 10204 10176 10209 10210 10176 10204 10211 10212 10204 10176 10213 10209 10176 10204 10214 10211 10204
10176 10215 10216 10176 10204 10217 10218 10204 10176 10219 10215 10176 10204 10220 10217 10204 10176 10221 10222 10176 10204 10223 10224 10204 10176 10225 10221 10176 10204 10226 10223 10204
10227 10228 10229 10227 10230 10231 10232 10230 10227 10233 10228 10227 10230 10234 10231 10230 10227 10235 10236 10227 10230 10237 10238 10230 10227 10239 10235 10227 10230 10240 10237 10230
10227 10241 10242 10227 10230 10243 10244 10230 10227 10245 10241 10227 10230 10246 10243 10230 10227 10247 10248 10227 10230 10249 10250 10230 10227 10251 10247 10227 10230 10252 10249 10230
10227 10253 10254 10227 10255 10256 10257 10255 10227 10258 10253 10227 10255 10259 10256 10255 10227 10260 10261 10227 10255 10262 10263 10255 10227 10264 10260 10227 10255 10265 10262 10255
10227 10266 10267 10227 10255 10268 10269 10255 10227 10270 10266 10227 10255 10271 10268 10255 10227 10272 10273 10227 10255 10274 10275 10255 10227 10276 10272 10227 10255 10277 10274 10255
10278 10279 10280 10278 10281 10282 10283 10281 10278 10284 10279 10278 10281 10285 10282 10281 10278 10286 10287 10278 10281 10288 10289 10281 10278 10290 10286 10278 10281 10291 10288 10281
10278 10292 10293 10278 10281 10294 10295 10281 10278 10296 10292 10278 10281 10297 10294 10281 10278 10298 10299 10278 10281 10300 10301 10281 10278 10302 10298 10278 10281 10303 10300 10281
10278 10304 10305 10278 10306 10307 10308 10306 10278 10309 10304 10278 10306 10310 10307 10306 10278 10311 10312 10278 10306 10313 10314 10306 10278 10315 10311 10278 10306 10316 10313 10306
10278 10317 10318 10278 10306 10319 10320 10306 10278 10321 10317 10278 10306 10322 10319 10306 10278 10323 10324 10278 10306 10325 10326 10306 10278 10327 10323 10278 10306 10328 10325 10306
10329 10330 10331 10329 10281 10332 10333 10281 10329 10334 10330 10329 10281 10335 10332 10281 10329 10336 10337 10329 10281 10338 10339 10281 10329 10340 10336 10329 10281 10341 10338 10281
10329 10342 10343 10329 10281 10344 10345 10346 10329 10347 10342 10329 10346 10348 10344 10346 10329 10349 10350 10329 10346 10351 10352 10346 10329 10353 10349 10329 10346 10354 10351 10346
10329 10355 10356 10329 10357 10358 10359 10357 10329 10360 10355 10329 10357 10361 10358 10357 10329 10362 10363 10329 10357 10364 10365 10357 10329 10366 10362 10329 10357 10367 10364 10357
10329 10368 10369 10329 10357 10370 10371 10357 10329 10372 10368 10329 10357 10373 10370 10357 10329 10374 10375 10329 10357 10376 10377 10357 10329 10378 10374 10329 10357 10379 10376 10357
10380 10381 10382 10380 10383 10384 10385 10383 10380 10386 10381 10380 10383 10387 10384 10383 10380 10388 10389 10380 10383 10390 10391 10383 10380 10392 10388 10380 10383 10393 10390 10383
10380 10394 10395 10380 10383 10396 10397 10383 10380 10398 10394 10380 10383 10399 10396 10383 10380 10400 10401 10380 10383 10402 10403 10383 10380 10404 10400 10380 10383 10405 10402 10383
10380 10406 10407 10380 10408 10409 10410 10408 10380 10411 10406 10380 10408 10412 10409 10408 10380 10413 10414 10380 10408 10415 10416 10408 10380 10417 10413 10380 10408 10418 10415 10408
10380 10419 10420 10380 10408 10421 10422 10408 10380 10423 10419 10380 10408 10424 10421 10408 10380 10425 10426 10380 10408 10427 10428 10408 10380 10429 10425 10380 10408 10430 10427 10408
10431 10432 10433 10431 10434 10435 10436 10434 10431 10437 10432 10431 10434 10438 10435 10434 10431 10439 10440 10431 10434 10441 10442 10434 10431 10443 10439 10431 10434 10444 10441 10434
10431 10445 10446 10431 10434 10447 10448 10434 10431 10449 10445 10431 10434 10450 10447 10434 10431 10451 10452 10431 10434 10453 10454 10434 10431 10455 10451 10431 10434 10456 10453 10434
10431 10457 10458 10431 10459 10460 10461 10459 10431 10462 10457 10431 10459 10463 10460 10459 10431 10464 10465 10431 10459 10466 10467 10459 10431 10468 10464 10431 10459 10469 10466 10459
10431 10470 10471 10431 10459 10472 10473 10459 10431 10474 10470 10431 10459 10475 10472 10459 10431 10476 10477 10431 10459 10478 10479 10459 10431 10480 10476 10431 10459 10481 10478 10459
10482 10483 10484 10482 10485 10486 10487 10485 10482 10488 10483 10482 10485 10489 10486 10485 10482 10490 10491 10482 10485 10492 10493 10485 10482 10494 10490 10482 10485 10495 10492 10485
10482 10496 10497 10482 10485 10498 10499 10485 10482 10500 10496 10482 10485 10501 10498 10485 10482 10502 10503 10482 10485 10504 10505 10485 10482 10506 10502 10482 10485 10507 10504 10485
10482 10508 10509 10482 10510 10511 10512 10510 10482 10513 10508 10482 10510 10514 10511 10510 10482 10515 10516 10482 10510 10517 10518 10510 10482 10519 10515 10482 10510 10520 10517 10510
10482 10521 10522 10482 10510 10523 10524 10510 10482 10525 10521 10482 10510 10526 10523 10510 10482 10527 10528 10482 10510 10529 10530 10510 10482 10531 10527 10482 10510 10532 10529 10510
10533 10534 10535 10533 10536 10537 10538 10536 10533 10539 10534 10533 10536 10540 10537 10536 10533 10541 10542 10533 10536 10543 10544 10536 10533 10545 10541 10533 10536 10546 10543 10536
10533 10547 10548 10533 10536 10549 10550 10536 10533 10551 10547 10533 10536 10552 10549 10536 10533 10553 10554 10533 10536 10555 10556 10536 10533 10557 10553 10533 10536 10558 10555 10536
10533 10559 10560 10533 10561 10562 10563 10561 10533 10564 10559 10533 10561 10565 10562 10561 10533 10566 10567 10533 10561 10568 10569 10561 10533 10570 10566 10533 10561 10571 10568 10561
10533 10572 10573 10533 10561 10574 10575 10561 10533 10576 10572 10533 10561 10577 10574 10561 10533 10578 10579 10533 10561 10580 10581 10561 10533 10582 10578 10533 10561 10583 10580 10561
10584 10585 10586 10584 10587 10588 10589 10587 10584 10590 10585 10584 10587 10591 10588 10587 10584 10592 10593 10584 10587 10594 10595 10587 10584 10596 10592 10584 10587 10597 10594 10587
10584 10598 10599 10584 10587 10600 10601 10587 10584 10602 10598 10584 10587 10603 10600 10587 10584 10604 10605 10584 10587 10606 10607 10587 10584 10608 10604 10584 10587 10609 10606 10587
10584 10610 10611 10584 10561 10612 10613 10561 10584 10614 10610 10584 10561 10615 10612 10561 10584 10616 10617 10584 10561 10618 10619 10561 10584 10620 10616 10584 10561 10621 10618 10561
10584 10622 10623 10584 10561 10624 10625 10626 10584 10627 10622 10584 10626 10628 10624 10626 10584 10629 10630 10584 10626 10631 10632 10626 10584 10633 10629 10584 10626 10634 10631 10626
10635 10636 10637 10635 10638 10639 10640 10638 10635 10641 10636 10635 10638 10642 10639 10638 10635 10643 10644 10635 10638 10645 10646 10638 10635 10647 10643 10635 10638 10648 10645 10638
10635 10649 10650 10635 10638 10651 10652 10638 10635 10653 10649 10635 10638 10654 10651 10638 10635 10655 10656 10635 10638 10657 10658 10638 10635 10659 10655 10635 10638 10660 10657 10638
10635 10661 10662 10635 10663 10664 10665 10663 10635 10666 10661 10635 10663 10667 10664 10663 10635 10668 10669 10635 10663 10670 10671 10663 10635 10672 10668 10635 10663 10673 10670 10663
10635 10674 10675 10635 10663 10676 10677 10663 10635 10678 10674 10635 10663 10679 10676 10663 10635 10680 10681 10635 10663 10682 10683 10663 10635 10684 10680 10635 10663 10685 10682 10663
10686 10687 10688 10686 10689 10690 10691 10689 10686 10692 10687 10686 10689 10693 10690 10689 10686 10694 10695 10686 10689 10696 10697 10689 10686 10698 10694 10686 10689 10699 10696 10689
10686 10700 10701 10686 10689 10702 10703 10689 10686 10704 10700 10686 10689 10705 10702 10689 10686 10706 10707 10686 10689 10708 10709 10689 10686 10710 10706 10686 10689 10711 10708 10689
10686 10712 10713 10686 10714 10715 10716 10714 10686 10717 10712 10686 10714 10718 10715 10714 10686 10719 10720 10686 10714 10721 10722 10714 10686 10723 10719 10686 10714 10724 10721 10714
10686 10725 10726 10686 10714 10727 10728 10714 10686 10729 10725 10686 10714 10730 10727 10714 10686 10731 10732 10686 10714 10733 10734 10714 10686 10735 10731 10686 10714 10736 10733 10714
10737 10738 10739 10737 10714 10740 10741 10714 10737 10742 10738 10737 10714 10743 10740 10714 10737 10744 10745 10737 10714 10746 10747 10714 10737 10748 10744 10737 10714 10749 10746 10714
10737 10750 10751 10737 10714 10752 10753 10714 10737 10754 10750 10737 10714 10755 10752 10714 10737 10756 10757 10737 10714 10758 10759 10714 10737 10760 10756 10737 10714 10761 10758 10714
10737 10762 10763 10737 10764 10765 10766 10764 10737 10767 10762 10737 10764 10768 10765 10764 10737 10769 10770 10737 10764 10771 10772 10764 10737 10773 10769 10737 10764 10774 10771 10764
10737 10775 10776 10737 10764 10777 10778 10764 10737 10779 10775 10737 10764 10780 10777 10764 10737 10781 10782 10737 10764 10783 10784 10764 10737 10785 10781 10737 10764 10786 10783 10764
10787 10788 10789 10787 10790 10791 10792 10790 10787 10793 10788 10787 10790 10794 10791 10790 10787 10795 10796 10787 10790 10797 10798 10790 10787 10799 10795 10787 10790 10800 10797 10790
10787 10801 10802 10787 10790 10803 10804 10790 10787 10805 10801 10787 10790 10806 10803 10790 10787 10807 10808 10787 10790 10809 10810 10790 10787 10811 10807 10787 10790 10812 10809 10790
10787 10813 10814 10787 10815 10816 10817 10815 10787 10818 10813 10787 10815 10819 10816 10815 10787 10820 10821 10787 10815 10822 10823 10815 10787 10824 10820 10787 10815 10825 10822 10815
10787 10826 10827 10787 10815 10828 10829 10815 10787 10830 10826 10787 10815 10831 10828 10815 10787 10832 10833 10787 10815 10834 10835 10815 10787 10836 10832 10787 10815 10837 10834 10815
10838 10839 10840 10838 10790 10841 10842 10790 10838 10843 10839 10838 10790 10844 10841 10790 10838 10845 10846 10838 10790 10847 10848 10790 10838 10849 10845 10838 10790 10850 10847 10790
10838 10851 10852 10838 10790 10853 10854 10855 10838 10856 10851 10838 10855 10857 10853 10855 10838 10858 10859 10838 10855 10860 10861 10855 10838 10862 10858 10838 10855 10863 10860 10855
10838 10864 10865 10838 10866 10867 10868 10866 10838 10869 10864 10838 10866 10870 10867 10866 10838 10871 10872 10838 10866 10873 10874 10866 10838 10875 10871 10838 10866 10876 10873 10866
10838 10877 10878 10838 10866 10879 10880 10866 10838 10881 10877 10838 10866 10882 10879 10866 10838 10883 10884 10838 10866 10885 10886 10866 10838 10887 10883 10838 10866 10888 10885 10866
10889 10890 10891 10889 10892 10893 10894 10892 10889 10895 10890 10889 10892 10896 10893 10892 10889 10897 10898 10889 10892 10899 10900 10892 10889 10901 10897 10889 10892 10902 10899 10892
10889 10903 10904 10889 10892 10905 10906 10892 10889 10907 10903 10889 10892 10908 10905 10892 10889 10909 10910 10889 10892 10911 10912 10892 10889 10913 10909 10889 10892 10914 10911 10892
10889 10915 10916 10889 10917 10918 10919 10917 10889 10920 10915 10889 10917 10921 10918 10917 10889 10922 10923 10889 10917 10924 10925 10917 10889 10926 10922 10889 10917 10927 10924 10917
10889 10928 10929 10889 10917 10930 10931 10917 10889 10932 10928 10889 10917 10933 10930 10917 10889 10934 10935 10889 10917 10936 10937 10917 10889 10938 10934 10889 10917 10939 10936 10917
10940 10941 10942 10940 10943 10944 10945 10943 10940 10946 10941 10940 10943 10947 10944 10943 10940 10948 10949 10940 10943 10950 10951 10943 10940 10952 10948 10940 10943 10953 10950 10943
10940 10954 10955 10940 10943 10956 10957 10943 10940 10958 10954 10940 10943 10959 10956 10943 10940 10960 10961 10940 10943 10962 10963 10943 10940 10964 10960 10940 10943 10965 10962 10943
10940 10966 10967 10940 10968 10969 10970 10968 10940 10971 10966 10940 10968 10972 10969 10968 10940 10973 10974 10940 10968 10975 10976 10968 10940 10977 10973 10940 10968 10978 10975 10968
10940 10979 10980 10940 10968 10981 10982 10968 10940 10983 10979 10940 10968 10984 10981 10968 10940 10985 10986 10940 10968 10987 10988 10968 10940 10989 10985 10940 10968 10990 10987 10968
10991 10992 10993 10991 10994 10995 10996 10994 10991 10997 10992 10991 10994 10998 10995 10994 10991 10999 11000 10991 10994 11001 11002 10994 10991 11003 10999 10991 10994 11004 11001 10994
10991 11005 11006 10991 10994 11007 11008 10994 10991 11009 11005 10991 10994 11010 11007 10994 10991 11011 11012 10991 10994 11013 11014 10994 10991 11015 11011 10991 10994 11016 11013 10994
10991 11017 11018 10991 11019 11020 11021 11019 10991 11022 11017 10991 11019 11023 11020 11019 10991 11024 11025 10991 11019 11026 11027 11019 10991 11028 11024 10991 11019 11029 11026 11019
10991 11030 11031 10991 11019 11032 11033 11019 10991 11034 11030 10991 11019 11035 11032 11019 10991 11036 11037 10991 11019 11038 11039 11019 10991 11040 11036 10991 11019 11041 11038 11019
11042 11043 11044 11042 11045 11046 11047 11045 11042 11048 11043 11042 11045 11049 11046 11045 11042 11050 11051 11042 11045 11052 11053 11045 11042 11054 11050 11042 11045 11055 11052 11045
11042 11056 11057 11042 11045 11058 11059 11045 11042 11060 11056 11042 11045 11061 11058 11045 11042 11062 11063 11042 11045 11064 11065 11045 11042 11066 11062 11042 11045 11067 11064 11045
11042 11068 11069 11042 11070 11071 11072 11070 11042 11073 11068 11042 11070 11074 11071 11070 11042 11075 11076 11042 11070 11077 11078 11070 11042 11079 11075 11042 11070 11080 11077 11070
11042 11081 11082 11042 11070 11083 11084 11070 11042 11085 11081 11042 11070 11086 11083 11070 11042 11087 11088 11042 11070 11089 11090 11070 11042 11091 11087 11042 11070 11092 11089 11070
11093 11094 11095 11093 11096 11097 11098 11096 11093 11099 11094 11093 11096 11100 11097 11096 11093 11101 11102 11093 11096 11103 11104 11096 11093 11105 11101 11093 11096 11106 11103 11096
11093 11107 11108 11093 11096 11109 11110 11096 11093 11111 11107 11093 11096 11112 11109 11096 11093 11113 11114 11093 11096 11115 11116 11096 11093 11117 11113 11093 11096 11118 11115 11096
11093 11119 11120 11093 11121 11122 11123 11121 11093 11124 11119 11093 11121 11125 11122 11121 11093 11126 11127 11093 11121 11128 11129 11121 11093 11130 11126 11093 11121 11131 11128 11121
11093 11132 11133 11093 11121 11134 11135 11121 11093 11136 11132 11093 11121 11137 11134 11121 11093 11138 11139 11093 11121 11140 11141 11121 11093 11142 11138 11093 11121 11143 11140 11121
11144 11145 11146 11144 11147 11148 11149 11147 11144 11150 11145 11144 11147 11151 11148 11147 11144 11152 11153 11144 11147 11154 11155 11147 11144 11156 11152 11144 11147 11157 11154 11147
11144 11158 11159 11144 11147 11160 11161 11147 11144 11162 11158 11144 11147 11163 11160 11147 11144 11164 11165 11144 11147 11166 11167 11147 11144 11168 11164 11144 11147 11169 11166 11147
11144 11170 11171 11144 11172 11173 11174 11172 11144 11175 11170 11144 11172 11176 11173 11172 11144 11177 11178 11144 11172 11179 11180 11172 11144 11181 11177 11144 11172 11182 11179 11172
11144 11183 11184 11144 11172 11185 11186 11172 11144 11187 11183 11144 11172 11188 11185 11172 11144 11189 11190 11144 11172 11191 11192 11172 11144 11193 11189 11144 11172 11194 11191 11172
11195 11196 11197 11195 11198 11199 11200 11198 11195 11201 11196 11195 11198 11202 11199 11198 11195 11203 11204 11195 11198 11205 11206 11198 11195 11207 11203 11195 11198 11208 11205 11198
11195 11209 11210 11195 11198 11211 11212 11198 11195 11213 11209 11195 11198 11214 11211 11198 11195 11215 11216 11195 11198 11217 11218 11198 11195 11219 11215 11195 11198 11220 11217 11198
11195 11221 11222 11195 11223 11224 11225 11223 11195 11226 11221 11195 11223 11227 11224 11223 11195 11228 11229 11195 11223 11230 11231 11223 11195 11232 11228 11195 11223 11233 11230 11223
11195 11234 11235 11195 11223 11236 11237 11223 11195 11238 11234 11195 11223 11239 11236 11223 11195 11240 11241 11195 11223 11242 11243 11223 11195 11244 11240 11195 11223 11245 11242 11223
11246 11247 11248 11246 11249 11250 11251 11249 11246 11252 11247 11246 11249 11253 11250 11249 11246 11254 11255 11246 11249 11256 11257 11249 11246 11258 11254 11246 11249 11259 11256 11249
11246 11260 11261 11246 11249 11262 11263 11249 11246 11264 11260 11246 11249 11265 11262 11249 11246 11266 11267 11246 11249 11268 11269 11249 11246 11270 11266 11246 11249 11271 11268 11249
11246 11272 11273 11246 11274 11275 11276 11274 11246 11277 11272 11246 11274 11278 11275 11274 11246 11279 11280 11246 11274 11281 11282 11274 11246 11283 11279 11246 11274 11284 11281 11274
11246 11285 11286 11246 11274 11287 11288 11274 11246 11289 11285 11246 11274 11290 11287 11274 11246 11291 11292 11246 11274 11293 11294 11274 11246 11295 11291 11246 11274 11296 11293 11274
11297 11298 11299 11297 11300 11301 11302 11300 11297 11303 11298 11297 11300 11304 11301 11300 11297 11305 11306 11297 11300 11307 11308 11300 11297 11309 11305 11297 11300 11310 11307 11300
11297 11311 11312 11297 11300 11313 11314 11300 11297 11315 11311 11297 11300 11316 11313 11300 11297 11317 11318 11297 11300 11319 11320 11300 11297 11321 11317 11297 11300 11322 11319 11300
11297 11323 11324 11297 11325 11326 11327 11325 11297 11328 11323 11297 11325 11329 11326 11325 11297 11330 11331 11297 11325 11332 11333 11325 11297 11334 11330 11297 11325 11335 11332 11325
11297 11336 11337 11297 11325 11338 11339 11325 11297 11340 11336 11297 11325 11341 11338 11325 11297 11342 11343 11297 11325 11344 11345 11325 11297 11346 11342 11297 11325 11347 11344 11325
11348 11349 11350 11348 11351 11352 11353 11351 11348 11354 11349 11348 11351 11355 11352 11351 11348 11356 11357 11348 11351 11358 11359 11351 11348 11360 11356 11348 11351 11361 11358 11351
11348 11362 11363 11348 11351 11364 11365 11351 11348 11366 11362 11348 11351 11367 11364 11351 11348 11368 11369 11348 11351 11370 11371 11351 11348 11372 11368 11348 11351 11373 11370 11351
11348 11374 11375 11348 11376 11377 11378 11376 11348 11379 11374 11348 11376 11380 11377 11376 11348 11381 11382 11348 11376 11383 11384 11376 11348 11385 11381 11348 11376 11386 11383 11376
11348 11387 11388 11348 11376 11389 11390 11376 11348 11391 11387 11348 11376 11392 11389 11376 11348 11393 11394 11348 11376 11395 11396 11376 11348 11397 11393 11348 11376 11398 11395 11376
11399 11400 11401 11399 11402 11403 11404 11402 11399 11405 11400 11399 11402 11406 11403 11402 11399 11407 11408 11399 11402 11409 11410 11402 11399 11411 11407 11399 11402 11412 11409 11402
11399 11413 11414 11399 11402 11415 11416 11402 11399 11417 11413 11399 11402 11418 11415 11402 11399 11419 11420 11399 11402 11421 11422 11402 11399 11423 11419 11399 11402 11424 11421 11402
11399 11425 11426 11399 11427 11428 11429 11427 11399 11430 11425 11399 11427 11431 11428 11427 11399 11432 11433 11399 11427 11434 11435 11427 11399 11436 11432 11399 11427 11437 11434 11427
11399 11438 11439 11399 11427 11440 11441 11427 11399 11442 11438 11399 11427 11443 11440 11427 11399 11444 11445 11399 11427 11446 11447 11427 11399 11448 11444 11399 11427 11449 11446 11427
11450 11451 11452 11450 11402 11453 11454 11402 11450 11455 11451 11450 11402 11456 11453 11402 11450 11457 11458 11450 11402 11459 11460 11402 11450 11461 11457 11450 11402 11462 11459 11402
11450 11463 11464 11450 11402 11465 11466 11467 11450 11468 11463 11450 11467 11469 11465 11467 11450 11470 11471 11450 11467 11472 11473 11467 11450 11474 11470 11450 11467 11475 11472 11467
11450 11476 11477 11450 11478 11479 11480 11478 11450 11481 11476 11450 11478 11482 11479 11478 11450 11483 11484 11450 11478 11485 11486 11478 11450 11487 11483 11450 11478 11488 11485 11478
11450 11489 11490 11450 11478 11491 11492 11478 11450 11493 11489 11450 11478 11494 11491 11478 11450 11495 11496 11450 11478 11497 11498 11478 11450 11499 11495 11450 11478 11500 11497 11478
11501 11502 11503 11501 11504 11505 11506 11504 11501 11507 11502 11501 11504 11508 11505 11504 11501 11509 11510 11501 11504 11511 11512 11504 11501 11513 11509 11501 11504 11514 11511 11504
11501 11515 11516 11501 11504 11517 11518 11504 11501 11519 11515 11501 11504 11520 11517 11504 11501 11521 11522 11501 11504 11523 11524 11504 11501 11525 11521 11501 11504 11526 11523 11504
11501 11527 11528 11501 11529 11530 11531 11529 11501 11532 11527 11501 11529 11533 11530 11529 11501 11534 11535 11501 11529 11536 11537 11529 11501 11538 11534 11501 11529 11539 11536 11529
11501 11540 11541 11501 11529 11542 11543 11529 11501 11544 11540 11501 11529 11545 11542 11529 11501 11546 11547 11501 11529 11548 11549 11529 11501 11550 11546 11501 11529 11551 11548 11529
11552 11553 11554 11552 11555 11556 11557 11555 11552 11558 11553 11552 11555 11559 11556 11555 11552 11560 11561 11552 11555 11562 11563 11555 11552 11564 11560 11552 11555 11565 11562 11555
11552 11566 11567 11552 11555 11568 11569 11555 11552 11570 11566 11552 11555 11571 11568 11555 11552 11572 11573 11552 11555 11574 11575 11555 11552 11576 11572 11552 11555 11577 11574 11555
11552 11578 11579 11552 11580 11581 11582 11580 11552 11583 11578 11552 11580 11584 11581 11580 11552 11585 11586 11552 11580 11587 11588 11580 11552 11589 11585 11552 11580 11590 11587 11580
11552 11591 11592 11552 11580 11593 11594 11580 11552 11595 11591 11552 11580 11596 11593 11580 11552 11597 11598 11552 11580 11599 11600 11580 11552 11601 11597 11552 11580 11602 11599 11580
11603 11604 11605 11603 11606 11607 11608 11606 11603 11609 11604 11603 11606 11610 11607 11606 11603 11611 11612 11603 11606 11613 11614 11606 11603 11615 11611 11603 11606 11616 11613 11606
11603 11617 11618 11603 11606 11619 11620 11606 11603 11621 11617 11603 11606 11622 11619 11606 11603 11623 11624 11603 11606 11625 11626 11606 11603 11627 11623 11603 11606 11628 11625 11606
11603 11629 11630 11603 11631 11632 11633 11631 11603 11634 11629 11603 11631 11635 11632 11631 11603 11636 11637 11603 11631 11638 11639 11631 11603 11640 11636 11603 11631 11641 11638 11631
11603 11642 11643 11603 11631 11644 11645 11631 11603 11646 11642 11603 11631 11647 11644 11631 11603 11648 11649 11603 11631 11650 11651 11631 11603 11652 11648 11603 11631 11653 11650 11631
11654 11655 11656 11654 11657 11658 11659 11657 11654 11660 11655 11654 11657 11661 11658 11657 11654 11662 11663 11654 11657 11664 11665 11657 11654 11666 11662 11654 11657 11667 11664 11657
11654 11668 11669 11654 11657 11670 11671 11657 11654 11672 11668 11654 11657 11673 11670 11657 11654 11674 11675 11654 11657 11676 11677 11657 11654 11678 11674 11654 11657 11679 11676 11657
11654 11680 11681 11654 11682 11683 11684 11682 11654 11685 11680 11654 11682 11686 11683 11682 11654 11687 11688 11654 11682 11689 11690 11682 11654 11691 11687 11654 11682 11692 11689 11682
11654 11693 11694 11654 11682 11695 11696 11682 11654 11697 11693 11654 11682 11698 11695 11682 11654 11699 11700 11654 11682 11701 11702 11682 11654 11703 11699 11654 11682 11704 11701 11682
11705 11706 11707 11705 11657 11708 11709 11657 11705 11710 11706 11705 11657 11711 11708 11657 11705 11712 11713 11705 11657 11714 11715 11657 11705 11716 11712 11705 11657 11717 11714 11657
11705 11718 11719 11705 11657 11720 11721 11722 11705 11723 11718 11705 11722 11724 11720 11722 11705 11725 11726 11705 11722 11727 11728 11722 11705 11729 11725 11705 11722 11730 11727 11722
11705 11731 11732 11705 11733 11734 11735 11733 11705 11736 11731 11705 11733 11737 11734 11733 11705 11738 11739 11705 11733 11740 11741 11733 11705 11742 11738 11705 11733 11743 11740 11733
11705 11744 11745 11705 11733 11746 11747 11733 11705 11748 11744 11705 11733 11749 11746 11733 11705 11750 11751 11705 11733 11752 11753 11733 11705 11754 11750 11705 11733 11755 11752 11733
11756 11757 11758 11756 11733 11759 11760 11733 11756 11761 11757 11756 11733 11762 11759 11733 11756 11763 11764 11756 11733 11765 11766 11733 11756 11767 11763 11756 11733 11768 11765 11733
11756 11769 11770 11756 11733 11771 11772 11733 11756 11773 11769 11756 11733 11774 11771 11733 11756 11775 11776 11756 11733 11777 11778 11733 11756 11779 11775 11756 11733 11780 11777 11733
11756 11781 11782 11756 11783 11784 11785 11783 11756 11786 11781 11756 11783 11787 11784 11783 11756 11788 11789 11756 11783 11790 11791 11783 11756 11792 11788 11756 11783 11793 11790 11783
11756 11794 11795 11756 11783 11796 11797 11783 11756 11798 11794 11756 11783 11799 11796 11783 11756 11800 11801 11756 11783 11802 11803 11783 11756 11804 11800 11756 11783 11805 11802 11783
11806 11807 11808 11806 11809 11810 11811 11809 11806 11812 11807 11806 11809 11813 11810 11809 11806 11814 11815 11806 11809 11816 11817 11809 11806 11818 11814 11806 11809 11819 11816 11809
11806 11820 11821 11806 11809 11822 11823 11809 11806 11824 11820 11806 11809 11825 11822 11809 11806 11826 11827 11806 11809 11828 11829 11809 11806 11830 11826 11806 11809 11831 11828 11809
11806 11832 11833 11806 11834 11835 11836 11834 11806 11837 11832 11806 11834 11838 11835 11834 11806 11839 11840 11806 11834 11841 11842 11834 11806 11843 11839 11806 11834 11844 11841 11834
11806 11845 11846 11806 11834 11847 11848 11834 11806 11849 11845 11806 11834 11850 11847 11834 11806 11851 11852 11806 11834 11853 11854 11834 11806 11855 11851 11806 11834 11856 11853 11834
11857 11858 11859 11857 11860 11861 11862 11860 11857 11863 11858 11857 11860 11864 11861 11860 11857 11865 11866 11857 11860 11867 11868 11860 11857 11869 11865 11857 11860 11870 11867 11860
11857 11871 11872 11857 11860 11873 11874 11860 11857 11875 11871 11857 11860 11876 11873 11860 11857 11877 11878 11857 11860 11879 11880 11860 11857 11881 11877 11857 11860 11882 11879 11860
11857 11883 11884 11857 11885 11886 11887 11885 11857 11888 11883 11857 11885 11889 11886 11885 11857 11890 11891 11857 11885 11892 11893 11885 11857 11894 11890 11857 11885 11895 11892 11885
11857 11896 11897 11857 11885 11898 11899 11885 11857 11900 11896 11857 11885 11901 11898 11885 11857 11902 11903 11857 11885 11904 11905 11885 11857 11906 11902 11857 11885 11907 11904 11885
11908 11909 11910 11908 11911 11912 11913 11911 11908 11914 11909 11908 11911 11915 11912 11911 11908 11916 11917 11908 11911 11918 11919 11911 11908 11920 11916 11908 11911 11921 11918 11911
11908 11922 11923 11908 11911 11924 11925 11911 11908 11926 11922 11908 11911 11927 11924 11911 11908 11928 11929 11908 11911 11930 11931 11911 11908 11932 11928 11908 11911 11933 11930 11911
11908 11934 11935 11908 11936 11937 11938 11936 11908 11939 11934 11908 11936 11940 11937 11936 11908 11941 11942 11908 11936 11943 11944 11936 11908 11945 11941 11908 11936 11946 11943 11936
11908 11947 11948 11908 11936 11949 11950 11936 11908 11951 11947 11908 11936 11952 11949 11936 11908 11953 11954 11908 11936 11955 11956 11936 11908 11957 11953 11908 11936 11958 11955 11936
11959 11960 11961 11959 11962 11963 11964 11962 11959 11965 11960 11959 11962 11966 11963 11962 11959 11967 11968 11959 11962 11969 11970 11962 11959 11971 11967 11959 11962 11972 11969 11962
11959 11973 11974 11959 11962 11975 11976 11962 11959 11977 11973 11959 11962 11978 11975 11962 11959 11979 11980 11959 11962 11981 11982 11962 11959 11983 11979 11959 11962 11984 11981 11962
11959 11985 11986 11959 11987 11988 11989 11987 11959 11990 11985 11959 11987 11991 11988 11987 11959 11992 11993 11959 11987 11994 11995 11987 11959 11996 11992 11959 11987 11997 11994 11987
11959 11998 11999 11959 11987 12000 12001 11987 11959 12002 11998 11959 11987 12003 12000 11987 11959 12004 12005 11959 11987 12006 12007 11987 11959 12008 12004 11959 11987 12009 12006 11987
12010 12011 12012 12010 12013 12014 12015 12013 12010 12016 12011 12010 12013 12017 12014 12013 12010 12018 12019 12010 12013 12020 12021 12013 12010 12022 12018 12010 12013 12023 12020 12013
12010 12024 12025 12010 12013 12026 12027 12013 12010 12028 12024 12010 12013 12029 12026 12013 12010 12030 12031 12010 12013 12032 12033 12013 12010 12034 12030 12010 12013 12035 12032 12013
12010 12036 12037 12010 12038 12039 12040 12038 12010 12041 12036 12010 12038 12042 12039 12038 12010 12043 12044 12010 12038 12045 12046 12038 12010 12047 12043 12010 12038 12048 12045 12038
12010 12049 12050 12010 12038 12051 12052 12038 12010 12053 12049 12010 12038 12054 12051 12038 12010 12055 12056 12010 12038 12057 12058 12038 12010 12059 12055 12010 12038 12060 12057 12038
12061 12062 12063 12061 12064 12065 12066 12064 12061 12067 12062 12061 12064 12068 12065 12064 12061 12069 12070 12061 12064 12071 12072 12064 12061 12073 12069 12061 12064 12074 12071 12064
12061 12075 12076 12061 12064 12077 12078 12064 12061 12079 12075 12061 12064 12080 12077 12064 12061 12081 12082 12061 12064 12083 12084 12064 12061 12085 12081 12061 12064 12086 12083 12064
12061 12087 12088 12061 12089 12090 12091 12089 12061 12092 12087 12061 12089 12093 12090 12089 12061 12094 12095 12061 12089 12096 12097 12089 12061 12098 12094 12061 12089 12099 12096 12089
12061 12100 12101 12061 12089 12102 12103 12089 12061 12104 12100 12061 12089 12105 12102 12089 12061 12106 12107 12061 12089 12108 12109 12089 12061 12110 12106 12061 12089 12111 12108 12089
12112 12113 12114 12112 12115 12116 12117 12115 12112 12118 12113 12112 12115 12119 12116 12115 12112 12120 12121 12112 12115 12122 12123 12115 12112 12124 12120 12112 12115 12125 12122 12115
12112 12126 12127 12112 12115 12128 12129 12115 12112 12130 12126 12112 12115 12131 12128 12115 12112 12132 12133 12112 12115 12134 12135 12115 12112 12136 12132 12112 12115 12137 12134 12115
12112 12138 12139 12112 12140 12141 12142 12140 12112 12143 12138 12112 12140 12144 12141 12140 12112 12145 12146 12112 12140 12147 12148 12140 12112 12149 12145 12112 12140 12150 12147 12140
12112 12151 12152 12112 12140 12153 12154 12140 12112 12155 12151 12112 12140 12156 12153 12140 12112 12157 12158 12112 12140 12159 12160 12140 12112 12161 12157 12112 12140 12162 12159 12140
12163 12164 12165 12163 12166 12167 12168 12166 12163 12169 12164 12163 12166 12170 12167 12166 12163 12171 12172 12163 12166 12173 12174 12166 12163 12175 12171 12163 12166 12176 12173 12166
12163 12177 12178 12163 12166 12179 12180 12166 12163 12181 12177 12163 12166 12182 12179 12166 12163 12183 12184 12163 12166 12185 12186 12166 12163 12187 12183 12163 12166 12188 12185 12166
12163 12189 12190 12163 12191 12192 12193 12191 12163 12194 12189 12163 12191 12195 12192 12191 12163 12196 12197 12163 12191 12198 12199 12191 12163 12200 12196 12163 12191 12201 12198 12191
12163 12202 12203 12163 12191 12204 12205 12191 12163 12206 12202 12163 12191 12207 12204 12191 12163 12208 12209 12163 12191 12210 12211 12191 12163 12212 12208 12163 12191 12213 12210 12191
12214 12215 12216 12214 12166 12217 12218 12166 12214 12219 12215 12214 12166 12220 12217 12166 12214 12221 12222 12214 12166 12223 12224 12166 12214 12225 12221 12214 12166 12226 12223 12166
12214 12227 12228 12214 12166 12229 12230 12231 12214 12232 12227 12214 12231 12233 12229 12231 12214 12234 12235 12214 12231 12236 12237 12231 12214 12238 12234 12214 12231 12239 12236 12231
12214 12240 12241 12214 12242 12243 12244 12242 12214 12245 12240 12214 12242 12246 12243 12242 12214 12247 12248 12214 12242 12249 12250 12242 12214 12251 12247 12214 12242 12252 12249 12242
12214 12253 12254 12214 12242 12255 12256 12242 12214 12257 12253 12214 12242 12258 12255 12242 12214 12259 12260 12214 12242 12261 12262 12242 12214 12263 12259 12214 12242 12264 12261 12242
12265 12266 12267 12265 12268 12269 12270 12268 12265 12271 12266 12265 12268 12272 12269 12268 12265 12273 12274 12265 12268 12275 12276 12268 12265 12277 12273 12265 12268 12278 12275 12268
12265 12279 12280 12265 12268 12281 12282 12268 12265 12283 12279 12265 12268 12284 12281 12268 12265 12285 12286 12265 12268 12287 12288 12268 12265 12289 12285 12265 12268 12290 12287 12268
12265 12291 12292 12265 12293 12294 12295 12293 12265 12296 12291 12265 12293 12297 12294 12293 12265 12298 12299 12265 12293 12300 12301 12293 12265 12302 12298 12265 12293 12303 12300 12293
12265 12304 12305 12265 12293 12306 12307 12293 12265 12308 12304 12265 12293 12309 12306 12293 12265 12310 12311 12265 12293 12312 12313 12293 12265 12314 12310 12265 12293 12315 12312 12293
12316 12317 12318 12316 12319 12320 12321 12319 12316 12322 12317 12316 12319 12323 12320 12319 12316 12324 12325 12316 12319 12326 12327 12319 12316 12328 12324 12316 12319 12329 12326 12319
12316 12330 12331 12316 12319 12332 12333 12319 12316 12334 12330 12316 12319 12335 12332 12319 12316 12336 12337 12316 12319 12338 12339 12319 12316 12340 12336 12316 12319 12341 12338 12319
12316 12342 12343 12316 12344 12345 12346 12344 12316 12347 12342 12316 12344 12348 12345 12344 12316 12349 12350 12316 12344 12351 12352 12344 12316 12353 12349 12316 12344 12354 12351 12344
12316 12355 12356 12316 12344 12357 12358 12344 12316 12359 12355 12316 12344 12360 12357 12344 12316 12361 12362 12316 12344 12363 12364 12344 12316 12365 12361 12316 12344 12366 12363 12344
12367 12368 12369 12367 12370 12371 12372 12370 12367 12373 12368 12367 12370 12374 12371 12370 12367 12375 12376 12367 12370 12377 12378 12370 12367 12379 12375 12367 12370 12380 12377 12370
12367 12381 12382 12367 12370 12383 12384 12370 12367 12385 12381 12367 12370 12386 12383 12370 12367 12387 12388 12367 12370 12389 12390 12370 12367 12391 12387 12367 12370 12392 12389 12370
12367 12393 12394 12367 12395 12396 12397 12395 12367 12398 12393 12367 12395 12399 12396 12395 12367 12400 12401 12367 12395 12402 12403 12395 12367 12404 12400 12367 12395 12405 12402 12395
12367 12406 12407 12367 12395 12408 12409 12395 12367 12410 12406 12367 12395 12411 12408 12395 12367 12412 12413 12367 12395 12414 12415 12395 12367 12416 12412 12367 12395 12417 12414 12395
12418 12419 12420 12418 12421 12422 12423 12421 12418 12424 12419 12418 12421 12425 12422 12421 12418 12426 12427 12418 12421 12428 12429 12421 12418 12430 12426 12418 12421 12431 12428 12421
12418 12432 12433 12418 12421 12434 12435 12421 12418 12436 12432 12418 12421 12437 12434 12421 12418 12438 12439 12418 12421 12440 12441 12421 12418 12442 12438 12418 12421 12443 12440 12421
12418 12444 12445 12418 12446 12447 12448 12446 12418 12449 12444 12418 12446 12450 12447 12446 12418 12451 12452 12418 12446 12453 12454 12446 12418 12455 12451 12418 12446 12456 12453 12446
12418 12457 12458 12418 12446 12459 12460 12446 12418 12461 12457 12418 12446 12462 12459 12446 12418 12463 12464 12418 12446 12465 12466 12446 12418 12467 12463 12418 12446 12468 12465 12446
12469 12470 12471 12469 12472 12473 12474 12472 12469 12475 12470 12469 12472 12476 12473 12472 12469 12477 12478 12469 12472 12479 12480 12472 12469 12481 12477 12469 12472 12482 12479 12472
12469 12483 12484 12469 12472 12485 12486 12472 12469 12487 12483 12469 12472 12488 12485 12472 12469 12489 12490 12469 12472 12491 12492 12472 12469 12493 12489 12469 12472 12494 12491 12472
12469 12495 12496 12469 12497 12498 12499 12497 12469 12500 12495 12469 12497 12501 12498 12497 12469 12502 12503 12469 12497 12504 12505 12497 12469 12506 12502 12469 12497 12507 12504 12497
12469 12508 12509 12469 12497 12510 12511 12497 12469 12512 12508 12469 12497 12513 12510 12497 12469 12514 12515 12469 12497 12516 12517 12497 12469 12518 12514 12469 12497 12519 12516 12497
12520 12521 12522 12520 12523 12524 12525 12523 12520 12526 12521 12520 12523 12527 12524 12523 12520 12528 12529 12520 12523 12530 12531 12523 12520 12532 12528 12520 12523 12533 12530 12523
12520 12534 12535 12520 12523 12536 12537 12523 12520 12538 12534 12520 12523 12539 12536 12523 12520 12540 12541 12520 12523 12542 12543 12523 12520 12544 12540 12520 12523 12545 12542 12523
12520 12546 12547 12520 12548 12549 12550 12548 12520 12551 12546 12520 12548 12552 12549 12548 12520 12553 12554 12520 12548 12555 12556 12548 12520 12557 12553 12520 12548 12558 12555 12548
12520 12559 12560 12520 12548 12561 12562 12548 12520 12563 12559 12520 12548 12564 12561 12548 12520 12565 12566 12520 12548 12567 12568 12548 12520 12569 12565 12520 12548 12570 12567 12548
12571 12572 12573 12571 12574 12575 12576 12574 12571 12577 12572 12571 12574 12578 12575 12574 12571 12579 12580 12571 12574 12581 12582 12574 12571 12583 12579 12571 12574 12584 12581 12574
12571 12585 12586 12571 12574 12587 12588 12574 12571 12589 12585 12571 12574 12590 12587 12574 12571 12591 12592 12571 12574 12593 12594 12574 12571 12595 12591 12571 12574 12596 12593 12574
12571 12597 12598 12571 12599 12600 12601 12599 12571 12602 12597 12571 12599 12603 12600 12599 12571 12604 12605 12571 12599 12606 12607 12599 12571 12608 12604 12571 12599 12609 12606 12599
12571 12610 12611 12571 12599 12612 12613 12599 12571 12614 12610 12571 12599 12615 12612 12599 12571 12616 12617 12571 12599 12618 12619 12599 12571 12620 12616 12571 12599 12621 12618 12599
12622 12623 12624 12622 12625 12626 12627 12625 12622 12628 12623 12622 12625 12629 12626 12625 12622 12630 12631 12622 12625 12632 12633 12625 12622 12634 12630 12622 12625 12635 12632 12625
12622 12636 12637 12622 12625 12638 12639 12625 12622 12640 12636 12622 12625 12641 12638 12625 12622 12642 12643 12622 12625 12644 12645 12625 12622 12646 12642 12622 12625 12647 12644 12625
12622 12648 12649 12622 12650 12651 12652 12650 12622 12653 12648 12622 12650 12654 12651 12650 12622 12655 12656 12622 12650 12657 12658 12650 12622 12659 12655 12622 12650 12660 12657 12650
12622 12661 12662 12622 12650 12663 12664 12650 12622 12665 12661 12622 12650 12666 12663 12650 12622 12667 12668 12622 12650 12669 12670 12650 12622 12671 12667 12622 12650 12672 12669 12650
12673 12674 12675 12673 12676 12677 12678 12676 12673 12679 12674 12673 12676 12680 12677 12676 12673 12681 12682 12673 12676 12683 12684 12676 12673 12685 12681 12673 12676 12686 12683 12676
12673 12687 12688 12673 12676 12689 12690 12676 12673 12691 12687 12673 12676 12692 12689 12676 12673 12693 12694 12673 12676 12695 12696 12676 12673 12697 12693 12673 12676 12698 12695 12676
12673 12699 12700 12673 12701 12702 12703 12701 12673 12704 12699 12673 12701 12705 12702 12701 12673 12706 12707 12673 12701 12708 12709 12701 12673 12710 12706 12673 12701 12711 12708 12701
12673 12712 12713 12673 12701 12714 12715 12701 12673 12716 12712 12673 12701 12717 12714 12701 12673 12718 12719 12673 12701 12720 12721 12701 12673 12722 12718 12673 12701 12723 12720 12701
12724 12725 12726 12724 12727 12728 12729 12727 12724 12730 12725 12724 12727 12731 12728 12727 12724 12732 12733 12724 12727 12734 12735 12727 12724 12736 12732 12724 12727 12737 12734 12727
12724 12738 12739 12724 12727 12740 12741 12727 12724 12742 12738 12724 12727 12743 12740 12727 12724 12744 12745 12724 12727 12746 12747 12727 12724 12748 12744 12724 12727 12749 12746 12727
12724 12750 12751 12724 12752 12753 12754 12752 12724 12755 12750 12724 12752 12756 12753 12752 12724 12757 12758 12724 12752 12759 12760 12752 12724 12761 12757 12724 12752 12762 12759 12752
12724 12763 12764 12724 12752 12765 12766 12752 12724 12767 12763 12724 12752 12768 12765 12752 12724 12769 12770 12724 12752 12771 12772 12752 12724 12773 12769 12724 12752 12774 12771 12752
12775 12776 12777 12775 12778 12779 12780 12778 12775 12781 12776 12775 12778 12782 12779 12778 12775 12783 12784 12775 12778 12785 12786 12778 12775 12787 12783 12775 12778 12788 12785 12778
12775 12789 12790 12775 12778 12791 12792 12778 12775 12793 12789 12775 12778 12794 12791 12778 12775 12795 12796 12775 12778 12797 12798 12778 12775 12799 12795 12775 12778 12800 12797 12778
12775 12801 12802 12775 12803 12804 12805 12803 12775 12806 12801 12775 12803 12807 12804 12803 12775 12808 12809 12775 12803 12810 12811 12803 12775 12812 12808 12775 12803 12813 12810 12803
12775 12814 12815 12775 12803 12816 12817 12803 12775 12818 12814 12775 12803 12819 12816 12803 12775 12820 12821 12775 12803 12822 12823 12803 12775 12824 12820 12775 12803 12825 12822 12803
12826 12827 12828 12826 12829 12830 12831 12829 12826 12832 12827 12826 12829 12833 12830 12829 12826 12834 12835 12826 12829 12836 12837 12829 12826 12838 12834 12826 12829 12839 12836 12829
12826 12840 12841 12826 12829 12842 12843 12829 12826 12844 12840 12826 12829 12845 12842 12829 12826 12846 12847 12826 12829 12848 12849 12829 12826 12850 12846 12826 12829 12851 12848 12829
12826 12852 12853 12826 12854 12855 12856 12854 12826 12857 12852 12826 12854 12858 12855 12854 12826 12859 12860 12826 12854 12861 12862 12854 12826 12863 12859 12826 12854 12864 12861 12854
12826 12865 12866 12826 12854 12867 12868 12854 12826 12869 12865 12826 12854 12870 12867 12854 12826 12871 12872 12826 12854 12873 12874 12854 12826 12875 12871 12826 12854 12876 12873 12854
12877 12878 12879 12877 12880 12881 12882 12880 12877 12883 12878 12877 12880 12884 12881 12880 12877 12885 12886 12877 12880 12887 12888 12880 12877 12889 12885 12877 12880 12890 12887 12880
12877 12891 12892 12877 12880 12893 12894 12880 12877 12895 12891 12877 12880 12896 12893 12880 12877 12897 12898 12877 12880 12899 12900 12880 12877 12901 12897 12877 12880 12902 12899 12880
12877 12903 12904 12877 12854 12905 12906 12854 12877 12907 12903 12877 12854 12908 12905 12854 12877 12909 12910 12877 12854 12911 12912 12854 12877 12913 12909 12877 12854 12914 12911 12854
12877 12915 12916 12877 12854 12917 12918 12919 12877 12920 12915 12877 12919 12921 12917 12919 12877 12922 12923 12877 12919 12924 12925 12919 12877 12926 12922 12877 12919 12927 12924 12919
12928 12929 12930 12928 12931 12932 12933 12931 12928 12934 12929 12928 12931 12935 12932 12931 12928 12936 12937 12928 12931 12938 12939 12931 12928 12940 12936 12928 12931 12941 12938 12931
12928 12942 12943 12928 12931 12944 12945 12931 12928 12946 12942 12928 12931 12947 12944 12931 12928 12948 12949 12928 12931 12950 12951 12931 12928 12952 12948 12928 12931 12953 12950 12931
12928 12954 12955 12928 12956 12957 12958 12956 12928 12959 12954 12928 12956 12960 12957 12956 12928 12961 12962 12928 12956 12963 12964 12956 12928 12965 12961 12928 12956 12966 12963 12956
12928 12967 12968 12928 12956 12969 12970 12956 12928 12971 12967 12928 12956 12972 12969 12956 12928 12973 12974 12928 12956 12975 12976 12956 12928 12977 12973 12928 12956 12978 12975 12956
12979 12980 12981 12979 12982 12983 12984 12982 12979 12985 12980 12979 12982 12986 12983 12982 12979 12987 12988 12979 12982 12989 12990 12982 12979 12991 12987 12979 12982 12992 12989 12982
12979 12993 12994 12979 12982 12995 12996 12982 12979 12997 12993 12979 12982 12998 12995 12982 12979 12999 13000 12979 12982 13001 13002 12982 12979 13003 12999 12979 12982 13004 13001 12982
12979 13005 13006 12979 13007 13008 13009 13007 12979 13010 13005 12979 13007 13011 13008 13007 12979 13012 13013 12979 13007 13014 13015 13007 12979 13016 13012 12979 13007 13017 13014 13007
12979 13018 13019 12979 13007 13020 13021 13007 12979 13022 13018 12979 13007 13023 13020 13007 12979 13024 13025 12979 13007 13026 13027 13007 12979 13028 13024 12979 13007 13029 13026 13007
13030 13031 13032 13030 13033 13034 13035 13033 13030 13036 13031 13030 13033 13037 13034 13033 13030 13038 13039 13030 13033 13040 13041 13033 13030 13042 13038 13030 13033 13043 13040 13033
13030 13044 13045 13030 13033 13046 13047 13033 13030 13048 13044 13030 13033 13049 13046 13033 13030 13050 13051 13030 13033 13052 13053 13033 13030 13054 13050 13030 13033 13055 13052 13033
13030 13056 13057 13030 13058 13059 13060 13058 13030 13061 13056 13030 13058 13062 13059 13058 13030 13063 13064 13030 13058 13065 13066 13058 13030 13067 13063 13030 13058 13068 13065 13058
13030 13069 13070 13030 13058 13071 13072 13058 13030 13073 13069 13030 13058 13074 13071 13058 13030 13075 13076 13030 13058 13077 13078 13058 13030 13079 13075 13030 13058 13080 13077 13058
13081 13082 13083 13081 13084 13085 13086 13084 13081 13087 13082 13081 13084 13088 13085 13084 13081 13089 13090 13081 13084 13091 13092 13084 13081 13093 13089 13081 13084 13094 13091 13084
13081 13095 13096 13081 13084 13097 13098 13084 13081 13099 13095 13081 13084 13100 13097 13084 13081 13101 13102 13081 13084 13103 13104 13084 13081 13105 13101 13081 13084 13106 13103 13084
13081 13107 13108 13081 13109 13110 13111 13109 13081 13112 13107 13081 13109 13113 13110 13109 13081 13114 13115 13081 13109 13116 13117 13109 13081 13118 13114 13081 13109 13119 13116 13109
13081 13120 13121 13081 13109 13122 13123 13109 13081 13124 13120 13081 13109 13125 13122 13109 13081 13126 13127 13081 13109 13128 13129 13109 13081 13130 13126 13081 13109 13131 13128 13109
13132 13133 13134 13132 13135 13136 13137 13135 13132 13138 13133 13132 13135 13139 13136 13135 13132 13140 13141 13132 13135 13142 13143 13135 13132 13144 13140 13132 13135 13145 13142 13135
13132 13146 13147 13132 13135 13148 13149 13135 13132 13150 13146 13132 13135 13151 13148 13135 13132 13152 13153 13132 13135 13154 13155 13135 13132 13156 13152 13132 13135 13157 13154 13135
13132 13158 13159 13132 13160 13161 13162 13160 13132 13163 13158 13132 13160 13164 13161 13160 13132 13165 13166 13132 13160 13167 13168 13160 13132 13169 13165 13132 13160 13170 13167 13160
13132 13171 13172 13132 13160 13173 13174 13160 13132 13175 13171 13132 13160 13176 13173 13160 13132 13177 13178 13132 13160 13179 13180 13160 13132 13181 13177 13132 13160 13182 13179 13160
13183 13184 13185 13183 13186 13187 13188 13186 13183 13189 13184 13183 13186 13190 13187 13186 13183 13191 13192 13183 13186 13193 13194 13186 13183 13195 13191 13183 13186 13196 13193 13186
13183 13197 13198 13183 13186 13199 13200 13186 13183 13201 13197 13183 13186 13202 13199 13186 13183 13203 13204 13183 13186 13205 13206 13186 13183 13207 13203 13183 13186 13208 13205 13186
13183 13209 13210 13183 13211 13212 13213 13211 13183 13214 13209 13183 13211 13215 13212 13211 13183 13216 13217 13183 13211 13218 13219 13211 13183 13220 13216 13183 13211 13221 13218 13211
13183 13222 13223 13183 13211 13224 13225 13211 13183 13226 13222 13183 13211 13227 13224 13211 13183 13228 13229 13183 13211 13230 13231 13211 13183 13232 13228 13183 13211 13233 13230 13211
13234 13235 13236 13234 13237 13238 13239 13237 13234 13240 13235 13234 13237 13241 13238 13237 13234 13242 13243 13234 13237 13244 13245 13237 13234 13246 13242 13234 13237 13247 13244 13237
13234 13248 13249 13234 13237 13250 13251 13237 13234 13252 13248 13234 13237 13253 13250 13237 13234 13254 13255 13234 13237 13256 13257 13237 13234 13258 13254 13234 13237 13259 13256 13237
13234 13260 13261 13234 13262 13263 13264 13262 13234 13265 13260 13234 13262 13266 13263 13262 13234 13267 13268 13234 13262 13269 13270 13262 13234 13271 13267 13234 13262 13272 13269 13262
13234 13273 13274 13234 13262 13275 13276 13262 13234 13277 13273 13234 13262 13278 13275 13262 13234 13279 13280 13234 13262 13281 13282 13262 13234 13283 13279 13234 13262 13284 13281 13262
13285 13286 13287 13285 13288 13289 13290 13288 13285 13291 13286 13285 13288 13292 13289 13288 13285 13293 13294 13285 13288 13295 13296 13288 13285 13297 13293 13285 13288 13298 13295 13288
13285 13299 13300 13285 13288 13301 13302 13288 13285 13303 13299 13285 13288 13304 13301 13288 13285 13305 13306 13285 13288 13307 13308 13288 13285 13309 13305 13285 13288 13310 13307 13288
13285 13311 13312 13285 13262 13313 13314 13262 13285 13315 13311 13285 13262 13316 13313 13262 13285 13317 13318 13285 13262 13319 13320 13262 13285 13321 13317 13285 13262 13322 13319 13262
13285 13323 13324 13285 13262 13325 13326 13327 13285 13328 13323 13285 13327 13329 13325 13327 13285 13330 13331 13285 13327 13332 13333 13327 13285 13334 13330 13285 13327 13335 13332 13327
13336 13337 13338 13336 13339 13340 13341 13339 13336 13342 13337 13336 13339 13343 13340 13339 13336 13344 13345 13336 13339 13346 13347 13339 13336 13348 13344 13336 13339 13349 13346 13339
13336 13350 13351 13336 13339 13352 13353 13339 13336 13354 13350 13336 13339 13355 13352 13339 13336 13356 13357 13336 13339 13358 13359 13339 13336 13360 13356 13336 13339 13361 13358 13339
13336 13362 13363 13336 13364 13365 13366 13364 13336 13367 13362 13336 13364 13368 13365 13364 13336 13369 13370 13336 13364 13371 13372 13364 13336 13373 13369 13336 13364 13374 13371 13364
13336 13375 13376 13336 13364 13377 13378 13364 13336 13379 13375 13336 13364 13380 13377 13364 13336 13381 13382 13336 13364 13383 13384 13364 13336 13385 13381 13336 13364 13386 13383 13364
13387 13388 13389 13387 13390 13391 13392 13390 13387 13393 13388 13387 13390 13394 13391 13390 13387 13395 13396 13387 13390 13397 13398 13390 13387 13399 13395 13387 13390 13400 13397 13390
13387 13401 13402 13387 13390 13403 13404 13390 13387 13405 13401 13387 13390 13406 13403 13390 13387 13407 13408 13387 13390 13409 13410 13390 13387 13411 13407 13387 13390 13412 13409 13390
13387 13413 13414 13387 13415 13416 13417 13415 13387 13418 13413 13387 13415 13419 13416 13415 13387 13420 13421 13387 13415 13422 13423 13415 13387 13424 13420 13387 13415 13425 13422 13415
13387 13426 13427 13387 13415 13428 13429 13415 13387 13430 13426 13387 13415 13431 13428 13415 13387 13432 13433 13387 13415 13434 13435 13415 13387 13436 13432 13387 13415 13437 13434 13415
13438 13439 13440 13438 13441 13442 13443 13441 13438 13444 13439 13438 13441 13445 13442 13441 13438 13446 13447 13438 13441 13448 13449 13441 13438 13450 13446 13438 13441 13451 13448 13441
13438 13452 13453 13438 13441 13454 13455 13441 13438 13456 13452 13438 13441 13457 13454 13441 13438 13458 13459 13438 13441 13460 13461 13441 13438 13462 13458 13438 13441 13463 13460 13441
13438 13464 13465 13438 13466 13467 13468 13466 13438 13469 13464 13438 13466 13470 13467 13466 13438 13471 13472 13438 13466 13473 13474 13466 13438 13475 13471 13438 13466 13476 13473 13466
13438 13477 13478 13438 13466 13479 13480 13466 13438 13481 13477 13438 13466 13482 13479 13466 13438 13483 13484 13438 13466 13485 13486 13466 13438 13487 13483 13438 13466 13488 13485 13466
13489 13490 13491 13489 13492 13493 13494 13492 13489 13495 13490 13489 13492 13496 13493 13492 13489 13497 13498 13489 13492 13499 13500 13492 13489 13501 13497 13489 13492 13502 13499 13492
13489 13503 13504 13489 13492 13505 13506 13492 13489 13507 13503 13489 13492 13508 13505 13492 13489 13509 13510 13489 13492 13511 13512 13492 13489 13513 13509 13489 13492 13514 13511 13492
13489 13515 13516 13489 13517 13518 13519 13517 13489 13520 13515 13489 13517 13521 13518 13517 13489 13522 13523 13489 13517 13524 13525 13517 13489 13526 13522 13489 13517 13527 13524 13517
13489 13528 13529 13489 13517 13530 13531 13517 13489 13532 13528 13489 13517 13533 13530 13517 13489 13534 13535 13489 13517 13536 13537 13517 13489 13538 13534 13489 13517 13539 13536 13517
13540 13541 13542 13540 13543 13544 13545 13543 13540 13546 13541 13540 13543 13547 13544 13543 13540 13548 13549 13540 13543 13550 13551 13543 13540 13552 13548 13540 13543 13553 13550 13543
13540 13554 13555 13540 13543 13556 13557 13543 13540 13558 13554 13540 13543 13559 13556 13543 13540 13560 13561 13540 13543 13562 13563 13543 13540 13564 13560 13540 13543 13565 13562 13543
13540 13566 13567 13540 13568 13569 13570 13568 13540 13571 13566 13540 13568 13572 13569 13568 13540 13573 13574 13540 13568 13575 13576 13568 13540 13577 13573 13540 13568 13578 13575 13568
13540 13579 13580 13540 13568 13581 13582 13568 13540 13583 13579 13540 13568 13584 13581 13568 13540 13585 13586 13540 13568 13587 13588 13568 13540 13589 13585 13540 13568 13590 13587 13568
13591 13592 13593 13591 13594 13595 13596 13594 13591 13597 13592 13591 13594 13598 13595 13594 13591 13599 13600 13591 13594 13601 13602 13594 13591 13603 13599 13591 13594 13604 13601 13594
13591 13605 13606 13591 13594 13607 13608 13594 13591 13609 13605 13591 13594 13610 13607 13594 13591 13611 13612 13591 13594 13613 13614 13594 13591 13615 13611 13591 13594 13616 13613 13594
13591 13617 13618 13591 13619 13620 13621 13619 13591 13622 13617 13591 13619 13623 13620 13619 13591 13624 13625 13591 13619 13626 13627 13619 13591 13628 13624 13591 13619 13629 13626 13619
13591 13630 13631 13591 13619 13632 13633 13619 13591 13634 13630 13591 13619 13635 13632 13619 13591 13636 13637 13591 13619 13638 13639 13619 13591 13640 13636 13591 13619 13641 13638 13619
13642 13643 13644 13642 13645 13646 13647 13645 13642 13648 13643 13642 13645 13649 13646 13645 13642 13650 13651 13642 13645 13652 13653 13645 13642 13654 13650 13642 13645 13655 13652 13645
13642 13656 13657 13642 13645 13658 13659 13645 13642 13660 13656 13642 13645 13661 13658 13645 13642 13662 13663 13642 13645 13664 13665 13645 13642 13666 13662 13642 13645 13667 13664 13645
13642 13668 13669 13642 13670 13671 13672 13670 13642 13673 13668 13642 13670 13674 13671 13670 13642 13675 13676 13642 13670 13677 13678 13670 13642 13679 13675 13642 13670 13680 13677 13670
13642 13681 13682 13642 13670 13683 13684 13670 13642 13685 13681 13642 13670 13686 13683 13670 13642 13687 13688 13642 13670 13689 13690 13670 13642 13691 13687 13642 13670 13692 13689 13670
13693 13694 13695 13693 13696 13697 13698 13696 13693 13699 13694 13693 13696 13700 13697 13696 13693 13701 13702 13693 13696 13703 13704 13696 13693 13705 13701 13693 13696 13706 13703 13696
13693 13707 13708 13693 13696 13709 13710 13696 13693 13711 13707 13693 13696 13712 13709 13696 13693 13713 13714 13693 13696 13715 13716 13696 13693 13717 13713 13693 13696 13718 13715 13696
13693 13719 13720 13693 13721 13722 13723 13721 13693 13724 13719 13693 13721 13725 13722 13721 13693 13726 13727 13693 13721 13728 13729 13721 13693 13730 13726 13693 13721 13731 13728 13721
13693 13732 13733 13693 13721 13734 13735 13721 13693 13736 13732 13693 13721 13737 13734 13721 13693 13738 13739 13693 13721 13740 13741 13721 13693 13742 13738 13693 13721 13743 13740 13721
13744 13745 13746 13744 13747 13748 13749 13747 13744 13750 13745 13744 13747 13751 13748 13747 13744 13752 13753 13744 13747 13754 13755 13747 13744 13756 13752 13744 13747 13757 13754 13747
13744 13758 13759 13744 13747 13760 13761 13747 13744 13762 13758 13744 13747 13763 13760 13747 13744 13764 13765 13744 13747 13766 13767 13747 13744 13768 13764 13744 13747 13769 13766 13747
13744 13770 13771 13744 13772 13773 13774 13772 13744 13775 13770 13744 13772 13776 13773 13772 13744 13777 13778 13744 13772 13779 13780 13772 13744 13781 13777 13744 13772 13782 13779 13772
13744 13783 13784 13744 13772 13785 13786 13772 13744 13787 13783 13744 13772 13788 13785 13772 13744 13789 13790 13744 13772 13791 13792 13772 13744 13793 13789 13744 13772 13794 13791 13772
13795 13796 13797 13795 13798 13799 13800 13798 13795 13801 13796 13795 13798 13802 13799 13798 13795 13803 13804 13795 13798 13805 13806 13798 13795 13807 13803 13795 13798 13808 13805 13798
13795 13809 13810 13795 13798 13811 13812 13798 13795 13813 13809 13795 13798 13814 13811 13798 13795 13815 13816 13795 13798 13817 13818 13798 13795 13819 13815 13795 13798 13820 13817 13798
13795 13821 13822 13795 13823 13824 13825 13823 13795 13826 13821 13795 13823 13827 13824 13823 13795 13828 13829 13795 13823 13830 13831 13823 13795 13832 13828 13795 13823 13833 13830 13823
13795 13834 13835 13795 13823 13836 13837 13823 13795 13838 13834 13795 13823 13839 13836 13823 13795 13840 13841 13795 13823 13842 13843 13823 13795 13844 13840 13795 13823 13845 13842 13823
13846 13847 13848 13846 13849 13850 13851 13849 13846 13852 13847 13846 13849 13853 13850 13849 13846 13854 13855 13846 13849 13856 13857 13849 13846 13858 13854 13846 13849 13859 13856 13849
13846 13860 13861 13846 13849 13862 13863 13849 13846 13864 13860 13846 13849 13865 13862 13849 13846 13866 13867 13846 13849 13868 13869 13849 13846 13870 13866 13846 13849 13871 13868 13849
13846 13872 13873 13846 13874 13875 13876 13874 13846 13877 13872 13846 13874 13878 13875 13874 13846 13879 13880 13846 13874 13881 13882 13874 13846 13883 13879 13846 13874 13884 13881 13874
13846 13885 13886 13846 13874 13887 13888 13874 13846 13889 13885 13846 13874 13890 13887 13874 13846 13891 13892 13846 13874 13893 13894 13874 13846 13895 13891 13846 13874 13896 13893 13874
13897 13898 13899 13897 13900 13901 13902 13900 13897 13903 13898 13897 13900 13904 13901 13900 13897 13905 13906 13897 13900 13907 13908 13900 13897 13909 13905 13897 13900 13910 13907 13900
13897 13911 13912 13897 13900 13913 13914 13900 13897 13915 13911 13897 13900 13916 13913 13900 13897 13917 13918 13897 13900 13919 13920 13900 13897 13921 13917 13897 13900 13922 13919 13900
13897 13923 13924 13897 13925 13926 13927 13925 13897 13928 13923 13897 13925 13929 13926 13925 13897 13930 13931 13897 13925 13932 13933 13925 13897 13934 13930 13897 13925 13935 13932 13925
13897 13936 13937 13897 13925 13938 13939 13925 13897 13940 13936 13897 13925 13941 13938 13925 13897 13942 13943 13897 13925 13944 13945 13925 13897 13946 13942 13897 13925 13947 13944 13925
13948 13949 13950 13948 13951 13952 13953 13951 13948 13954 13949 13948 13951 13955 13952 13951 13948 13956 13957 13948 13951 13958 13959 13951 13948 13960 13956 13948 13951 13961 13958 13951
13948 13962 13963 13948 13951 13964 13965 13951 13948 13966 13962 13948 13951 13967 13964 13951 13948 13968 13969 13948 13951 13970 13971 13951 13948 13972 13968 13948 13951 13973 13970 13951
13948 13974 13975 13948 13976 13977 13978 13976 13948 13979 13974 13948 13976 13980 13977 13976 13948 13981 13982 13948 13976 13983 13984 13976 13948 13985 13981 13948 13976 13986 13983 13976
13948 13987 13988 13948 13976 13989 13990 13976 13948 13991 13987 13948 13976 13992 13989 13976 13948 13993 13994 13948 13976 13995 13996 13976 13948 13997 13993 13948 13976 13998 13995 13976
13999 14000 14001 13999 14002 14003 14004 14002 13999 14005 14000 13999 14002 14006 14003 14002 13999 14007 14008 13999 14002 14009 14010 14002 13999 14011 14007 13999 14002 14012 14009 14002
13999 14013 14014 13999 14002 14015 14016 14002 13999 14017 14013 13999 14002 14018 14015 14002 13999 14019 14020 13999 14002 14021 14022 14002 13999 14023 14019 13999 14002 14024 14021 14002
13999 14025 14026 13999 14027 14028 14029 14027 13999 14030 14025 13999 14027 14031 14028 14027 13999 14032 14033 13999 14027 14034 14035 14027 13999 14036 14032 13999 14027 14037 14034 14027
13999 14038 14039 13999 14027 14040 14041 14027 13999 14042 14038 13999 14027 14043 14040 14027 13999 14044 14045 13999 14027 14046 14047 14027 13999 14048 14044 13999 14027 14049 14046 14027
14050 14051 14052 14050 14053 14054 14055 14053 14050 14056 14051 14050 14053 14057 14054 14053 14050 14058 14059 14050 14053 14060 14061 14053 14050 14062 14058 14050 14053 14063 14060 14053
14050 14064 14065 14050 14053 14066 14067 14053 14050 14068 14064 14050 14053 14069 14066 14053 14050 14070 14071 14050 14053 14072 14073 14053 14050 14074 14070 14050 14053 14075 14072 14053
14050 14076 14077 14050 14078 14079 14080 14078 14050 14081 14076 14050 14078 14082 14079 14078 14050 14083 14084 14050 14078 14085 14086 14078 14050 14087 14083 14050 14078 14088 14085 14078
14050 14089 14090 14050 14078 14091 14092 14078 14050 14093 14089 14050 14078 14094 14091 14078 14050 14095 14096 14050 14078 14097 14098 14078 14050 14099 14095 14050 14078 14100 14097 14078
14101 14102 14103 14101 14104 14105 14106 14104 14101 14107 14102 14101 14104 14108 14105 14104 14101 14109 14110 14101 14104 14111 14112 14104 14101 14113 14109 14101 14104 14114 14111 14104
14101 14115 14116 14101 14104 14117 14118 14104 14101 14119 14115 14101 14104 14120 14117 14104 14101 14121 14122 14101 14104 14123 14124 14104 14101 14125 14121 14101 14104 14126 14123 14104
14101 14127 14128 14101 14129 14130 14131 14129 14101 14132 14127 14101 14129 14133 14130 14129 14101 14134 14135 14101 14129 14136 14137 14129 14101 14138 14134 14101 14129 14139 14136 14129
14101 14140 14141 14101 14129 14142 14143 14129 14101 14144 14140 14101 14129 14145 14142 14129 14101 14146 14147 14101 14129 14148 14149 14129 14101 14150 14146 14101 14129 14151 14148 14129
14152 14153 14154 14152 14155 14156 14157 14155 14152 14158 14153 14152 14155 14159 14156 14155 14152 14160 14161 14152 14155 14162 14163 14155 14152 14164 14160 14152 14155 14165 14162 14155
14152 14166 14167 14152 14155 14168 14169 14155 14152 14170 14166 14152 14155 14171 14168 14155 14152 14172 14173 14152 14155 14174 14175 14155 14152 14176 14172 14152 14155 14177 14174 14155
14152 14178 14179 14152 14180 14181 14182 14180 14152 14183 14178 14152 14180 14184 14181 14180 14152 14185 14186 14152 14180 14187 14188 14180 14152 14189 14185 14152 14180 14190 14187 14180
14152 14191 14192 14152 14180 14193 14194 14180 14152 14195 14191 14152 14180 14196 14193 14180 14152 14197 14198 14152 14180 14199 14200 14180 14152 14201 14197 14152 14180 14202 14199 14180
14203 14204 14205 14203 14206 14207 14208 14206 14203 14209 14204 14203 14206 14210 14207 14206 14203 14211 14212 14203 14206 14213 14214 14206 14203 14215 14211 14203 14206 14216 14213 14206
14203 14217 14218 14203 14206 14219 14220 14206 14203 14221 14217 14203 14206 14222 14219 14206 14203 14223 14224 14203 14206 14225 14226 14206 14203 14227 14223 14203 14206 14228 14225 14206
14203 14229 14230 14203 14231 14232 14233 14231 14203 14234 14229 14203 14231 14235 14232 14231 14203 14236 14237 14203 14231 14238 14239 14231 14203 14240 14236 14203 14231 14241 14238 14231
14203 14242 14243 14203 14231 14244 14245 14231 14203 14246 14242 14203 14231 14247 14244 14231 14203 14248 14249 14203 14231 14250 14251 14231 14203 14252 14248 14203 14231 14253 14250 14231
14254 14255 14256 14254 14257 14258 14259 14257 14254 14260 14255 14254 14257 14261 14258 14257 14254 14262 14263 14254 14257 14264 14265 14257 14254 14266 14262 14254 14257 14267 14264 14257
14254 14268 14269 14254 14257 14270 14271 14257 14254 14272 14268 14254 14257 14273 14270 14257 14254 14274 14275 14254 14257 14276 14277 14257 14254 14278 14274 14254 14257 14279 14276 14257
14254 14280 14281 14254 14282 14283 14284 14282 14254 14285 14280 14254 14282 14286 14283 14282 14254 14287 14288 14254 14282 14289 14290 14282 14254 14291 14287 14254 14282 14292 14289 14282
14254 14293 14294 14254 14282 14295 14296 14282 14254 14297 14293 14254 14282 14298 14295 14282 14254 14299 14300 14254 14282 14301 14302 14282 14254 14303 14299 14254 14282 14304 14301 14282
14305 14306 14307 14305 14308 14309 14310 14308 14305 14311 14306 14305 14308 14312 14309 14308 14305 14313 14314 14305 14308 14315 14316 14308 14305 14317 14313 14305 14308 14318 14315 14308
14305 14319 14320 14305 14308 14321 14322 14308 14305 14323 14319 14305 14308 14324 14321 14308 14305 14325 14326 14305 14308 14327 14328 14308 14305 14329 14325 14305 14308 14330 14327 14308
14305 14331 14332 14305 14333 14334 14335 14333 14305 14336 14331 14305 14333 14337 14334 14333 14305 14338 14339 14305 14333 14340 14341 14333 14305 14342 14338 14305 14333 14343 14340 14333
14305 14344 14345 14305 14333 14346 14347 14333 14305 14348 14344 14305 14333 14349 14346 14333 14305 14350 14351 14305 14333 14352 14353 14333 14305 14354 14350 14305 14333 14355 14352 14333
14356 14357 14358 14356 14359 14360 14361 14359 14356 14362 14357 14356 14359 14363 14360 14359 14356 14364 14365 14356 14359 14366 14367 14359 14356 14368 14364 14356 14359 14369 14366 14359
14356 14370 14371 14356 14359 14372 14373 14359 14356 14374 14370 14356 14359 14375 14372 14359 14356 14376 14377 14356 14359 14378 14379 14359 14356 14380 14376 14356 14359 14381 14378 14359
14356 14382 14383 14356 14384 14385 14386 14384 14356 14387 14382 14356 14384 14388 14385 14384 14356 14389 14390 14356 14384 14391 14392 14384 14356 14393 14389 14356 14384 14394 14391 14384
14356 14395 14396 14356 14384 14397 14398 14384 14356 14399 14395 14356 14384 14400 14397 14384 14356 14401 14402 14356 14384 14403 14404 14384 14356 14405 14401 14356 14384 14406 14403 14384
14407 14408 14409 14407 14410 14411 14412 14410 14407 14413 14408 14407 14410 14414 14411 14410 14407 14415 14416 14407 14410 14417 14418 14410 14407 14419 14415 14407 14410 14420 14417 14410
14407 14421 14422 14407 14410 14423 14424 14410 14407 14425 14421 14407 14410 14426 14423 14410 14407 14427 14428 14407 14410 14429 14430 14410 14407 14431 14427 14407 14410 14432 14429 14410
14407 14433 14434 14407 14435 14436 14437 14435 14407 14438 14433 14407 14435 14439 14436 14435 14407 14440 14441 14407 14435 14442 14443 14435 14407 14444 14440 14407 14435 14445 14442 14435
14407 14446 14447 14407 14435 14448 14449 14435 14407 14450 14446 14407 14435 14451 14448 14435 14407 14452 14453 14407 14435 14454 14455 14435 14407 14456 14452 14407 14435 14457 14454 14435
14458 14459 14460 14458 14461 14462 14463 14461 14458 14464 14459 14458 14461 14465 14462 14461 14458 14466 14467 14458 14461 14468 14469 14461 14458 14470 14466 14458 14461 14471 14468 14461
14458 14472 14473 14458 14461 14474 14475 14461 14458 14476 14472 14458 14461 14477 14474 14461 14458 14478 14479 14458 14461 14480 14481 14461 14458 14482 14478 14458 14461 14483 14480 14461
14458 14484 14485 14458 14486 14487 14488 14486 14458 14489 14484 14458 14486 14490 14487 14486 14458 14491 14492 14458 14486 14493 14494 14486 14458 14495 14491 14458 14486 14496 14493 14486
14458 14497 14498 14458 14486 14499 14500 14486 14458 14501 14497 14458 14486 14502 14499 14486 14458 14503 14504 14458 14486 14505 14506 14486 14458 14507 14503 14458 14486 14508 14505 14486
14509 14510 14511 14509 14512 14513 14514 14512 14509 14515 14510 14509 14512 14516 14513 14512 14509 14517 14518 14509 14512 14519 14520 14512 14509 14521 14517 14509 14512 14522 14519 14512
14509 14523 14524 14509 14512 14525 14526 14512 14509 14527 14523 14509 14512 14528 14525 14512 14509 14529 14530 14509 14512 14531 14532 14512 14509 14533 14529 14509 14512 14534 14531 14512
14509 14535 14536 14509 14537 14538 14539 14537 14509 14540 14535 14509 14537 14541 14538 14537 14509 14542 14543 14509 14537 14544 14545 14537 14509 14546 14542 14509 14537 14547 14544 14537
14509 14548 14549 14509 14537 14550 14551 14537 14509 14552 14548 14509 14537 14553 14550 14537 14509 14554 14555 14509 14537 14556 14557 14537 14509 14558 14554 14509 14537 14559 14556 14537
14560 14561 14562 14560 14563 14564 14565 14563 14560 14566 14561 14560 14563 14567 14564 14563 14560 14568 14569 14560 14563 14570 14571 14563 14560 14572 14568 14560 14563 14573 14570 14563
14560 14574 14575 14560 14563 14576 14577 14563 14560 14578 14574 14560 14563 14579 14576 14563 14560 14580 14581 14560 14563 14582 14583 14563 14560 14584 14580 14560 14563 14585 14582 14563
14560 14586 14587 14560 14588 14589 14590 14588 14560 14591 14586 14560 14588 14592 14589 14588 14560 14593 14594 14560 14588 14595 14596 14588 14560 14597 14593 14560 14588 14598 14595 14588
14560 14599 14600 14560 14588 14601 14602 14588 14560 14603 14599 14560 14588 14604 14601 14588 14560 14605 14606 14560 14588 14607 14608 14588 14560 14609 14605 14560 14588 14610 14607 14588
14611 14612 14613 14611 14614 14615 14616 14614 14611 14617 14612 14611 14614 14618 14615 14614 14611 14619 14620 14611 14614 14621 14622 14614 14611 14623 14619 14611 14614 14624 14621 14614
14611 14625 14626 14611 14614 14627 14628 14614 14611 14629 14625 14611 14614 14630 14627 14614 14611 14631 14632 14611 14614 14633 14634 14614 14611 14635 14631 14611 14614 14636 14633 14614
14611 14637 14638 14611 14639 14640 14641 14639 14611 14642 14637 14611 14639 14643 14640 14639 14611 14644 14645 14611 14639 14646 14647 14639 14611 14648 14644 14611 14639 14649 14646 14639
14611 14650 14651 14611 14639 14652 14653 14639 14611 14654 14650 14611 14639 14655 14652 14639 14611 14656 14657 14611 14639 14658 14659 14639 14611 14660 14656 14611 14639 14661 14658 14639
14662 14663 14664 14662 14665 14666 14667 14665 14662 14668 14663 14662 14665 14669 14666 14665 14662 14670 14671 14662 14665 14672 14673 14665 14662 14674 14670 14662 14665 14675 14672 14665
14662 14676 14677 14662 14665 14678 14679 14665 14662 14680 14676 14662 14665 14681 14678 14665 14662 14682 14683 14662 14665 14684 14685 14665 14662 14686 14682 14662 14665 14687 14684 14665
14688 14688 14688 14688 14688 14688 14688 14688 14688 14688 14688 14688 14688 14688 14688 14688 14688 14688 14688 14688 14688 14688 14688 14688 14688 14688 14688 14688 14688 14688 14688 14688
14688 14688 14688 14688 14688 14688 14688 14688 14688 14688 14688 14688 14688 14688 14688 14688 14688 14688 14688 14688 14688 14688 14688 14688 14688 14688 14688 14688 14688 14688 14688 14688
14689 14690 14691 14689 14665 14692 14693 14665 14689 14694 14690 14689 14665 14695 14692 14665 14689 14696 14697 14689 14665 14698 14699 14665 14689 14700 14696 14689 14665 14701 14698 14665
14689 14702 14703 14689 14665 14704 14705 14665 14689 14706 14702 14689 14665 14707 14704 14665 14689 14708 14709 14689 14665 14710 14711 14665 14689 14712 14708 14689 14665 14713 14710 14665
14714 14715 14716 14714 14717 14718 14719 14717 14714 14720 14715 14714 14717 14721 14718 14717 14714 14722 14723 14714 14717 14724 14725 14717 14714 14726 14722 14714 14717 14727 14724 14717
14714 14728 14729 14714 14717 14730 14731 14717 14714 14732 14728 14714 14717 14733 14730 14717 14714 14734 14735 14714 14717 14736 14737 14717 14714 14738 14734 14714 14717 14739 14736 14717
14740 14741 14742 14740 14743 14744 14745 14743 14740 14746 14741 14740 14743 14747 14744 14743 14740 14748 14749 14740 14743 14750 14751 14743 14740 14752 14748 14740 14743 14753 14750 14743
14740 14754 14755 14740 14743 14756 14757 14743 14740 14758 14754 14740 14743 14759 14756 14743 14740 14760 14761 14740 14743 14762 14763 14743 14740 14764 14760 14740 14743 14765 14762 14743
14766 14767 14768 14766 14769 14770 14771 14769 14766 14772 14767 14766 14769 14773 14770 14769 14766 14774 14775 14766 14769 14776 14777 14769 14766 14778 14774 14766 14769 14779 14776 14769
14766 14780 14781 14766 14769 14782 14783 14769 14766 14784 14780 14766 14769 14785 14782 14769 14766 14786 14787 14766 14769 14788 14789 14769 14766 14790 14786 14766 14769 14791 14788 14769
14792 14793 14794 14792 14743 14795 14796 14743 14792 14797 14793 14792 14743 14798 14795 14743 14792 14799 14800 14792 14743 14801 14802 14743 14792 14803 14799 14792 14743 14804 14801 14743
14792 14805 14806 14792 14743 14807 14808 14809 14792 14810 14805 14792 14809 14811 14807 14809 14792 14812 14813 14792 14809 14814 14815 14809 14792 14816 14812 14792 14809 14817 14814 14809
14818 14818 14818 14818 14818 14818 14818 14818 14818 14818 14818 14818 14818 14818 14818 14818 14818 14818 14818 14818 14818 14818 14818 14818 14818 14818 14818 14818 14818 14818 14818 14818
14818 14818 14818 14818 14818 14818 14818 14818 14818 14818 14818 14818 14818 14818 14818 14818 14818 14818 14818 14818 14818 14818 14818 14818 14818 14818 14818 14818 14818 14818 14818 14818
14819 14820 14821 14819 14809 14822 14823 14809 14819 14824 14820 14819 14809 14825 14822 14809 14819 14826 14827 14819 14809 14828 14829 14809 14819 14830 14826 14819 14809 14831 14828 14809
14819 14832 14833 14819 14809 14834 14835 14809 14819 14836 14832 14819 14809 14837 14834 14809 14819 14838 14839 14819 14809 14840 14841 14809 14819 14842 14838 14819 14809 14843 14840 14809
14844 14845 14846 14844 14847 14848 14849 14847 14844 14850 14845 14844 14847 14851 14848 14847 14844 14852 14853 14844 14847 14854 14855 14847 14844 14856 14852 14844 14847 14857 14854 14847
14844 14858 14859 14844 14847 14860 14861 14847 14844 14862 14858 14844 14847 14863 14860 14847 14844 14864 14865 14844 14847 14866 14867 14847 14844 14868 14864 14844 14847 14869 14866 14847
14870 14871 14872 14870 14809 14873 14874 14875 14870 14876 14871 14870 14875 14877 14873 14875 14870 14878 14879 14870 14875 14880 14881 14875 14870 14882 14878 14870 14875 14883 14880 14875
14870 14884 14885 14870 14875 14886 14887 14875 14870 14888 14884 14870 14875 14889 14886 14875 14870 14890 14891 14870 14875 14892 14893 14875 14870 14894 14890 14870 14875 14895 14892 14875
14896 14896 14896 14896 14896 14896 14896 14896 14896 14896 14896 14896 14896 14896 14896 14896 14896 14896 14896 14896 14896 14896 14896 14896 14896 14896 14896 14896 14896 14896 14896 14896
14896 14896 14896 14896 14896 14896 14896 14896 14896 14896 14896 14896 14896 14896 14896 14896 14896 14896 14896 14896 14896 14896 14896 14896 14896 14896 14896 14896 14896 14896 14896 14896
14897 14898 14899 14897 14875 14900 14901 14875 14897 14902 14898 14897 14875 14903 14900 14875 14897 14904 14905 14897 14875 14906 14907 14875 14897 14908 14904 14897 14875 14909 14906 14875
14897 14910 14911 14897 14875 14912 14913 14875 14897 14914 14910 14897 14875 14915 14912 14875 14897 14916 14917 14897 14875 14918 14919 14875 14897 14920 14916 14897 14875 14921 14918 14875
14922 14923 14924 14922 14925 14926 14927 14925 14922 14928 14923 14922 14925 14929 14926 14925 14922 14930 14931 14922 14925 14932 14933 14925 14922 14934 14930 14922 14925 14935 14932 14925
14922 14936 14937 14922 14925 14938 14939 14925 14922 14940 14936 14922 14925 14941 14938 14925 14922 14942 14943 14922 14925 14944 14945 14925 14922 14946 14942 14922 14925 14947 14944 14925
14948 14949 14950 14948 14951 14952 14953 14951 14948 14954 14949 14948 14951 14955 14952 14951 14948 14956 14957 14948 14951 14958 14959 14951 14948 14960 14956 14948 14951 14961 14958 14951
14948 14962 14963 14948 14951 14964 14965 14951 14948 14966 14962 14948 14951 14967 14964 14951 14948 14968 14969 14948 14951 14970 14971 14951 14948 14972 14968 14948 14951 14973 14970 14951
14974 14975 14976 14974 14977 14978 14979 14977 14974 14980 14975 14974 14977 14981 14978 14977 14974 14982 14983 14974 14977 14984 14985 14977 14974 14986 14982 14974 14977 14987 14984 14977
14974 14988 14989 14974 14977 14990 14991 14977 14974 14992 14988 14974 14977 14993 14990 14977 14974 14994 14995 14974 14977 14996 14997 14977 14974 14998 14994 14974 14977 14999 14996 14977
15000 15001 15002 15000 14951 15003 15004 14951 15000 15005 15001 15000 14951 15006 15003 14951 15000 15007 15008 15000 14951 15009 15010 14951 15000 15011 15007 15000 14951 15012 15009 14951
15000 15013 15014 15000 14951 15015 15016 15017 15000 15018 15013 15000 15017 15019 15015 15017 15000 15020 15021 15000 15017 15022 15023 15017 15000 15024 15020 15000 15017 15025 15022 15017
15026 15026 15026 15026 15026 15026 15026 15026 15026 15026 15026 15026 15026 15026 15026 15026 15026 15026 15026 15026 15026 15026 15026 15026 15026 15026 15026 15026 15026 15026 15026 15026
15026 15026 15026 15026 15026 15026 15026 15026 15026 15026 15026 15026 15026 15026 15026 15026 15026 15026 15026 15026 15026 15026 15026 15026 15026 15026 15026 15026 15026 15026 15026 15026
15027 15028 15029 15027 15017 15030 15031 15017 15027 15032 15028 15027 15017 15033 15030 15017 15027 15034 15035 15027 15017 15036 15037 15017 15027 15038 15034 15027 15017 15039 15036 15017
15027 15040 15041 15027 15017 15042 15043 15017 15027 15044 15040 15027 15017 15045 15042 15017 15027 15046 15047 15027 15017 15048 15049 15017 15027 15050 15046 15027 15017 15051 15048 15017
15052 15053 15054 15052 15055 15056 15057 15055 15052 15058 15053 15052 15055 15059 15056 15055 15052 15060 15061 15052 15055 15062 15063 15055 15052 15064 15060 15052 15055 15065 15062 15055
15052 15066 15067 15052 15055 15068 15069 15055 15052 15070 15066 15052 15055 15071 15068 15055 15052 15072 15073 15052 15055 15074 15075 15055 15052 15076 15072 15052 15055 15077 15074 15055
15078 15079 15080 15078 15017 15081 15082 15083 15078 15084 15079 15078 15083 15085 15081 15083 15078 15086 15087 15078 15083 15088 15089 15083 15078 15090 15086 15078 15083 15091 15088 15083
15078 15092 15093 15078 15083 15094 15095 15083 15078 15096 15092 15078 15083 15097 15094 15083 15078 15098 15099 15078 15083 15100 15101 15083 15078 15102 15098 15078 15083 15103 15100 15083
15104 15104 15104 15104 15104 15104 15104 15104 15104 15104 15104 15104 15104 15104 15104 15104 15104 15104 15104 15104 15104 15104 15104 15104 15104 15104 15104 15104 15104 15104 15104 15104
15104 15104 15104 15104 15104 15104 15104 15104 15104 15104 15104 15104 15104 15104 15104 15104 15104 15104 15104 15104 15104 15104 15104 15104 15104 15104 15104 15104 15104 15104 15104 15104
15105 15106 15107 15105 15083 15108 15109 15083 15105 15110 15106 15105 15083 15111 15108 15083 15105 15112 15113 15105 15083 15114 15115 15083 15105 15116 15112 15105 15083 15117 15114 15083
15105 15118 15119 15105 15083 15120 15121 15083 15105 15122 15118 15105 15083 15123 15120 15083 15105 15124 15125 15105 15083 15126 15127 15083 15105 15128 15124 15105 15083 15129 15126 15083
15130 15131 15132 15130 15133 15134 15135 15133 15130 15136 15131 15130 15133 15137 15134 15133 15130 15138 15139 15130 15133 15140 15141 15133 15130 15142 15138 15130 15133 15143 15140 15133
15130 15144 15145 15130 15133 15146 15147 15133 15130 15148 15144 15130 15133 15149 15146 15133 15130 15150 15151 15130 15133 15152 15153 15133 15130 15154 15150 15130 15133 15155 15152 15133
15156 15157 15158 15156 15159 15160 15161 15159 15156 15162 15157 15156 15159 15163 15160 15159 15156 15164 15165 15156 15159 15166 15167 15159 15156 15168 15164 15156 15159 15169 15166 15159
15156 15170 15171 15156 15159 15172 15173 15159 15156 15174 15170 15156 15159 15175 15172 15159 15156 15176 15177 15156 15159 15178 15179 15159 15156 15180 15176 15156 15159 15181 15178 15159
15182 15183 15184 15182 15185 15186 15187 15185 15182 15188 15183 15182 15185 15189 15186 15185 15182 15190 15191 15182 15185 15192 15193 15185 15182 15194 15190 15182 15185 15195 15192 15185
15182 15196 15197 15182 15185 15198 15199 15185 15182 15200 15196 15182 15185 15201 15198 15185 15182 15202 15203 15182 15185 15204 15205 15185 15182 15206 15202 15182 15185 15207 15204 15185
15208 15209 15210 15208 15159 15211 15212 15159 15208 15213 15209 15208 15159 15214 15211 15159 15208 15215 15216 15208 15159 15217 15218 15159 15208 15219 15215 15208 15159 15220 15217 15159
15208 15221 15222 15208 15159 15223 15224 15225 15208 15226 15221 15208 15225 15227 15223 15225 15208 15228 15229 15208 15225 15230 15231 15225 15208 15232 15228 15208 15225 15233 15230 15225
15234 15235 15236 15234 15237 15238 15239 15237 15234 15240 15235 15234 15237 15241 15238 15237 15234 15242 15243 15234 15237 15244 15245 15237 15234 15246 15242 15234 15237 15247 15244 15237
15234 15248 15249 15234 15237 15250 15251 15237 15234 15252 15248 15234 15237 15253 15250 15237 15234 15254 15255 15234 15237 15256 15257 15237 15234 15258 15254 15234 15237 15259 15256 15237
15260 15261 15262 15260 15225 15263 15264 15225 15260 15265 15261 15260 15225 15266 15263 15225 15260 15267 15268 15260 15225 15269 15270 15225 15260 15271 15267 15260 15225 15272 15269 15225
15260 15273 15274 15260 15225 15275 15276 15225 15260 15277 15273 15260 15225 15278 15275 15225 15260 15279 15280 15260 15225 15281 15282 15225 15260 15283 15279 15260 15225 15284 15281 15225
15285 15285 15285 15285 15285 15285 15285 15285 15285 15285 15285 15285 15285 15285 15285 15285 15285 15285 15285 15285 15285 15285 15285 15285 15285 15285 15285 15285 15285 15285 15285 15285
15285 15285 15285 15285 15285 15285 15285 15285 15285 15285 15285 15285 15285 15285 15285 15285 15285 15285 15285 15285 15285 15285 15285 15285 15285 15285 15285 15285 15285 15285 15285 15285
15286 15287 15288 15286 15225 15289 15290 15291 15286 15292 15287 15286 15291 15293 15289 15291 15286 15294 15295 15286 15291 15296 15297 15291 15286 15298 15294 15286 15291 15299 15296 15291
15286 15300 15301 15286 15291 15302 15303 15291 15286 15304 15300 15286 15291 15305 15302 15291 15286 15306 15307 15286 15291 15308 15309 15291 15286 15310 15306 15286 15291 15311 15308 15291
15312 15313 15314 15312 15315 15316 15317 15315 15312 15318 15313 15312 15315 15319 15316 15315 15312 15320 15321 15312 15315 15322 15323 15315 15312 15324 15320 15312 15315 15325 15322 15315
15312 15326 15327 15312 15315 15328 15329 15315 15312 15330 15326 15312 15315 15331 15328 15315 15312 15332 15333 15312 15315 15334 15335 15315 15312 15336 15332 15312 15315 15337 15334 15315
15338 15339 15340 15338 15291 15341 15342 15291 15338 15343 15339 15338 15291 15344 15341 15291 15338 15345 15346 15338 15291 15347 15348 15291 15338 15349 15345 15338 15291 15350 15347 15291
15338 15351 15352 15338 15291 15353 15354 15291 15338 15355 15351 15338 15356 15357 15353 15356 15338 15358 15359 15338 15356 15360 15361 15356 15338 15362 15358 15338 15356 15363 15360 15356
15364 15365 15366 15364 15367 15368 15369 15367 15364 15370 15365 15364 15367 15371 15368 15367 15364 15372 15373 15364 15367 15374 15375 15367 15364 15376 15372 15364 15367 15377 15374 15367
15364 15378 15379 15364 15367 15380 15381 15367 15364 15382 15378 15364 15367 15383 15380 15367 15364 15384 15385 15364 15367 15386 15387 15367 15364 15388 15384 15364 15367 15389 15386 15367
15390 15391 15392 15390 15356 15393 15394 15356 15390 15395 15391 15390 15356 15396 15393 15356 15390 15397 15398 15390 15356 15399 15400 15356 15390 15401 15397 15390 15356 15402 15399 15356
15390 15403 15404 15390 15356 15405 15406 15356 15390 15407 15403 15390 15356 15408 15405 15356 15390 15409 15410 15390 15356 15411 15412 15356 15390 15413 15409 15390 15356 15414 15411 15356
15415 15416 15417 15415 15418 15419 15420 15418 15415 15421 15416 15415 15418 15422 15419 15418 15415 15423 15424 15415 15418 15425 15426 15418 15415 15427 15423 15415 15418 15428 15425 15418
15415 15429 15430 15415 15418 15431 15432 15418 15415 15433 15429 15415 15418 15434 15431 15418 15415 15435 15436 15415 15418 15437 15438 15418 15415 15439 15435 15415 15418 15440 15437 15418
15441 15442 15443 15441 15444 15445 15446 15444 15441 15447 15442 15441 15444 15448 15445 15444 15441 15449 15450 15441 15444 15451 15452 15444 15441 15453 15449 15441 15444 15454 15451 15444
15441 15455 15456 15441 15444 15457 15458 15444 15441 15459 15455 15441 15444 15460 15457 15444 15441 15461 15462 15441 15444 15463 15464 15444 15441 15465 15461 15441 15444 15466 15463 15444
15467 15467 15467 15467 15467 15467 15467 15467 15467 15467 15467 15467 15467 15467 15467 15467 15467 15467 15467 15467 15467 15467 15467 15467 15467 15467 15467 15467 15467 15467 15467 15467
15467 15467 15467 15467 15467 15467 15467 15467 15467 15467 15467 15467 15467 15467 15467 15467 15467 15467 15467 15467 15467 15467 15467 15467 15467 15467 15467 15467 15467 15467 15467 15467
15468 15469 15470 15468 15444 15471 15472 15444 15468 15473 15469 15468 15444 15474 15471 15444 15468 15475 15476 15468 15444 15477 15478 15444 15468 15479 15475 15468 15444 15480 15477 15444
15468 15481 15482 15468 15444 15483 15484 15444 15468 15485 15481 15468 15444 15486 15483 15444 15468 15487 15488 15468 15444 15489 15490 15444 15468 15491 15487 15468 15444 15492 15489 15444
15493 15493 15493 15493 15493 15493 15493 15493 15493 15493 15493 15493 15493 15493 15493 15493 15493 15493 15493 15493 15493 15493 15493 15493 15493 15493 15493 15493 15493 15493 15493 15493
15493 15493 15493 15493 15493 15493 15493 15493 15493 15493 15493 15493 15493 15493 15493 15493 15493 15493 15493 15493 15493 15493 15493 15493 15493 15493 15493 15493 15493 15493 15493 15493
15494 15495 15496 15494 15444 15497 15498 15444 15494 15499 15495 15494 15444 15500 15497 15444 15494 15501 15502 15494 15444 15503 15504 15444 15494 15505 15501 15494 15444 15506 15503 15444
15494 15507 15508 15494 15509 15510 15511 15509 15494 15512 15507 15494 15509 15513 15510 15509 15494 15514 15515 15494 15509 15516 15517 15509 15494 15518 15514 15494 15509 15519 15516 15509
15520 15521 15522 15520 15523 15524 15525 15523 15520 15526 15521 15520 15523 15527 15524 15523 15520 15528 15529 15520 15523 15530 15531 15523 15520 15532 15528 15520 15523 15533 15530 15523
15520 15534 15535 15520 15523 15536 15537 15523 15520 15538 15534 15520 15523 15539 15536 15523 15520 15540 15541 15520 15523 15542 15543 15523 15520 15544 15540 15520 15523 15545 15542 15523
15546 15547 15548 15546 15509 15549 15550 15509 15546 15551 15547 15546 15509 15552 15549 15509 15546 15553 15554 15546 15509 15555 15556 15509 15546 15557 15553 15546 15509 15558 15555 15509
15546 15559 15560 15546 15509 15561 15562 15509 15546 15563 15559 15546 15509 15564 15561 15509 15546 15565 15566 15546 15509 15567 15568 15509 15546 15569 15565 15546 15509 15570 15567 15509
15571 15572 15573 15571 15574 15575 15576 15574 15571 15577 15572 15571 15574 15578 15575 15574 15571 15579 15580 15571 15574 15581 15582 15574 15571 15583 15579 15571 15574 15584 15581 15574
15571 15585 15586 15571 15574 15587 15588 15574 15571 15589 15585 15571 15574 15590 15587 15574 15571 15591 15592 15571 15574 15593 15594 15574 15571 15595 15591 15571 15574 15596 15593 15574
15597 15598 15599 15597 15600 15601 15602 15600 15597 15603 15598 15597 15600 15604 15601 15600 15597 15605 15606 15597 15600 15607 15608 15600 15597 15609 15605 15597 15600 15610 15607 15600
15597 15611 15612 15597 15600 15613 15614 15600 15597 15615 15611 15597 15600 15616 15613 15600 15597 15617 15618 15597 15600 15619 15620 15600 15597 15621 15617 15597 15600 15622 15619 15600
15623 15623 15623 15623 15623 15623 15623 15623 15623 15623 15623 15623 15623 15623 15623 15623 15623 15623 15623 15623 15623 15623 15623 15623 15623 15623 15623 15623 15623 15623 15623 15623
15623 15623 15623 15623 15623 15623 15623 15623 15623 15623 15623 15623 15623 15623 15623 15623 15623 15623 15623 15623 15623 15623 15623 15623 15623 15623 15623 15623 15623 15623 15623 15623
15624 15625 15626 15624 15600 15627 15628 15600 15624 15629 15625 15624 15600 15630 15627 15600 15624 15631 15632 15624 15600 15633 15634 15600 15624 15635 15631 15624 15600 15636 15633 15600
15624 15637 15638 15624 15600 15639 15640 15600 15624 15641 15637 15624 15600 15642 15639 15600 15624 15643 15644 15624 15600 15645 15646 15600 15624 15647 15643 15624 15600 15648 15645 15600
15649 15649 15649 15649 15649 15649 15649 15649 15649 15649 15649 15649 15649 15649 15649 15649 15649 15649 15649 15649 15649 15649 15649 15649 15649 15649 15649 15649 15649 15649 15649 15649
15649 15649 15649 15649 15649 15649 15649 15649 15649 15649 15649 15649 15649 15649 15649 15649 15649 15649 15649 15649 15649 15649 15649 15649 15649 15649 15649 15649 15649 15649 15649 15649
15650 15651 15652 15650 15600 15653 15654 15600 15650 15655 15651 15650 15600 15656 15653 15600 15650 15657 15658 15650 15600 15659 15660 15600 15650 15661 15657 15650 15600 15662 15659 15600
15650 15663 15664 15650 15665 15666 15667 15665 15650 15668 15663 15650 15665 15669 15666 15665 15650 15670 15671 15650 15665 15672 15673 15665 15650 15674 15670 15650 15665 15675 15672 15665
15676 15676 15676 15676 15676 15676 15676 15676 15676 15676 15676 15676 15676 15676 15676 15676 15676 15676 15676 15676 15676 15676 15676 15676 15676 15676 15676 15676 15676 15676 15676 15676
15676 15676 15676 15676 15676 15676 15676 15676 15676 15676 15676 15676 15676 15676 15676 15676 15676 15676 15676 15676 15676 15676 15676 15676 15676 15676 15676 15676 15676 15676 15676 15676
15677 15678 15679 15677 15665 15680 15681 15665 15677 15682 15678 15677 15665 15683 15680 15665 15677 15684 15685 15677 15665 15686 15687 15665 15677 15688 15684 15677 15665 15689 15686 15665
15677 15690 15691 15677 15665 15692 15693 15665 15677 15694 15690 15677 15665 15695 15692 15665 15677 15696 15697 15677 15665 15698 15699 15665 15677 15700 15696 15677 15665 15701 15698 15665
15702 15703 15704 15702 15705 15706 15707 15705 15702 15708 15703 15702 15705 15709 15706 15705 15702 15710 15711 15702 15705 15712 15713 15705 15702 15714 15710 15702 15705 15715 15712 15705
15702 15716 15717 15702 15705 15718 15719 15705 15702 15720 15716 15702 15705 15721 15718 15705 15702 15722 15723 15702 15705 15724 15725 15705 15702 15726 15722 15702 15705 15727 15724 15705
15728 15729 15730 15728 15731 15732 15733 15731 15728 15734 15729 15728 15731 15735 15732 15731 15728 15736 15737 15728 15731 15738 15739 15731 15728 15740 15736 15728 15731 15741 15738 15731
15728 15742 15743 15728 15731 15744 15745 15731 15728 15746 15742 15728 15731 15747 15744 15731 15728 15748 15749 15728 15731 15750 15751 15731 15728 15752 15748 15728 15731 15753 15750 15731
15754 15754 15754 15754 15754 15754 15754 15754 15754 15754 15754 15754 15754 15754 15754 15754 15754 15754 15754 15754 15754 15754 15754 15754 15754 15754 15754 15754 15754 15754 15754 15754
15754 15754 15754 15754 15754 15754 15754 15754 15754 15754 15754 15754 15754 15754 15754 15754 15754 15754 15754 15754 15754 15754 15754 15754 15754 15754 15754 15754 15754 15754 15754 15754
15755 15756 15757 15755 15731 15758 15759 15731 15755 15760 15756 15755 15731 15761 15758 15731 15755 15762 15763 15755 15731 15764 15765 15731 15755 15766 15762 15755 15731 15767 15764 15731
15755 15768 15769 15755 15731 15770 15771 15731 15755 15772 15768 15755 15731 15773 15770 15731 15755 15774 15775 15755 15731 15776 15777 15731 15755 15778 15774 15755 15731 15779 15776 15731
15780 15780 15780 15780 15780 15780 15780 15780 15780 15780 15780 15780 15780 15780 15780 15780 15780 15780 15780 15780 15780 15780 15780 15780 15780 15780 15780 15780 15780 15780 15780 15780
15780 15780 15780 15780 15780 15780 15780 15780 15780 15780 15780 15780 15780 15780 15780 15780 15780 15780 15780 15780 15780 15780 15780 15780 15780 15780 15780 15780 15780 15780 15780 15780
15781 15782 15783 15781 15731 15784 15785 15731 15781 15786 15782 15781 15731 15787 15784 15731 15781 15788 15789 15781 15731 15790 15791 15731 15781 15792 15788 15781 15731 15793 15790 15731
15781 15794 15795 15781 15796 15797 15798 15796 15781 15799 15794 15781 15796 15800 15797 15796 15781 15801 15802 15781 15796 15803 15804 15796 15781 15805 15801 15781 15796 15806 15803 15796
15807 15807 15807 15807 15807 15807 15807 15807 15807 15807 15807 15807 15807 15807 15807 15807 15807 15807 15807 15807 15807 15807 15807 15807 15807 15807 15807 15807 15807 15807 15807 15807
15807 15807 15807 15807 15807 15807 15807 15807 15807 15807 15807 15807 15807 15807 15807 15807 15807 15807 15807 15807 15807 15807 15807 15807 15807 15807 15807 15807 15807 15807 15807 15807
15808 15809 15810 15808 15796 15811 15812 15796 15808 15813 15809 15808 15796 15814 15811 15796 15808 15815 15816 15808 15796 15817 15818 15796 15808 15819 15815 15808 15796 15820 15817 15796
15808 15821 15822 15808 15796 15823 15824 15796 15808 15825 15821 15808 15796 15826 15823 15796 15808 15827 15828 15808 15796 15829 15830 15796 15808 15831 15827 15808 15796 15832 15829 15796
15833 15834 15835 15833 15836 15837 15838 15836 15833 15839 15834 15833 15836 15840 15837 15836 15833 15841 15842 15833 15836 15843 15844 15836 15833 15845 15841 15833 15836 15846 15843 15836
15833 15847 15848 15833 15836 15849 15850 15836 15833 15851 15847 15833 15836 15852 15849 15836 15833 15853 15854 15833 15836 15855 15856 15836 15833 15857 15853 15833 15836 15858 15855 15836
15859 15860 15861 15859 15862 15863 15864 15862 15859 15865 15860 15859 15862 15866 15863 15862 15859 15867 15868 15859 15862 15869 15870 15862 15859 15871 15867 15859 15862 15872 15869 15862
15859 15873 15874 15859 15862 15875 15876 15862 15859 15877 15873 15859 15862 15878 15875 15862 15859 15879 15880 15859 15862 15881 15882 15862 15859 15883 15879 15859 15862 15884 15881 15862
15885 15886 15887 15885 15888 15889 15890 15888 15885 15891 15886 15885 15888 15892 15889 15888 15885 15893 15894 15885 15888 15895 15896 15888 15885 15897 15893 15885 15888 15898 15895 15888
15885 15899 15900 15885 15888 15901 15902 15888 15885 15903 15899 15885 15888 15904 15901 15888 15885 15905 15906 15885 15888 15907 15908 15888 15885 15909 15905 15885 15888 15910 15907 15888
15911 15912 15913 15911 15862 15914 15915 15862 15911 15916 15912 15911 15862 15917 15914 15862 15911 15918 15919 15911 15862 15920 15921 15862 15911 15922 15918 15911 15862 15923 15920 15862
15911 15924 15925 15911 15862 15926 15927 15928 15911 15929 15924 15911 15928 15930 15926 15928 15911 15931 15932 15911 15928 15933 15934 15928 15911 15935 15931 15911 15928 15936 15933 15928
15937 15938 15939 15937 15940 15941 15942 15940 15937 15943 15938 15937 15940 15944 15941 15940 15937 15945 15946 15937 15940 15947 15948 15940 15937 15949 15945 15937 15940 15950 15947 15940
15937 15951 15952 15937 15940 15953 15954 15940 15937 15955 15951 15937 15940 15956 15953 15940 15937 15957 15958 15937 15940 15959 15960 15940 15937 15961 15957 15937 15940 15962 15959 15940
15963 15964 15965 15963 15928 15966 15967 15928 15963 15968 15964 15963 15928 15969 15966 15928 15963 15970 15971 15963 15928 15972 15973 15928 15963 15974 15970 15963 15928 15975 15972 15928
15963 15976 15977 15963 15928 15978 15979 15928 15963 15980 15976 15963 15928 15981 15978 15928 15963 15982 15983 15963 15928 15984 15985 15928 15963 15986 15982 15963 15928 15987 15984 15928
15988 15989 15990 15988 15991 15992 15993 15991 15988 15994 15989 15988 15991 15995 15992 15991 15988 15996 15997 15988 15991 15998 15999 15991 15988 16000 15996 15988 15991 16001 15998 15991
15988 16002 16003 15988 15991 16004 16005 15991 15988 16006 16002 15988 15991 16007 16004 15991 15988 16008 16009 15988 15991 16010 16011 15991 15988 16012 16008 15988 15991 16013 16010 15991
16014 16015 16016 16014 16017 16018 16019 16017 16014 16020 16015 16014 16017 16021 16018 16017 16014 16022 16023 16014 16017 16024 16025 16017 16014 16026 16022 16014 16017 16027 16024 16017
16014 16028 16029 16014 16017 16030 16031 16017 16014 16032 16028 16014 16017 16033 16030 16017 16014 16034 16035 16014 16017 16036 16037 16017 16014 16038 16034 16014 16017 16039 16036 16017
16040 16040 16040 16040 16040 16040 16040 16040 16040 16040 16040 16040 16040 16040 16040 16040 16040 16040 16040 16040 16040 16040 16040 16040 16040 16040 16040 16040 16040 16040 16040 16040
16040 16040 16040 16040 16040 16040 16040 16040 16040 16040 16040 16040 16040 16040 16040 16040 16040 16040 16040 16040 16040 16040 16040 16040 16040 16040 16040 16040 16040 16040 16040 16040
16041 16042 16043 16041 16017 16044 16045 16017 16041 16046 16042 16041 16017 16047 16044 16017 16041 16048 16049 16041 16017 16050 16051 16017 16041 16052 16048 16041 16017 16053 16050 16017
16041 16054 16055 16041 16017 16056 16057 16017 16041 16058 16054 16041 16017 16059 16056 16017 16041 16060 16061 16041 16017 16062 16063 16017 16041 16064 16060 16041 16017 16065 16062 16017
16066 16067 16068 16066 16069 16070 16071 16069 16066 16072 16067 16066 16069 16073 16070 16069 16066 16074 16075 16066 16069 16076 16077 16069 16066 16078 16074 16066 16069 16079 16076 16069
16066 16080 16081 16066 16069 16082 16083 16069 16066 16084 16080 16066 16069 16085 16082 16069 16066 16086 16087 16066 16069 16088 16089 16069 16066 16090 16086 16066 16069 16091 16088 16069
16092 16093 16094 16092 16095 16096 16097 16095 16092 16098 16093 16092 16095 16099 16096 16095 16092 16100 16101 16092 16095 16102 16103 16095 16092 16104 16100 16092 16095 16105 16102 16095
16092 16106 16107 16092 16095 16108 16109 16095 16092 16110 16106 16092 16095 16111 16108 16095 16092 16112 16113 16092 16095 16114 16115 16095 16092 16116 16112 16092 16095 16117 16114 16095
16118 16119 16120 16118 16121 16122 16123 16121 16118 16124 16119 16118 16121 16125 16122 16121 16118 16126 16127 16118 16121 16128 16129 16121 16118 16130 16126 16118 16121 16131 16128 16121
16118 16132 16133 16118 16121 16134 16135 16121 16118 16136 16132 16118 16121 16137 16134 16121 16118 16138 16139 16118 16121 16140 16141 16121 16118 16142 16138 16118 16121 16143 16140 16121
16144 16145 16146 16144 16147 16148 16149 16147 16144 16150 16145 16144 16147 16151 16148 16147 16144 16152 16153 16144 16147 16154 16155 16147 16144 16156 16152 16144 16147 16157 16154 16147
16144 16158 16159 16144 16147 16160 16161 16147 16144 16162 16158 16144 16147 16163 16160 16147 16144 16164 16165 16144 16147 16166 16167 16147 16144 16168 16164 16144 16147 16169 16166 16147
16144 16170 16171 16144 16172 16173 16174 16172 16144 16175 16170 16144 16172 16176 16173 16172 16144 16177 16178 16144 16172 16179 16180 16172 16144 16181 16177 16144 16172 16182 16179 16172
16144 16183 16184 16144 16172 16185 16186 16172 16144 16187 16183 16144 16172 16188 16185 16172 16144 16189 16190 16144 16172 16191 16192 16172 16144 16193 16189 16144 16172 16194 16191 16172
16195 16196 16197 16195 16198 16199 16200 16198 16195 16201 16196 16195 16198 16202 16199 16198 16195 16203 16204 16195 16198 16205 16206 16198 16195 16207 16203 16195 16198 16208 16205 16198
16195 16209 16210 16195 16198 16211 16212 16198 16195 16213 16209 16195 16198 16214 16211 16198 16195 16215 16216 16195 16198 16217 16218 16198 16195 16219 16215 16195 16198 16220 16217 16198
16195 16221 16222 16195 16223 16224 16225 16223 16195 16226 16221 16195 16223 16227 16224 16223 16195 16228 16229 16195 16223 16230 16231 16223 16195 16232 16228 16195 16223 16233 16230 16223
16195 16234 16235 16195 16223 16236 16237 16223 16195 16238 16234 16195 16223 16239 16236 16223 16195 16240 16241 16195 16223 16242 16243 16223 16195 16244 16240 16195 16223 16245 16242 16223
16246 16247 16248 16246 16249 16250 16251 16249 16246 16252 16247 16246 16249 16253 16250 16249 16246 16254 16255 16246 16249 16256 16257 16249 16246 16258 16254 16246 16249 16259 16256 16249
16246 16260 16261 16246 16249 16262 16263 16249 16246 16264 16260 16246 16249 16265 16262 16249 16246 16266 16267 16246 16249 16268 16269 16249 16246 16270 16266 16246 16249 16271 16268 16249
16246 16272 16273 16246 16274 16275 16276 16274 16246 16277 16272 16246 16274 16278 16275 16274 16246 16279 16280 16246 16274 16281 16282 16274 16246 16283 16279 16246 16274 16284 16281 16274
16246 16285 16286 16246 16274 16287 16288 16274 16246 16289 16285 16246 16274 16290 16287 16274 16246 16291 16292 16246 16274 16293 16294 16274 16246 16295 16291 16246 16274 16296 16293 16274
16297 16298 16299 16297 16300 16301 16302 16300 16297 16303 16298 16297 16300 16304 16301 16300 16297 16305 16306 16297 16300 16307 16308 16300 16297 16309 16305 16297 16300 16310 16307 16300
16297 16311 16312 16297 16300 16313 16314 16300 16297 16315 16311 16297 16300 16316 16313 16300 16297 16317 16318 16297 16300 16319 16320 16300 16297 16321 16317 16297 16300 16322 16319 16300
16297 16323 16324 16297 16325 16326 16327 16325 16297 16328 16323 16297 16325 16329 16326 16325 16297 16330 16331 16297 16325 16332 16333 16325 16297 16334 16330 16297 16325 16335 16332 16325
16297 16336 16337 16297 16325 16338 16339 16325 16297 16340 16336 16297 16325 16341 16338 16325 16297 16342 16343 16297 16325 16344 16345 16325 16297 16346 16342 16297 16325 16347 16344 16325
16348 16349 16350 16348 16351 16352 16353 16351 16348 16354 16349 16348 16351 16355 16352 16351 16348 16356 16357 16348 16351 16358 16359 16351 16348 16360 16356 16348 16351 16361 16358 16351
16348 16362 16363 16348 16351 16364 16365 16351 16348 16366 16362 16348 16351 16367 16364 16351 16348 16368 16369 16348 16351 16370 16371 16351 16348 16372 16368 16348 16351 16373 16370 16351
16348 16374 16375 16348 16376 16377 16378 16376 16348 16379 16374 16348 16376 16380 16377 16376 16348 16381 16382 16348 16376 16383 16384 16376 16348 16385 16381 16348 16376 16386 16383 16376
16348 16387 16388 16348 16376 16389 16390 16376 16348 16391 16387 16348 16376 16392 16389 16376 16348 16393 16394 16348 16376 16395 16396 16376 16348 16397 16393 16348 16376 16398 16395 16376
16399 16400 16401 16399 16402 16403 16404 16402 16399 16405 16400 16399 16402 16406 16403 16402 16399 16407 16408 16399 16402 16409 16410 16402 16399 16411 16407 16399 16402 16412 16409 16402
16399 16413 16414 16399 16402 16415 16416 16402 16399 16417 16413 16399 16402 16418 16415 16402 16399 16419 16420 16399 16402 16421 16422 16402 16399 16423 16419 16399 16402 16424 16421 16402
16399 16425 16426 16399 16376 16427 16428 16376 16399 16429 16425 16399 16376 16430 16427 16376 16399 16431 16432 16399 16376 16433 16434 16376 16399 16435 16431 16399 16376 16436 16433 16376
16399 16437 16438 16399 16376 16439 16440 16441 16399 16442 16437 16399 16441 16443 16439 16441 16399 16444 16445 16399 16441 16446 16447 16441 16399 16448 16444 16399 16441 16449 16446 16441
16450 16451 16452 16450 16453 16454 16455 16453 16450 16456 16451 16450 16453 16457 16454 16453 16450 16458 16459 16450 16453 16460 16461 16453 16450 16462 16458 16450 16453 16463 16460 16453
16450 16464 16465 16450 16453 16466 16467 16453 16450 16468 16464 16450 16453 16469 16466 16453 16450 16470 16471 16450 16453 16472 16473 16453 16450 16474 16470 16450 16453 16475 16472 16453
16450 16476 16477 16450 16478 16479 16480 16478 16450 16481 16476 16450 16478 16482 16479 16478 16450 16483 16484 16450 16478 16485 16486 16478 16450 16487 16483 16450 16478 16488 16485 16478
16450 16489 16490 16450 16478 16491 16492 16478 16450 16493 16489 16450 16478 16494 16491 16478 16450 16495 16496 16450 16478 16497 16498 16478 16450 16499 16495 16450 16478 16500 16497 16478
16501 16502 16503 16501 16504 16505 16506 16504 16501 16507 16502 16501 16504 16508 16505 16504 16501 16509 16510 16501 16504 16511 16512 16504 16501 16513 16509 16501 16504 16514 16511 16504
16501 16515 16516 16501 16504 16517 16518 16504 16501 16519 16515 16501 16504 16520 16517 16504 16501 16521 16522 16501 16504 16523 16524 16504 16501 16525 16521 16501 16504 16526 16523 16504
16501 16527 16528 16501 16529 16530 16531 16529 16501 16532 16527 16501 16529 16533 16530 16529 16501 16534 16535 16501 16529 16536 16537 16529 16501 16538 16534 16501 16529 16539 16536 16529
16501 16540 16541 16501 16529 16542 16543 16529 16501 16544 16540 16501 16529 16545 16542 16529 16501 16546 16547 16501 16529 16548 16549 16529 16501 16550 16546 16501 16529 16551 16548 16529
16552 16553 16554 16552 16529 16555 16556 16529 16552 16557 16553 16552 16529 16558 16555 16529 16552 16559 16560 16552 16529 16561 16562 16529 16552 16563 16559 16552 16529 16564 16561 16529
16552 16565 16566 16552 16529 16567 16568 16529 16552 16569 16565 16552 16529 16570 16567 16529 16552 16571 16572 16552 16529 16573 16574 16529 16552 16575 16571 16552 16529 16576 16573 16529
16552 16577 16578 16552 16579 16580 16581 16579 16552 16582 16577 16552 16579 16583 16580 16579 16552 16584 16585 16552 16579 16586 16587 16579 16552 16588 16584 16552 16579 16589 16586 16579
16552 16590 16591 16552 16579 16592 16593 16579 16552 16594 16590 16552 16579 16595 16592 16579 16552 16596 16597 16552 16579 16598 16599 16579 16552 16600 16596 16552 16579 16601 16598 16579
16602 16603 16604 16602 16605 16606 16607 16605 16602 16608 16603 16602 16605 16609 16606 16605 16602 16610 16611 16602 16605 16612 16613 16605 16602 16614 16610 16602 16605 16615 16612 16605
16602 16616 16617 16602 16605 16618 16619 16605 16602 16620 16616 16602 16605 16621 16618 16605 16602 16622 16623 16602 16605 16624 16625 16605 16602 16626 16622 16602 16605 16627 16624 16605
16602 16628 16629 16602 16630 16631 16632 16630 16602 16633 16628 16602 16630 16634 16631 16630 16602 16635 16636 16602 16630 16637 16638 16630 16602 16639 16635 16602 16630 16640 16637 16630
16602 16641 16642 16602 16630 16643 16644 16630 16602 16645 16641 16602 16630 16646 16643 16630 16602 16647 16648 16602 16630 16649 16650 16630 16602 16651 16647 16602 16630 16652 16649 16630
16653 16654 16655 16653 16656 16657 16658 16656 16653 16659 16654 16653 16656 16660 16657 16656 16653 16661 16662 16653 16656 16663 16664 16656 16653 16665 16661 16653 16656 16666 16663 16656
16653 16667 16668 16653 16656 16669 16670 16656 16653 16671 16667 16653 16656 16672 16669 16656 16653 16673 16674 16653 16656 16675 16676 16656 16653 16677 16673 16653 16656 16678 16675 16656
16653 16679 16680 16653 16681 16682 16683 16681 16653 16684 16679 16653 16681 16685 16682 16681 16653 16686 16687 16653 16681 16688 16689 16681 16653 16690 16686 16653 16681 16691 16688 16681
16653 16692 16693 16653 16681 16694 16695 16681 16653 16696 16692 16653 16681 16697 16694 16681 16653 16698 16699 16653 16681 16700 16701 16681 16653 16702 16698 16653 16681 16703 16700 16681
16704 16705 16706 16704 16707 16708 16709 16707 16704 16710 16705 16704 16707 16711 16708 16707 16704 16712 16713 16704 16707 16714 16715 16707 16704 16716 16712 16704 16707 16717 16714 16707
16704 16718 16719 16704 16707 16720 16721 16707 16704 16722 16718 16704 16707 16723 16720 16707 16704 16724 16725 16704 16707 16726 16727 16707 16704 16728 16724 16704 16707 16729 16726 16707
16704 16730 16731 16704 16732 16733 16734 16732 16704 16735 16730 16704 16732 16736 16733 16732 16704 16737 16738 16704 16732 16739 16740 16732 16704 16741 16737 16704 16732 16742 16739 16732
16704 16743 16744 16704 16732 16745 16746 16732 16704 16747 16743 16704 16732 16748 16745 16732 16704 16749 16750 16704 16732 16751 16752 16732 16704 16753 16749 16704 16732 16754 16751 16732
16755 16756 16757 16755 16758 16759 16760 16758 16755 16761 16756 16755 16758 16762 16759 16758 16755 16763 16764 16755 16758 16765 16766 16758 16755 16767 16763 16755 16758 16768 16765 16758
16755 16769 16770 16755 16758 16771 16772 16758 16755 16773 16769 16755 16758 16774 16771 16758 16755 16775 16776 16755 16758 16777 16778 16758 16755 16779 16775 16755 16758 16780 16777 16758
16755 16781 16782 16755 16783 16784 16785 16783 16755 16786 16781 16755 16783 16787 16784 16783 16755 16788 16789 16755 16783 16790 16791 16783 16755 16792 16788 16755 16783 16793 16790 16783
16755 16794 16795 16755 16783 16796 16797 16783 16755 16798 16794 16755 16783 16799 16796 16783 16755 16800 16801 16755 16783 16802 16803 16783 16755 16804 16800 16755 16783 16805 16802 16783
16806 16807 16808 16806 16809 16810 16811 16809 16806 16812 16807 16806 16809 16813 16810 16809 16806 16814 16815 16806 16809 16816 16817 16809 16806 16818 16814 16806 16809 16819 16816 16809
16806 16820 16821 16806 16809 16822 16823 16809 16806 16824 16820 16806 16809 16825 16822 16809 16806 16826 16827 16806 16809 16828 16829 16809 16806 16830 16826 16806 16809 16831 16828 16809
16806 16832 16833 16806 16834 16835 16836 16834 16806 16837 16832 16806 16834 16838 16835 16834 16806 16839 16840 16806 16834 16841 16842 16834 16806 16843 16839 16806 16834 16844 16841 16834
16806 16845 16846 16806 16834 16847 16848 16834 16806 16849 16845 16806 16834 16850 16847 16834 16806 16851 16852 16806 16834 16853 16854 16834 16806 16855 16851 16806 16834 16856 16853 16834
16857 16858 16859 16857 16860 16861 16862 16860 16857 16863 16858 16857 16860 16864 16861 16860 16857 16865 16866 16857 16860 16867 16868 16860 16857 16869 16865 16857 16860 16870 16867 16860
16857 16871 16872 16857 16860 16873 16874 16860 16857 16875 16871 16857 16860 16876 16873 16860 16857 16877 16878 16857 16860 16879 16880 16860 16857 16881 16877 16857 16860 16882 16879 16860
16857 16883 16884 16857 16885 16886 16887 16885 16857 16888 16883 16857 16885 16889 16886 16885 16857 16890 16891 16857 16885 16892 16893 16885 16857 16894 16890 16857 16885 16895 16892 16885
16857 16896 16897 16857 16885 16898 16899 16885 16857 16900 16896 16857 16885 16901 16898 16885 16857 16902 16903 16857 16885 16904 16905 16885 16857 16906 16902 16857 16885 16907 16904 16885
16908 16909 16910 16908 16911 16912 16913 16911 16908 16914 16909 16908 16911 16915 16912 16911 16908 16916 16917 16908 16911 16918 16919 16911 16908 16920 16916 16908 16911 16921 16918 16911
16908 16922 16923 16908 16911 16924 16925 16911 16908 16926 16922 16908 16911 16927 16924 16911 16908 16928 16929 16908 16911 16930 16931 16911 16908 16932 16928 16908 16911 16933 16930 16911
16908 16934 16935 16908 16936 16937 16938 16936 16908 16939 16934 16908 16936 16940 16937 16936 16908 16941 16942 16908 16936 16943 16944 16936 16908 16945 16941 16908 16936 16946 16943 16936
16908 16947 16948 16908 16936 16949 16950 16936 16908 16951 16947 16908 16936 16952 16949 16936 16908 16953 16954 16908 16936 16955 16956 16936 16908 16957 16953 16908 16936 16958 16955 16936
16959 16960 16961 16959 16962 16963 16964 16962 16959 16965 16960 16959 16962 16966 16963 16962 16959 16967 16968 16959 16962 16969 16970 16962 16959 16971 16967 16959 16962 16972 16969 16962
16959 16973 16974 16959 16962 16975 16976 16962 16959 16977 16973 16959 16962 16978 16975 16962 16959 16979 16980 16959 16962 16981 16982 16962 16959 16983 16979 16959 16962 16984 16981 16962
16959 16985 16986 16959 16987 16988 16989 16987 16959 16990 16985 16959 16987 16991 16988 16987 16959 16992 16993 16959 16987 16994 16995 16987 16959 16996 16992 16959 16987 16997 16994 16987
16959 16998 16999 16959 16987 17000 17001 16987 16959 17002 16998 16959 16987 17003 17000 16987 16959 17004 17005 16959 16987 17006 17007 16987 16959 17008 17004 16959 16987 17009 17006 16987
17010 17011 17012 17010 17013 17014 17015 17013 17010 17016 17011 17010 17013 17017 17014 17013 17010 17018 17019 17010 17013 17020 17021 17013 17010 17022 17018 17010 17013 17023 17020 17013
17010 17024 17025 17010 17013 17026 17027 17013 17010 17028 17024 17010 17013 17029 17026 17013 17010 17030 17031 17010 17013 17032 17033 17013 17010 17034 17030 17010 17013 17035 17032 17013
17010 17036 17037 17010 17038 17039 17040 17038 17010 17041 17036 17010 17038 17042 17039 17038 17010 17043 17044 17010 17038 17045 17046 17038 17010 17047 17043 17010 17038 17048 17045 17038
17010 17049 17050 17010 17038 17051 17052 17038 17010 17053 17049 17010 17038 17054 17051 17038 17010 17055 17056 17010 17038 17057 17058 17038 17010 17059 17055 17010 17038 17060 17057 17038
17061 17062 17063 17061 17064 17065 17066 17064 17061 17067 17062 17061 17064 17068 17065 17064 17061 17069 17070 17061 17064 17071 17072 17064 17061 17073 17069 17061 17064 17074 17071 17064
17061 17075 17076 17061 17064 17077 17078 17064 17061 17079 17075 17061 17064 17080 17077 17064 17061 17081 17082 17061 17064 17083 17084 17064 17061 17085 17081 17061 17064 17086 17083 17064
17061 17087 17088 17061 17089 17090 17091 17089 17061 17092 17087 17061 17089 17093 17090 17089 17061 17094 17095 17061 17089 17096 17097 17089 17061 17098 17094 17061 17089 17099 17096 17089
17061 17100 17101 17061 17089 17102 17103 17089 17061 17104 17100 17061 17089 17105 17102 17089 17061 17106 17107 17061 17089 17108 17109 17089 17061 17110 17106 17061 17089 17111 17108 17089
17112 17113 17114 17112 17115 17116 17117 17115 17112 17118 17113 17112 17115 17119 17116 17115 17112 17120 17121 17112 17115 17122 17123 17115 17112 17124 17120 17112 17115 17125 17122 17115
17112 17126 17127 17112 17115 17128 17129 17115 17112 17130 17126 17112 17115 17131 17128 17115 17112 17132 17133 17112 17115 17134 17135 17115 17112 17136 17132 17112 17115 17137 17134 17115
17112 17138 17139 17112 17140 17141 17142 17140 17112 17143 17138 17112 17140 17144 17141 17140 17112 17145 17146 17112 17140 17147 17148 17140 17112 17149 17145 17112 17140 17150 17147 17140
17112 17151 17152 17112 17140 17153 17154 17140 17112 17155 17151 17112 17140 17156 17153 17140 17112 17157 17158 17112 17140 17159 17160 17140 17112 17161 17157 17112 17140 17162 17159 17140
17163 17164 17165 17163 17166 17167 17168 17166 17163 17169 17164 17163 17166 17170 17167 17166 17163 17171 17172 17163 17166 17173 17174 17166 17163 17175 17171 17163 17166 17176 17173 17166
17163 17177 17178 17163 17166 17179 17180 17166 17163 17181 17177 17163 17166 17182 17179 17166 17163 17183 17184 17163 17166 17185 17186 17166 17163 17187 17183 17163 17166 17188 17185 17166
17163 17189 17190 17163 17191 17192 17193 17191 17163 17194 17189 17163 17191 17195 17192 17191 17163 17196 17197 17163 17191 17198 17199 17191 17163 17200 17196 17163 17191 17201 17198 17191
17163 17202 17203 17163 17191 17204 17205 17191 17163 17206 17202 17163 17191 17207 17204 17191 17163 17208 17209 17163 17191 17210 17211 17191 17163 17212 17208 17163 17191 17213 17210 17191
17214 17215 17216 17214 17217 17218 17219 17217 17214 17220 17215 17214 17217 17221 17218 17217 17214 17222 17223 17214 17217 17224 17225 17217 17214 17226 17222 17214 17217 17227 17224 17217
17214 17228 17229 17214 17217 17230 17231 17217 17214 17232 17228 17214 17217 17233 17230 17217 17214 17234 17235 17214 17217 17236 17237 17217 17214 17238 17234 17214 17217 17239 17236 17217
17214 17240 17241 17214 17242 17243 17244 17242 17214 17245 17240 17214 17242 17246 17243 17242 17214 17247 17248 17214 17242 17249 17250 17242 17214 17251 17247 17214 17242 17252 17249 17242
17214 17253 17254 17214 17242 17255 17256 17242 17214 17257 17253 17214 17242 17258 17255 17242 17214 17259 17260 17214 17242 17261 17262 17242 17214 17263 17259 17214 17242 17264 17261 17242
17265 17266 17267 17265 17268 17269 17270 17268 17265 17271 17266 17265 17268 17272 17269 17268 17265 17273 17274 17265 17268 17275 17276 17268 17265 17277 17273 17265 17268 17278 17275 17268
17265 17279 17280 17265 17268 17281 17282 17268 17265 17283 17279 17265 17268 17284 17281 17268 17265 17285 17286 17265 17268 17287 17288 17268 17265 17289 17285 17265 17268 17290 17287 17268
17265 17291 17292 17265 17293 17294 17295 17293 17265 17296 17291 17265 17293 17297 17294 17293 17265 17298 17299 17265 17293 17300 17301 17293 17265 17302 17298 17265 17293 17303 17300 17293
17265 17304 17305 17265 17293 17306 17307 17293 17265 17308 17304 17265 17293 17309 17306 17293 17265 17310 17311 17265 17293 17312 17313 17293 17265 17314 17310 17265 17293 17315 17312 17293
		</DataArray>
		<DataArray type = "Int32" Name = "offsets" format = "ascii">
8 16 24 32 40 48 56 64 72 80 88 96 104 112 120 128 136 144 152 160 168 176 184 192 200 208 216 224 232 240 248 256
264 272 280 288 296 304 312 320 328 336 344 352 360 368 376 384 392 400 408 416 424 432 440 448 456 464 472 480 488 496 504 512
520 528 536 544 552 560 568 576 584 592 600 608 616 624 632 640 648 656 664 672 680 688 696 704 712 720 728 736 744 752 760 768
776 784 792 800 808 816 824 832 840 848 856 864 872 880 888 896 904 912 920 928 936 944 952 960 968 976 984 992 1000 1008 1016 1024
1032 1040 1048 1056 1064 1072 1080 1088 1096 1104 1112 1120 1128 1136 1144 1152 1160 1168 1176 1184 1192 1200 1208 1216 1224 1232 1240 1248 1256 1264 1272 1280
1288 1296 1304 1312 1320 1328 1336 1344 1352 1360 1368 1376 1384 1392 1400 1408 1416 1424 1432 1440 1448 1456 1464 1472 1480 1488 1496 1504 1512 1520 1528 1536
1544 1552 1560 1568 1576 1584 1592 1600 1608 1616 1624 1632 1640 1648 1656 1664 1672 1680 1688 1696 1704 1712 1720 1728 1736 1744 1752 1760 1768 1776 1784 1792
1800 1808 1816 1824 1832 1840 1848 1856 1864 1872 1880 1888 1896 1904 1912 1920 1928 1936 1944 1952 1960 1968 1976 1984 1992 2000 2008 2016 2024 2032 2040 2048
2056 2064 2072 2080 2088 2096 2104 2112 2120 2128 2136 2144 2152 2160 2168 2176 2184 2192 2200 2208 2216 2224 2232 2240 2248 2256 2264 2272 2280 2288 2296 2304
2312 2320 2328 2336 2344 2352 2360 2368 2376 2384 2392 2400 2408 2416 2424 2432 2440 2448 2456 2464 2472 2480 2488 2496 2504 2512 2520 2528 2536 2544 2552 2560
2568 2576 2584 2592 2600 2608 2616 2624 2632 2640 2648 2656 2664 2672 2680 2688 2696 2704 2712 2720 2728 2736 2744 2752 2760 2768 2776 2784 2792 2800 2808 2816
2824 2832 2840 2848 2856 2864 2872 2880 2888 2896 2904 2912 2920 2928 2936 2944 2952 2960 2968 2976 2984 2992 3000 3008 3016 3024 3032 3040 3048 3056 3064 3072
3080 3088 3096 3104 3112 3120 3128 3136 3144 3152 3160 3168 3176 3184 3192 3200 3208 3216 3224 3232 3240 3248 3256 3264 3272 3280 3288 3296 3304 3312 3320 3328
3336 3344 3352 3360 3368 3376 3384 3392 3400 3408 3416 3424 3432 3440 3448 3456 3464 3472 3480 3488 3496 3504 3512 3520 3528 3536 3544 3552 3560 3568 3576 3584
3592 3600 3608 3616 3624 3632 3640 3648 3656 3664 3672 3680 3688 3696 3704 3712 3720 3728 3736 3744 3752 3760 3768 3776 3784 3792 3800 3808 3816 3824 3832 3840
3848 3856 3864 3872 3880 3888 3896 3904 3912 3920 3928 3936 3944 3952 3960 3968 3976 3984 3992 4000 4008 4016 4024 4032 4040 4048 4056 4064 4072 4080 4088 4096
4104 4112 4120 4128 4136 4144 4152 4160 4168 4176 4184 4192 4200 4208 4216 4224 4232 4240 4248 4256 4264 4272 4280 4288 4296 4304 4312 4320 4328 4336 4344 4352
4360 4368 4376 4384 4392 4400 4408 4416 4424 4432 4440 4448 4456 4464 4472 4480 4488 4496 4504 4512 4520 4528 4536 4544 4552 4560 4568 4576 4584 4592 4600 4608
4616 4624 4632 4640 4648 4656 4664 4672 4680 4688 4696 4704 4712 4720 4728 4736 4744 4752 4760 4768 4776 4784 4792 4800 4808 4816 4824 4832 4840 4848 4856 4864
4872 4880 4888 4896 4904 4912 4920 4928 4936 4944 4952 4960 4968 4976 4984 4992 5000 5008 5016 5024 5032 5040 5048 5056 5064 5072 5080 5088 5096 5104 5112 5120
5128 5136 5144 5152 5160 5168 5176 5184 5192 5200 5208 5216 5224 5232 5240 5248 5256 5264 5272 5280 5288 5296 5304 5312 5320 5328 5336 5344 5352 5360 5368 5376
5384 5392 5400 5408 5416 5424 5432 5440 5448 5456 5464 5472 5480 5488 5496 5504 5512 5520 5528 5536 5544 5552 5560 5568 5576 5584 5592 5600 5608 5616 5624 5632
5640 5648 5656 5664 5672 5680 5688 5696 5704 5712 5720 5728 5736 5744 5752 5760 5768 5776 5784 5792 5800 5808 5816 5824 5832 5840 5848 5856 5864 5872 5880 5888
5896 5904 5912 5920 5928 5936 5944 5952 5960 5968 5976 5984 5992 6000 6008 6016 6024 6032 6040 6048 6056 6064 6072 6080 6088 6096 6104 6112 6120 6128 6136 6144
6152 6160 6168 6176 6184 6192 6200 6208 6216 6224 6232 6240 6248 6256 6264 6272 6280 6288 6296 6304 6312 6320 6328 6336 6344 6352 6360 6368 6376 6384 6392 6400
6408 6416 6424 6432 6440 6448 6456 6464 6472 6480 6488 6496 6504 6512 6520 6528 6536 6544 6552 6560 6568 6576 6584 6592 6600 6608 6616 6624 6632 6640 6648 6656
6664 6672 6680 6688 6696 6704 6712 6720 6728 6736 6744 6752 6760 6768 6776 6784 6792 6800 6808 6816 6824 6832 6840 6848 6856 6864 6872 6880 6888 6896 6904 6912
6920 6928 6936 6944 6952 6960 6968 6976 6984 6992 7000 7008 7016 7024 7032 7040 7048 7056 7064 7072 7080 7088 7096 7104 7112 7120 7128 7136 7144 7152 7160 7168
7176 7184 7192 7200 7208 7216 7224 7232 7240 7248 7256 7264 7272 7280 7288 7296 7304 7312 7320 7328 7336 7344 7352 7360 7368 7376 7384 7392 7400 7408 7416 7424
7432 7440 7448 7456 7464 7472 7480 7488 7496 7504 7512 7520 7528 7536 7544 7552 7560 7568 7576 7584 7592 7600 7608 7616 7624 7632 7640 7648 7656 7664 7672 7680
7688 7696 7704 7712 7720 7728 7736 7744 7752 7760 7768 7776 7784 7792 7800 7808 7816 7824 7832 7840 7848 7856 7864 7872 7880 7888 7896 7904 7912 7920 7928 7936
7944 7952 7960 7968 7976 7984 7992 8000 8008 8016 8024 8032 8040 8048 8056 8064 8072 8080 8088 8096 8104 8112 8120 8128 8136 8144 8152 8160 8168 8176 8184 8192
8200 8208 8216 8224 8232 8240 8248 8256 8264 8272 8280 8288 8296 8304 8312 8320 8328 8336 8344 8352 8360 8368 8376 8384 8392 8400 8408 8416 8424 8432 8440 8448
8456 8464 8472 8480 8488 8496 8504 8512 8520 8528 8536 8544 8552 8560 8568 8576 8584 8592 8600 8608 8616 8624 8632 8640 8648 8656 8664 8672 8680 8688 8696 8704
8712 8720 8728 8736 8744 8752 8760 8768 8776 8784 8792 8800 8808 8816 8824 8832 8840 8848 8856 8864 8872 8880 8888 8896 8904 8912 8920 8928 8936 8944 8952 8960
8968 8976 8984 8992 9000 9008 9016 9024 9032 9040 9048 9056 9064 9072 9080 9088 9096 9104 9112 9120 9128 9136 9144 9152 9160 9168 9176 9184 9192 9200 9208 9216
9224 9232 9240 9248 9256 9264 9272 9280 9288 9296 9304 9312 9320 9328 9336 9344 9352 9360 9368 9376 9384 9392 9400 9408 9416 9424 9432 9440 9448 9456 9464 9472
9480 9488 9496 9504 9512 9520 9528 9536 9544 9552 9560 9568 9576 9584 9592 9600 9608 9616 9624 9632 9640 9648 9656 9664 9672 9680 9688 9696 9704 9712 9720 9728
9736 9744 9752 9760 9768 9776 9784 9792 9800 9808 9816 9824 9832 9840 9848 9856 9864 9872 9880 9888 9896 9904 9912 9920 9928 9936 9944 9952 9960 9968 9976 9984
9992 10000 10008 10016 10024 10032 10040 10048 10056 10064 10072 10080 10088 10096 10104 10112 10120 10128 10136 10144 10152 10160 10168 10176 10184 10192 10200 10208 10216 10224 10232 10240
10248 10256 10264 10272 10280 10288 10296 10304 10312 10320 10328 10336 10344 10352 10360 10368 10376 10384 10392 10400 10408 10416 10424 10432 10440 10448 10456 10464 10472 10480 10488 10496
10504 10512 10520 10528 10536 10544 10552 10560 10568 10576 10584 10592 10600 10608 10616 10624 10632 10640 10648 10656 10664 10672 10680 10688 10696 10704 10712 10720 10728 10736 10744 10752
10760 10768 10776 10784 10792 10800 10808 10816 10824 10832 10840 10848 10856 10864 10872 10880 10888 10896 10904 10912 10920 10928 10936 10944 10952 10960 10968 10976 10984 10992 11000 11008
11016 11024 11032 11040 11048 11056 11064 11072 11080 11088 11096 11104 11112 11120 11128 11136 11144 11152 11160 11168 11176 11184 11192 11200 11208 11216 11224 11232 11240 11248 11256 11264
11272 11280 11288 11296 11304 11312 11320 11328 11336 11344 11352 11360 11368 11376 11384 11392 11400 11408 11416 11424 11432 11440 11448 11456 11464 11472 11480 11488 11496 11504 11512 11520
11528 11536 11544 11552 11560 11568 11576 11584 11592 11600 11608 11616 11624 11632 11640 11648 11656 11664 11672 11680 11688 11696 11704 11712 11720 11728 11736 11744 11752 11760 11768 11776
11784 11792 11800 11808 11816 11824 11832 11840 11848 11856 11864 11872 11880 11888 11896 11904 11912 11920 11928 11936 11944 11952 11960 11968 11976 11984 11992 12000 12008 12016 12024 12032
12040 12048 12056 12064 12072 12080 12088 12096 12104 12112 12120 12128 12136 12144 12152 12160 12168 12176 12184 12192 12200 12208 12216 12224 12232 12240 12248 12256 12264 12272 12280 12288
12296 12304 12312 12320 12328 12336 12344 12352 12360 12368 12376 12384 12392 12400 12408 12416 12424 12432 12440 12448 12456 12464 12472 12480 12488 12496 12504 12512 12520 12528 12536 12544
12552 12560 12568 12576 12584 12592 12600 12608 12616 12624 12632 12640 12648 12656 12664 12672 12680 12688 12696 12704 12712 12720 12728 12736 12744 12752 12760 12768 12776 12784 12792 12800
12808 12816 12824 12832 12840 12848 12856 12864 12872 12880 12888 12896 12904 12912 12920 12928 12936 12944 12952 12960 12968 12976 12984 12992 13000 13008 13016 13024 13032 13040 13048 13056
13064 13072 13080 13088 13096 13104 13112 13120 13128 13136 13144 13152 13160 13168 13176 13184 13192 13200 13208 13216 13224 13232 13240 13248 13256 13264 13272 13280 13288 13296 13304 13312
13320 13328 13336 13344 13352 13360 13368 13376 13384 13392 13400 13408 13416 13424 13432 13440 13448 13456 13464 13472 13480 13488 13496 13504 13512 13520 13528 13536 13544 13552 13560 13568
13576 13584 13592 13600 13608 13616 13624 13632 13640 13648 13656 13664 13672 13680 13688 13696 13704 13712 13720 13728 13736 13744 13752 13760 13768 13776 13784 13792 13800 13808 13816 13824
13832 13840 13848 13856 13864 13872 13880 13888 13896 13904 13912 13920 13928 13936 13944 13952 13960 13968 13976 13984 13992 14000 14008 14016 14024 14032 14040 14048 14056 14064 14072 14080
14088 14096 14104 14112 14120 14128 14136 14144 14152 14160 14168 14176 14184 14192 14200 14208 14216 14224 14232 14240 14248 14256 14264 14272 14280 14288 14296 14304 14312 14320 14328 14336
14344 14352 14360 14368 14376 14384 14392 14400 14408 14416 14424 14432 14440 14448 14456 14464 14472 14480 14488 14496 14504 14512 14520 14528 14536 14544 14552 14560 14568 14576 14584 14592
14600 14608 14616 14624 14632 14640 14648 14656 14664 14672 14680 14688 14696 14704 14712 14720 14728 14736 14744 14752 14760 14768 14776 14784 14792 14800 14808 14816 14824 14832 14840 14848
14856 14864 14872 14880 14888 14896 14904 14912 14920 14928 14936 14944 14952 14960 14968 14976 14984 14992 15000 15008 15016 15024 15032 15040 15048 15056 15064 15072 15080 15088 15096 15104
15112 15120 15128 15136 15144 15152 15160 15168 15176 15184 15192 15200 15208 15216 15224 15232 15240 15248 15256 15264 15272 15280 15288 15296 15304 15312 15320 15328 15336 15344 15352 15360
15368 15376 15384 15392 15400 15408 15416 15424 15432 15440 15448 15456 15464 15472 15480 15488 15496 15504 15512 15520 15528 15536 15544 15552 15560 15568 15576 15584 15592 15600 15608 15616
15624 15632 15640 15648 15656 15664 15672 15680 15688 15696 15704 15712 15720 15728 15736 15744 15752 15760 15768 15776 15784 15792 15800 15808 15816 15824 15832 15840 15848 15856 15864 15872
15880 15888 15896 15904 15912 15920 15928 15936 15944 15952 15960 15968 15976 15984 15992 16000 16008 16016 16024 16032 16040 16048 16056 16064 16072 16080 16088 16096 16104 16112 16120 16128
16136 16144 16152 16160 16168 16176 16184 16192 16200 16208 16216 16224 16232 16240 16248 16256 16264 16272 16280 16288 16296 16304 16312 16320 16328 16336 16344 16352 16360 16368 16376 16384
16392 16400 16408 16416 16424 16432 16440 16448 16456 16464 16472 16480 16488 16496 16504 16512 16520 16528 16536 16544 16552 16560 16568 16576 16584 16592 16600 16608 16616 16624 16632 16640
16648 16656 16664 16672 16680 16688 16696 16704 16712 16720 16728 16736 16744 16752 16760 16768 16776 16784 16792 16800 16808 16816 16824 16832 16840 16848 16856 16864 16872 16880 16888 16896
16904 16912 16920 16928 16936 16944 16952 16960 16968 16976 16984 16992 17000 17008 17016 17024 17032 17040 17048 17056 17064 17072 17080 17088 17096 17104 17112 17120 17128 17136 17144 17152
17160 17168 17176 17184 17192 17200 17208 17216 17224 17232 17240 17248 17256 17264 17272 17280 17288 17296 17304 17312 17320 17328 17336 17344 17352 17360 17368 17376 17384 17392 17400 17408
17416 17424 17432 17440 17448 17456 17464 17472 17480 17488 17496 17504 17512 17520 17528 17536 17544 17552 17560 17568 17576 17584 17592 17600 17608 17616 17624 17632 17640 17648 17656 17664
17672 17680 17688 17696 17704 17712 17720 17728 17736 17744 17752 17760 17768 17776 17784 17792 17800 17808 17816 17824 17832 17840 17848 17856 17864 17872 17880 17888 17896 17904 17912 17920
17928 17936 17944 17952 17960 17968 17976 17984 17992 18000 18008 18016 18024 18032 18040 18048 18056 18064 18072 18080 18088 18096 18104 18112 18120 18128 18136 18144 18152 18160 18168 18176
18184 18192 18200 18208 18216 18224 18232 18240 18248 18256 18264 18272 18280 18288 18296 18304 18312 18320 18328 18336 18344 18352 18360 18368 18376 18384 18392 18400 18408 18416 18424 18432
18440 18448 18456 18464 18472 18480 18488 18496 18504 18512 18520 18528 18536 18544 18552 18560 18568 18576 18584 18592 18600 18608 18616 18624 18632 18640 18648 18656 18664 18672 18680 18688
18696 18704 18712 18720 18728 18736 18744 18752 18760 18768 18776 18784 18792 18800 18808 18816 18824 18832 18840 18848 18856 18864 18872 18880 18888 18896 18904 18912 18920 18928 18936 18944
18952 18960 18968 18976 18984 18992 19000 19008 19016 19024 19032 19040 19048 19056 19064 19072 19080 19088 19096 19104 19112 19120 19128 19136 19144 19152 19160 19168 19176 19184 19192 19200
19208 19216 19224 19232 19240 19248 19256 19264 19272 19280 19288 19296 19304 19312 19320 19328 19336 19344 19352 19360 19368 19376 19384 19392 19400 19408 19416 19424 19432 19440 19448 19456
19464 19472 19480 19488 19496 19504 19512 19520 19528 19536 19544 19552 19560 19568 19576 19584 19592 19600 19608 19616 19624 19632 19640 19648 19656 19664 19672 19680 19688 19696 19704 19712
19720 19728 19736 19744 19752 19760 19768 19776 19784 19792 19800 19808 19816 19824 19832 19840 19848 19856 19864 19872 19880 19888 19896 19904 19912 19920 19928 19936 19944 19952 19960 19968
19976 19984 19992 20000 20008 20016 20024 20032 20040 20048 20056 20064 20072 20080 20088 20096 20104 20112 20120 20128 20136 20144 20152 20160 20168 20176 20184 20192 20200 20208 20216 20224
20232 20240 20248 20256 20264 20272 20280 20288 20296 20304 20312 20320 20328 20336 20344 20352 20360 20368 20376 20384 20392 20400 20408 20416 20424 20432 20440 20448 20456 20464 20472 20480
20488 20496 20504 20512 20520 20528 20536 20544 20552 20560 20568 20576 20584 20592 20600 20608 20616 20624 20632 20640 20648 20656 20664 20672 20680 20688 20696 20704 20712 20720 20728 20736
20744 20752 20760 20768 20776 20784 20792 20800 20808 20816 20824 20832 20840 20848 20856 20864 20872 20880 20888 20896 20904 20912 20920 20928 20936 20944 20952 20960 20968 20976 20984 20992
21000 21008 21016 21024 21032 21040 21048 21056 21064 21072 21080 21088 21096 21104 21112 21120 21128 21136 21144 21152 21160 21168 21176 21184 21192 21200 21208 21216 21224 21232 21240 21248
21256 21264 21272 21280 21288 21296 21304 21312 21320 21328 21336 21344 21352 21360 21368 21376 21384 21392 21400 21408 21416 21424 21432 21440 21448 21456 21464 21472 21480 21488 21496 21504
21512 21520 21528 21536 21544 21552 21560 21568 21576 21584 21592 21600 21608 21616 21624 21632 21640 21648 21656 21664 21672 21680 21688 21696 21704 21712 21720 21728 21736 21744 21752 21760
21768 21776 21784 21792 21800 21808 21816 21824 21832 21840 21848 21856 21864 21872 21880 21888 21896 21904 21912 21920 21928 21936 21944 21952 21960 21968 21976 21984 21992 22000 22008 22016
22024 22032 22040 22048 22056 22064 22072 22080 22088 22096 22104 22112 22120 22128 22136 22144 22152 22160 22168 22176 22184 22192 22200 22208 22216 22224 22232 22240 22248 22256 22264 22272
22280 22288 22296 22304 22312 22320 22328 22336 22344 22352 22360 22368 22376 22384 22392 22400 22408 22416 22424 22432 22440 22448 22456 22464 22472 22480 22488 22496 22504 22512 22520 22528
22536 22544 22552 22560 22568 22576 22584 22592 22600 22608 22616 22624 22632 22640 22648 22656 22664 22672 22680 22688 22696 22704 22712 22720 22728 22736 22744 22752 22760 22768 22776 22784
22792 22800 22808 22816 22824 22832 22840 22848 22856 22864 22872 22880 22888 22896 22904 22912 22920 22928 22936 22944 22952 22960 22968 22976 22984 22992 23000 23008 23016 23024 23032 23040
23048 23056 23064 23072 23080 23088 23096 23104 23112 23120 23128 23136 23144 23152 23160 23168 23176 23184 23192 23200 23208 23216 23224 23232 23240 23248 23256 23264 23272 23280 23288 23296
23304 23312 23320 23328 23336 23344 23352 23360 23368 23376 23384 23392 23400 23408 23416 23424 23432 23440 23448 23456 23464 23472 23480 23488 23496 23504 23512 23520 23528 23536 23544 23552
23560 23568 23576 23584 23592 23600 23608 23616 23624 23632 23640 23648 23656 23664 23672 23680 23688 23696 23704 23712 23720 23728 23736 23744 23752 23760 23768 23776 23784 23792 23800 23808
23816 23824 23832 23840 23848 23856 23864 23872 23880 23888 23896 23904 23912 23920 23928 23936 23944 23952 23960 23968 23976 23984 23992 24000 24008 24016 24024 24032 24040 24048 24056 24064
24072 24080 24088 24096 24104 24112 24120 24128 24136 24144 24152 24160 24168 24176 24184 24192 24200 24208 24216 24224 24232 24240 24248 24256 24264 24272 24280 24288 24296 24304 24312 24320
24328 24336 24344 24352 24360 24368 24376 24384 24392 24400 24408 24416 24424 24432 24440 24448 24456 24464 24472 24480 24488 24496 24504 24512 24520 24528 24536 24544 24552 24560 24568 24576
24584 24592 24600 24608 24616 24624 24632 24640 24648 24656 24664 24672 24680 24688 24696 24704 24712 24720 24728 24736 24744 24752 24760 24768 24776 24784 24792 24800 24808 24816 24824 24832
24840 24848 24856 24864 24872 24880 24888 24896 24904 24912 24920 24928 24936 24944 24952 24960 24968 24976 24984 24992 25000 25008 25016 25024 25032 25040 25048 25056 25064 25072 25080 25088
25096 25104 25112 25120 25128 25136 25144 25152 25160 25168 25176 25184 25192 25200 25208 25216 25224 25232 25240 25248 25256 25264 25272 25280 25288 25296 25304 25312 25320 25328 25336 25344
25352 25360 25368 25376 25384 25392 25400 25408 25416 25424 25432 25440 25448 25456 25464 25472 25480 25488 25496 25504 25512 25520 25528 25536 25544 25552 25560 25568 25576 25584 25592 25600
25608 25616 25624 25632 25640 25648 25656 25664 25672 25680 25688 25696 25704 25712 25720 25728 25736 25744 25752 25760 25768 25776 25784 25792 25800 25808 25816 25824 25832 25840 25848 25856
25864 25872 25880 25888 25896 25904 25912 25920 25928 25936 25944 25952 25960 25968 25976 25984 25992 26000 26008 26016 26024 26032 26040 26048 26056 26064 26072 26080 26088 26096 26104 26112
26120 26128 26136 26144 26152 26160 26168 26176 26184 26192 26200 26208 26216 26224 26232 26240 26248 26256 26264 26272 26280 26288 26296 26304 26312 26320 26328 26336 26344 26352 26360 26368
26376 26384 26392 26400 26408 26416 26424 26432 26440 26448 26456 26464 26472 26480 26488 26496 26504 26512 26520 26528 26536 26544 26552 26560 26568 26576 26584 26592 26600 26608 26616 26624
26632 26640 26648 26656 26664 26672 26680 26688 26696 26704 26712 26720 26728 26736 26744 26752 26760 26768 26776 26784 26792 26800 26808 26816 26824 26832 26840 26848 26856 26864 26872 26880
26888 26896 26904 26912 26920 26928 26936 26944 26952 26960 26968 26976 26984 26992 27000 27008 27016 27024 27032 27040 27048 27056 27064 27072 27080 27088 27096 27104 27112 27120 27128 27136
27144 27152 27160 27168 27176 27184 27192 27200 27208 27216 27224 27232 27240 27248 27256 27264 27272 27280 27288 27296 27304 27312 27320 27328 27336 27344 27352 27360 27368 27376 27384 27392
27400 27408 27416 27424 27432 27440 27448 27456 27464 27472 27480 27488 27496 27504 27512 27520 27528 27536 27544 27552 27560 27568 27576 27584 27592 27600 27608 27616 27624 27632 27640 27648
27656 27664 27672 27680 27688 27696 27704 27712 27720 27728 27736 27744 27752 27760 27768 27776 27784 27792 27800 27808 27816 27824 27832 27840 27848 27856 27864 27872 27880 27888 27896 27904
27912 27920 27928 27936 27944 27952 27960 27968 27976 27984 27992 28000 28008 28016 28024 28032 28040 28048 28056 28064 28072 28080 28088 28096 28104 28112 28120 28128 28136 28144 28152 28160
28168 28176 28184 28192 28200 28208 28216 28224 28232 28240 28248 28256 28264 28272 28280 28288 28296 28304 28312 28320 28328 28336 28344 28352 28360 28368 28376 28384 28392 28400 28408 28416
28424 28432 28440 28448 28456 28464 28472 28480 28488 28496 28504 28512 28520 28528 28536 28544 28552 28560 28568 28576 28584 28592 28600 28608 28616 28624 28632 28640 28648 28656 28664 28672
28680 28688 28696 28704 28712 28720 28728 28736 28744 28752 28760 28768 28776 28784 28792 28800 28808 28816 28824 28832 28840 28848 28856 28864 28872 28880 28888 28896 28904 28912 28920 28928
28936 28944 28952 28960 28968 28976 28984 28992 29000 29008 29016 29024 29032 29040 29048 29056 29064 29072 29080 29088 29096 29104 29112 29120 29128 29136 29144 29152 29160 29168 29176 29184
29192 29200 29208 29216 29224 29232 29240 29248 29256 29264 29272 29280 29288 29296 29304 29312 29320 29328 29336 29344 29352 29360 29368 29376 29384 29392 29400 29408 29416 29424 29432 29440
29448 29456 29464 29472 29480 29488 29496 29504 29512 29520 29528 29536 29544 29552 29560 29568 29576 29584 29592 29600 29608 29616 29624 29632 29640 29648 29656 29664 29672 29680 29688 29696
29704 29712 29720 29728 29736 29744 29752 29760 29768 29776 29784 29792 29800 29808 29816 29824 29832 29840 29848 29856 29864 29872 29880 29888 29896 29904 29912 29920 29928 29936 29944 29952
29960 29968 29976 29984 29992 30000 30008 30016 30024 30032 30040 30048 30056 30064 30072 30080 30088 30096 30104 30112 30120 30128 30136 30144 30152 30160 30168 30176 30184 30192 30200 30208
30216 30224 30232 30240 30248 30256 30264 30272 30280 30288 30296 30304 30312 30320 30328 30336 30344 30352 30360 30368 30376 30384 30392 30400 30408 30416 30424 30432 30440 30448 30456 30464
30472 30480 30488 30496 30504 30512 30520 30528 30536 30544 30552 30560 30568 30576 30584 30592 30600 30608 30616 30624 30632 30640 30648 30656 30664 30672 30680 30688 30696 30704 30712 30720
30728 30736 30744 30752 30760 30768 30776 30784 30792 30800 30808 30816 30824 30832 30840 30848 30856 30864 30872 30880 30888 30896 30904 30912 30920 30928 30936 30944 30952 30960 30968 30976
30984 30992 31000 31008 31016 31024 31032 31040 31048 31056 31064 31072 31080 31088 31096 31104 31112 31120 31128 31136 31144 31152 31160 31168 31176 31184 31192 31200 31208 31216 31224 31232
31240 31248 31256 31264 31272 31280 31288 31296 31304 31312 31320 31328 31336 31344 31352 31360 31368 31376 31384 31392 31400 31408 31416 31424 31432 31440 31448 31456 31464 31472 31480 31488
31496 31504 31512 31520 31528 31536 31544 31552 31560 31568 31576 31584 31592 31600 31608 31616 31624 31632 31640 31648 31656 31664 31672 31680 31688 31696 31704 31712 31720 31728 31736 31744
31752 31760 31768 31776 31784 31792 31800 31808 31816 31824 31832 31840 31848 31856 31864 31872 31880 31888 31896 31904 31912 31920 31928 31936 31944 31952 31960 31968 31976 31984 31992 32000
32008 32016 32024 32032 32040 32048 32056 32064 32072 32080 32088 32096 32104 32112 32120 32128 32136 32144 32152 32160 32168 32176 32184 32192 32200 32208 32216 32224 32232 32240 32248 32256
32264 32272 32280 32288 32296 32304 32312 32320 32328 32336 32344 32352 32360 32368 32376 32384 32392 32400 32408 32416 32424 32432 32440 32448 32456 32464 32472 32480 32488 32496 32504 32512
32520 32528 32536 32544 32552 32560 32568 32576 32584 32592 32600 32608 32616 32624 32632 32640 32648 32656 32664 32672 32680 32688 32696 32704 32712 32720 32728 32736 32744 32752 32760 32768
32776 32784 32792 32800 32808 32816 32824 32832 32840 32848 32856 32864 32872 32880 32888 32896 32904 32912 32920 32928 32936 32944 32952 32960 32968 32976 32984 32992 33000 33008 33016 33024
33032 33040 33048 33056 33064 33072 33080 33088 33096 33104 33112 33120 33128 33136 33144 33152 33160 33168 33176 33184 33192 33200 33208 33216 33224 33232 33240 33248 33256 33264 33272 33280
33288 33296 33304 33312 33320 33328 33336 33344 33352 33360 33368 33376 33384 33392 33400 33408 33416 33424 33432 33440 33448 33456 33464 33472 33480 33488 33496 33504 33512 33520 33528 33536
33544 33552 33560 33568 33576 33584 33592 33600 33608 33616 33624 33632 33640 33648 33656 33664 33672 33680 33688 33696 33704 33712 33720 33728 33736 33744 33752 33760 33768 33776 33784 33792
33800 33808 33816 33824 33832 33840 33848 33856 33864 33872 33880 33888 33896 33904 33912 33920 33928 33936 33944 33952 33960 33968 33976 33984 33992 34000 34008 34016 34024 34032 34040 34048
34056 34064 34072 34080 34088 34096 34104 34112 34120 34128 34136 34144 34152 34160 34168 34176 34184 34192 34200 34208 34216 34224 34232 34240 34248 34256 34264 34272 34280 34288 34296 34304
34312 34320 34328 34336 34344 34352 34360 34368 34376 34384 34392 34400 34408 34416 34424 34432 34440 34448 34456 34464 34472 34480 34488 34496 34504 34512 34520 34528 34536 34544 34552 34560
34568 34576 34584 34592 34600 34608 34616 34624 34632 34640 34648 34656 34664 34672 34680 34688 34696 34704 34712 34720 34728 34736 34744 34752 34760 34768 34776 34784 34792 34800 34808 34816
34824 34832 34840 34848 34856 34864 34872 34880 34888 34896 34904 34912 34920 34928 34936 34944 34952 34960 34968 34976 34984 34992 35000 35008 35016 35024 35032 35040 35048 35056 35064 35072
35080 35088 35096 35104 35112 35120 35128 35136 35144 35152 35160 35168 35176 35184 35192 35200 35208 35216 35224 35232 35240 35248 35256 35264 35272 35280 35288 35296 35304 35312 35320 35328
35336 35344 35352 35360 35368 35376 35384 35392 35400 35408 35416 35424 35432 35440 35448 35456 35464 35472 35480 35488 35496 35504 35512 35520 35528 35536 35544 35552 35560 35568 35576 35584
35592 35600 35608 35616 35624 35632 35640 35648 35656 35664 35672 35680 35688 35696 35704 35712 35720 35728 35736 35744 35752 35760 35768 35776 35784 35792 35800 35808 35816 35824 35832 35840
35848 35856 35864 35872 35880 35888 35896 35904 35912 35920 35928 35936 35944 35952 35960 35968 35976 35984 35992 36000 36008 36016 36024 36032 36040 36048 36056 36064 36072 36080 36088 36096
36104 36112 36120 36128 36136 36144 36152 36160 36168 36176 36184 36192 36200 36208 36216 36224 36232 36240 36248 36256 36264 36272 36280 36288 36296 36304 36312 36320 36328 36336 36344 36352
36360 36368 36376 36384 36392 36400 36408 36416 36424 36432 36440 36448 36456 36464 36472 36480 36488 36496 36504 36512 36520 36528 36536 36544 36552 36560 36568 36576 36584 36592 36600 36608
36616 36624 36632 36640 36648 36656 36664 36672 36680 36688 36696 36704 36712 36720 36728 36736 36744 36752 36760 36768 36776 36784 36792 36800 36808 36816 36824 36832 36840 36848 36856 36864
36872 36880 36888 36896 36904 36912 36920 36928 36936 36944 36952 36960 36968 36976 36984 36992 37000 37008 37016 37024 37032 37040 37048 37056 37064 37072 37080 37088 37096 37104 37112 37120
37128 37136 37144 37152 37160 37168 37176 37184 37192 37200 37208 37216 37224 37232 37240 37248 37256 37264 37272 37280 37288 37296 37304 37312 37320 37328 37336 37344 37352 37360 37368 37376
37384 37392 37400 37408 37416 37424 37432 37440 37448 37456 37464 37472 37480 37488 37496 37504 37512 37520 37528 37536 37544 37552 37560 37568 37576 37584 37592 37600 37608 37616 37624 37632
37640 37648 37656 37664 37672 37680 37688 37696 37704 37712 37720 37728 37736 37744 37752 37760 37768 37776 37784 37792 37800 37808 37816 37824 37832 37840 37848 37856 37864 37872 37880 37888
37896 37904 37912 37920 37928 37936 37944 37952 37960 37968 37976 37984 37992 38000 38008 38016 38024 38032 38040 38048 38056 38064 38072 38080 38088 38096 38104 38112 38120 38128 38136 38144
38152 38160 38168 38176 38184 38192 38200 38208 38216 38224 38232 38240 38248 38256 38264 38272 38280 38288 38296 38304 38312 38320 38328 38336 38344 38352 38360 38368 38376 38384 38392 38400
38408 38416 38424 38432 38440 38448 38456 38464 38472 38480 38488 38496 38504 38512 38520 38528 38536 38544 38552 38560 38568 38576 38584 38592 38600 38608 38616 38624 38632 38640 38648 38656
38664 38672 38680 38688 38696 38704 38712 38720 38728 38736 38744 38752 38760 38768 38776 38784 38792 38800 38808 38816 38824 38832 38840 38848 38856 38864 38872 38880 38888 38896 38904 38912
38920 38928 38936 38944 38952 38960 38968 38976 38984 38992 39000 39008 39016 39024 39032 39040 39048 39056 39064 39072 39080 39088 39096 39104 39112 39120 39128 39136 39144 39152 39160 39168
39176 39184 39192 39200 39208 39216 39224 39232 39240 39248 39256 39264 39272 39280 39288 39296 39304 39312 39320 39328 39336 39344 39352 39360 39368 39376 39384 39392 39400 39408 39416 39424
39432 39440 39448 39456 39464 39472 39480 39488 39496 39504 39512 39520 39528 39536 39544 39552 39560 39568 39576 39584 39592 39600 39608 39616 39624 39632 39640 39648 39656 39664 39672 39680
39688 39696 39704 39712 39720 39728 39736 39744 39752 39760 39768 39776 39784 39792 39800 39808 39816 39824 39832 39840 39848 39856 39864 39872 39880 39888 39896 39904 39912 39920 39928 39936
39944 39952 39960 39968 39976 39984 39992 40000 40008 40016 40024 40032 40040 40048 40056 40064 40072 40080 40088 40096 40104 40112 40120 40128 40136 40144 40152 40160 40168 40176 40184 40192
40200 40208 40216 40224 40232 40240 40248 40256 40264 40272 40280 40288 40296 40304 40312 40320 40328 40336 40344 40352 40360 40368 40376 40384 40392 40400 40408 40416 40424 40432 40440 40448
40456 40464 40472 40480 40488 40496 40504 40512 40520 40528 40536 40544 40552 40560 40568 40576 40584 40592 40600 40608 40616 40624 40632 40640 40648 40656 40664 40672 40680 40688 40696 40704
40712 40720 40728 40736 40744 40752 40760 40768 40776 40784 40792 40800 40808 40816 40824 40832 40840 40848 40856 40864 40872 40880 40888 40896 40904 40912 40920 40928 40936 40944 40952 40960
40968 40976 40984 40992 41000 41008 41016 41024 41032 41040 41048 41056 41064 41072 41080 41088 41096 41104 41112 41120 41128 41136 41144 41152 41160 41168 41176 41184 41192 41200 41208 41216
41224 41232 41240 41248 41256 41264 41272 41280 41288 41296 41304 41312 41320 41328 41336 41344 41352 41360 41368 41376 41384 41392 41400 41408 41416 41424 41432 41440 41448 41456 41464 41472
41480 41488 41496 41504 41512 41520 41528 41536 41544 41552 41560 41568 41576 41584 41592 41600 41608 41616 41624 41632 41640 41648 41656 41664 41672 41680 41688 41696 41704 41712 41720 41728
41736 41744 41752 41760 41768 41776 41784 41792 41800 41808 41816 41824 41832 41840 41848 41856 41864 41872 41880 41888 41896 41904 41912 41920 41928 41936 41944 41952 41960 41968 41976 41984
41992 42000 42008 42016 42024 42032 42040 42048 42056 42064 42072 42080 42088 42096 42104 42112 42120 42128 42136 42144 42152 42160 42168 42176 42184 42192 42200 42208 42216 42224 42232 42240
42248 42256 42264 42272 42280 42288 42296 42304 42312 42320 42328 42336 42344 42352 42360 42368 42376 42384 42392 42400 42408 42416 42424 42432 42440 42448 42456 42464 42472 42480 42488 42496
42504 42512 42520 42528 42536 42544 42552 42560 42568 42576 42584 42592 42600 42608 42616 42624 42632 42640 42648 42656 42664 42672 42680 42688 42696 42704 42712 42720 42728 42736 42744 42752
42760 42768 42776 42784 42792 42800 42808 42816 42824 42832 42840 42848 42856 42864 42872 42880 42888 42896 42904 42912 42920 42928 42936 42944 42952 42960 42968 42976 42984 42992 43000 43008
43016 43024 43032 43040 43048 43056 43064 43072 43080 43088 43096 43104 43112 43120 43128 43136 43144 43152 43160 43168 43176 43184 43192 43200 43208 43216 43224 43232 43240 43248 43256 43264
43272 43280 43288 43296 43304 43312 43320 43328 43336 43344 43352 43360 43368 43376 43384 43392 43400 43408 43416 43424 43432 43440 43448 43456 43464 43472 43480 43488 43496 43504 43512 43520
43528 43536 43544 43552 43560 43568 43576 43584 43592 43600 43608 43616 43624 43632 43640 43648 43656 43664 43672 43680 43688 43696 43704 43712 43720 43728 43736 43744 43752 43760 43768 43776
43784 43792 43800 43808 43816 43824 43832 43840 43848 43856 43864 43872 43880 43888 43896 43904 43912 43920 43928 43936 43944 43952 43960 43968 43976 43984 43992 44000 44008 44016 44024 44032
44040 44048 44056 44064 44072 44080 44088 44096 44104 44112 44120 44128 44136 44144 44152 44160 44168 44176 44184 44192 44200 44208 44216 44224 44232 44240 44248 44256 44264 44272 44280 44288
44296 44304 44312 44320 44328 44336 44344 44352 44360 44368 44376 44384 44392 44400 44408 44416 44424 44432 44440 44448 44456 44464 44472 44480 44488 44496 44504 44512 44520 44528 44536 44544
44552 44560 44568 44576 44584 44592 44600 44608 44616 44624 44632 44640 44648 44656 44664 44672 44680 44688 44696 44704 44712 44720 44728 44736 44744 44752 44760 44768 44776 44784 44792 44800
44808 44816 44824 44832 44840 44848 44856 44864 44872 44880 44888 44896 44904 44912 44920 44928 
		</DataArray>
		<DataArray type = "UInt8" Name = "types" format = "ascii">
12 12 12 12 12 12 12 12 12 12 12 12 12 12 12 12 12 12 12 12 12 12 12 12 12 12 12 12 12 12 12 12
12 12 12 12 12 12 12 12 12 12 12 12 12 12 12 12 12 12 12 12 12 12 12 12 12 12 12 12 12 12 12 12
12 12 12 12 12 12 12 12 12 12 12 12 12 12 12 12 12 12 12 12 12 12 12 12 12 12 12 12 12 12 12 12
12 12 12 12 12 12 12 12 12 12 12 12 12 12 12 12 12 12 12 12 12 12 12 12 12 12 12 12 12 12 12 12
12 12 12 12 12 12 12 12 12 12 12 12 12 12 12 12 12 12 12 12 12 12 12 12 12 12 12 12 12 12 12 12
12 12 12 12 12 12 12 12 12 12 12 12 12 12 12 12 12 12 12 12 12 12 12 12 12 12 12 12 12 12 12 12
12 12 12 12 12 12 12 12 12 12 12 12 12 12 12 12 12 12 12 12 12 12 12 12 12 12 12 12 12 12 12 12
12 12 12 12 12 12 12 12 12 12 12 12 12 12 12 12 12 12 12 12 12 12 12 12 12 12 12 12 12 12 12 12
12 12 12 12 12 12 12 12 12 12 12 12 12 12 12 12 12 12 12 12 12 12 12 12 12 12 12 12 12 12 12 12
12 12 12 12 12 12 12 12 12 12 12 12 12 12 12 12 12 12 12 12 12 12 12 12 12 12 12 12 12 12 12 12
12 12 12 12 12 12 12 12 12 12 12 12 12 12 12 12 12 12 12 12 12 12 12 12 12 12 12 12 12 12 12 12
12 12 12 12 12 12 12 12 12 12 12 12 12 12 12 12 12 12 12 12 12 12 12 12 12 12 12 12 12 12 12 12
12 12 12 12 12 12 12 12 12 12 12 12 12 12 12 12 12 12 12 12 12 12 12 12 12 12 12 12 12 12 12 12
12 12 12 12 12 12 12 12 12 12 12 12 12 12 12 12 12 12 12 12 12 12 12 12 12 12 12 12 12 12 12 12
12 12 12 12 12 12 12 12 12 12 12 12 12 12 12 12 12 12 12 12 12 12 12 12 12 12 12 12 12 12 12 12
12 12 12 12 12 12 12 12 12 12 12 12 12 12 12 12 12 12 12 12 12 12 12 12 12 12 12 12 12 12 12 12
12 12 12 12 12 12 12 12 12 12 12 12 12 12 12 12 12 12 12 12 12 12 12 12 12 12 12 12 12 12 12 12
12 12 12 12 12 12 12 12 12 12 12 12 12 12 12 12 12 12 12 12 12 12 12 12 12 12 12 12 12 12 12 12
12 12 12 12 12 12 12 12 12 12 12 12 12 12 12 12 12 12 12 12 12 12 12 12 12 12 12 12 12 12 12 12
12 12 12 12 12 12 12 12 12 12 12 12 12 12 12 12 12 12 12 12 12 12 12 12 12 12 12 12 12 12 12 12
12 12 12 12 12 12 12 12 12 12 12 12 12 12 12 12 12 12 12 12 12 12 12 12 12 12 12 12 12 12 12 12
12 12 12 12 12 12 12 12 12 12 12 12 12 12 12 12 12 12 12 12 12 12 12 12 12 12 12 12 12 12 12 12
12 12 12 12 12 12 12 12 12 12 12 12 12 12 12 12 12 12 12 12 12 12 12 12 12 12 12 12 12 12 12 12
12 12 12 12 12 12 12 12 12 12 12 12 12 12 12 12 12 12 12 12 12 12 12 12 12 12 12 12 12 12 12 12
12 12 12 12 12 12 12 12 12 12 12 12 12 12 12 12 12 12 12 12 12 12 12 12 12 12 12 12 12 12 12 12
12 12 12 12 12 12 12 12 12 12 12 12 12 12 12 12 12 12 12 12 12 12 12 12 12 12 12 12 12 12 12 12
12 12 12 12 12 12 12 12 12 12 12 12 12 12 12 12 12 12 12 12 12 12 12 12 12 12 12 12 12 12 12 12
12 12 12 12 12 12 12 12 12 12 12 12 12 12 12 12 12 12 12 12 12 12 12 12 12 12 12 12 12 12 12 12
12 12 12 12 12 12 12 12 12 12 12 12 12 12 12 12 12 12 12 12 12 12 12 12 12 12 12 12 12 12 12 12
12 12 12 12 12 12 12 12 12 12 12 12 12 12 12 12 12 12 12 12 12 12 12 12 12 12 12 12 12 12 12 12
12 12 12 12 12 12 12 12 12 12 12 12 12 12 12 12 12 12 12 12 12 12 12 12 12 12 12 12 12 12 12 12
12 12 12 12 12 12 12 12 12 12 12 12 12 12 12 12 12 12 12 12 12 12 12 12 12 12 12 12 12 12 12 12
12 12 12 12 12 12 12 12 12 12 12 12 12 12 12 12 12 12 12 12 12 12 12 12 12 12 12 12 12 12 12 12
12 12 12 12 12 12 12 12 12 12 12 12 12 12 12 12 12 12 12 12 12 12 12 12 12 12 12 12 12 12 12 12
12 12 12 12 12 12 12 12 12 12 12 12 12 12 12 12 12 12 12 12 12 12 12 12 12 12 12 12 12 12 12 12
12 12 12 12 12 12 12 12 12 12 12 12 12 12 12 12 12 12 12 12 12 12 12 12 12 12 12 12 12 12 12 12
12 12 12 12 12 12 12 12 12 12 12 12 12 12 12 12 12 12 12 12 12 12 12 12 12 12 12 12 12 12 12 12
12 12 12 12 12 12 12 12 12 12 12 12 12 12 12 12 12 12 12 12 12 12 12 12 12 12 12 12 12 12 12 12
12 12 12 12 12 12 12 12 12 12 12 12 12 12 12 12 12 12 12 12 12 12 12 12 12 12 12 12 12 12 12 12
12 12 12 12 12 12 12 12 12 12 12 12 12 12 12 12 12 12 12 12 12 12 12 12 12 12 12 12 12 12 12 12
12 12 12 12 12 12 12 12 12 12 12 12 12 12 12 12 12 12 12 12 12 12 12 12 12 12 12 12 12 12 12 12
12 12 12 12 12 12 12 12 12 12 12 12 12 12 12 12 12 12 12 12 12 12 12 12 12 12 12 12 12 12 12 12
12 12 12 12 12 12 12 12 12 12 12 12 12 12 12 12 12 12 12 12 12 12 12 12 12 12 12 12 12 12 12 12
12 12 12 12 12 12 12 12 12 12 12 12 12 12 12 12 12 12 12 12 12 12 12 12 12 12 12 12 12 12 12 12
12 12 12 12 12 12 12 12 12 12 12 12 12 12 12 12 12 12 12 12 12 12 12 12 12 12 12 12 12 12 12 12
12 12 12 12 12 12 12 12 12 12 12 12 12 12 12 12 12 12 12 12 12 12 12 12 12 12 12 12 12 12 12 12
12 12 12 12 12 12 12 12 12 12 12 12 12 12 12 12 12 12 12 12 12 12 12 12 12 12 12 12 12 12 12 12
12 12 12 12 12 12 12 12 12 12 12 12 12 12 12 12 12 12 12 12 12 12 12 12 12 12 12 12 12 12 12 12
12 12 12 12 12 12 12 12 12 12 12 12 12 12 12 12 12 12 12 12 12 12 12 12 12 12 12 12 12 12 12 12
12 12 12 12 12 12 12 12 12 12 12 12 12 12 12 12 12 12 12 12 12 12 12 12 12 12 12 12 12 12 12 12
12 12 12 12 12 12 12 12 12 12 12 12 12 12 12 12 12 12 12 12 12 12 12 12 12 12 12 12 12 12 12 12
12 12 12 12 12 12 12 12 12 12 12 12 12 12 12 12 12 12 12 12 12 12 12 12 12 12 12 12 12 12 12 12
12 12 12 12 12 12 12 12 12 12 12 12 12 12 12 12 12 12 12 12 12 12 12 12 12 12 12 12 12 12 12 12
12 12 12 12 12 12 12 12 12 12 12 12 12 12 12 12 12 12 12 12 12 12 12 12 12 12 12 12 12 12 12 12
12 12 12 12 12 12 12 12 12 12 12 12 12 12 12 12 12 12 12 12 12 12 12 12 12 12 12 12 12 12 12 12
12 12 12 12 12 12 12 12 12 12 12 12 12 12 12 12 12 12 12 12 12 12 12 12 12 12 12 12 12 12 12 12
12 12 12 12 12 12 12 12 12 12 12 12 12 12 12 12 12 12 12 12 12 12 12 12 12 12 12 12 12 12 12 12
12 12 12 12 12 12 12 12 12 12 12 12 12 12 12 12 12 12 12 12 12 12 12 12 12 12 12 12 12 12 12 12
12 12 12 12 12 12 12 12 12 12 12 12 12 12 12 12 12 12 12 12 12 12 12 12 12 12 12 12 12 12 12 12
12 12 12 12 12 12 12 12 12 12 12 12 12 12 12 12 12 12 12 12 12 12 12 12 12 12 12 12 12 12 12 12
12 12 12 12 12 12 12 12 12 12 12 12 12 12 12 12 12 12 12 12 12 12 12 12 12 12 12 12 12 12 12 12
12 12 12 12 12 12 12 12 12 12 12 12 12 12 12 12 12 12 12 12 12 12 12 12 12 12 12 12 12 12 12 12
12 12 12 12 12 12 12 12 12 12 12 12 12 12 12 12 12 12 12 12 12 12 12 12 12 12 12 12 12 12 12 12
12 12 12 12 12 12 12 12 12 12 12 12 12 12 12 12 12 12 12 12 12 12 12 12 12 12 12 12 12 12 12 12
12 12 12 12 12 12 12 12 12 12 12 12 12 12 12 12 12 12 12 12 12 12 12 12 12 12 12 12 12 12 12 12
12 12 12 12 12 12 12 12 12 12 12 12 12 12 12 12 12 12 12 12 12 12 12 12 12 12 12 12 12 12 12 12
12 12 12 12 12 12 12 12 12 12 12 12 12 12 12 12 12 12 12 12 12 12 12 12 12 12 12 12 12 12 12 12
12 12 12 12 12 12 12 12 12 12 12 12 12 12 12 12 12 12 12 12 12 12 12 12 12 12 12 12 12 12 12 12
12 12 12 12 12 12 12 12 12 12 12 12 12 12 12 12 12 12 12 12 12 12 12 12 12 12 12 12 12 12 12 12
12 12 12 12 12 12 12 12 12 12 12 12 12 12 12 12 12 12 12 12 12 12 12 12 12 12 12 12 12 12 12 12
12 12 12 12 12 12 12 12 12 12 12 12 12 12 12 12 12 12 12 12 12 12 12 12 12 12 12 12 12 12 12 12
12 12 12 12 12 12 12 12 12 12 12 12 12 12 12 12 12 12 12 12 12 12 12 12 12 12 12 12 12 12 12 12
12 12 12 12 12 12 12 12 12 12 12 12 12 12 12 12 12 12 12 12 12 12 12 12 12 12 12 12 12 12 12 12
12 12 12 12 12 12 12 12 12 12 12 12 12 12 12 12 12 12 12 12 12 12 12 12 12 12 12 12 12 12 12 12
12 12 12 12 12 12 12 12 12 12 12 12 12 12 12 12 12 12 12 12 12 12 12 12 12 12 12 12 12 12 12 12
12 12 12 12 12 12 12 12 12 12 12 12 12 12 12 12 12 12 12 12 12 12 12 12 12 12 12 12 12 12 12 12
12 12 12 12 12 12 12 12 12 12 12 12 12 12 12 12 12 12 12 12 12 12 12 12 12 12 12 12 12 12 12 12
12 12 12 12 12 12 12 12 12 12 12 12 12 12 12 12 12 12 12 12 12 12 12 12 12 12 12 12 12 12 12 12
12 12 12 12 12 12 12 12 12 12 12 12 12 12 12 12 12 12 12 12 12 12 12 12 12 12 12 12 12 12 12 12
12 12 12 12 12 12 12 12 12 12 12 12 12 12 12 12 12 12 12 12 12 12 12 12 12 12 12 12 12 12 12 12
12 12 12 12 12 12 12 12 12 12 12 12 12 12 12 12 12 12 12 12 12 12 12 12 12 12 12 12 12 12 12 12
12 12 12 12 12 12 12 12 12 12 12 12 12 12 12 12 12 12 12 12 12 12 12 12 12 12 12 12 12 12 12 12
12 12 12 12 12 12 12 12 12 12 12 12 12 12 12 12 12 12 12 12 12 12 12 12 12 12 12 12 12 12 12 12
12 12 12 12 12 12 12 12 12 12 12 12 12 12 12 12 12 12 12 12 12 12 12 12 12 12 12 12 12 12 12 12
12 12 12 12 12 12 12 12 12 12 12 12 12 12 12 12 12 12 12 12 12 12 12 12 12 12 12 12 12 12 12 12
12 12 12 12 12 12 12 12 12 12 12 12 12 12 12 12 12 12 12 12 12 12 12 12 12 12 12 12 12 12 12 12
12 12 12 12 12 12 12 12 12 12 12 12 12 12 12 12 12 12 12 12 12 12 12 12 12 12 12 12 12 12 12 12
12 12 12 12 12 12 12 12 12 12 12 12 12 12 12 12 12 12 12 12 12 12 12 12 12 12 12 12 12 12 12 12
12 12 12 12 12 12 12 12 12 12 12 12 12 12 12 12 12 12 12 12 12 12 12 12 12 12 12 12 12 12 12 12
12 12 12 12 12 12 12 12 12 12 12 12 12 12 12 12 12 12 12 12 12 12 12 12 12 12 12 12 12 12 12 12
12 12 12 12 12 12 12 12 12 12 12 12 12 12 12 12 12 12 12 12 12 12 12 12 12 12 12 12 12 12 12 12
12 12 12 12 12 12 12 12 12 12 12 12 12 12 12 12 12 12 12 12 12 12 12 12 12 12 12 12 12 12 12 12
12 12 12 12 12 12 12 12 12 12 12 12 12 12 12 12 12 12 12 12 12 12 12 12 12 12 12 12 12 12 12 12
12 12 12 12 12 12 12 12 12 12 12 12 12 12 12 12 12 12 12 12 12 12 12 12 12 12 12 12 12 12 12 12
12 12 12 12 12 12 12 12 12 12 12 12 12 12 12 12 12 12 12 12 12 12 12 12 12 12 12 12 12 12 12 12
12 12 12 12 12 12 12 12 12 12 12 12 12 12 12 12 12 12 12 12 12 12 12 12 12 12 12 12 12 12 12 12
12 12 12 12 12 12 12 12 12 12 12 12 12 12 12 12 12 12 12 12 12 12 12 12 12 12 12 12 12 12 12 12
12 12 12 12 12 12 12 12 12 12 12 12 12 12 12 12 12 12 12 12 12 12 12 12 12 12 12 12 12 12 12 12
12 12 12 12 12 12 12 12 12 12 12 12 12 12 12 12 12 12 12 12 12 12 12 12 12 12 12 12 12 12 12 12
12 12 12 12 12 12 12 12 12 12 12 12 12 12 12 12 12 12 12 12 12 12 12 12 12 12 12 12 12 12 12 12
12 12 12 12 12 12 12 12 12 12 12 12 12 12 12 12 12 12 12 12 12 12 12 12 12 12 12 12 12 12 12 12
12 12 12 12 12 12 12 12 12 12 12 12 12 12 12 12 12 12 12 12 12 12 12 12 12 12 12 12 12 12 12 12
12 12 12 12 12 12 12 12 12 12 12 12 12 12 12 12 12 12 12 12 12 12 12 12 12 12 12 12 12 12 12 12
12 12 12 12 12 12 12 12 12 12 12 12 12 12 12 12 12 12 12 12 12 12 12 12 12 12 12 12 12 12 12 12
12 12 12 12 12 12 12 12 12 12 12 12 12 12 12 12 12 12 12 12 12 12 12 12 12 12 12 12 12 12 12 12
12 12 12 12 12 12 12 12 12 12 12 12 12 12 12 12 12 12 12 12 12 12 12 12 12 12 12 12 12 12 12 12
12 12 12 12 12 12 12 12 12 12 12 12 12 12 12 12 12 12 12 12 12 12 12 12 12 12 12 12 12 12 12 12
12 12 12 12 12 12 12 12 12 12 12 12 12 12 12 12 12 12 12 12 12 12 12 12 12 12 12 12 12 12 12 12
12 12 12 12 12 12 12 12 12 12 12 12 12 12 12 12 12 12 12 12 12 12 12 12 12 12 12 12 12 12 12 12
12 12 12 12 12 12 12 12 12 12 12 12 12 12 12 12 12 12 12 12 12 12 12 12 12 12 12 12 12 12 12 12
12 12 12 12 12 12 12 12 12 12 12 12 12 12 12 12 12 12 12 12 12 12 12 12 12 12 12 12 12 12 12 12
12 12 12 12 12 12 12 12 12 12 12 12 12 12 12 12 12 12 12 12 12 12 12 12 12 12 12 12 12 12 12 12
12 12 12 12 12 12 12 12 12 12 12 12 12 12 12 12 12 12 12 12 12 12 12 12 12 12 12 12 12 12 12 12
12 12 12 12 12 12 12 12 12 12 12 12 12 12 12 12 12 12 12 12 12 12 12 12 12 12 12 12 12 12 12 12
12 12 12 12 12 12 12 12 12 12 12 12 12 12 12 12 12 12 12 12 12 12 12 12 12 12 12 12 12 12 12 12
12 12 12 12 12 12 12 12 12 12 12 12 12 12 12 12 12 12 12 12 12 12 12 12 12 12 12 12 12 12 12 12
12 12 12 12 12 12 12 12 12 12 12 12 12 12 12 12 12 12 12 12 12 12 12 12 12 12 12 12 12 12 12 12
12 12 12 12 12 12 12 12 12 12 12 12 12 12 12 12 12 12 12 12 12 12 12 12 12 12 12 12 12 12 12 12
12 12 12 12 12 12 12 12 12 12 12 12 12 12 12 12 12 12 12 12 12 12 12 12 12 12 12 12 12 12 12 12
12 12 12 12 12 12 12 12 12 12 12 12 12 12 12 12 12 12 12 12 12 12 12 12 12 12 12 12 12 12 12 12
12 12 12 12 12 12 12 12 12 12 12 12 12 12 12 12 12 12 12 12 12 12 12 12 12 12 12 12 12 12 12 12
12 12 12 12 12 12 12 12 12 12 12 12 12 12 12 12 12 12 12 12 12 12 12 12 12 12 12 12 12 12 12 12
12 12 12 12 12 12 12 12 12 12 12 12 12 12 12 12 12 12 12 12 12 12 12 12 12 12 12 12 12 12 12 12
12 12 12 12 12 12 12 12 12 12 12 12 12 12 12 12 12 12 12 12 12 12 12 12 12 12 12 12 12 12 12 12
12 12 12 12 12 12 12 12 12 12 12 12 12 12 12 12 12 12 12 12 12 12 12 12 12 12 12 12 12 12 12 12
12 12 12 12 12 12 12 12 12 12 12 12 12 12 12 12 12 12 12 12 12 12 12 12 12 12 12 12 12 12 12 12
12 12 12 12 12 12 12 12 12 12 12 12 12 12 12 12 12 12 12 12 12 12 12 12 12 12 12 12 12 12 12 12
12 12 12 12 12 12 12 12 12 12 12 12 12 12 12 12 12 12 12 12 12 12 12 12 12 12 12 12 12 12 12 12
12 12 12 12 12 12 12 12 12 12 12 12 12 12 12 12 12 12 12 12 12 12 12 12 12 12 12 12 12 12 12 12
12 12 12 12 12 12 12 12 12 12 12 12 12 12 12 12 12 12 12 12 12 12 12 12 12 12 12 12 12 12 12 12
12 12 12 12 12 12 12 12 12 12 12 12 12 12 12 12 12 12 12 12 12 12 12 12 12 12 12 12 12 12 12 12
12 12 12 12 12 12 12 12 12 12 12 12 12 12 12 12 12 12 12 12 12 12 12 12 12 12 12 12 12 12 12 12
12 12 12 12 12 12 12 12 12 12 12 12 12 12 12 12 12 12 12 12 12 12 12 12 12 12 12 12 12 12 12 12
12 12 12 12 12 12 12 12 12 12 12 12 12 12 12 12 12 12 12 12 12 12 12 12 12 12 12 12 12 12 12 12
12 12 12 12 12 12 12 12 12 12 12 12 12 12 12 12 12 12 12 12 12 12 12 12 12 12 12 12 12 12 12 12
12 12 12 12 12 12 12 12 12 12 12 12 12 12 12 12 12 12 12 12 12 12 12 12 12 12 12 12 12 12 12 12
12 12 12 12 12 12 12 12 12 12 12 12 12 12 12 12 12 12 12 12 12 12 12 12 12 12 12 12 12 12 12 12
12 12 12 12 12 12 12 12 12 12 12 12 12 12 12 12 12 12 12 12 12 12 12 12 12 12 12 12 12 12 12 12
12 12 12 12 12 12 12 12 12 12 12 12 12 12 12 12 12 12 12 12 12 12 12 12 12 12 12 12 12 12 12 12
12 12 12 12 12 12 12 12 12 12 12 12 12 12 12 12 12 12 12 12 12 12 12 12 12 12 12 12 12 12 12 12
12 12 12 12 12 12 12 12 12 12 12 12 12 12 12 12 12 12 12 12 12 12 12 12 12 12 12 12 12 12 12 12
12 12 12 12 12 12 12 12 12 12 12 12 12 12 12 12 12 12 12 12 12 12 12 12 12 12 12 12 12 12 12 12
12 12 12 12 12 12 12 12 12 12 12 12 12 12 12 12 12 12 12 12 12 12 12 12 12 12 12 12 12 12 12 12
12 12 12 12 12 12 12 12 12 12 12 12 12 12 12 12 12 12 12 12 12 12 12 12 12 12 12 12 12 12 12 12
12 12 12 12 12 12 12 12 12 12 12 12 12 12 12 12 12 12 12 12 12 12 12 12 12 12 12 12 12 12 12 12
12 12 12 12 12 12 12 12 12 12 12 12 12 12 12 12 12 12 12 12 12 12 12 12 12 12 12 12 12 12 12 12
12 12 12 12 12 12 12 12 12 12 12 12 12 12 12 12 12 12 12 12 12 12 12 12 12 12 12 12 12 12 12 12
12 12 12 12 12 12 12 12 12 12 12 12 12 12 12 12 12 12 12 12 12 12 12 12 12 12 12 12 12 12 12 12
12 12 12 12 12 12 12 12 12 12 12 12 12 12 12 12 12 12 12 12 12 12 12 12 12 12 12 12 12 12 12 12
12 12 12 12 12 12 12 12 12 12 12 12 12 12 12 12 12 12 12 12 12 12 12 12 12 12 12 12 12 12 12 12
12 12 12 12 12 12 12 12 12 12 12 12 12 12 12 12 12 12 12 12 12 12 12 12 12 12 12 12 12 12 12 12
12 12 12 12 12 12 12 12 12 12 12 12 12 12 12 12 12 12 12 12 12 12 12 12 12 12 12 12 12 12 12 12
12 12 12 12 12 12 12 12 12 12 12 12 12 12 12 12 12 12 12 12 12 12 12 12 12 12 12 12 12 12 12 12
12 12 12 12 12 12 12 12 12 12 12 12 12 12 12 12 12 12 12 12 12 12 12 12 12 12 12 12 12 12 12 12
12 12 12 12 12 12 12 12 12 12 12 12 12 12 12 12 12 12 12 12 12 12 12 12 12 12 12 12 12 12 12 12
12 12 12 12 12 12 12 12 12 12 12 12 12 12 12 12 12 12 12 12 12 12 12 12 12 12 12 12 12 12 12 12
12 12 12 12 12 12 12 12 12 12 12 12 12 12 12 12 12 12 12 12 12 12 12 12 12 12 12 12 12 12 12 12
12 12 12 12 12 12 12 12 12 12 12 12 12 12 12 12 12 12 12 12 12 12 12 12 12 12 12 12 12 12 12 12
12 12 12 12 12 12 12 12 12 12 12 12 12 12 12 12 12 12 12 12 12 12 12 12 12 12 12 12 12 12 12 12
12 12 12 12 12 12 12 12 12 12 12 12 12 12 12 12 12 12 12 12 12 12 12 12 12 12 12 12 12 12 12 12
12 12 12 12 12 12 12 12 12 12 12 12 12 12 12 12 12 12 12 12 12 12 12 12 12 12 12 12 12 12 12 12
12 12 12 12 12 12 12 12 12 12 12 12 12 12 12 12 12 12 12 12 12 12 12 12 12 12 12 12 12 12 12 12
12 12 12 12 12 12 12 12 12 12 12 12 12 12 12 12 12 12 12 12 12 12 12 12 12 12 12 12 12 12 12 12
12 12 12 12 12 12 12 12 12 12 12 12 12 12 12 12 12 12 12 12 12 12 12 12 12 12 12 12 12 12 12 12
12 12 12 12 12 12 12 12 12 12 12 12 12 12 12 12 12 12 12 12 12 12 12 12 12 12 12 12 12 12 12 12
12 12 12 12 12 12 12 12 12 12 12 12 12 12 12 12 12 12 12 12 12 12 12 12 12 12 12 12 12 12 12 12
12 12 12 12 12 12 12 12 12 12 12 12 12 12 12 12 12 12 12 12 12 12 12 12 12 12 12 12 12 12 12 12
12 12 12 12 12 12 12 12 12 12 12 12 12 12 12 12 12 12 12 12 12 12 12 12 12 12 12 12 12 12 12 12
12 12 12 12 12 12 12 12 12 12 12 12 12 12 12 12 12 12 12 12 12 12 12 12 12 12 12 12 12 12 12 12
12 12 12 12 12 12 12 12 12 12 12 12 12 12 12 12 12 12 12 12 12 12 12 12 12 12 12 12 12 12 12 12
12 12 12 12 12 12 12 12 12 12 12 12 12 12 12 12 12 12 12 12 12 12 12 12 12 12 12 12 12 12 12 12
12 12 12 12 12 12 12 12 12 12 12 12 12 12 12 12 12 12 12 12 12 12 12 12 12 12 12 12 12 12 12 12
12 12 12 12 12 12 12 12 12 12 12 12 12 12 12 12 12 12 12 12 12 12 12 12 12 12 12 12 12 12 12 12
12 12 12 12 12 12 12 12 12 12 12 12 12 12 12 12 12 12 12 12 12 12 12 12 12 12 12 12 12 12 12 12
12 12 12 12 12 12 12 12 12 12 12 12 12 12 12 12 12 12 12 12 12 12 12 12 12 12 12 12 12 12 12 12
12 12 12 12 12 12 12 12 12 12 12 12 12 12 12 12 
		</DataArray>
	</Cells>
	<CellData Scalars = "index">
		<DataArray type = "Int32" Name = "trotIndex" format = "ascii">
0 0 0 0 0 0 0 0 0 0 0 0 0 0 0 0 1 1 1 1 1 1 1 1 1 1 1 1 1 1 1 1
2 2 2 2 2 2 2 2 2 2 2 2 2 2 2 2 3 3 3 3 3 3 3 3 3 3 3 3 3 3 3 3
4 4 4 4 4 4 4 4 4 4 4 4 4 4 4 4 5 5 5 5 5 5 5 5 5 5 5 5 5 5 5 5
6 6 6 6 6 6 6 6 6 6 6 6 6 6 6 6 7 7 7 7 7 7 7 7 7 7 7 7 7 7 7 7
8 8 8 8 8 8 8 8 8 8 8 8 8 8 8 8 9 9 9 9 9 9 9 9 9 9 9 9 9 9 9 9
10 10 10 10 10 10 10 10 10 10 10 10 10 10 10 10 11 11 11 11 11 11 11 11 11 11 11 11 11 11 11 11
12 12 12 12 12 12 12 12 12 12 12 12 12 12 12 12 13 13 13 13 13 13 13 13 13 13 13 13 13 13 13 13
14 14 14 14 14 14 14 14 14 14 14 14 14 14 14 14 15 15 15 15 15 15 15 15 15 15 15 15 15 15 15 15
16 16 16 16 16 16 16 16 16 16 16 16 16 16 16 16 17 17 17 17 17 17 17 17 17 17 17 17 17 17 17 17
18 18 18 18 18 18 18 18 18 18 18 18 18 18 18 18 19 19 19 19 19 19 19 19 19 19 19 19 19 19 19 19
20 20 20 20 20 20 20 20 20 20 20 20 20 20 20 20 21 21 21 21 21 21 21 21 21 21 21 21 21 21 21 21
22 22 22 22 22 22 22 22 22 22 22 22 22 22 22 22 23 23 23 23 23 23 23 23 23 23 23 23 23 23 23 23
24 24 24 24 24 24 24 24 24 24 24 24 24 24 24 24 25 25 25 25 25 25 25 25 25 25 25 25 25 25 25 25
26 26 26 26 26 26 26 26 26 26 26 26 26 26 26 26 27 27 27 27 27 27 27 27 27 27 27 27 27 27 27 27
28 28 28 28 28 28 28 28 28 28 28 28 28 28 28 28 29 29 29 29 29 29 29 29 29 29 29 29 29 29 29 29
30 30 30 30 30 30 30 30 30 30 30 30 30 30 30 30 31 31 31 31 31 31 31 31 31 31 31 31 31 31 31 31
32 32 32 32 32 32 32 32 32 32 32 32 32 32 32 32 33 33 33 33 33 33 33 33 33 33 33 33 33 33 33 33
34 34 34 34 34 34 34 34 34 34 34 34 34 34 34 34 35 35 35 35 35 35 35 35 35 35 35 35 35 35 35 35
36 36 36 36 36 36 36 36 36 36 36 36 36 36 36 36 37 37 37 37 37 37 37 37 37 37 37 37 37 37 37 37
38 38 38 38 38 38 38 38 38 38 38 38 38 38 38 38 39 39 39 39 39 39 39 39 39 39 39 39 39 39 39 39
40 40 40 40 40 40 40 40 40 40 40 40 40 40 40 40 41 41 41 41 41 41 41 41 41 41 41 41 41 41 41 41
42 42 42 42 42 42 42 42 42 42 42 42 42 42 42 42 43 43 43 43 43 43 43 43 43 43 43 43 43 43 43 43
44 44 44 44 44 44 44 44 44 44 44 44 44 44 44 44 45 45 45 45 45 45 45 45 45 45 45 45 45 45 45 45
46 46 46 46 46 46 46 46 46 46 46 46 46 46 46 46 47 47 47 47 47 47 47 47 47 47 47 47 47 47 47 47
48 48 48 48 48 48 48 48 48 48 48 48 48 48 48 48 49 49 49 49 49 49 49 49 49 49 49 49 49 49 49 49
50 50 50 50 50 50 50 50 50 50 50 50 50 50 50 50 51 51 51 51 51 51 51 51 51 51 51 51 51 51 51 51
52 52 52 52 52 52 52 52 52 52 52 52 52 52 52 52 53 53 53 53 53 53 53 53 53 53 53 53 53 53 53 53
54 54 54 54 54 54 54 54 54 54 54 54 54 54 54 54 55 55 55 55 55 55 55 55 55 55 55 55 55 55 55 55
56 56 56 56 56 56 56 56 56 56 56 56 56 56 56 56 57 57 57 57 57 57 57 57 57 57 57 57 57 57 57 57
58 58 58 58 58 58 58 58 58 58 58 58 58 58 58 58 59 59 59 59 59 59 59 59 59 59 59 59 59 59 59 59
60 60 60 60 60 60 60 60 60 60 60 60 60 60 60 60 61 61 61 61 61 61 61 61 61 61 61 61 61 61 61 61
62 62 62 62 62 62 62 62 62 62 62 62 62 62 62 62 63 63 63 63 63 63 63 63 63 63 63 63 63 63 63 63
64 64 64 64 64 64 64 64 64 64 64 64 64 64 64 64 65 65 65 65 65 65 65 65 65 65 65 65 65 65 65 65
66 66 66 66 66 66 66 66 66 66 66 66 66 66 66 66 67 67 67 67 67 67 67 67 67 67 67 67 67 67 67 67
68 68 68 68 68 68 68 68 68 68 68 68 68 68 68 68 69 69 69 69 69 69 69 69 69 69 69 69 69 69 69 69
70 70 70 70 70 70 70 70 70 70 70 70 70 70 70 70 71 71 71 71 71 71 71 71 71 71 71 71 71 71 71 71
72 72 72 72 72 72 72 72 72 72 72 72 72 72 72 72 73 73 73 73 73 73 73 73 73 73 73 73 73 73 73 73
74 74 74 74 74 74 74 74 74 74 74 74 74 74 74 74 75 75 75 75 75 75 75 75 75 75 75 75 75 75 75 75
76 76 76 76 76 76 76 76 76 76 76 76 76 76 76 76 77 77 77 77 77 77 77 77 77 77 77 77 77 77 77 77
78 78 78 78 78 78 78 78 78 78 78 78 78 78 78 78 79 79 79 79 79 79 79 79 79 79 79 79 79 79 79 79
80 80 80 80 80 80 80 80 80 80 80 80 80 80 80 80 81 81 81 81 81 81 81 81 81 81 81 81 81 81 81 81
82 82 82 82 82 82 82 82 82 82 82 82 82 82 82 82 83 83 83 83 83 83 83 83 83 83 83 83 83 83 83 83
84 84 84 84 84 84 84 84 84 84 84 84 84 84 84 84 85 85 85 85 85 85 85 85 85 85 85 85 85 85 85 85
86 86 86 86 86 86 86 86 86 86 86 86 86 86 86 86 87 87 87 87 87 87 87 87 87 87 87 87 87 87 87 87
88 88 88 88 88 88 88 88 88 88 88 88 88 88 88 88 89 89 89 89 89 89 89 89 89 89 89 89 89 89 89 89
90 90 90 90 90 90 90 90 90 90 90 90 90 90 90 90 91 91 91 91 91 91 91 91 91 91 91 91 91 91 91 91
92 92 92 92 92 92 92 92 92 92 92 92 92 92 92 92 93 93 93 93 93 93 93 93 93 93 93 93 93 93 93 93
94 94 94 94 94 94 94 94 94 94 94 94 94 94 94 94 95 95 95 95 95 95 95 95 95 95 95 95 95 95 95 95
96 96 96 96 96 96 96 96 96 96 96 96 96 96 96 96 97 97 97 97 97 97 97 97 97 97 97 97 97 97 97 97
98 98 98 98 98 98 98 98 98 98 98 98 98 98 98 98 99 99 99 99 99 99 99 99 99 99 99 99 99 99 99 99
100 100 100 100 100 100 100 100 100 100 100 100 100 100 100 100 101 101 101 101 101 101 101 101 101 101 101 101 101 101 101 101
102 102 102 102 102 102 102 102 102 102 102 102 102 102 102 102 103 103 103 103 103 103 103 103 103 103 103 103 103 103 103 103
104 104 104 104 104 104 104 104 104 104 104 104 104 104 104 104 105 105 105 105 105 105 105 105 105 105 105 105 105 105 105 105
106 106 106 106 106 106 106 106 106 106 106 106 106 106 106 106 107 107 107 107 107 107 107 107 107 107 107 107 107 107 107 107
108 108 108 108 108 108 108 108 108 108 108 108 108 108 108 108 109 109 109 109 109 109 109 109 109 109 109 109 109 109 109 109
110 110 110 110 110 110 110 110 110 110 110 110 110 110 110 110 111 111 111 111 111 111 111 111 111 111 111 111 111 111 111 111
112 112 112 112 112 112 112 112 112 112 112 112 112 112 112 112 113 113 113 113 113 113 113 113 113 113 113 113 113 113 113 113
114 114 114 114 114 114 114 114 114 114 114 114 114 114 114 114 115 115 115 115 115 115 115 115 115 115 115 115 115 115 115 115
116 116 116 116 116 116 116 116 116 116 116 116 116 116 116 116 117 117 117 117 117 117 117 117 117 117 117 117 117 117 117 117
118 118 118 118 118 118 118 118 118 118 118 118 118 118 118 118 119 119 119 119 119 119 119 119 119 119 119 119 119 119 119 119
120 120 120 120 120 120 120 120 120 120 120 120 120 120 120 120 121 121 121 121 121 121 121 121 121 121 121 121 121 121 121 121
122 122 122 122 122 122 122 122 122 122 122 122 122 122 122 122 123 123 123 123 123 123 123 123 123 123 123 123 123 123 123 123
124 124 124 124 124 124 124 124 124 124 124 124 124 124 124 124 125 125 125 125 125 125 125 125 125 125 125 125 125 125 125 125
126 126 126 126 126 126 126 126 126 126 126 126 126 126 126 126 127 127 127 127 127 127 127 127 127 127 127 127 127 127 127 127
128 128 128 128 128 128 128 128 128 128 128 128 128 128 128 128 129 129 129 129 129 129 129 129 129 129 129 129 129 129 129 129
130 130 130 130 130 130 130 130 130 130 130 130 130 130 130 130 131 131 131 131 131 131 131 131 131 131 131 131 131 131 131 131
132 132 132 132 132 132 132 132 132 132 132 132 132 132 132 132 133 133 133 133 133 133 133 133 133 133 133 133 133 133 133 133
134 134 134 134 134 134 134 134 134 134 134 134 134 134 134 134 135 135 135 135 135 135 135 135 135 135 135 135 135 135 135 135
136 136 136 136 136 136 136 136 136 136 136 136 136 136 136 136 137 137 137 137 137 137 137 137 137 137 137 137 137 137 137 137
138 138 138 138 138 138 138 138 138 138 138 138 138 138 138 138 139 139 139 139 139 139 139 139 139 139 139 139 139 139 139 139
140 140 140 140 140 140 140 140 140 140 140 140 140 140 140 140 141 141 141 141 141 141 141 141 141 141 141 141 141 141 141 141
142 142 142 142 142 142 142 142 142 142 142 142 142 142 142 142 143 143 143 143 143 143 143 143 143 143 143 143 143 143 143 143
144 144 144 144 144 144 144 144 144 144 144 144 144 144 144 144 145 145 145 145 145 145 145 145 145 145 145 145 145 145 145 145
146 146 146 146 146 146 146 146 146 146 146 146 146 146 146 146 147 147 147 147 147 147 147 147 147 147 147 147 147 147 147 147
148 148 148 148 148 148 148 148 148 148 148 148 148 148 148 148 149 149 149 149 149 149 149 149 149 149 149 149 149 149 149 149
150 150 150 150 150 150 150 150 150 150 150 150 150 150 150 150 151 151 151 151 151 151 151 151 151 151 151 151 151 151 151 151
152 152 152 152 152 152 152 152 152 152 152 152 152 152 152 152 153 153 153 153 153 153 153 153 153 153 153 153 153 153 153 153
154 154 154 154 154 154 154 154 154 154 154 154 154 154 154 154 155 155 155 155 155 155 155 155 155 155 155 155 155 155 155 155
156 156 156 156 156 156 156 156 156 156 156 156 156 156 156 156 157 157 157 157 157 157 157 157 157 157 157 157 157 157 157 157
158 158 158 158 158 158 158 158 158 158 158 158 158 158 158 158 159 159 159 159 159 159 159 159 159 159 159 159 159 159 159 159
160 160 160 160 160 160 160 160 160 160 160 160 160 160 160 160 161 161 161 161 161 161 161 161 161 161 161 161 161 161 161 161
162 162 162 162 162 162 162 162 162 162 162 162 162 162 162 162 163 163 163 163 163 163 163 163 163 163 163 163 163 163 163 163
164 164 164 164 164 164 164 164 164 164 164 164 164 164 164 164 165 165 165 165 165 165 165 165 165 165 165 165 165 165 165 165
166 166 166 166 166 166 166 166 166 166 166 166 166 166 166 166 167 167 167 167 167 167 167 167 167 167 167 167 167 167 167 167
168 168 168 168 168 168 168 168 168 168 168 168 168 168 168 168 169 169 169 169 169 169 169 169 169 169 169 169 169 169 169 169
170 170 170 170 170 170 170 170 170 170 170 170 170 170 170 170 171 171 171 171 171 171 171 171 171 171 171 171 171 171 171 171
172 172 172 172 172 172 172 172 172 172 172 172 172 172 172 172 173 173 173 173 173 173 173 173 173 173 173 173 173 173 173 173
174 174 174 174 174 174 174 174 174 174 174 174 174 174 174 174 175 175 175 175 175 175 175 175 175 175 175 175 175 175 175 175
176 176 176 176 176 176 176 176 176 176 176 176 176 176 176 176 177 177 177 177 177 177 177 177 177 177 177 177 177 177 177 177
178 178 178 178 178 178 178 178 178 178 178 178 178 178 178 178 179 179 179 179 179 179 179 179 179 179 179 179 179 179 179 179
180 180 180 180 180 180 180 180 180 180 180 180 180 180 180 180 181 181 181 181 181 181 181 181 181 181 181 181 181 181 181 181
182 182 182 182 182 182 182 182 182 182 182 182 182 182 182 182 183 183 183 183 183 183 183 183 183 183 183 183 183 183 183 183
184 184 184 184 184 184 184 184 184 184 184 184 184 184 184 184 185 185 185 185 185 185 185 185 185 185 185 185 185 185 185 185
186 186 186 186 186 186 186 186 186 186 186 186 186 186 186 186 187 187 187 187 187 187 187 187 187 187 187 187 187 187 187 187
188 188 188 188 188 188 188 188 188 188 188 188 188 188 188 188 189 189 189 189 189 189 189 189 189 189 189 189 189 189 189 189
190 190 190 190 190 190 190 190 190 190 190 190 190 190 190 190 191 191 191 191 191 191 191 191 191 191 191 191 191 191 191 191
192 192 192 192 192 192 192 192 192 192 192 192 192 192 192 192 193 193 193 193 193 193 193 193 193 193 193 193 193 193 193 193
194 194 194 194 194 194 194 194 194 194 194 194 194 194 194 194 195 195 195 195 195 195 195 195 195 195 195 195 195 195 195 195
196 196 196 196 196 196 196 196 196 196 196 196 196 196 196 196 197 197 197 197 197 197 197 197 197 197 197 197 197 197 197 197
198 198 198 198 198 198 198 198 198 198 198 198 198 198 198 198 199 199 199 199 199 199 199 199 199 199 199 199 199 199 199 199
200 200 200 200 200 200 200 200 200 200 200 200 200 200 200 200 201 201 201 201 201 201 201 201 201 201 201 201 201 201 201 201
202 202 202 202 202 202 202 202 202 202 202 202 202 202 202 202 203 203 203 203 203 203 203 203 203 203 203 203 203 203 203 203
204 204 204 204 204 204 204 204 204 204 204 204 204 204 204 204 205 205 205 205 205 205 205 205 205 205 205 205 205 205 205 205
206 206 206 206 206 206 206 206 206 206 206 206 206 206 206 206 207 207 207 207 207 207 207 207 207 207 207 207 207 207 207 207
208 208 208 208 208 208 208 208 208 208 208 208 208 208 208 208 209 209 209 209 209 209 209 209 209 209 209 209 209 209 209 209
210 210 210 210 210 210 210 210 210 210 210 210 210 210 210 210 211 211 211 211 211 211 211 211 211 211 211 211 211 211 211 211
212 212 212 212 212 212 212 212 212 212 212 212 212 212 212 212 213 213 213 213 213 213 213 213 213 213 213 213 213 213 213 213
214 214 214 214 214 214 214 214 214 214 214 214 214 214 214 214 215 215 215 215 215 215 215 215 215 215 215 215 215 215 215 215
216 216 216 216 216 216 216 216 216 216 216 216 216 216 216 216 217 217 217 217 217 217 217 217 217 217 217 217 217 217 217 217
218 218 218 218 218 218 218 218 218 218 218 218 218 218 218 218 219 219 219 219 219 219 219 219 219 219 219 219 219 219 219 219
220 220 220 220 220 220 220 220 220 220 220 220 220 220 220 220 221 221 221 221 221 221 221 221 221 221 221 221 221 221 221 221
222 222 222 222 222 222 222 222 222 222 222 222 222 222 222 222 223 223 223 223 223 223 223 223 223 223 223 223 223 223 223 223
224 224 224 224 224 224 224 224 224 224 224 224 224 224 224 224 225 225 225 225 225 225 225 225 225 225 225 225 225 225 225 225
226 226 226 226 226 226 226 226 226 226 226 226 226 226 226 226 227 227 227 227 227 227 227 227 227 227 227 227 227 227 227 227
228 228 228 228 228 228 228 228 228 228 228 228 228 228 228 228 229 229 229 229 229 229 229 229 229 229 229 229 229 229 229 229
230 230 230 230 230 230 230 230 230 230 230 230 230 230 230 230 231 231 231 231 231 231 231 231 231 231 231 231 231 231 231 231
232 232 232 232 232 232 232 232 232 232 232 232 232 232 232 232 233 233 233 233 233 233 233 233 233 233 233 233 233 233 233 233
234 234 234 234 234 234 234 234 234 234 234 234 234 234 234 234 235 235 235 235 235 235 235 235 235 235 235 235 235 235 235 235
236 236 236 236 236 236 236 236 236 236 236 236 236 236 236 236 237 237 237 237 237 237 237 237 237 237 237 237 237 237 237 237
238 238 238 238 238 238 238 238 238 238 238 238 238 238 238 238 239 239 239 239 239 239 239 239 239 239 239 239 239 239 239 239
240 240 240 240 240 240 240 240 240 240 240 240 240 240 240 240 241 241 241 241 241 241 241 241 241 241 241 241 241 241 241 241
242 242 242 242 242 242 242 242 242 242 242 242 242 242 242 242 243 243 243 243 243 243 243 243 243 243 243 243 243 243 243 243
244 244 244 244 244 244 244 244 244 244 244 244 244 244 244 244 245 245 245 245 245 245 245 245 245 245 245 245 245 245 245 245
246 246 246 246 246 246 246 246 246 246 246 246 246 246 246 246 247 247 247 247 247 247 247 247 247 247 247 247 247 247 247 247
248 248 248 248 248 248 248 248 248 248 248 248 248 248 248 248 249 249 249 249 249 249 249 249 249 249 249 249 249 249 249 249
250 250 250 250 250 250 250 250 250 250 250 250 250 250 250 250 251 251 251 251 251 251 251 251 251 251 251 251 251 251 251 251
252 252 252 252 252 252 252 252 252 252 252 252 252 252 252 252 253 253 253 253 253 253 253 253 253 253 253 253 253 253 253 253
254 254 254 254 254 254 254 254 254 254 254 254 254 254 254 254 255 255 255 255 255 255 255 255 255 255 255 255 255 255 255 255
256 256 256 256 256 256 256 256 256 256 256 256 256 256 256 256 257 257 257 257 257 257 257 257 257 257 257 257 257 257 257 257
258 258 258 258 258 258 258 258 258 258 258 258 258 258 258 258 259 259 259 259 259 259 259 259 259 259 259 259 259 259 259 259
260 260 260 260 260 260 260 260 260 260 260 260 260 260 260 260 261 261 261 261 261 261 261 261 261 261 261 261 261 261 261 261
262 262 262 262 262 262 262 262 262 262 262 262 262 262 262 262 263 263 263 263 263 263 263 263 263 263 263 263 263 263 263 263
264 264 264 264 264 264 264 264 264 264 264 264 264 264 264 264 265 265 265 265 265 265 265 265 265 265 265 265 265 265 265 265
266 266 266 266 266 266 266 266 266 266 266 266 266 266 266 266 267 267 267 267 267 267 267 267 267 267 267 267 267 267 267 267
268 268 268 268 268 268 268 268 268 268 268 268 268 268 268 268 269 269 269 269 269 269 269 269 269 269 269 269 269 269 269 269
270 270 270 270 270 270 270 270 270 270 270 270 270 270 270 270 271 271 271 271 271 271 271 271 271 271 271 271 271 271 271 271
272 272 272 272 272 272 272 272 272 272 272 272 272 272 272 272 273 273 273 273 273 273 273 273 273 273 273 273 273 273 273 273
274 274 274 274 274 274 274 274 274 274 274 274 274 274 274 274 275 275 275 275 275 275 275 275 275 275 275 275 275 275 275 275
276 276 276 276 276 276 276 276 276 276 276 276 276 276 276 276 277 277 277 277 277 277 277 277 277 277 277 277 277 277 277 277
278 278 278 278 278 278 278 278 278 278 278 278 278 278 278 278 279 279 279 279 279 279 279 279 279 279 279 279 279 279 279 279
280 280 280 280 280 280 280 280 280 280 280 280 280 280 280 280 281 281 281 281 281 281 281 281 281 281 281 281 281 281 281 281
282 282 282 282 282 282 282 282 282 282 282 282 282 282 282 282 283 283 283 283 283 283 283 283 283 283 283 283 283 283 283 283
284 284 284 284 284 284 284 284 284 284 284 284 284 284 284 284 285 285 285 285 285 285 285 285 285 285 285 285 285 285 285 285
286 286 286 286 286 286 286 286 286 286 286 286 286 286 286 286 287 287 287 287 287 287 287 287 287 287 287 287 287 287 287 287
288 288 288 288 288 288 288 288 288 288 288 288 288 288 288 288 289 289 289 289 289 289 289 289 289 289 289 289 289 289 289 289
290 290 290 290 290 290 290 290 290 290 290 290 290 290 290 290 291 291 291 291 291 291 291 291 291 291 291 291 291 291 291 291
292 292 292 292 292 292 292 292 292 292 292 292 292 292 292 292 293 293 293 293 293 293 293 293 293 293 293 293 293 293 293 293
294 294 294 294 294 294 294 294 294 294 294 294 294 294 294 294 295 295 295 295 295 295 295 295 295 295 295 295 295 295 295 295
296 296 296 296 296 296 296 296 296 296 296 296 296 296 296 296 297 297 297 297 297 297 297 297 297 297 297 297 297 297 297 297
298 298 298 298 298 298 298 298 298 298 298 298 298 298 298 298 299 299 299 299 299 299 299 299 299 299 299 299 299 299 299 299
300 300 300 300 300 300 300 300 300 300 300 300 300 300 300 300 301 301 301 301 301 301 301 301 301 301 301 301 301 301 301 301
302 302 302 302 302 302 302 302 302 302 302 302 302 302 302 302 303 303 303 303 303 303 303 303 303 303 303 303 303 303 303 303
304 304 304 304 304 304 304 304 304 304 304 304 304 304 304 304 305 305 305 305 305 305 305 305 305 305 305 305 305 305 305 305
306 306 306 306 306 306 306 306 306 306 306 306 306 306 306 306 307 307 307 307 307 307 307 307 307 307 307 307 307 307 307 307
308 308 308 308 308 308 308 308 308 308 308 308 308 308 308 308 309 309 309 309 309 309 309 309 309 309 309 309 309 309 309 309
310 310 310 310 310 310 310 310 310 310 310 310 310 310 310 310 311 311 311 311 311 311 311 311 311 311 311 311 311 311 311 311
312 312 312 312 312 312 312 312 312 312 312 312 312 312 312 312 313 313 313 313 313 313 313 313 313 313 313 313 313 313 313 313
314 314 314 314 314 314 314 314 314 314 314 314 314 314 314 314 315 315 315 315 315 315 315 315 315 315 315 315 315 315 315 315
316 316 316 316 316 316 316 316 316 316 316 316 316 316 316 316 317 317 317 317 317 317 317 317 317 317 317 317 317 317 317 317
318 318 318 318 318 318 318 318 318 318 318 318 318 318 318 318 319 319 319 319 319 319 319 319 319 319 319 319 319 319 319 319
320 320 320 320 320 320 320 320 320 320 320 320 320 320 320 320 321 321 321 321 321 321 321 321 321 321 321 321 321 321 321 321
322 322 322 322 322 322 322 322 322 322 322 322 322 322 322 322 323 323 323 323 323 323 323 323 323 323 323 323 323 323 323 323
324 324 324 324 324 324 324 324 324 324 324 324 324 324 324 324 325 325 325 325 325 325 325 325 325 325 325 325 325 325 325 325
326 326 326 326 326 326 326 326 326 326 326 326 326 326 326 326 327 327 327 327 327 327 327 327 327 327 327 327 327 327 327 327
328 328 328 328 328 328 328 328 328 328 328 328 328 328 328 328 329 329 329 329 329 329 329 329 329 329 329 329 329 329 329 329
330 330 330 330 330 330 330 330 330 330 330 330 330 330 330 330 331 331 331 331 331 331 331 331 331 331 331 331 331 331 331 331
332 332 332 332 332 332 332 332 332 332 332 332 332 332 332 332 333 333 333 333 333 333 333 333 333 333 333 333 333 333 333 333
334 334 334 334 334 334 334 334 334 334 334 334 334 334 334 334 335 335 335 335 335 335 335 335 335 335 335 335 335 335 335 335
336 336 336 336 336 336 336 336 336 336 336 336 336 336 336 336 337 337 337 337 337 337 337 337 337 337 337 337 337 337 337 337
338 338 338 338 338 338 338 338 338 338 338 338 338 338 338 338 339 339 339 339 339 339 339 339 339 339 339 339 339 339 339 339
340 340 340 340 340 340 340 340 340 340 340 340 340 340 340 340 341 341 341 341 341 341 341 341 341 341 341 341 341 341 341 341
342 342 342 342 342 342 342 342 342 342 342 342 342 342 342 342 343 343 343 343 343 343 343 343 343 343 343 343 343 343 343 343
344 344 344 344 344 344 344 344 344 344 344 344 344 344 344 344 345 345 345 345 345 345 345 345 345 345 345 345 345 345 345 345
346 346 346 346 346 346 346 346 346 346 346 346 346 346 346 346 347 347 347 347 347 347 347 347 347 347 347 347 347 347 347 347
348 348 348 348 348 348 348 348 348 348 348 348 348 348 348 348 349 349 349 349 349 349 349 349 349 349 349 349 349 349 349 349
350 350 350 350 350 350 350 350 350 350 350 350 350 350 350 350 		</DataArray>
		<DataArray type = "Int32" Name = "index" format = "ascii">
0 0 0 0 0 0 0 0 35 35 35 35 35 35 35 35 0 0 0 0 0 0 0 0 8 8 8 8 8 8 8 8
0 0 0 0 0 0 0 0 45 45 45 45 45 45 45 45 0 0 0 0 0 0 0 0 59 59 59 59 59 59 59 59
0 0 0 0 0 0 0 0 54 54 54 54 54 54 54 54 0 0 0 0 0 0 0 0 37 37 37 37 37 37 37 37
0 0 0 0 0 0 0 0 31 31 31 31 31 31 31 31 0 0 0 0 0 0 0 0 51 51 51 51 51 51 51 51
0 0 0 0 0 0 0 0 42 42 42 42 42 42 42 42 0 0 0 0 0 0 0 0 66 66 66 66 66 66 66 66
0 0 0 0 0 0 0 0 7 7 7 7 7 7 7 7 0 0 0 0 0 0 0 0 21 21 21 21 21 21 21 21
0 0 0 0 0 0 0 0 11 11 11 11 11 11 11 11 0 0 0 0 0 0 0 0 4 4 4 4 4 4 4 4
0 0 0 0 0 0 0 0 65 65 65 65 65 65 65 65 0 0 0 0 0 0 0 0 60 60 60 60 60 60 60 60
0 0 0 0 0 0 0 0 47 47 47 47 47 47 47 47 0 0 0 0 0 0 0 0 88 88 88 88 88 88 88 88
0 0 0 0 0 0 0 0 36 36 36 36 36 36 36 36 0 0 0 0 0 0 0 0 32 32 32 32 32 32 32 32
0 0 0 0 0 0 0 0 10 10 10 10 10 10 10 10 0 0 0 0 0 0 0 0 29 29 29 29 29 29 29 29
0 0 0 0 0 0 0 0 27 27 27 27 27 27 27 27 0 0 0 0 0 0 0 0 61 61 61 61 61 61 61 61
0 0 0 0 0 0 0 0 38 38 38 38 38 38 38 38 0 0 0 0 0 0 0 0 18 18 18 18 18 18 18 18
0 0 0 0 0 0 0 0 95 95 95 95 95 95 95 95 0 0 0 0 0 0 0 0 5 5 5 5 5 5 5 5
0 0 0 0 0 0 0 0 89 89 89 89 89 89 89 89 0 0 0 0 0 0 0 0 94 94 94 94 94 94 94 94
0 0 0 0 0 0 0 0 20 20 20 20 20 20 20 20 0 0 0 0 0 0 0 0 96 96 96 96 96 96 96 96
0 0 0 0 0 0 0 0 43 43 43 43 43 43 43 43 0 0 0 0 0 0 0 0 62 62 62 62 62 62 62 62
0 0 0 0 0 0 0 0 14 14 14 14 14 14 14 14 0 0 0 0 0 0 0 0 90 90 90 90 90 90 90 90
0 0 0 0 0 0 0 0 58 58 58 58 58 58 58 58 0 0 0 0 0 0 0 0 93 93 93 93 93 93 93 93
0 0 0 0 0 0 0 0 101 101 101 101 101 101 101 101 27 27 27 27 27 27 27 27 32 32 32 32 32 32 32 32
18 18 18 18 18 18 18 18 95 95 95 95 95 95 95 95 8 8 8 8 8 8 8 8 45 45 45 45 45 45 45 45
8 8 8 8 8 8 8 8 51 51 51 51 51 51 51 51 37 37 37 37 37 37 37 37 66 66 66 66 66 66 66 66
21 21 21 21 21 21 21 21 51 51 51 51 51 51 51 51 7 7 7 7 7 7 7 7 11 11 11 11 11 11 11 11
4 4 4 4 4 4 4 4 66 66 66 66 66 66 66 66 4 4 4 4 4 4 4 4 65 65 65 65 65 65 65 65
11 11 11 11 11 11 11 11 88 88 88 88 88 88 88 88 11 11 11 11 11 11 11 11 32 32 32 32 32 32 32 32
38 38 38 38 38 38 38 38 60 60 60 60 60 60 60 60 10 10 10 10 10 10 10 10 32 32 32 32 32 32 32 32
56 56 56 56 56 56 56 56 61 61 61 61 61 61 61 61 18 18 18 18 18 18 18 18 29 29 29 29 29 29 29 29
5 5 5 5 5 5 5 5 10 10 10 10 10 10 10 10 89 89 89 89 89 89 89 89 95 95 95 95 95 95 95 95
18 18 18 18 18 18 18 18 20 20 20 20 20 20 20 20 20 20 20 20 20 20 20 20 96 96 96 96 96 96 96 96
18 18 18 18 18 18 18 18 43 43 43 43 43 43 43 43 5 5 5 5 5 5 5 5 62 62 62 62 62 62 62 62
14 14 14 14 14 14 14 14 90 90 90 90 90 90 90 90 21 21 21 21 21 21 21 21 47 47 47 47 47 47 47 47
10 10 10 10 10 10 10 10 88 88 88 88 88 88 88 88 4 4 4 4 4 4 4 4 29 29 29 29 29 29 29 29
4 4 4 4 4 4 4 4 61 61 61 61 61 61 61 61 8 8 8 8 8 8 8 8 54 54 54 54 54 54 54 54
35 35 35 35 35 35 35 35 42 42 42 42 42 42 42 42 31 31 31 31 31 31 31 31 66 66 66 66 66 66 66 66
4 4 4 4 4 4 4 4 21 21 21 21 21 21 21 21 29 29 29 29 29 29 29 29 38 38 38 38 38 38 38 38
56 56 56 56 56 56 56 56 95 95 95 95 95 95 95 95 5 5 5 5 5 5 5 5 27 27 27 27 27 27 27 27
20 20 20 20 20 20 20 20 38 38 38 38 38 38 38 38 14 14 14 14 14 14 14 14 96 96 96 96 96 96 96 96
7 7 7 7 7 7 7 7 60 60 60 60 60 60 60 60 41 41 41 41 41 41 41 41 88 88 88 88 88 88 88 88
36 36 36 36 36 36 36 36 61 61 61 61 61 61 61 61 45 45 45 45 45 45 45 45 59 59 59 59 59 59 59 59
11 11 11 11 11 11 11 11 42 42 42 42 42 42 42 42 5 5 5 5 5 5 5 5 14 14 14 14 14 14 14 14
37 37 37 37 37 37 37 37 59 59 59 59 59 59 59 59 21 21 21 21 21 21 21 21 31 31 31 31 31 31 31 31
27 27 27 27 27 27 27 27 38 38 38 38 38 38 38 38 7 7 7 7 7 7 7 7 54 54 54 54 54 54 54 54
4 4 4 4 4 4 4 4 31 31 31 31 31 31 31 31 43 43 43 43 43 43 43 43 89 89 89 89 89 89 89 89
29 29 29 29 29 29 29 29 47 47 47 47 47 47 47 47 17 17 17 17 17 17 17 17 45 45 45 45 45 45 45 45
17 17 17 17 17 17 17 17 59 59 59 59 59 59 59 59 94 94 94 94 94 94 94 94 98 98 98 98 98 98 98 98
65 65 65 65 65 65 65 65 84 84 84 84 84 84 84 84 4 4 4 4 4 4 4 4 56 56 56 56 56 56 56 56
49 49 49 49 49 49 49 49 101 101 101 101 101 101 101 101 36 36 36 36 36 36 36 36 65 65 65 65 65 65 65 65
10 10 10 10 10 10 10 10 27 27 27 27 27 27 27 27 54 54 54 54 54 54 54 54 63 63 63 63 63 63 63 63
35 35 35 35 35 35 35 35 63 63 63 63 63 63 63 63 44 44 44 44 44 44 44 44 93 93 93 93 93 93 93 93
7 7 7 7 7 7 7 7 55 55 55 55 55 55 55 55 43 43 43 43 43 43 43 43 49 49 49 49 49 49 49 49
23 23 23 23 23 23 23 23 58 58 58 58 58 58 58 58 51 51 51 51 51 51 51 51 55 55 55 55 55 55 55 55
57 57 57 57 57 57 57 57 60 60 60 60 60 60 60 60 18 18 18 18 18 18 18 18 56 56 56 56 56 56 56 56
12 12 12 12 12 12 12 12 18 18 18 18 18 18 18 18 41 41 41 41 41 41 41 41 42 42 42 42 42 42 42 42
15 15 15 15 15 15 15 15 89 89 89 89 89 89 89 89 48 48 48 48 48 48 48 48 90 90 90 90 90 90 90 90
11 11 11 11 11 11 11 11 41 41 41 41 41 41 41 41 44 44 44 44 44 44 44 44 62 62 62 62 62 62 62 62
42 42 42 42 42 42 42 42 63 63 63 63 63 63 63 63 9 9 9 9 9 9 9 9 37 37 37 37 37 37 37 37
37 37 37 37 37 37 37 37 84 84 84 84 84 84 84 84 25 25 25 25 25 25 25 25 29 29 29 29 29 29 29 29
20 20 20 20 20 20 20 20 26 26 26 26 26 26 26 26 23 23 23 23 23 23 23 23 43 43 43 43 43 43 43 43
12 12 12 12 12 12 12 12 20 20 20 20 20 20 20 20 7 7 7 7 7 7 7 7 57 57 57 57 57 57 57 57
14 14 14 14 14 14 14 14 20 20 20 20 20 20 20 20 8 8 8 8 8 8 8 8 22 22 22 22 22 22 22 22
26 26 26 26 26 26 26 26 38 38 38 38 38 38 38 38 15 15 15 15 15 15 15 15 98 98 98 98 98 98 98 98
14 14 14 14 14 14 14 14 48 48 48 48 48 48 48 48 17 17 17 17 17 17 17 17 31 31 31 31 31 31 31 31
7 7 7 7 7 7 7 7 63 63 63 63 63 63 63 63 15 15 15 15 15 15 15 15 56 56 56 56 56 56 56 56
12 12 12 12 12 12 12 12 49 49 49 49 49 49 49 49 47 47 47 47 47 47 47 47 57 57 57 57 57 57 57 57
12 12 12 12 12 12 12 12 43 43 43 43 43 43 43 43 54 54 54 54 54 54 54 54 55 55 55 55 55 55 55 55
4 4 4 4 4 4 4 4 47 47 47 47 47 47 47 47 20 20 20 20 20 20 20 20 28 28 28 28 28 28 28 28
38 38 38 38 38 38 38 38 57 57 57 57 57 57 57 57 8 8 8 8 8 8 8 8 55 55 55 55 55 55 55 55
82 82 82 82 82 82 82 82 84 84 84 84 84 84 84 84 11 11 11 11 11 11 11 11 30 30 30 30 30 30 30 30
25 25 25 25 25 25 25 25 38 38 38 38 38 38 38 38 65 65 65 65 65 65 65 65 82 82 82 82 82 82 82 82
7 7 7 7 7 7 7 7 30 30 30 30 30 30 30 30 15 15 15 15 15 15 15 15 36 36 36 36 36 36 36 36
18 18 18 18 18 18 18 18 25 25 25 25 25 25 25 25 9 9 9 9 9 9 9 9 31 31 31 31 31 31 31 31
51 51 51 51 51 51 51 51 77 77 77 77 77 77 77 77 17 17 17 17 17 17 17 17 22 22 22 22 22 22 22 22
41 41 41 41 41 41 41 41 67 67 67 67 67 67 67 67 10 10 10 10 10 10 10 10 67 67 67 67 67 67 67 67
23 23 23 23 23 23 23 23 49 49 49 49 49 49 49 49 9 9 9 9 9 9 9 9 17 17 17 17 17 17 17 17
39 39 39 39 39 39 39 39 51 51 51 51 51 51 51 51 25 25 25 25 25 25 25 25 47 47 47 47 47 47 47 47
36 36 36 36 36 36 36 36 71 71 71 71 71 71 71 71 27 27 27 27 27 27 27 27 46 46 46 46 46 46 46 46
15 15 15 15 15 15 15 15 43 43 43 43 43 43 43 43 36 36 36 36 36 36 36 36 69 69 69 69 69 69 69 69
18 18 18 18 18 18 18 18 68 68 68 68 68 68 68 68 56 56 56 56 56 56 56 56 68 68 68 68 68 68 68 68
14 14 14 14 14 14 14 14 28 28 28 28 28 28 28 28 55 55 55 55 55 55 55 55 77 77 77 77 77 77 77 77
7 7 7 7 7 7 7 7 77 77 77 77 77 77 77 77 47 47 47 47 47 47 47 47 77 77 77 77 77 77 77 77
57 57 57 57 57 57 57 57 77 77 77 77 77 77 77 77 47 47 47 47 47 47 47 47 53 53 53 53 53 53 53 53
28 28 28 28 28 28 28 28 48 48 48 48 48 48 48 48 34 34 34 34 34 34 34 34 35 35 35 35 35 35 35 35
34 34 34 34 34 34 34 34 63 63 63 63 63 63 63 63 4 4 4 4 4 4 4 4 53 53 53 53 53 53 53 53
69 69 69 69 69 69 69 69 71 71 71 71 71 71 71 71 65 65 65 65 65 65 65 65 69 69 69 69 69 69 69 69
27 27 27 27 27 27 27 27 30 30 30 30 30 30 30 30 14 14 14 14 14 14 14 14 46 46 46 46 46 46 46 46
14 14 14 14 14 14 14 14 44 44 44 44 44 44 44 44 34 34 34 34 34 34 34 34 54 54 54 54 54 54 54 54
25 25 25 25 25 25 25 25 57 57 57 57 57 57 57 57 15 15 15 15 15 15 15 15 71 71 71 71 71 71 71 71
44 44 44 44 44 44 44 44 48 48 48 48 48 48 48 48 55 55 55 55 55 55 55 55 76 76 76 76 76 76 76 76
22 22 22 22 22 22 22 22 39 39 39 39 39 39 39 39 27 27 27 27 27 27 27 27 57 57 57 57 57 57 57 57
10 10 10 10 10 10 10 10 14 14 14 14 14 14 14 14 31 31 31 31 31 31 31 31 39 39 39 39 39 39 39 39
4 4 4 4 4 4 4 4 64 64 64 64 64 64 64 64 25 25 25 25 25 25 25 25 53 53 53 53 53 53 53 53
24 24 24 24 24 24 24 24 27 27 27 27 27 27 27 27 56 56 56 56 56 56 56 56 81 81 81 81 81 81 81 81
12 12 12 12 12 12 12 12 26 26 26 26 26 26 26 26 4 4 4 4 4 4 4 4 81 81 81 81 81 81 81 81
15 15 15 15 15 15 15 15 23 23 23 23 23 23 23 23 31 31 31 31 31 31 31 31 64 64 64 64 64 64 64 64
25 25 25 25 25 25 25 25 26 26 26 26 26 26 26 26 9 9 9 9 9 9 9 9 82 82 82 82 82 82 82 82
10 10 10 10 10 10 10 10 24 24 24 24 24 24 24 24 12 12 12 12 12 12 12 12 28 28 28 28 28 28 28 28
26 26 26 26 26 26 26 26 46 46 46 46 46 46 46 46 6 6 6 6 6 6 6 6 42 42 42 42 42 42 42 42
6 6 6 6 6 6 6 6 7 7 7 7 7 7 7 7 54 54 54 54 54 54 54 54 86 86 86 86 86 86 86 86
6 6 6 6 6 6 6 6 63 63 63 63 63 63 63 63 64 64 64 64 64 64 64 64 78 78 78 78 78 78 78 78
25 25 25 25 25 25 25 25 68 68 68 68 68 68 68 68 4 4 4 4 4 4 4 4 78 78 78 78 78 78 78 78
3 3 3 3 3 3 3 3 77 77 77 77 77 77 77 77 30 30 30 30 30 30 30 30 57 57 57 57 57 57 57 57
24 24 24 24 24 24 24 24 30 30 30 30 30 30 30 30 12 12 12 12 12 12 12 12 33 33 33 33 33 33 33 33
30 30 30 30 30 30 30 30 41 41 41 41 41 41 41 41 24 24 24 24 24 24 24 24 67 67 67 67 67 67 67 67
3 3 3 3 3 3 3 3 55 55 55 55 55 55 55 55 3 3 3 3 3 3 3 3 39 39 39 39 39 39 39 39
73 73 73 73 73 73 73 73 81 81 81 81 81 81 81 81 40 40 40 40 40 40 40 40 104 104 104 104 104 104 104 104
33 33 33 33 33 33 33 33 68 68 68 68 68 68 68 68 22 22 22 22 22 22 22 22 76 76 76 76 76 76 76 76
3 3 3 3 3 3 3 3 76 76 76 76 76 76 76 76 9 9 9 9 9 9 9 9 78 78 78 78 78 78 78 78
13 13 13 13 13 13 13 13 15 15 15 15 15 15 15 15 15 15 15 15 15 15 15 15 33 33 33 33 33 33 33 33
2 2 2 2 2 2 2 2 22 22 22 22 22 22 22 22 2 2 2 2 2 2 2 2 39 39 39 39 39 39 39 39
57 57 57 57 57 57 57 57 70 70 70 70 70 70 70 70 17 17 17 17 17 17 17 17 99 99 99 99 99 99 99 99
76 76 76 76 76 76 76 76 86 86 86 86 86 86 86 86 3 3 3 3 3 3 3 3 53 53 53 53 53 53 53 53
4 4 4 4 4 4 4 4 52 52 52 52 52 52 52 52 68 68 68 68 68 68 68 68 73 73 73 73 73 73 73 73
17 17 17 17 17 17 17 17 74 74 74 74 74 74 74 74 9 9 9 9 9 9 9 9 99 99 99 99 99 99 99 99
39 39 39 39 39 39 39 39 64 64 64 64 64 64 64 64 75 75 75 75 75 75 75 75 86 86 86 86 86 86 86 86
6 6 6 6 6 6 6 6 34 34 34 34 34 34 34 34 6 6 6 6 6 6 6 6 30 30 30 30 30 30 30 30
86 86 86 86 86 86 86 86 100 100 100 100 100 100 100 100 16 16 16 16 16 16 16 16 57 57 57 57 57 57 57 57
53 53 53 53 53 53 53 53 73 73 73 73 73 73 73 73 16 16 16 16 16 16 16 16 25 25 25 25 25 25 25 25
16 16 16 16 16 16 16 16 26 26 26 26 26 26 26 26 26 26 26 26 26 26 26 26 50 50 50 50 50 50 50 50
22 22 22 22 22 22 22 22 100 100 100 100 100 100 100 100 34 34 34 34 34 34 34 34 75 75 75 75 75 75 75 75
6 6 6 6 6 6 6 6 41 41 41 41 41 41 41 41 52 52 52 52 52 52 52 52 69 69 69 69 69 69 69 69
14 14 14 14 14 14 14 14 24 24 24 24 24 24 24 24 3 3 3 3 3 3 3 3 6 6 6 6 6 6 6 6
53 53 53 53 53 53 53 53 64 64 64 64 64 64 64 64 15 15 15 15 15 15 15 15 52 52 52 52 52 52 52 52
15 15 15 15 15 15 15 15 19 19 19 19 19 19 19 19 52 52 52 52 52 52 52 52 81 81 81 81 81 81 81 81
26 26 26 26 26 26 26 26 28 28 28 28 28 28 28 28 16 16 16 16 16 16 16 16 70 70 70 70 70 70 70 70
19 19 19 19 19 19 19 19 33 33 33 33 33 33 33 33 48 48 48 48 48 48 48 48 92 92 92 92 92 92 92 92
44 44 44 44 44 44 44 44 85 85 85 85 85 85 85 85 2 2 2 2 2 2 2 2 76 76 76 76 76 76 76 76
16 16 16 16 16 16 16 16 46 46 46 46 46 46 46 46 34 34 34 34 34 34 34 34 40 40 40 40 40 40 40 40
16 16 16 16 16 16 16 16 27 27 27 27 27 27 27 27 12 12 12 12 12 12 12 12 50 50 50 50 50 50 50 50
19 19 19 19 19 19 19 19 23 23 23 23 23 23 23 23 12 12 12 12 12 12 12 12 23 23 23 23 23 23 23 23
9 9 9 9 9 9 9 9 72 72 72 72 72 72 72 72 3 3 3 3 3 3 3 3 70 70 70 70 70 70 70 70
28 28 28 28 28 28 28 28 50 50 50 50 50 50 50 50 23 23 23 23 23 23 23 23 97 97 97 97 97 97 97 97
68 68 68 68 68 68 68 68 79 79 79 79 79 79 79 79 13 13 13 13 13 13 13 13 19 19 19 19 19 19 19 19
30 30 30 30 30 30 30 30 83 83 83 83 83 83 83 83 70 70 70 70 70 70 70 70 83 83 83 83 83 83 83 83
80 80 80 80 80 80 80 80 81 81 81 81 81 81 81 81 46 46 46 46 46 46 46 46 91 91 91 91 91 91 91 91
2 2 2 2 2 2 2 2 74 74 74 74 74 74 74 74 6 6 6 6 6 6 6 6 40 40 40 40 40 40 40 40
41 41 41 41 41 41 41 41 103 103 103 103 103 103 103 103 78 78 78 78 78 78 78 78 87 87 87 87 87 87 87 87
73 73 73 73 73 73 73 73 80 80 80 80 80 80 80 80 2 2 2 2 2 2 2 2 3 3 3 3 3 3 3 3
69 69 69 69 69 69 69 69 106 106 106 106 106 106 106 106 67 67 67 67 67 67 67 67 102 102 102 102 102 102 102 102
3 3 3 3 3 3 3 3 75 75 75 75 75 75 75 75 14 14 14 14 14 14 14 14 92 92 92 92 92 92 92 92
72 72 72 72 72 72 72 72 74 74 74 74 74 74 74 74 14 14 14 14 14 14 14 14 91 91 91 91 91 91 91 91
99 99 99 99 99 99 99 99 105 105 105 105 105 105 105 105 52 52 52 52 52 52 52 52 80 80 80 80 80 80 80 80
33 33 33 33 33 33 33 33 79 79 79 79 79 79 79 79 28 28 28 28 28 28 28 28 92 92 92 92 92 92 92 92
2 2 2 2 2 2 2 2 72 72 72 72 72 72 72 72 3 3 3 3 3 3 3 3 83 83 83 83 83 83 83 83
14 14 14 14 14 14 14 14 85 85 85 85 85 85 85 85 16 16 16 16 16 16 16 16 53 53 53 53 53 53 53 53
79 79 79 79 79 79 79 79 80 80 80 80 80 80 80 80 52 52 52 52 52 52 52 52 87 87 87 87 87 87 87 87
16 16 16 16 16 16 16 16 50 50 50 50 50 50 50 50 28 28 28 28 28 28 28 28 91 91 91 91 91 91 91 91
1 1 1 1 1 1 1 1 40 40 40 40 40 40 40 40 1 1 1 1 1 1 1 1 34 34 34 34 34 34 34 34
1 1 1 1 1 1 1 1 100 100 100 100 100 100 100 100 1 1 1 1 1 1 1 1 2 2 2 2 2 2 2 2
1 1 1 1 1 1 1 1 74 74 74 74 74 74 74 74 1 1 1 1 1 1 1 1 105 105 105 105 105 105 105 105
1 1 1 1 1 1 1 1 75 75 75 75 75 75 75 75 1 1 1 1 1 1 1 1 9 9 9 9 9 9 9 9
1 1 1 1 1 1 1 1 72 72 72 72 72 72 72 72 1 1 1 1 1 1 1 1 6 6 6 6 6 6 6 6
1 1 1 1 1 1 1 1 3 3 3 3 3 3 3 3 1 1 1 1 1 1 1 1 64 64 64 64 64 64 64 64
1 1 1 1 1 1 1 1 103 103 103 103 103 103 103 103 1 1 1 1 1 1 1 1 83 83 83 83 83 83 83 83
1 1 1 1 1 1 1 1 87 87 87 87 87 87 87 87 1 1 1 1 1 1 1 1 30 30 30 30 30 30 30 30
1 1 1 1 1 1 1 1 53 53 53 53 53 53 53 53 1 1 1 1 1 1 1 1 52 52 52 52 52 52 52 52
1 1 1 1 1 1 1 1 16 16 16 16 16 16 16 16 1 1 1 1 1 1 1 1 106 106 106 106 106 106 106 106
1 1 1 1 1 1 1 1 24 24 24 24 24 24 24 24 1 1 1 1 1 1 1 1 102 102 102 102 102 102 102 102
1 1 1 1 1 1 1 1 80 80 80 80 80 80 80 80 1 1 1 1 1 1 1 1 13 13 13 13 13 13 13 13
1 1 1 1 1 1 1 1 79 79 79 79 79 79 79 79 1 1 1 1 1 1 1 1 14 14 14 14 14 14 14 14
1 1 1 1 1 1 1 1 33 33 33 33 33 33 33 33 1 1 1 1 1 1 1 1 19 19 19 19 19 19 19 19
1 1 1 1 1 1 1 1 91 91 91 91 91 91 91 91 1 1 1 1 1 1 1 1 50 50 50 50 50 50 50 50
1 1 1 1 1 1 1 1 28 28 28 28 28 28 28 28 1 1 1 1 1 1 1 1 12 12 12 12 12 12 12 12
1 1 1 1 1 1 1 1 92 92 92 92 92 92 92 92 1 1 1 1 1 1 1 1 85 85 85 85 85 85 85 85
1 1 1 1 1 1 1 1 97 97 97 97 97 97 97 97 1 1 1 1 1 1 1 1 107 107 107 107 107 107 107 107
6 6 6 6 6 6 6 6 103 103 103 103 103 103 103 103 24 24 24 24 24 24 24 24 102 102 102 102 102 102 102 102
32 32 32 32 32 32 32 32 88 88 88 88 88 88 88 88 92 92 92 92 92 92 92 92 107 107 107 107 107 107 107 107
34 34 34 34 34 34 34 34 86 86 86 86 86 86 86 86 22 22 22 22 22 22 22 22 86 86 86 86 86 86 86 86
47 47 47 47 47 47 47 47 60 60 60 60 60 60 60 60 3 3 3 3 3 3 3 3 16 16 16 16 16 16 16 16
16 16 16 16 16 16 16 16 79 79 79 79 79 79 79 79 20 20 20 20 20 20 20 20 101 101 101 101 101 101 101 101
68 68 68 68 68 68 68 68 80 80 80 80 80 80 80 80 64 64 64 64 64 64 64 64 87 87 87 87 87 87 87 87
12 12 12 12 12 12 12 12 19 19 19 19 19 19 19 19 43 43 43 43 43 43 43 43 58 58 58 58 58 58 58 58
52 52 52 52 52 52 52 52 71 71 71 71 71 71 71 71 89 89 89 89 89 89 89 89 94 94 94 94 94 94 94 94
52 52 52 52 52 52 52 52 106 106 106 106 106 106 106 106 35 35 35 35 35 35 35 35 104 104 104 104 104 104 104 104
31 31 31 31 31 31 31 31 45 45 45 45 45 45 45 45 9 9 9 9 9 9 9 9 87 87 87 87 87 87 87 87
10 10 10 10 10 10 10 10 41 41 41 41 41 41 41 41 13 13 13 13 13 13 13 13 52 52 52 52 52 52 52 52
62 62 62 62 62 62 62 62 93 93 93 93 93 93 93 93 		</DataArray>
	</CellData>
  </Piece>
 </UnstructuredGrid>
</VTKFile>
